{
  "model_states_sizes": [
    1,
    11,
    21,
    31,
    41,
    51
  ],
  "method": "gradient_no_gpu",
  "filtered_results": [
    [
      0.052868,
      0.042185,
      0.044856,
      0.044866,
      0.044949,
      0.057167,
      0.044878,
      0.052972,
      0.042302,
      0.039552,
      0.047593,
      0.05032,
      0.050179,
      0.047247,
      0.05023,
      0.042195,
      0.050215,
      0.052946,
      0.047526,
      0.04758,
      0.05822,
      0.044891,
      0.050435,
      0.055626,
      0.05023,
      0.055723,
      0.047909,
      0.042181,
      0.050173,
      0.055783,
      0.044866,
      0.055629,
      0.042186,
      0.044928,
      0.050144,
      0.042177,
      0.050185,
      0.047582,
      0.050353,
      0.052865,
      0.045234,
      0.044896,
      0.042453,
      0.047574,
      0.04753,
      0.050375,
      0.053157,
      0.052962
    ],
    [
      5.95935,
      6.30978,
      5.96245,
      6.31329,
      5.96291,
      5.99465,
      5.95438,
      5.61677,
      6.31177,
      6.00362,
      5.93389,
      6.3004,
      5.98845,
      5.62643,
      6.32592,
      6.26829,
      5.93479,
      6.27461,
      6.26076,
      6.29064,
      5.95652,
      6.32272,
      6.27653,
      5.95709,
      5.94028,
      6.28553,
      5.93992,
      5.94702,
      5.95782,
      6.31781,
      5.99696,
      5.96076,
      5.68109,
      6.27112,
      5.96634,
      5.99688,
      6.27977,
      6.02918,
      5.95786,
      6.01322,
      5.95487,
      5.62774,
      5.93386,
      5.97384,
      5.94024,
      5.99352,
      5.65023
    ],
    [
      21.7619,
      21.7716,
      21.7984,
      22.9089,
      21.7714,
      21.8558,
      21.9262,
      21.8132,
      21.8355,
      22.9801,
      21.7636,
      21.9487,
      22.9084,
      21.8507,
      21.7798,
      21.7774,
      21.7706,
      22.8999,
      21.8598,
      21.7677,
      20.7463,
      21.9071,
      21.751,
      21.8095,
      22.9264,
      21.7933,
      23.0025,
      21.788,
      21.7921,
      21.769,
      20.668,
      20.6235,
      21.8535,
      21.7897,
      22.3263,
      21.8108,
      20.794,
      21.802,
      21.7803,
      20.6476,
      21.7885,
      20.6418,
      22.9007,
      20.7117,
      21.771,
      21.7612,
      21.7874,
      21.7944,
      20.6105,
      21.7397
    ],
    [
      47.3868,
      47.3987,
      47.3067,
      47.3223,
      44.8908,
      47.4937,
      44.8043,
      47.2805,
      47.4029,
      44.7623,
      47.3287,
      44.8481,
      47.3388,
      45.4414,
      47.45,
      47.3511,
      44.8584,
      44.8728,
      47.3226,
      47.275,
      47.4577,
      44.816,
      47.3502,
      44.871,
      47.4301,
      45.0667,
      47.3354,
      47.3549,
      44.8425,
      44.9477,
      47.3703,
      45.0487,
      44.8657,
      45.1291,
      47.4482,
      47.3476,
      47.6242,
      47.5607,
      44.8517,
      44.8503,
      47.5151,
      44.8841,
      45.0762,
      47.2805,
      44.9383,
      47.372,
      44.8493,
      44.8105,
      44.8373,
      47.3381
    ],
    [
      82.732,
      82.7326,
      78.2902,
      82.7247,
      78.322,
      82.6439,
      78.2949,
      82.75,
      82.7084,
      78.3772,
      82.7055,
      82.8037,
      82.8066,
      82.9985,
      78.2493,
      78.4581,
      78.2485,
      78.3312,
      78.2472,
      78.3814,
      82.6958,
      82.6,
      82.7467,
      78.3277,
      78.3136,
      82.6868,
      82.699,
      82.6914,
      82.8044,
      82.6827,
      78.3332,
      78.5747,
      82.8193,
      82.6975,
      82.7872,
      82.745,
      78.4615,
      78.3753,
      82.9423,
      82.9631,
      78.3196,
      78.4066,
      82.77,
      78.2033,
      78.2248,
      82.7854,
      82.9627,
      82.6151,
      82.7095,
      78.4162
    ],
    [
      121.512,
      129.124,
      122.035,
      129.708,
      123.202,
      129.358,
      123.175,
      128.956,
      122.538,
      122.905,
      122.292,
      122.377,
      131.759,
      128.586,
      123.54,
      128.895,
      128.532,
      129.32,
      128.357,
      123.973,
      122.043,
      122.489,
      122.207,
      128.578,
      122.243,
      128.764,
      121.692,
      128.557,
      128.648,
      122.682,
      121.586,
      129.786,
      123.534,
      121.75,
      127.449,
      122.707,
      128.246,
      121.724,
      128.932,
      121.817,
      122.032,
      122.245,
      128.365,
      121.551,
      121.853,
      128.719,
      121.64,
      122.06,
      128.974
    ]
  ],
  "avg": [
    0.04851860416666667,
    6.036635531914894,
    21.792748000000003,
    46.25212,
    80.903326,
    125.16361224489796
  ]
}