{
  "model_states_sizes": [
    1,
    11,
    21,
    31,
    41,
    51
  ],
  "method": "gradient_no_gpu",
  "filtered_results": [
    [
      0.047465,
      0.045198,
      0.044916,
      0.047602,
      0.053013,
      0.052934,
      0.052915,
      0.0449,
      0.053044,
      0.050191,
      0.050273,
      0.045356,
      0.04488,
      0.047815,
      0.047612,
      0.044882,
      0.047562,
      0.047572,
      0.04223,
      0.044947,
      0.047586,
      0.05019,
      0.053168,
      0.047479,
      0.05027,
      0.055559,
      0.047584,
      0.050221,
      0.050226,
      0.047594,
      0.052923,
      0.047553,
      0.047297,
      0.047673,
      0.05023,
      0.047598,
      0.044962,
      0.044952,
      0.052912,
      0.044467,
      0.05026,
      0.04489,
      0.052871,
      0.055588,
      0.050191,
      0.050329,
      0.052858
    ],
    [
      5.64023,
      5.95989,
      5.95003,
      6.02325,
      6.34251,
      5.99021,
      5.96159,
      5.95305,
      5.99445,
      6.26906,
      5.96063,
      6.27,
      6.31793,
      5.96232,
      6.27422,
      5.9458,
      5.98987,
      5.94417,
      5.64695,
      6.25247,
      6.04026,
      5.93729,
      6.00606,
      6.041,
      6.20215,
      6.02377,
      5.93139,
      5.76297,
      6.42562,
      5.95507,
      5.95849,
      5.95421,
      5.94968,
      5.75568,
      6.27132,
      5.99216,
      5.9526,
      5.9345,
      5.95829,
      5.96605,
      5.93692,
      6.39163,
      5.95481,
      5.93466,
      6.04875,
      6.39133,
      5.64621
    ],
    [
      20.6218,
      21.7865,
      21.923,
      21.7526,
      22.8922,
      21.8015,
      20.8621,
      21.7415,
      21.9481,
      21.9372,
      21.8445,
      21.7696,
      21.7814,
      22.9172,
      21.7925,
      20.6305,
      21.8646,
      21.9064,
      21.8709,
      21.9089,
      21.8618,
      21.8466,
      21.7869,
      20.7482,
      21.9371,
      21.8423,
      21.7463,
      21.7778,
      21.7882,
      21.8054,
      21.8597,
      21.7717,
      21.8333,
      21.9876,
      21.9595,
      20.7203,
      21.7651,
      21.7508,
      20.6606,
      21.8872,
      21.7804,
      20.7551,
      21.7762,
      21.7838,
      21.9414,
      21.868
    ],
    [
      47.4805,
      44.8912,
      47.3389,
      45.0553,
      47.2807,
      44.8164,
      45.0837,
      47.5737,
      44.8528,
      47.6497,
      44.8262,
      44.9358,
      47.4687,
      47.3278,
      44.8632,
      47.5604,
      45.1783,
      47.5171,
      47.4224,
      47.6216,
      47.6377,
      47.3753,
      47.5879,
      47.4309,
      47.3976,
      44.859,
      47.3144,
      47.5196,
      47.4361,
      47.3178,
      44.8308,
      47.5938,
      47.3036,
      47.4646,
      44.8103,
      44.9804,
      44.8096,
      47.5173,
      47.3854,
      47.4735,
      47.4277,
      47.5703,
      45.1432,
      44.9318,
      47.4066,
      47.5005,
      47.3133,
      47.3092
    ],
    [
      83.0337,
      78.2836,
      78.9421,
      79.9589,
      82.9385,
      78.2292,
      82.903,
      79.5763,
      82.5875,
      82.6777,
      80.2368,
      83.1486,
      82.787,
      82.8877,
      78.372,
      81.8762,
      82.6984,
      83.1286,
      78.692,
      78.7307,
      83.0445,
      82.9692,
      79.726,
      82.6403,
      78.5368,
      83.0683,
      78.3944,
      78.3592,
      82.7144,
      82.9532,
      78.7397,
      82.8964,
      82.7467,
      79.7597,
      83.096,
      78.4004,
      82.8087,
      82.9317,
      82.9714,
      82.6255,
      83.2587,
      78.9346,
      80.0076,
      82.8558,
      83.1813,
      83.0677,
      78.6319,
      82.7721
    ],
    [
      128.941,
      121.758,
      128.962,
      129.011,
      121.944,
      128.652,
      121.646,
      121.813,
      129.31,
      122.479,
      130.048,
      128.631,
      122.787,
      121.853,
      128.706,
      122.275,
      121.819,
      129.332,
      129.054,
      129.598,
      129.155,
      129.002,
      121.786,
      121.672,
      129.164,
      121.878,
      122.218,
      129.034,
      128.405,
      121.87,
      129.112,
      129.428,
      122.628,
      128.75,
      128.611,
      128.718,
      122.308,
      121.836,
      129.269,
      122.57,
      129.931,
      123.344,
      121.256,
      130.124,
      122.266,
      121.749,
      129.628,
      122.807,
      121.664
    ]
  ],
  "avg": [
    0.048781659574468096,
    6.020670212765956,
    21.712919565217394,
    46.612345833333336,
    81.32876458333332,
    125.68983673469386
  ]
}