{
  "model_states_sizes": [
    1,
    11,
    21,
    31,
    41,
    51
  ],
  "method": "numpy",
  "filtered_results": [
    [
      4.316967,
      2.188083,
      2.252597,
      2.183586,
      2.199385,
      2.141938,
      2.241932,
      2.204806,
      2.189539,
      2.20393,
      2.184421,
      2.114836,
      2.235036,
      2.263781,
      2.202086,
      2.234586,
      2.227522,
      2.139661,
      2.225168,
      2.194338,
      2.218205,
      2.185214,
      2.248459,
      2.210449,
      2.195533,
      2.205767,
      2.223801,
      2.198808,
      2.220936,
      2.204522,
      2.224401,
      2.307851,
      2.212398,
      2.21356,
      2.242222,
      2.196115,
      2.198227,
      2.21093,
      2.177514,
      2.208903,
      2.202775,
      2.227727,
      2.243951,
      2.227299,
      2.191268,
      2.171293,
      2.233002,
      2.214644
    ],
    [
      4.445247,
      4.474632,
      4.445087,
      4.42683,
      3.978569,
      4.477456,
      4.541669,
      4.506312,
      4.41717,
      4.449613,
      4.392598,
      4.494242,
      4.451189,
      4.464533,
      4.784707,
      4.479561,
      4.428104,
      4.401099,
      4.513245,
      4.509401,
      4.475232,
      4.506655,
      4.479997,
      4.489549,
      4.527263,
      4.498184,
      3.984638,
      4.466958,
      4.492581,
      3.986333,
      4.467715,
      4.887648,
      3.971003,
      4.874602,
      3.981769,
      4.866619,
      4.432939,
      4.463952,
      4.58061,
      4.512031,
      4.533891,
      4.456252,
      4.529182,
      4.488315,
      4.521612,
      4.483618,
      3.978636,
      4.480019
    ],
    [
      17.126281,
      17.091602,
      16.751669,
      17.360948,
      16.922724,
      17.584141,
      16.404804,
      16.78165,
      16.997986,
      16.763769,
      17.48782,
      16.477413,
      17.510135,
      16.719077,
      16.377829,
      16.8502,
      17.04422,
      17.630793,
      16.947705,
      17.190903,
      17.088912,
      16.599644,
      17.28275,
      17.167069,
      16.709749,
      16.584102,
      16.805634,
      17.11389,
      16.816907,
      16.935058,
      17.042801,
      17.186116,
      17.545417,
      16.901944,
      17.454669,
      17.390292,
      16.857479,
      17.113175,
      16.854584,
      17.036341,
      17.189041,
      16.853102,
      16.897868,
      17.379723,
      17.143965,
      16.948469,
      17.18998
    ],
    [
      49.495887,
      51.13421,
      49.401119,
      48.241049,
      52.087605,
      52.637469,
      48.808757,
      50.305936,
      49.139798,
      49.785741,
      50.810106,
      49.177844,
      48.990231,
      52.310269,
      49.309533,
      48.298348,
      49.372088,
      50.631974,
      47.980655,
      54.405082,
      49.396668,
      50.903745,
      49.973469,
      48.847314,
      51.609714,
      49.337141,
      49.018107,
      49.016654,
      50.463077,
      47.941469,
      48.170861,
      51.646475,
      51.783912,
      49.874656,
      47.859773,
      48.784524,
      49.346592,
      49.426366,
      48.712645,
      47.993135,
      48.904177,
      51.031809,
      49.08688,
      48.521247,
      48.709001,
      48.943099,
      50.639227,
      49.605891
    ],
    [
      101.177357,
      103.539087,
      102.983531,
      103.622336,
      101.299047,
      101.410158,
      101.264492,
      101.980489,
      104.342427,
      101.730272,
      101.545449,
      101.405203,
      105.360109,
      101.691786,
      101.61135,
      101.925578,
      101.587936,
      102.886166,
      101.770338,
      103.841893,
      103.326365,
      102.083206,
      102.559913,
      102.24735,
      102.287952,
      104.557026,
      102.9987,
      102.804974,
      102.367654,
      102.074157,
      106.009971,
      103.103664,
      102.451354,
      102.027297,
      102.210309,
      103.50205,
      101.588409,
      101.390392,
      101.724461,
      102.662481,
      102.138333,
      101.53237,
      103.820842,
      102.829933,
      101.704407,
      103.942469,
      101.430081,
      105.15726
    ],
    [
      209.19865,
      207.973573,
      208.595842,
      208.626941,
      207.439248,
      207.405511,
      211.52655,
      209.264696,
      210.860822,
      208.384275,
      206.770528,
      207.82752,
      210.922733,
      210.686412,
      210.024592,
      207.866535,
      208.053719,
      209.2929,
      208.968289,
      208.111085,
      207.11359,
      208.953653,
      210.048642,
      208.201982,
      210.975606,
      208.670571,
      208.951294,
      209.948253,
      209.623363,
      209.093411,
      208.239909,
      208.81892,
      209.476795,
      209.583279,
      209.534466,
      207.47428,
      208.350576,
      208.095767,
      207.527474,
      208.605357,
      209.065028,
      206.694614,
      207.17736,
      208.617531,
      209.158298,
      208.74599,
      210.553367,
      209.169753
    ]
  ],
  "avg": [
    2.2533327499999998,
    4.447897229166666,
    17.023624468085107,
    49.747319354166656,
    102.57309133333332,
    208.83894895833336
  ]
}