{
  "model_states_sizes": [
    1,
    11,
    21,
    31,
    41,
    51
  ],
  "method": "numpy",
  "filtered_results": [
    [
      2.237301,
      2.215143,
      2.212498,
      2.231374,
      2.192993,
      2.2294,
      2.198353,
      2.181735,
      2.233896,
      2.229497,
      2.217568,
      2.209146,
      2.228104,
      2.228741,
      2.243433,
      2.201784,
      2.188843,
      2.197351,
      2.231795,
      2.211496,
      2.170611,
      2.258867,
      2.200104,
      2.229705,
      2.170615,
      2.241496,
      2.188347,
      2.250988,
      2.246976,
      2.232093,
      2.167236,
      2.173938,
      2.176214,
      2.140488,
      2.271257,
      2.234265,
      2.231911,
      2.164017,
      2.182737,
      2.217751,
      2.208825,
      2.230901,
      2.173942,
      2.207112,
      2.20054,
      2.231237,
      2.224255,
      2.202388,
      2.193142
    ],
    [
      4.479513,
      4.507367,
      4.524559,
      4.478544,
      4.49422,
      3.943641,
      4.443686,
      4.533008,
      3.962293,
      4.471928,
      3.942583,
      4.470903,
      4.423864,
      4.506838,
      4.458953,
      4.01723,
      4.02059,
      4.491501,
      4.458532,
      3.975254,
      4.556037,
      4.490856,
      3.985614,
      4.587006,
      4.482027,
      4.553191,
      4.537433,
      4.042175,
      4.449412,
      4.594635,
      4.042752,
      4.437048,
      4.441481,
      4.455429,
      4.458793,
      4.502811,
      4.912753,
      4.554629,
      4.546791,
      4.006967,
      4.538279,
      4.549094,
      4.059475,
      4.532553,
      4.498743,
      4.887007,
      4.49793,
      4.433248
    ],
    [
      17.719321,
      16.294453,
      17.113373,
      17.460674,
      16.250998,
      17.251018,
      16.954541,
      17.141387,
      16.79289,
      16.835898,
      17.013025,
      16.981412,
      17.618231,
      16.635608,
      17.041009,
      16.824834,
      16.356796,
      16.474407,
      17.221007,
      17.085478,
      17.058499,
      16.943753,
      17.021757,
      16.708612,
      16.838647,
      17.453197,
      17.02743,
      16.444877,
      16.325235,
      17.528154,
      16.801413,
      16.768899,
      16.813818,
      16.42359,
      17.048903,
      17.704528,
      16.957022,
      17.641,
      17.299291,
      17.391417,
      16.915176,
      16.829424,
      17.214119,
      16.857833,
      17.168742,
      16.92218,
      17.136756,
      16.746219,
      16.902771
    ],
    [
      48.997637,
      51.837195,
      50.730314,
      48.898868,
      48.871871,
      48.92543,
      50.823711,
      48.670102,
      48.870008,
      49.71366,
      48.477054,
      49.219444,
      49.612749,
      50.331976,
      48.208475,
      48.986245,
      49.316879,
      49.331445,
      49.668219,
      50.051428,
      48.813127,
      50.335087,
      48.212081,
      50.036944,
      48.283257,
      48.973512,
      49.951255,
      49.802899,
      49.878895,
      50.375246,
      50.148427,
      49.161587,
      49.740966,
      51.225368,
      50.03925,
      47.97126,
      49.303979,
      49.509414,
      51.949076,
      48.820637,
      49.216792,
      48.96085,
      50.967313,
      48.966307,
      50.389111,
      49.626477
    ],
    [
      104.126845,
      104.092464,
      102.057997,
      101.920001,
      101.694688,
      102.276817,
      104.482144,
      101.637278,
      104.950983,
      102.676135,
      101.433486,
      101.007212,
      102.008872,
      103.176728,
      101.126101,
      103.46669,
      101.593941,
      102.910452,
      102.653336,
      102.082923,
      101.320386,
      102.635726,
      104.929097,
      102.433342,
      100.707654,
      100.995429,
      102.636486,
      102.749597,
      103.352599,
      102.605376,
      101.695359,
      103.408068,
      102.992639,
      103.487704,
      100.484826,
      104.120433,
      105.062705,
      102.050155,
      102.599096,
      103.474598,
      102.263678,
      104.444295,
      104.390953,
      101.563435,
      101.63217,
      103.759553,
      101.976801
    ],
    [
      210.411176,
      208.957225,
      210.188195,
      207.58903,
      207.010727,
      207.007058,
      207.212612,
      207.429375,
      206.476253,
      207.571331,
      206.621438,
      206.795216,
      206.470579,
      206.536237,
      206.445295,
      208.22927,
      207.691927,
      207.247112,
      208.807271,
      206.597965,
      206.847426,
      209.84149,
      206.387721,
      207.425263,
      206.363961,
      206.805702,
      208.019346,
      208.275963,
      207.51201,
      206.648137,
      207.437165,
      208.749779,
      211.996973,
      208.335754,
      206.730094,
      207.722336,
      207.060132,
      207.092728,
      207.200598,
      207.052447,
      207.592141,
      206.754897,
      207.945399,
      206.796728,
      205.763787,
      209.42032
    ]
  ],
  "avg": [
    2.2110695714285713,
    4.400816166666666,
    16.978767795918365,
    49.5696049347826,
    102.66270751063831,
    207.5885562826087
  ]
}