{
  "x_axis_values": [
    1,
    11,
    21,
    31,
    41,
    51
  ],
  "method": "gauss_jordan",
  "filtered_results": [
    [
      0.02724,
      0.028018,
      0.02771,
      0.027436,
      0.027782,
      0.027464,
      0.027289,
      0.027371,
      0.028042,
      0.027893,
      0.027388,
      0.028684,
      0.027697,
      0.027298,
      0.027413,
      0.027368,
      0.028172,
      0.02735,
      0.029207,
      0.027784,
      0.027439,
      0.028973,
      0.027896,
      0.028892,
      0.027656,
      0.027543,
      0.027935,
      0.027491,
      0.027946,
      0.027244,
      0.02888,
      0.027831,
      0.028062,
      0.027891,
      0.027581,
      0.027756,
      0.027663,
      0.027973,
      0.027682,
      0.028101,
      0.027572,
      0.028052,
      0.027888,
      0.027569,
      0.027494
    ],
    [
      37.0206,
      36.6862,
      36.7127,
      37.3224,
      36.7404,
      36.9502,
      36.7194,
      36.8316,
      37.3666,
      36.827,
      36.7505,
      37.401,
      37.0164,
      36.7547,
      36.8134,
      36.9261,
      36.6854,
      36.7706,
      36.7138,
      37.1408,
      36.5848,
      37.1129,
      36.6991,
      36.729,
      36.716,
      36.869,
      36.7427,
      36.8733,
      36.6566,
      36.6985,
      36.7563,
      37.4662,
      37.0759,
      36.6793,
      36.7768,
      36.9474,
      36.695,
      36.6994,
      36.7115,
      36.8714,
      36.7046,
      36.8067,
      36.6336,
      36.7256,
      36.7659,
      36.6909,
      36.6268,
      36.6181,
      37.0181
    ],
    [
      259.069,
      258.616,
      258.73,
      259.394,
      259.417,
      259.217,
      259.088,
      259.377,
      259.353,
      259.747,
      260.339,
      259.119,
      258.436,
      259.633,
      259.477,
      259.125,
      258.649,
      258.597,
      259.021,
      259.894,
      258.558,
      258.7,
      259.101,
      260.45,
      258.911,
      258.288,
      258.911,
      259.112,
      259.236,
      259.37,
      260.086,
      259.184,
      258.89,
      259.239,
      258.746,
      258.686,
      258.681,
      259.425,
      259.198,
      259.553,
      259.094,
      259.33,
      259.169,
      259.135,
      259.227,
      259.177,
      258.957,
      259.458,
      259.6
    ],
    [
      828.62,
      858.262,
      822.195,
      828.166,
      821.551,
      825.634,
      828.439,
      838.642,
      827.23,
      861.081,
      820.78,
      856.716,
      823.226,
      821.23,
      819.847,
      863.205,
      826.234,
      854.833,
      822.769,
      820.757,
      821.612,
      821.273,
      838.17,
      853.172,
      835.531,
      828.042,
      835.975,
      824.549,
      864.329,
      830.78,
      820.805,
      897.215,
      825.437,
      855.912,
      825.5,
      846.338,
      829.6,
      830.443,
      842.169,
      825.211,
      829.695,
      832.276,
      830.004,
      849.549,
      820.489,
      821.645,
      825.918
    ],
    [
      2310.41,
      2318.98,
      2388.01,
      2392.31,
      2321.78,
      2363.04,
      2380.0,
      2303.27,
      2386.1,
      2268.26,
      2299.56,
      2255.93,
      2298.41,
      2323.49,
      2288.89,
      2316.92,
      2496.77,
      2283.27,
      2283.86,
      2256.01,
      2363.16,
      2290.28,
      2478.46,
      2399.04,
      2371.27,
      2321.37,
      2281.36,
      2316.82,
      2295.94,
      2394.44,
      2318.28,
      2479.76,
      2318.82,
      2368.12,
      2334.23,
      2275.93,
      2310.64,
      2317.14,
      2242.33,
      2288.67,
      2304.26,
      2388.02,
      2252.09,
      2296.11,
      2482.95,
      2314.61,
      2487.27
    ],
    [
      5368.41,
      5336.04,
      5371.45,
      5371.86,
      5342.48,
      5347.13,
      5340.41,
      5361.6,
      5327.05,
      5390.14,
      5324.28,
      5307.84,
      5339.6,
      5331.81,
      5336.34,
      5375.62,
      5331.49,
      5329.87,
      5348.65,
      5314.62,
      5364.34,
      5352.25,
      5386.54,
      5411.08,
      5375.66,
      5363.93,
      5380.02,
      5327.81,
      5393.95,
      5387.98,
      5370.46,
      5424.05,
      5395.24,
      5360.92,
      5359.09,
      5339.13,
      5345.11,
      5352.61,
      5388.1,
      5355.18,
      5357.88,
      5347.14,
      5349.03,
      5329.18,
      5380.11,
      5423.17,
      5389.4,
      5343.25
    ]
  ],
  "avg": [
    0.02781368888888888,
    36.8388,
    259.1789795918367,
    834.703319148936,
    2336.737021276596,
    5359.360416666666
  ]
}