{
  "x_axis_values": [
    1,
    11,
    21,
    31,
    41,
    51
  ],
  "method": "gradient_no_gpu",
  "filtered_results": [
    [
      0.053839,
      0.055773,
      0.050177,
      0.047631,
      0.047372,
      0.050201,
      0.047357,
      0.042518,
      0.055766,
      0.044918,
      0.041687,
      0.055699,
      0.044551,
      0.050195,
      0.059174,
      0.052916,
      0.042424,
      0.047435,
      0.055551,
      0.050539,
      0.056341,
      0.055578,
      0.047685,
      0.050196,
      0.045213,
      0.055738,
      0.052975,
      0.044475,
      0.0473,
      0.056012,
      0.048695,
      0.041662,
      0.047544,
      0.050132,
      0.052827,
      0.050236,
      0.058562,
      0.050183,
      0.047287,
      0.052896,
      0.050219,
      0.055742,
      0.052953,
      0.044815,
      0.052891,
      0.052937,
      0.055814,
      0.047566
    ],
    [
      5.99332,
      6.00159,
      6.37518,
      5.95157,
      6.06569,
      5.99897,
      6.29636,
      6.33809,
      5.95186,
      6.47929,
      6.0449,
      5.93607,
      6.43073,
      6.30509,
      5.99911,
      6.36293,
      6.30981,
      6.41856,
      6.32965,
      5.93698,
      6.2625,
      6.20737,
      6.32985,
      6.33103,
      5.75879,
      6.50709,
      6.45334,
      5.99838,
      6.2451,
      6.2031,
      6.42542,
      6.21608,
      6.0986,
      6.15873,
      6.1007,
      6.46629,
      6.46353,
      6.52144,
      6.14947,
      5.80608,
      6.1805,
      6.33619,
      6.19247,
      5.88638,
      6.44284,
      6.15866,
      6.47082,
      6.33246
    ],
    [
      21.8325,
      22.4861,
      22.4285,
      22.0047,
      22.0577,
      21.9224,
      21.9801,
      20.7317,
      21.9864,
      22.1228,
      21.9961,
      20.9524,
      22.035,
      22.0493,
      21.9364,
      22.0754,
      22.049,
      22.5061,
      21.9239,
      21.6543,
      21.3441,
      21.9973,
      22.3339,
      22.2321,
      22.3253,
      23.052,
      22.6534,
      21.8479,
      22.0683,
      22.118,
      22.1834,
      22.167,
      22.0689,
      22.2704,
      21.0572,
      21.0202,
      22.1233,
      22.2049,
      20.7124,
      21.2112,
      22.2566,
      22.3307,
      21.7728,
      22.0915,
      20.9305,
      22.2092,
      21.0434
    ],
    [
      44.8795,
      45.9267,
      45.0915,
      47.777,
      47.5971,
      45.3776,
      47.666,
      47.8281,
      47.6604,
      47.5582,
      44.9741,
      48.081,
      45.2288,
      47.6889,
      45.2543,
      45.0091,
      47.723,
      48.4732,
      46.5716,
      45.0695,
      45.7848,
      47.6622,
      47.3742,
      45.0744,
      48.357,
      45.6559,
      47.8588,
      44.8594,
      45.3482,
      47.9448,
      48.8017,
      45.226,
      47.8906,
      45.488,
      47.9614,
      48.1848,
      48.3915,
      45.4901,
      48.4752,
      48.4257,
      50.2158,
      48.2732,
      47.8295,
      47.6604,
      48.1901,
      45.4341,
      48.1321,
      47.6552,
      48.555
    ],
    [
      83.685,
      79.311,
      78.8524,
      79.4355,
      83.6976,
      83.2591,
      78.7959,
      79.4908,
      79.4802,
      85.1538,
      79.5812,
      82.9496,
      83.8058,
      79.2232,
      83.5668,
      79.2833,
      83.0702,
      84.3135,
      83.3104,
      78.5387,
      83.955,
      82.7278,
      83.1426,
      83.3715,
      84.8149,
      78.5923,
      83.7899,
      83.4006,
      83.4754,
      79.606,
      79.1612,
      83.459,
      79.1807,
      79.2184,
      78.9298,
      83.3671,
      83.2702,
      82.909,
      79.3395,
      83.1064,
      84.9294,
      78.923,
      78.8008,
      78.9277,
      78.3874,
      83.6464,
      83.0147,
      78.7879,
      83.8865
    ],
    [
      122.64,
      124.321,
      122.935,
      123.486,
      129.858,
      131.235,
      123.254,
      129.578,
      131.778,
      130.133,
      125.258,
      130.196,
      124.685,
      123.175,
      124.535,
      130.142,
      130.676,
      125.554,
      127.615,
      129.057,
      130.289,
      126.123,
      123.589,
      128.906,
      122.36,
      123.437,
      122.743,
      122.574,
      129.252,
      122.049,
      122.366,
      122.252,
      129.567,
      129.078,
      128.576,
      129.346,
      129.613,
      123.374,
      124.23,
      123.633,
      122.797,
      123.872,
      129.491,
      123.031,
      130.272,
      121.733,
      122.643,
      128.999
    ]
  ],
  "avg": [
    0.05042077083333333,
    6.213103333333334,
    21.922482978723405,
    47.01297346938775,
    81.5699,
    126.17304166666666
  ]
}