{
  "x_axis_values": [
    1,
    11,
    21,
    31,
    41,
    51
  ],
  "method": "gradient_no_gpu",
  "filtered_results": [
    [
      0.063611,
      0.054876,
      0.049646,
      0.057685,
      0.060369,
      0.057725,
      0.054997,
      0.052058,
      0.054909,
      0.064197,
      0.057788,
      0.057327,
      0.049361,
      0.057439,
      0.061218,
      0.052145,
      0.057559,
      0.05759,
      0.049344,
      0.065201,
      0.054459,
      0.05785,
      0.055596,
      0.051997,
      0.054692,
      0.066399,
      0.066596,
      0.057581,
      0.064384,
      0.065845,
      0.063226,
      0.057683,
      0.057532,
      0.054806,
      0.060482,
      0.054513,
      0.057747,
      0.052111,
      0.057656,
      0.057602,
      0.057978,
      0.052138,
      0.049386,
      0.06034,
      0.05453,
      0.049489,
      0.054793,
      0.049523,
      0.063736,
      0.063696
    ],
    [
      6.05652,
      5.81521,
      5.97203,
      6.26564,
      6.24776,
      6.3069,
      5.86081,
      6.24819,
      6.18622,
      5.92214,
      6.24931,
      6.59338,
      6.1796,
      6.11845,
      6.49148,
      6.19849,
      6.53387,
      6.25833,
      5.84444,
      6.5617,
      6.29177,
      6.11052,
      6.30575,
      6.21502,
      6.31862,
      5.87153,
      6.604,
      6.07285,
      6.24781,
      6.28539,
      6.29215,
      5.78195,
      6.57096,
      6.2206,
      6.16362,
      6.21438,
      6.26957,
      6.10125,
      6.48991,
      6.19709,
      6.53232,
      6.33675,
      6.22417,
      6.51606,
      6.47044,
      6.31055,
      6.1543
    ],
    [
      21.2073,
      21.3888,
      22.4875,
      22.4222,
      22.5882,
      21.2699,
      22.5129,
      24.1365,
      22.526,
      22.3831,
      20.9565,
      22.3947,
      22.2103,
      21.3957,
      22.4585,
      21.2817,
      21.4336,
      23.6356,
      22.3807,
      23.5699,
      22.6992,
      22.4408,
      22.3346,
      22.4616,
      22.2981,
      23.7157,
      22.2847,
      21.315,
      22.2896,
      23.5863,
      23.689,
      23.7177,
      22.6716,
      22.5412,
      22.4553,
      22.444,
      22.5317,
      23.5155,
      21.175,
      22.3457,
      23.8131,
      21.2011,
      22.536,
      22.6194,
      22.5086,
      22.5285,
      21.3512,
      22.6546,
      21.1554
    ],
    [
      50.039,
      49.2689,
      48.4186,
      48.529,
      45.7676,
      49.0787,
      46.1994,
      46.0068,
      45.8902,
      50.066,
      48.2993,
      46.4949,
      48.6363,
      48.7306,
      48.3025,
      49.483,
      46.0371,
      46.7768,
      48.53,
      48.2295,
      48.6553,
      49.0943,
      46.0682,
      49.8324,
      46.6797,
      48.5687,
      46.1558,
      46.179,
      48.5884,
      46.633,
      48.7536,
      48.3955,
      47.1916,
      46.0273,
      49.1868,
      48.3036,
      46.3622,
      50.3938,
      48.9052,
      48.5922,
      46.5319,
      45.9926,
      46.2787,
      48.4553,
      48.7013,
      49.0725,
      48.3261,
      46.0111,
      48.3801
    ],
    [
      90.369,
      86.6233,
      90.3323,
      90.9755,
      93.3776,
      90.539,
      91.0095,
      90.7513,
      91.2753,
      89.8724,
      90.4654,
      90.4943,
      85.7804,
      86.4839,
      90.8642,
      86.931,
      92.0588,
      86.1769,
      91.0225,
      91.317,
      86.6565,
      91.63,
      85.4498,
      91.8469,
      86.6327,
      87.9861,
      86.1752,
      90.8156,
      90.2123,
      86.2808,
      90.8321,
      90.2695,
      88.3011,
      85.7318,
      87.6833,
      86.3513,
      90.9656,
      86.368,
      85.326,
      86.1545,
      90.5758,
      90.881,
      90.2322,
      86.4204,
      90.5676,
      86.6462,
      86.8839,
      91.7137,
      88.908
    ],
    [
      146.055,
      138.48,
      140.969,
      146.321,
      147.35,
      138.627,
      139.538,
      146.27,
      140.179,
      138.873,
      139.031,
      140.256,
      146.151,
      140.197,
      138.84,
      147.638,
      146.541,
      139.339,
      147.271,
      146.514,
      138.728,
      149.278,
      138.599,
      140.182,
      139.76,
      139.672,
      139.485,
      140.641,
      147.447,
      138.915,
      143.518,
      145.653,
      138.925,
      138.847,
      146.184,
      146.089,
      138.999,
      147.464,
      140.06,
      148.056,
      139.759,
      148.088,
      147.874,
      139.577,
      146.646,
      138.546,
      138.389,
      140.115,
      148.147,
      146.615
    ]
  ],
  "avg": [
    0.057188220000000005,
    6.235740425531914,
    22.398363265306124,
    47.85919183673469,
    89.0044387755102,
    142.69395999999998
  ]
}