{
  "x_axis_values": [
    1,
    11,
    21,
    31,
    41,
    51
  ],
  "method": "numpy",
  "filtered_results": [
    [
      15.387811,
      13.829891,
      14.006939,
      13.9024,
      13.857625,
      14.150355,
      13.447978,
      14.303409,
      14.306966,
      13.62877,
      13.944723,
      13.856735,
      13.726149,
      13.698582,
      14.07557,
      13.925128,
      13.562664,
      13.757128,
      13.521217,
      13.656165,
      14.063075,
      13.655063,
      14.470555,
      14.073145,
      13.624709,
      13.807498,
      14.363069,
      14.684156,
      13.980087,
      14.135174,
      14.28175,
      14.240418,
      14.007855,
      14.486246,
      14.496766,
      14.180481,
      14.037121,
      14.308903,
      13.823904,
      14.195841,
      14.528081,
      14.028151,
      13.906877,
      13.603985,
      14.120243,
      13.631932,
      13.515618
    ],
    [
      4.613735,
      4.625697,
      4.508257,
      4.60688,
      4.573319,
      4.56316,
      4.568856,
      5.32518,
      4.592638,
      4.139744,
      4.558805,
      4.529618,
      4.537553,
      4.540827,
      4.635304,
      4.652388,
      4.528135,
      4.61819,
      4.526719,
      4.133508,
      4.586384,
      4.616186,
      4.547358,
      4.574317,
      4.681457,
      4.521839,
      4.585985,
      4.987691,
      4.566323,
      4.631877,
      4.590072,
      4.028581,
      4.60146,
      4.686568,
      4.621681,
      4.559208,
      4.632011,
      4.659448,
      4.050791,
      4.121844,
      4.594263,
      4.532322,
      4.590422,
      4.179526,
      4.512984,
      4.036393,
      4.965726,
      4.609372,
      4.025575
    ],
    [
      18.066991,
      16.716145,
      17.198473,
      16.968779,
      17.318439,
      17.042596,
      16.531374,
      17.488346,
      17.090257,
      17.133184,
      18.328626,
      16.858559,
      17.758939,
      17.369114,
      17.157584,
      16.768523,
      17.363537,
      17.14652,
      17.910849,
      17.530959,
      17.598953,
      16.960997,
      17.280184,
      17.357115,
      17.954431,
      16.980063,
      17.129123,
      17.198734,
      17.507244,
      16.553707,
      17.39027,
      17.346714,
      17.026521,
      17.222051,
      17.83618,
      17.816253,
      17.738581,
      17.020673,
      16.819771,
      17.182194,
      17.422691,
      17.830268,
      17.355826,
      17.020985,
      17.698526,
      17.235439,
      17.670803
    ],
    [
      49.91547,
      50.718341,
      51.672995,
      50.7502,
      49.860924,
      49.299013,
      51.136848,
      50.315429,
      50.73132,
      50.285533,
      50.109595,
      50.192397,
      53.254154,
      50.193269,
      50.403789,
      49.871359,
      50.584294,
      50.321698,
      51.492523,
      49.631186,
      53.8316,
      50.225034,
      51.646348,
      50.726354,
      49.344305,
      50.578278,
      49.913947,
      49.952254,
      51.934142,
      52.166943,
      51.553946,
      50.538346,
      50.80111,
      51.887188,
      51.379178,
      50.099958,
      51.861491,
      50.686676,
      51.097676,
      50.617427,
      49.983677,
      51.170122,
      50.051451,
      49.857739,
      50.868973,
      50.10204
    ],
    [
      104.911204,
      104.432236,
      104.545459,
      103.417665,
      104.358926,
      105.160084,
      106.910631,
      107.301842,
      104.060043,
      103.948429,
      104.728431,
      107.826244,
      103.646718,
      103.861019,
      104.177773,
      104.66601,
      105.107833,
      108.44598,
      104.893979,
      106.679164,
      104.552768,
      104.170188,
      109.151471,
      104.669668,
      103.96548,
      104.437511,
      104.099121,
      107.766204,
      104.066215,
      103.805032,
      103.234295,
      105.235104,
      103.795387,
      106.553201,
      105.197743,
      108.250082,
      105.262946,
      103.203233,
      104.488313,
      104.063284,
      106.948078,
      103.160944,
      105.612114,
      103.264559,
      103.181809,
      104.255959,
      103.931017
    ],
    [
      212.119918,
      212.638684,
      211.430464,
      210.596193,
      213.731967,
      211.143419,
      215.280619,
      212.358151,
      212.703142,
      211.481847,
      213.394668,
      211.789895,
      215.873577,
      213.016748,
      213.94594,
      210.979946,
      211.926177,
      213.767864,
      212.222397,
      211.496323,
      211.911749,
      211.326588,
      212.356038,
      213.613924,
      211.332086,
      211.126924,
      213.373654,
      215.562653,
      212.062761,
      211.648207,
      211.920559,
      215.326365,
      211.060192,
      211.701121,
      212.882008,
      212.811876,
      211.920153,
      212.910309,
      213.051569,
      212.375078,
      211.962529,
      215.381376,
      212.950546,
      212.207798,
      210.670587,
      210.759569,
      214.075014,
      210.13315
    ]
  ],
  "avg": [
    14.016955489361703,
    4.536248510204081,
    17.317065765957448,
    50.730794347826084,
    104.96598714893618,
    212.50650670833338
  ]
}