{
  "x_axis_values": [
    7,
    14,
    21,
    28,
    35
  ],
  "method": "numpy",
  "filtered_results": [
    [
      4.203419,
      4.609044,
      4.616807,
      4.3635,
      3.340161,
      4.480274,
      5.499155,
      5.077645,
      4.971092,
      3.391226,
      4.400781,
      4.315968,
      3.634709,
      3.771786,
      2.856013,
      4.190122,
      4.181807,
      4.611231,
      5.455999,
      3.814754,
      7.03302,
      3.776372,
      4.20632,
      3.080723,
      4.701277,
      4.267868,
      4.177666,
      2.532323,
      4.450059,
      3.701554,
      4.563285,
      4.918646,
      4.613305,
      4.990673,
      4.481791,
      6.022357,
      3.058575,
      2.933858,
      4.960283,
      5.342539,
      3.963416,
      4.617142,
      4.331469,
      3.407951,
      4.681753,
      3.535107,
      5.435508,
      4.67104
    ],
    [
      7.389778,
      7.187443,
      26.476936,
      7.501556,
      5.738293,
      7.19423,
      6.504319,
      8.861961,
      7.976314,
      7.846674,
      6.876958,
      6.399643,
      6.426848,
      7.618357,
      6.415734,
      6.435392,
      6.398999,
      5.531323,
      7.891306,
      7.492108,
      7.586473,
      6.874382,
      6.697035,
      10.384127,
      6.586143,
      38.368974,
      6.901406,
      7.439837,
      6.951259,
      6.345477,
      6.672639,
      8.521927,
      8.330582,
      6.248647,
      6.547671,
      6.038472,
      8.859073,
      6.752952,
      45.434728,
      8.901563,
      6.678191,
      6.608221,
      5.908044,
      8.038847,
      9.258561,
      6.643313,
      7.27554
    ],
    [
      11.233842,
      10.737343,
      10.162987,
      13.008127,
      13.858286,
      13.810411,
      10.265873,
      9.909809,
      35.021434,
      9.622324,
      10.611744,
      10.925613,
      10.984777,
      13.895999,
      10.83528,
      11.721497,
      17.298768,
      9.194411,
      13.070872,
      9.51877,
      12.365608,
      12.482914,
      11.638313,
      10.341629,
      12.064121,
      11.025139,
      13.597003,
      11.900815,
      8.665759,
      10.573208,
      11.419024,
      13.456927,
      45.114551,
      12.142879,
      9.336921,
      10.837643,
      9.669205,
      10.85322,
      13.754178,
      13.181735,
      12.430509,
      11.508692,
      12.541464,
      9.198532,
      9.266234,
      12.233015,
      11.078496,
      9.928811,
      10.421353
    ],
    [
      17.172474,
      17.942579,
      16.905874,
      16.81932,
      18.214166,
      17.325845,
      17.973382,
      18.080246,
      16.541075,
      16.170274,
      15.699277,
      17.593578,
      15.973116,
      15.711988,
      16.596122,
      16.177125,
      15.129128,
      14.765119,
      16.707472,
      18.851774,
      19.06267,
      17.863235,
      15.547624,
      18.744909,
      17.121409,
      18.728571,
      16.483661,
      17.161269,
      18.009535,
      16.245812,
      16.376775,
      15.438141,
      16.478781,
      18.623878,
      17.775994,
      17.723023,
      16.252033,
      18.760455,
      15.230042,
      17.586211,
      16.430848,
      20.286041,
      16.425868,
      14.880665,
      17.814543,
      17.376691,
      16.217677,
      16.600227
    ],
    [
      25.252429,
      23.930401,
      24.299086,
      24.430698,
      30.133467,
      20.884654,
      23.552654,
      21.01263,
      27.11932,
      34.459007,
      24.655262,
      26.186824,
      24.404547,
      22.750905,
      24.49387,
      22.84661,
      24.705981,
      22.5322,
      24.389637,
      24.354841,
      25.199096,
      24.037694,
      22.098466,
      23.44284,
      24.356907,
      38.479644,
      23.380359,
      25.233122,
      23.920598,
      47.02405,
      24.874454,
      24.244461,
      24.751915,
      24.588153,
      24.134298,
      22.367965,
      25.699357,
      25.102737,
      23.458531,
      24.896496,
      24.458523,
      23.817402,
      23.43218,
      23.864498,
      22.845118,
      23.257969,
      25.107631,
      21.114489,
      21.748049
    ]
  ],
  "avg": [
    4.3383619375,
    9.085494808510637,
    12.626858469387752,
    17.033260875,
    25.047592346938774
  ]
}