{
  "x_axis_values": [
    1,
    11,
    21,
    31,
    41,
    51
  ],
  "method": "numpy",
  "filtered_results": [
    [
      2.255611,
      2.350159,
      2.387974,
      2.361394,
      2.334058,
      2.410237,
      2.3348,
      2.347529,
      2.341624,
      2.277903,
      2.304096,
      2.400041,
      2.332937,
      2.349384,
      2.333745,
      2.416316,
      2.274889,
      2.498534,
      2.356589,
      2.260987,
      2.343044,
      2.352249,
      2.336442,
      2.357632,
      2.375513,
      2.207883,
      2.346799,
      2.383638,
      2.363406,
      2.261396,
      2.254527,
      2.272017,
      2.313282,
      2.234135,
      2.365399,
      2.350576,
      2.333347,
      2.35837,
      2.383448,
      2.362262,
      2.356101,
      2.382703,
      2.352025,
      2.328325,
      2.450611,
      2.384391,
      2.375171,
      2.420172
    ],
    [
      4.572086,
      4.294381,
      5.03882,
      4.089456,
      4.397962,
      4.678171,
      4.568957,
      4.653253,
      4.145168,
      4.60498,
      4.707854,
      4.691988,
      4.666064,
      4.632998,
      4.05068,
      4.636496,
      4.7388,
      4.102573,
      4.83118,
      4.614364,
      4.137449,
      5.062655,
      4.561421,
      4.718017,
      4.689429,
      4.749976,
      4.9363,
      4.651837,
      4.80755,
      4.68057,
      4.653469,
      5.077239,
      4.625902,
      4.999455,
      4.69657,
      4.693627,
      5.098417,
      4.751056,
      4.719134,
      4.734304,
      4.691053,
      5.114291,
      5.068962,
      4.723351,
      4.282314,
      4.659075,
      4.674457,
      4.742943
    ],
    [
      17.55736,
      18.37036,
      17.350666,
      17.606225,
      17.326787,
      17.59645,
      17.653514,
      17.516632,
      17.605327,
      17.240208,
      17.968576,
      17.543063,
      18.226929,
      17.770506,
      17.483089,
      18.117774,
      18.196922,
      17.341901,
      17.82405,
      17.371263,
      18.543098,
      17.712243,
      16.887434,
      18.819541,
      16.680349,
      17.83853,
      17.371871,
      17.731048,
      17.685458,
      18.735424,
      17.279819,
      18.020157,
      17.847106,
      18.189363,
      17.419253,
      17.49089,
      16.755175,
      17.464913,
      17.712221,
      18.746264,
      18.39577,
      17.786298,
      18.183742,
      17.613135,
      17.826352,
      17.995778,
      16.901907
    ],
    [
      50.032128,
      51.663313,
      50.202798,
      51.189311,
      50.811935,
      53.582415,
      50.50528,
      50.294451,
      51.784154,
      49.82033,
      50.822448,
      50.583303,
      50.390095,
      49.672384,
      49.636923,
      52.825764,
      50.153825,
      51.622171,
      51.088456,
      51.127542,
      50.851233,
      52.754655,
      53.741779,
      54.158032,
      50.378766,
      50.7387,
      51.868584,
      48.898712,
      51.268838,
      51.330477,
      49.825944,
      53.373259,
      52.280974,
      51.084239,
      54.328967,
      50.763961,
      50.661642,
      50.060704,
      49.436867,
      51.760979,
      51.348623,
      51.80227,
      49.860515,
      52.194886,
      49.721796,
      51.121525,
      51.467419
    ],
    [
      104.22555,
      110.695589,
      103.576127,
      104.651157,
      103.586648,
      103.452429,
      103.695612,
      105.039142,
      103.501305,
      103.601839,
      103.333667,
      103.397381,
      102.811366,
      105.22376,
      104.532652,
      103.839472,
      102.961894,
      102.636695,
      103.811037,
      102.572162,
      106.249131,
      103.391953,
      104.636405,
      103.448484,
      104.319125,
      102.657862,
      107.075598,
      104.177758,
      104.751498,
      102.518372,
      102.437332,
      105.604801,
      102.539379,
      104.124788,
      102.854263,
      104.062334,
      105.589025,
      103.100847,
      104.345009,
      107.959855,
      105.620969,
      104.370534,
      102.626678,
      103.994854,
      103.929214,
      103.7184,
      103.401743,
      104.100339,
      102.860983
    ],
    [
      211.705294,
      210.032001,
      210.935742,
      208.472855,
      209.665906,
      209.763907,
      207.69906,
      208.935633,
      207.125753,
      210.222054,
      206.930842,
      207.130123,
      211.070292,
      206.801381,
      209.396303,
      207.591306,
      209.826753,
      206.515037,
      210.13188,
      208.252907,
      206.945255,
      207.499016,
      207.506444,
      209.044233,
      205.897842,
      210.973315,
      206.808835,
      208.809722,
      208.191,
      208.766721,
      210.12073,
      207.016412,
      208.639409,
      207.519583,
      209.06876,
      210.164316,
      209.212121,
      208.202831,
      209.372271,
      208.854765,
      206.970602,
      207.117639,
      207.321521,
      207.382582,
      207.999136,
      210.813582,
      212.874468
    ]
  ],
  "avg": [
    2.3444514791666666,
    4.660771958333334,
    17.729803000000004,
    51.16794408510637,
    104.11455136734692,
    208.6659178723404
  ]
}