{
  "x_axis_values": [
    7,
    14,
    21,
    28,
    35
  ],
  "method": "pcg_no_gpu",
  "filtered_results": [
    [
      1.4814,
      1.1393,
      1.03569,
      1.14178,
      1.23639,
      1.0916,
      1.09062,
      1.09077,
      0.977009,
      1.03297,
      1.09507,
      1.14817,
      1.19702,
      1.03818,
      1.15488,
      1.25451,
      1.03272,
      1.03446,
      1.1582,
      1.22013,
      1.09137,
      1.03603,
      1.55839,
      0.98134,
      1.0921,
      1.64303,
      1.52678,
      0.988364,
      1.37694,
      0.977689,
      1.1466,
      1.10088,
      1.40712,
      1.08921,
      1.0923,
      1.14204,
      1.03751,
      1.09118,
      1.20934,
      1.20088,
      1.13595,
      1.10599,
      1.56054,
      1.25622,
      1.03417,
      1.09156,
      1.09533
    ],
    [
      4.62079,
      4.14266,
      4.39407,
      4.78551,
      4.42579,
      4.90005,
      4.90222,
      4.90776,
      4.85255,
      5.14582,
      4.72105,
      4.47099,
      4.93177,
      4.34749,
      4.40166,
      4.42354,
      5.07258,
      4.79968,
      4.27486,
      4.55785,
      4.57383,
      4.52808,
      4.26731,
      4.44306,
      4.42175,
      4.63354,
      4.31508,
      4.31968,
      4.49685,
      4.575,
      4.4507,
      5.08134,
      4.4008,
      4.79812,
      4.25138,
      4.50946,
      4.5372,
      4.88946,
      4.35473,
      4.37118,
      4.80973,
      5.01838,
      4.40127,
      4.92696,
      4.68276,
      5.03066,
      4.65148,
      4.79153
    ],
    [
      9.76997,
      9.72705,
      9.24019,
      9.73802,
      9.93995,
      9.21971,
      9.73174,
      9.77944,
      9.98379,
      9.43488,
      9.72468,
      9.90832,
      9.69781,
      9.29648,
      9.29837,
      10.2191,
      10.2172,
      9.73134,
      9.71918,
      9.76298,
      9.80901,
      9.75296,
      9.75615,
      9.70632,
      9.78907,
      9.76517,
      9.83652,
      9.7364,
      9.25157,
      9.71985,
      9.72146,
      9.76989,
      9.37367,
      9.24826,
      9.71521,
      9.73543,
      10.1897,
      9.74935,
      9.76121,
      9.33036,
      9.24119,
      9.80406,
      9.75221,
      9.2688,
      9.80879,
      9.72865,
      9.75127
    ],
    [
      17.4022,
      18.239,
      16.4769,
      18.0086,
      17.6042,
      17.1665,
      17.499,
      16.7685,
      16.382,
      17.3078,
      17.1325,
      17.056,
      17.2853,
      17.7298,
      18.2496,
      16.7831,
      17.413,
      17.5778,
      18.0786,
      16.5886,
      18.094,
      16.6624,
      17.3958,
      17.8568,
      16.5644,
      17.5103,
      17.5984,
      17.827,
      17.7308,
      17.5658,
      17.705,
      17.187,
      17.2663,
      17.4605,
      17.7184,
      17.3582,
      17.3561,
      17.4441,
      17.6213,
      17.7803,
      16.894,
      16.4586,
      17.5443,
      16.5968,
      16.3808,
      17.1756,
      17.64,
      17.7156,
      16.3325
    ],
    [
      29.4491,
      32.0047,
      32.5672,
      29.6942,
      32.946,
      31.7626,
      31.3734,
      32.303,
      29.2029,
      34.0244,
      29.4333,
      34.3172,
      31.9473,
      33.6199,
      33.945,
      31.4705,
      33.1462,
      30.2515,
      31.1855,
      31.2214,
      33.4002,
      31.4213,
      32.7486,
      28.3844,
      32.4325,
      32.6068,
      31.1717,
      29.8635,
      32.0961,
      31.7673,
      33.457,
      30.08,
      30.7068,
      32.2725,
      32.9983,
      29.2233,
      32.4521,
      33.9823,
      32.4363,
      33.9104,
      32.839,
      30.0627,
      32.2037,
      31.7351,
      33.2527,
      30.6627
    ]
  ],
  "avg": [
    1.1642494042553193,
    4.616875208333334,
    9.685377234042553,
    17.330410204081634,
    31.826795652173914
  ]
}