0.000000000000000000e+00 0.000000000000000000e+00 0.000000000000000000e+00 0.000000000000000000e+00 0.000000000000000000e+00 0.000000000000000000e+00 0.000000000000000000e+00 0.000000000000000000e+00 0.000000000000000000e+00 0.000000000000000000e+00 0.000000000000000000e+00 0.000000000000000000e+00 0.000000000000000000e+00 0.000000000000000000e+00 0.000000000000000000e+00 0.000000000000000000e+00 0.000000000000000000e+00 0.000000000000000000e+00 0.000000000000000000e+00 0.000000000000000000e+00 0.000000000000000000e+00 0.000000000000000000e+00 0.000000000000000000e+00 0.000000000000000000e+00 0.000000000000000000e+00 0.000000000000000000e+00 0.000000000000000000e+00 0.000000000000000000e+00 0.000000000000000000e+00 0.000000000000000000e+00 0.000000000000000000e+00 0.000000000000000000e+00 0.000000000000000000e+00 0.000000000000000000e+00 0.000000000000000000e+00 0.000000000000000000e+00 0.000000000000000000e+00 0.000000000000000000e+00 0.000000000000000000e+00 0.000000000000000000e+00 0.000000000000000000e+00 0.000000000000000000e+00 0.000000000000000000e+00 0.000000000000000000e+00 0.000000000000000000e+00 0.000000000000000000e+00 0.000000000000000000e+00 0.000000000000000000e+00 0.000000000000000000e+00 0.000000000000000000e+00 0.000000000000000000e+00 0.000000000000000000e+00 0.000000000000000000e+00 0.000000000000000000e+00 0.000000000000000000e+00 0.000000000000000000e+00 0.000000000000000000e+00 0.000000000000000000e+00 0.000000000000000000e+00 0.000000000000000000e+00 0.000000000000000000e+00 0.000000000000000000e+00 0.000000000000000000e+00 0.000000000000000000e+00 0.000000000000000000e+00 0.000000000000000000e+00 0.000000000000000000e+00 0.000000000000000000e+00 0.000000000000000000e+00 0.000000000000000000e+00 0.000000000000000000e+00 0.000000000000000000e+00 0.000000000000000000e+00 0.000000000000000000e+00 0.000000000000000000e+00 0.000000000000000000e+00 0.000000000000000000e+00 0.000000000000000000e+00 0.000000000000000000e+00 0.000000000000000000e+00 0.000000000000000000e+00 0.000000000000000000e+00 0.000000000000000000e+00 0.000000000000000000e+00 0.000000000000000000e+00 0.000000000000000000e+00 0.000000000000000000e+00 0.000000000000000000e+00 0.000000000000000000e+00 0.000000000000000000e+00 0.000000000000000000e+00 0.000000000000000000e+00 0.000000000000000000e+00 0.000000000000000000e+00 0.000000000000000000e+00 0.000000000000000000e+00 0.000000000000000000e+00 0.000000000000000000e+00 0.000000000000000000e+00 0.000000000000000000e+00 0.000000000000000000e+00 0.000000000000000000e+00 0.000000000000000000e+00 0.000000000000000000e+00 0.000000000000000000e+00 0.000000000000000000e+00 0.000000000000000000e+00 0.000000000000000000e+00 0.000000000000000000e+00 0.000000000000000000e+00 0.000000000000000000e+00 0.000000000000000000e+00 0.000000000000000000e+00 0.000000000000000000e+00 0.000000000000000000e+00 0.000000000000000000e+00 0.000000000000000000e+00 0.000000000000000000e+00 0.000000000000000000e+00 0.000000000000000000e+00 0.000000000000000000e+00 0.000000000000000000e+00 0.000000000000000000e+00 0.000000000000000000e+00 0.000000000000000000e+00 0.000000000000000000e+00 0.000000000000000000e+00 0.000000000000000000e+00 0.000000000000000000e+00 0.000000000000000000e+00 0.000000000000000000e+00 0.000000000000000000e+00 0.000000000000000000e+00 0.000000000000000000e+00 0.000000000000000000e+00 0.000000000000000000e+00 0.000000000000000000e+00 0.000000000000000000e+00 0.000000000000000000e+00 0.000000000000000000e+00 0.000000000000000000e+00 0.000000000000000000e+00 0.000000000000000000e+00 0.000000000000000000e+00
4.961295039417182862e-01 -1.300653440545015416e-01 -7.121739881349696544e-02 1.770515386519665724e-01 2.127587081652122791e-01 -3.362506599902113143e-03 1.687821992497311463e-01 -2.113750249359867828e-02 -1.156920693692109203e-01 -6.944619031303070344e-02 -1.045920712672188668e-01 -7.466558888357115176e-02 -1.212701230692642268e-01 2.487544818826548099e-01 9.235156773342651643e-03 -1.169421537045090692e-02 -1.084982115158873578e-01 8.224924813723408223e-02 -1.084158106912150726e-01 1.525133635108385510e-01 9.012372618845308769e-02 2.801125607588998354e-02 -7.954818282434118412e-03 2.494946204093882736e-01 -6.243408943161903035e-02 1.338258002846431927e-01 5.504191500496843359e-01 1.631510433646012059e-02 -2.963896584716663694e-03 -1.158917212717154033e-01 -9.667136333915493998e-03 3.076178090622051775e-02 1.074631845570348798e-01 1.876043813481868550e-01 2.633980937755687202e-01 6.252467818025107815e-02 1.951537471649735789e-01 1.254407748029865433e-01 1.811709231189091024e-02 5.833078228641940255e-01 1.988614477257351632e-01 1.421564072703976334e-01 -1.463023838318471825e-01 -6.329250800321439829e-02 1.102415928719936711e-03 1.841109882448416779e-01 1.110285769566548772e-02 1.526939869172372344e-01 3.159366667246007315e-02 6.020511525947363878e-03 6.696611846527828621e-03 1.299012177789426459e-01 4.894081357616945627e-01 -1.686656756943723939e-02 5.790765229707992012e-02 1.524432222927900871e-01 9.788412744104521557e-02 9.072944408344363419e-04 1.047825675986699123e-01 -8.753203669081555116e-02 8.349524684276940500e-02 7.461206152265241476e-02 4.396572388187789532e-02 6.501690838477004741e-02 -1.165367620596385462e-01 5.007211553716214292e-01 1.540978000653112912e-01 2.515558009610557172e-02 7.946552957544159024e-02 1.803349774691536955e-01 3.863840947254559843e-02 1.016740425267917414e-02 1.606195941609051547e-01 7.994087590117011227e-03 -2.356354007714551286e-04 -1.070801823195601660e-01 -9.139779280562179697e-02 2.319231710355822706e-01 4.482898059017659809e-01 -9.858288302082180224e-03 1.536863170389576594e-01 -4.070818669062694489e-02 1.237208799825463140e-01 9.815448722646656545e-04 1.003939913869571210e-02 2.603240334509646647e-01 4.479711590311732244e-02 3.648596014172303392e-02 4.436333807386945716e-01 5.952541285176349284e-02 -1.147396715934067141e-01 3.657447947395259247e-01 -1.613183761355042045e-01 -1.009971340134334650e-01 1.466490295345110606e-01 -4.709873256948188258e-02 5.100384491021547895e-02 4.495340814759951620e-02 1.844586780749515875e-01 6.791632382644641197e-02 -1.405631856504460653e-01 -1.646611849986998749e-02 1.053518561625874927e-01 2.786422174055480649e-02 5.204239604884405290e-01 2.595160134173224442e-01 -1.050622025844943908e-02 3.581074172301719205e-01 1.960302655845125308e-02 3.560980093915760980e-02 1.671823135874679275e-02 1.230853218708798380e-01 2.645584828908664754e-02 8.237870140239665628e-02 1.996694160479288438e-02 2.630962975224210298e-02 1.662190709100604957e-01 3.759477968004130144e-01 -4.477465281991874213e-02 -3.360283442558270606e-01 -3.265266951893996961e-03 1.287226531783185468e-01 1.748527399096004298e-01 -2.920435860459980049e-02 2.386313867886094287e-01 5.670864602077374528e-02 2.645016111585531959e-01 1.064298806887031823e-02 -8.936541287190277738e-02 -1.259723456312789036e-01 5.619778552182902454e-01 -2.481967009531673707e-01 5.628102520171451850e-02 4.399580174146167089e-02 8.571060607761971095e-02 1.820966454169292703e-02 -1.374910206746987607e-01 3.434915451851661139e-02 -1.092881512209828154e-01 7.238195431240751487e-02 1.495125876462628511e-01 -1.274461085296467733e-01 -1.352652180944441951e-01 7.234027468298398489e-01
2.177618882228747332e-01 8.914576869639809220e-02 1.416299691244700398e-01 -6.594095784477124744e-02 -1.321019964512639422e-01 -2.071194906122946280e-02 5.302900170524861567e-02 1.112363144679676952e-01 9.622615198821710125e-02 1.923213052014030866e-01 -1.453152795262545836e-02 2.444363336066600681e-02 3.805289693631482700e-02 1.025887122651851363e-01 1.613523700487428381e-01 -1.424839036170070378e-02 5.371121152309717151e-02 -4.792216303186368903e-02 -7.028633147551480165e-02 -2.032416618067872313e-02 1.008194112658557587e-02 -1.179720071429297620e-02 4.503271207248658176e-02 5.030411219336437811e-02 4.158634934852548648e-01 2.871192082793075362e-01 1.335907133822940851e-01 -1.633537548151453023e-01 -3.936669767361702377e-01 8.585895265114357189e-02 -3.916825196261677910e-02 1.704471820621606959e-01 -3.070217960767551713e-02 1.720771407307098155e-01 1.173418243804823929e-01 1.401622379577003585e-01 2.445737176357073439e-01 7.962064373876552581e-02 2.176488736949828973e-01 -1.237686679410792273e-01 -1.259712111429834580e-01 -1.685257499742317255e-01 7.914811914601138643e-02 1.903378795536058432e-01 1.382503780657374781e-01 2.525504814118425534e-01 -1.461966570236782614e-01 9.911607071171654737e-03 -2.346866023061797493e-02 -8.381392848450669453e-02 -4.587577715413328205e-02 1.158097135359138635e-01 1.216452483184600336e-01 1.881578387080849735e-01 7.587985581122340395e-02 -7.025233358784026272e-02 -7.998986560186319454e-04 1.238809819885656159e-02 -8.036610384179389277e-02 -5.538489447669910082e-02 1.462044220747350243e-01 1.168353118671921348e-01 1.701965946020280451e-01 -1.433765355922905077e-02 3.432705459743922577e-02 1.278428590126741704e-01 2.008383122994496228e-02 1.257116608669163749e-01 -1.292101677814531391e-01 -4.670520560895192325e-02 -6.354937169622021376e-02 1.171711686704919458e-01 2.441853563538099736e-01 1.315766451268803316e-01 6.148129571775583224e-02 -1.695879246851858535e-02 -4.630912297220821094e-02 1.402638178919878298e-01 -1.027672941975201898e-01 1.129792719009471147e-01 -1.234488017163685586e-01 -7.294679079068978021e-03 9.377472346410372153e-03 1.386514553603415689e-01 1.404509118933050249e-01 9.902719116557828771e-02 5.135570708188422900e-02 -6.951867937906837380e-02 -2.729627181007075465e-01 -2.715647602730675847e-01 1.783856643489959426e-01 -1.191264527464162143e-02 2.261367297237741047e-01 2.664703968552842861e-01 7.589921344678388082e-02 -9.456359755689255908e-02 -1.047755256665587886e-01 3.151682795244051954e-02 -1.322316230031392315e-01 -4.968187108103427896e-03 8.941859359254364370e-02 1.711221422075778764e-01 -7.726532240434652588e-02 4.935032410208577136e-02 -2.909803252030074283e-02 -3.821681017703107419e-02 9.907244648034403689e-02 5.475439527594526401e-02 2.641237130791833365e-03 4.896867517215072740e-02 2.319188065204709492e-02 2.341288367832229933e-01 1.815896418781517974e-01 -8.465382180738978413e-02 1.323848836900153036e-02 -1.365759319298664176e-01 -7.480098497699366744e-02 -7.297662110452479700e-02 6.725931505047359760e-02 1.582345379777425065e-02 -1.451222604789248194e-01 -4.897105399294621186e-02 -1.502472246072387163e-01 5.797678334242124809e-02 1.345153214224297511e-01 4.171494105053695500e-02 1.284726306996106515e-01 -9.621714049770722921e-02 -1.562760888381101165e-02 -1.591697797663127190e-01 1.547858437050561586e-01 3.242492112746132166e-02 -8.957063602166745464e-02 -1.871811441432955775e-02 -8.796914351388190889e-02 6.197934336335787775e-02 1.601433100048539337e-01 1.642061037907412979e-01 3.005422693978035409e-03 -1.328666092197598458e-01 -8.500578311554944644e-02 -1.377096189451266217e-01 4.385885402792948085e-02 -5.338242536852173814e-03
0.000000000000000000e+00 0.000000000000000000e+00 0.000000000000000000e+00 0.000000000000000000e+00 0.000000000000000000e+00 0.000000000000000000e+00 0.000000000000000000e+00 0.000000000000000000e+00 0.000000000000000000e+00 0.000000000000000000e+00 0.000000000000000000e+00 0.000000000000000000e+00 0.000000000000000000e+00 0.000000000000000000e+00 0.000000000000000000e+00 0.000000000000000000e+00 0.000000000000000000e+00 0.000000000000000000e+00 0.000000000000000000e+00 0.000000000000000000e+00 0.000000000000000000e+00 0.000000000000000000e+00 0.000000000000000000e+00 0.000000000000000000e+00 0.000000000000000000e+00 0.000000000000000000e+00 0.000000000000000000e+00 0.000000000000000000e+00 0.000000000000000000e+00 0.000000000000000000e+00 0.000000000000000000e+00 0.000000000000000000e+00 0.000000000000000000e+00 0.000000000000000000e+00 0.000000000000000000e+00 0.000000000000000000e+00 0.000000000000000000e+00 0.000000000000000000e+00 0.000000000000000000e+00 0.000000000000000000e+00 0.000000000000000000e+00 0.000000000000000000e+00 0.000000000000000000e+00 0.000000000000000000e+00 0.000000000000000000e+00 0.000000000000000000e+00 0.000000000000000000e+00 0.000000000000000000e+00 0.000000000000000000e+00 0.000000000000000000e+00 0.000000000000000000e+00 0.000000000000000000e+00 0.000000000000000000e+00 0.000000000000000000e+00 0.000000000000000000e+00 0.000000000000000000e+00 0.000000000000000000e+00 0.000000000000000000e+00 0.000000000000000000e+00 0.000000000000000000e+00 0.000000000000000000e+00 0.000000000000000000e+00 0.000000000000000000e+00 0.000000000000000000e+00 0.000000000000000000e+00 0.000000000000000000e+00 0.000000000000000000e+00 0.000000000000000000e+00 0.000000000000000000e+00 0.000000000000000000e+00 0.000000000000000000e+00 0.000000000000000000e+00 0.000000000000000000e+00 0.000000000000000000e+00 0.000000000000000000e+00 0.000000000000000000e+00 0.000000000000000000e+00 0.000000000000000000e+00 0.000000000000000000e+00 0.000000000000000000e+00 0.000000000000000000e+00 0.000000000000000000e+00 0.000000000000000000e+00 0.000000000000000000e+00 0.000000000000000000e+00 0.000000000000000000e+00 0.000000000000000000e+00 0.000000000000000000e+00 0.000000000000000000e+00 0.000000000000000000e+00 0.000000000000000000e+00 0.000000000000000000e+00 0.000000000000000000e+00 0.000000000000000000e+00 0.000000000000000000e+00 0.000000000000000000e+00 0.000000000000000000e+00 0.000000000000000000e+00 0.000000000000000000e+00 0.000000000000000000e+00 0.000000000000000000e+00 0.000000000000000000e+00 0.000000000000000000e+00 0.000000000000000000e+00 0.000000000000000000e+00 0.000000000000000000e+00 0.000000000000000000e+00 0.000000000000000000e+00 0.000000000000000000e+00 0.000000000000000000e+00 0.000000000000000000e+00 0.000000000000000000e+00 0.000000000000000000e+00 0.000000000000000000e+00 0.000000000000000000e+00 0.000000000000000000e+00 0.000000000000000000e+00 0.000000000000000000e+00 0.000000000000000000e+00 0.000000000000000000e+00 0.000000000000000000e+00 0.000000000000000000e+00 0.000000000000000000e+00 0.000000000000000000e+00 0.000000000000000000e+00 0.000000000000000000e+00 0.000000000000000000e+00 0.000000000000000000e+00 0.000000000000000000e+00 0.000000000000000000e+00 0.000000000000000000e+00 0.000000000000000000e+00 0.000000000000000000e+00 0.000000000000000000e+00 0.000000000000000000e+00 0.000000000000000000e+00 0.000000000000000000e+00 0.000000000000000000e+00 0.000000000000000000e+00 0.000000000000000000e+00 0.000000000000000000e+00 0.000000000000000000e+00 0.000000000000000000e+00 0.000000000000000000e+00
7.950484518789014965e-01 -2.571892325128409540e-02 2.229103560839087450e-01 1.794625284371885732e-01 2.673241124446501527e-03 -1.400733148925701332e-01 8.739386419187818167e-03 4.451346258674299117e-03 -1.253083729116948875e-01 -3.785721361396071627e-04 4.337074782520397576e-02 2.596433841740247717e-02 2.315998640840397638e-01 5.163588554294080701e-01 2.859579617557316822e-01 1.300836926458721898e-02 -1.958059707557642526e-01 2.868366110374907102e-02 -1.280142559680125525e-01 6.737763048915344777e-02 -7.040706560610325571e-02 1.656367045087808743e-01 -8.017260917361954120e-02 8.737739788794988971e-02 1.930623854545721607e-01 -1.204188569183072544e-01 6.693156510008098081e-01 -2.022873968243620313e-01 4.214794077149600082e-03 1.812519251042707114e-01 2.039359363259041213e-02 3.556063714845089652e-02 -1.046177337518532507e-01 9.732758465291878325e-02 1.153425509490061396e-01 -1.120204508705254995e-02 2.008283885573740879e-01 -5.307402682126496213e-02 -7.441231834380207522e-02 4.693634973674932209e-01 -3.174873977571547601e-02 -1.306505867577167634e-01 -4.298766616130844653e-02 1.736180523484859642e-02 -1.120893470471474168e-02 4.498277632924157360e-02 1.218978161188817161e-01 3.431542012472765246e-01 1.937189570110900705e-01 -2.147180907684168583e-01 1.883588218477838527e-01 -7.275993974115620155e-02 5.882440184213659773e-01 4.650565068033352123e-02 -3.272268084516014724e-02 4.366759908191993750e-02 4.685946564233292588e-02 3.954395823039582453e-02 -2.742316744798785864e-03 1.187665816722594941e-01 4.670529206496971952e-03 -1.265483582855959077e-01 3.212146915115545731e-01 -4.784108159897762502e-02 -2.600669861058030330e-02 6.302135930259558094e-01 -1.647450729576397099e-01 1.005615801557945832e-01 -1.034268794436858790e-01 3.162936952405451252e-02 1.218479035595766702e-02 3.013509585625505638e-01 6.785614339681510232e-02 -8.961002309390073139e-02 3.285526639194889104e-02 -1.649705538720326603e-01 6.761805852189263499e-02 -2.059362434696155875e-01 7.688495712059878473e-01 1.041740714339678964e-01 -6.551268776164705099e-02 2.861109384561498492e-02 1.199184007066955854e-01 2.925057928441257005e-01 6.183786249186756095e-02 -1.311756492455170564e-01 7.239017855963374160e-02 -8.886427250894621266e-02 -4.167878586861551576e-02 6.996816817417303436e-03 2.769468652791087782e-02 7.645492395155941701e-01 -2.439667771072991098e-02 1.276956918125058127e-01 3.664241914368927128e-02 9.486529348746844392e-02 3.385352555080474446e-02 -1.593005765094049342e-01 6.513705686033341435e-02 -8.235241866089791640e-02 5.399038436654396422e-02 -1.138399082325785017e-01 -1.701059120473198683e-02 6.583271309978178110e-02 7.009556254065325565e-01 8.997008702677525283e-02 7.555167717137917238e-02 1.465679722527712947e-01 1.391094421241770296e-01 -2.056117672271981153e-02 1.064298659220062199e-01 -7.417582332424406399e-02 -5.415734684934292442e-02 -1.001738375614698723e-01 -8.225890838070454292e-02 1.455548840064937455e-01 2.806298871695029479e-02 8.115782379283645875e-01 -7.004280175431668032e-02 8.481574368393235419e-02 2.608084357978381895e-01 -1.698426692862396725e-01 2.711153947688580979e-01 1.018567618101534067e-01 -1.285543566995626108e-01 1.247193171764043873e-02 -9.266477495589733882e-02 7.804381630915255275e-02 8.837951131629959156e-02 8.286713157875116864e-03 5.359435028513981347e-01 -2.272850942435300503e-02 1.626067563501095575e-02 -5.298131107629780456e-02 6.129529696303161190e-02 2.137795553207432753e-01 -3.040265452066226448e-02 1.136581269654980408e-01 8.012624234062395989e-02 1.388634500696643570e-02 -1.055282104521233083e-02 -5.952200423221956638e-02 -1.226684719512374788e-01 7.536343375898666430e-01
-2.676171903749620037e-02 2.476739882356822006e-02 1.190553575406552538e-02 1.500506859648861324e-01 2.018460729013903804e-02 5.344110899695540817e-02 -4.666560966391174875e-02 -5.286520176067978360e-02 -1.076684756579565985e-02 1.017330759921224702e-02 -8.681263674914185824e-02 -3.030475238992448930e-02 -1.225516452303110487e-01 -1.205127412132057582e-02 1.433897327933337032e-02 1.471509733670630093e-01 1.012107828867387510e-01 4.333605492601339849e-03 6.576606616207352971e-03 -9.851869213496240729e-02 -7.258597109015586801e-02 3.897834577075771911e-02 4.560392209865088420e-02 -4.781364739550036241e-02 -6.102531390190707450e-02 -6.551466609198443314e-02 -8.948309183495400942e-02 1.439854162546582161e-01 1.593890081829552885e-01 4.715310937293470950e-02 -4.687733819058951396e-02 -6.300976093701498616e-03 -1.658461449691100154e-01 8.360613192962949858e-02 4.113683350760239527e-02 -4.510198748613599568e-02 -8.753583022753158582e-02 4.498179455288810885e-02 -9.823274344148967899e-03 1.055261538708817115e-01 1.396652067437179900e-01 -3.696886691472176661e-02 -2.611442772382860204e-03 -6.571733952435303110e-03 -6.582390722186771959e-02 -1.642623267170564144e-02 -2.271189326490148999e-02 -4.694229473993142415e-02 -3.720770012564943857e-02 -7.100766410393462812e-03 6.918001601281711065e-03 4.855710898142831522e-02 5.058269522814205083e-02 -4.665888369970030286e-02 -2.073841597606478765e-02 -2.986909765050331511e-02 4.865735524597613985e-03 1.493314513407248932e-02 3.448802578558536613e-02 -1.140560628341167476e-02 -1.211814672810457294e-02 1.667273515090080677e-02 -2.900168723485350986e-02 9.173034399358503954e-02 2.377823330185784012e-02 9.802198274959078583e-02 4.051448913562451931e-02 -1.729758643483687158e-02 -3.887466499560587180e-02 -9.445902199264766957e-03 -7.921881066931067694e-02 -9.274081544687760859e-02 1.755634758668271969e-02 -2.268920284101117249e-02 3.609642941031935420e-02 1.063848646902739864e-01 -5.442352583881217287e-02 4.344045632596575668e-02 -3.841141489976738349e-02 -6.712632673249969983e-02 3.325122538985417209e-02 2.046493592472671541e-02 -3.950193364758784048e-02 -9.674517734596481400e-03 -8.374960087773081208e-03 1.194341073951314523e-04 -3.806170501439455622e-02 1.283716463961022958e-01 1.628931810639250299e-01 1.804213257124227809e-02 -4.675811874444915639e-02 -2.955624198610931619e-02 -8.987743116644766883e-02 2.631486354731861228e-03 -6.790975101755818144e-02 -3.626564518571644136e-02 -1.500294872837594218e-01 -2.802111409369439921e-02 -7.942864588397911818e-02 1.543489279988612128e-01 2.114014943982641670e-01 4.617211354865702333e-03 -1.561124067509520041e-02 -1.002335426883504410e-01 -2.077844108551472335e-01 1.209441850560777909e-01 8.851750845573713722e-02 -2.004183091403718975e-02 -6.904288557642740409e-02 4.186020250971739243e-02 -5.551869595340364755e-02 7.455221887422677773e-02 4.881957130330744077e-02 7.008615531743589422e-03 8.230974825811468443e-02 -1.696820559063422218e-02 -1.363885954312385740e-01 -2.657289870270299146e-03 4.284393794126602206e-02 -4.881823418607460219e-02 -2.999771554216588282e-02 1.323966876526808667e-01 -6.132339800144750996e-02 4.547664016431193085e-02 1.426313142577841364e-01 -3.860784431223998614e-02 -1.097649474885207740e-02 3.005694949075632394e-02 -8.994992020349441841e-02 -1.977119849732467821e-02 -1.240044885564039467e-01 -1.461942395307044840e-03 -1.044959961400873522e-01 -6.943820908035006068e-02 -1.048246318691329199e-01 1.096526603893999419e-01 8.756958758494315376e-02 5.720180653718021091e-02 5.552467394870067019e-02 -8.219577103586822586e-02 -1.934420318653584936e-01 1.483593090129230463e-01 1.343948852092038404e-01 -6.384570415794157960e-02
7.659232523830668271e-02 -4.843553004553761976e-02 3.749756071743393093e-02 2.625370858563778192e-02 -2.165431871448809595e-02 5.183777112054108183e-02 6.407132885564087443e-02 -1.725401439444040896e-02 -1.390668793650773338e-01 6.993248642531627035e-02 -5.205040863257943962e-02 -2.252100958377304535e-02 -5.509177336865166835e-02 8.605708583198333483e-03 2.889403266034255846e-02 -2.753220578262234597e-02 -4.065655993617842134e-03 4.044109960343064691e-02 -2.515515759631556381e-02 9.280686583766338885e-03 5.000339536164967458e-02 -6.449472525568500370e-02 5.026888145349522885e-02 -3.209231752245765784e-04 3.908101515503441953e-02 6.249001991394420585e-02 2.410771248856428007e-03 4.629634562852392304e-02 -2.797357120070190217e-02 1.227457038684117915e-02 3.480991606026229319e-03 -4.863233434089887092e-03 -6.501625506991284831e-02 4.821763433678852989e-02 -1.112501769320565354e-01 2.149772898348710493e-02 1.681801349097673844e-05 -2.407906243828216927e-02 1.602195218804964433e-02 -6.371636544579864503e-02 6.622128835129909019e-02 4.570825376245864213e-02 1.086465666536749232e-02 -4.539620446592403102e-02 -6.282992019188823885e-02 1.160486174019860761e-01 3.859073051384472042e-02 -6.999787934066613315e-02 1.941787858559270927e-03 -3.135777397369863759e-03 -1.036713969221671333e-01 9.970795604108749488e-02 -2.594617395637660671e-03 -5.069432241722879318e-02 7.251832312494352339e-02 -2.628734733735067775e-02 8.429186188003633118e-02 3.440860424823327657e-02 -6.499168430036242339e-02 1.740539021494824949e-03 1.940744470273650726e-02 -2.592795788218241887e-02 1.621005139951961493e-02 -6.495071668750591887e-02 1.073540153797783447e-01 1.925120060608545222e-02 -4.936983267579742735e-02 -5.968176912071094381e-02 5.659349223650171623e-02 -6.444897477695550603e-02 4.378714027355391780e-02 -2.248381149928203350e-03 -1.089695439550438308e-02 -5.439032364773289246e-02 5.291915285939980361e-03 -6.932329703139275545e-02 3.849282319196662555e-02 3.001424244391219867e-02 -1.018602524667056031e-01 7.712142529603176200e-02 -3.747663292932835316e-02 -1.390565445477135766e-02 9.804455873762817075e-02 2.503602046964512398e-02 1.590417073504737239e-02 -3.637603454307476725e-02 1.935383153519150412e-02 1.100871392434149554e-01 -9.211408868650024229e-02 3.266987520373582088e-02 1.453742371825491597e-01 -1.448539298864030267e-01 1.367403583733005912e-01 -6.964837141368943225e-03 -5.926802337545358096e-02 -8.212310579534992661e-02 -3.364895925446037550e-02 4.241791870104233420e-02 -5.343793967357379771e-02 -1.628376736929529334e-02 8.513032809563697567e-02 -1.723158218273171394e-02 -9.371839245131524665e-02 1.623666600114927472e-01 -4.122731104256673051e-02 -6.508970524649088096e-02 -1.769654499117123692e-02 5.516474031760421060e-02 4.820462723611676492e-02 2.968815267007263170e-03 -6.055712459397102898e-02 5.576011364840957607e-02 7.966152254156069756e-02 -5.569013215838845843e-02 9.886852166731859015e-03 3.271981118500166125e-02 6.359998822524053075e-02 -3.078537093874431085e-02 -1.190160000533033446e-01 -2.469716054343673584e-02 3.838604404132450743e-02 7.282166705514681038e-03 7.480702743505335262e-02 -2.459721541565687564e-02 -1.000106245289378304e-01 -6.772074088808419101e-02 5.832017740762696079e-03 -8.572412556259245697e-02 3.028422616644989296e-02 9.956033481683786157e-02 7.148175615095860025e-02 -5.578499340326215084e-02 -7.352702180697201495e-02 3.035849974980853183e-03 3.016782677357709996e-02 -5.038525141777411287e-02 5.690985884240662429e-03 9.341416668363947129e-02 -4.273732147017147986e-02 4.557003699539668995e-02 -6.178388912299863367e-02 -6.024128276340585258e-02 8.509907755821741193e-02 4.650772896325261474e-02
5.846025529177240054e-01 5.603453391210570789e-02 -4.416691700636786455e-02 -5.099806531434908363e-02 -2.270742683225882297e-01 -1.377935809438218528e-01 1.388636456237657413e-02 2.629363534469358887e-02 -7.032667655888164004e-02 -1.748201968472561374e-01 -9.797176055177436726e-02 2.820567682118892139e-02 8.622325107254105725e-02 6.141716719441649985e-01 -1.012571538863721587e-01 -6.491632145823539313e-02 -6.918117940702109281e-02 -7.410171738817472598e-02 -4.862142950058933460e-02 -8.567235783625257173e-02 3.129633412543197934e-02 -7.948264626300854951e-02 -7.978124508428145745e-02 -5.293835273656949392e-02 -8.230990433260493289e-02 -1.750948538886761829e-01 7.043948424651587104e-01 -5.060940769766797409e-02 -8.301103174473267732e-02 -1.107483416558723011e-01 8.150619414557999654e-02 3.740526348605578005e-02 -7.168007728074214657e-02 2.279374907457693000e-03 -9.900475677108956651e-02 -7.467664651241170959e-03 -1.134956583726554891e-01 -1.796297673555855012e-01 -2.539781155962726744e-03 6.153028197041507941e-01 -1.274894788370910803e-01 2.354442038709214646e-03 3.301039605530181609e-02 -1.550331030049911796e-02 -6.570680565690846520e-02 -1.379704136449971252e-01 1.397783327842928303e-01 -1.110203513774959960e-01 -1.366170382655113036e-01 -9.902540866187739543e-02 -1.456678980628146880e-02 7.054916664174938623e-02 3.058665182906562530e-01 -7.511807456197423793e-02 9.081600291188197949e-02 -1.182426181950917421e-01 -3.900164391871017988e-02 -7.401914086100938595e-02 -1.425852120287565521e-02 1.983577795325793813e-01 1.334804661479716686e-03 4.553281334028306399e-02 -6.544205163558541871e-02 -1.873420583917642657e-02 -9.152124712513302895e-02 4.404968742211918253e-01 -1.216594933221123442e-01 2.296186468786846901e-02 -1.982217393345195311e-02 -2.317151434614683064e-02 -1.196285127107630242e-01 2.151851940477296499e-02 5.171829487775267409e-02 -1.852915552216234663e-02 1.584556046475049940e-01 -8.552044514867153391e-02 -2.361829075012561452e-02 -2.020074920192752310e-01 4.496890761696146210e-01 -4.332201406416277822e-02 -4.656390871271892662e-02 -4.733207787812519773e-02 -6.268429162979226310e-02 2.639362430549489769e-02 -4.646466800584748980e-02 -1.280163916861476736e-01 4.648166862158038815e-02 7.354153043415793956e-03 -1.639727681371198065e-01 -7.238269730412227876e-02 3.503844661606217437e-02 4.999330495546103204e-01 8.785852960134155065e-02 1.373158033816199164e-03 -8.208473267947224983e-02 -1.097966308647182060e-01 -7.825522695539320617e-02 -8.339802648009483205e-03 -1.484689408879170253e-02 -1.292507802566117137e-01 -5.097850155619801371e-02 2.637361498490817246e-02 -3.068069191329397816e-02 1.887510674113571096e-01 3.549499302470635609e-01 2.158253839405585572e-03 -1.984592483273122099e-01 6.697509178620864034e-02 -1.380573394194810621e-01 -5.814758545072711005e-02 3.512322935932262608e-02 -1.273218011578308717e-01 -8.589259502361046295e-02 7.774056398252718325e-02 -6.424274147712841221e-02 1.071766638984201214e-01 -3.799955700402132819e-02 4.660244185639335623e-01 -1.149846299823372026e-01 8.657609177036315606e-02 -5.118164614549370467e-02 -3.000913034919257261e-02 -1.319258107731763885e-01 1.376874952192576607e-01 -8.532569367102274538e-02 -1.653054499875318273e-01 8.742646756825726839e-02 -8.199353026656257259e-02 -1.594452803373890004e-02 -7.102279210378700802e-02 4.553432419662065689e-01 -8.017581281851540731e-02 -2.108118996879349005e-02 -8.224096467712393999e-02 4.821886237399908293e-02 -9.833586862813054053e-02 3.042502815760448134e-02 -1.128288458223036805e-02 -3.476654176034452842e-02 -6.209691272311387844e-02 -7.165832499525404131e-02 2.004726085964449178e-02 -1.872354647344826317e-01 6.691698322274564070e-01
3.512213226905896296e-02 -2.234223858618424735e-02 3.858429610935853321e-02 4.011538030044732583e-02 -3.508154313704747035e-02 4.263623814229140774e-02 -1.459868677726017527e-01 -4.562723169222302616e-02 2.006762270888043809e-03 2.231116712129423141e-03 -2.500757363125650709e-02 1.073035840379661515e-01 1.516265323858927982e-01 -1.337207847858552512e-01 5.053654686977306076e-02 3.796365640516112527e-02 -1.576121606064916914e-01 5.265728088699507536e-02 -8.323379111095752236e-02 -1.421546238265115336e-01 -1.162569864790880952e-01 9.019506195838832008e-02 8.053078211677434928e-02 1.376902017441992143e-01 -3.472766807147353169e-02 3.594493565715695810e-02 5.240603817308796090e-03 7.033379849587777233e-02 3.243612110316735492e-02 -3.766712000571265789e-02 -3.351886623559611339e-02 -5.865781708180587556e-02 7.569241215665004074e-02 -2.456154491923660463e-02 -1.843291428837097110e-02 2.260144562911759608e-02 7.584120695096344816e-03 -3.637952498613262337e-02 8.700798090160849485e-02 -8.709409077547355243e-03 -8.398576137094550600e-03 1.032744033030719571e-01 -9.198815847800656531e-02 -1.025317875023595282e-01 -1.852236216443856748e-02 4.444056944714766533e-02 1.863608575761399946e-02 1.405822090598659278e-02 -3.835797528853188143e-02 2.144864065320673148e-03 -3.205712864353352926e-02 -3.564756699716676441e-02 1.538543020958542265e-03 7.145006707785413191e-02 3.326803414168817696e-02 3.359337359215282259e-02 1.940924682053951286e-02 -1.309728999659649958e-02 -3.931302108130280137e-03 -3.935588305159226294e-03 4.120571461491517179e-02 -7.371941735949075203e-02 3.279876509744295010e-02 1.445748772456861495e-02 -2.692194540611741321e-02 1.117695149672483929e-01 -7.877542571288011219e-02 -8.563235014891355801e-02 -2.875461445160663529e-02 -1.944782299987882213e-02 1.086045917616216064e-02 1.051686649906485166e-01 1.281868407484401673e-01 -2.180822873719786767e-02 6.949753962850239129e-03 -2.439030570907501413e-03 -2.898281756560834241e-02 -5.798891347796081980e-02 3.327851432601287157e-02 -8.806857824811679947e-02 -4.153821510588762839e-02 -6.434863299803694758e-02 3.010914505619562143e-02 9.336252168500266957e-02 -5.857522184801974147e-02 1.519849531128582808e-02 4.857773374476224287e-02 4.914582487558823154e-02 2.629759713665250076e-02 -1.927754610872823302e-03 -4.295039529930228667e-02 -4.884398039472472031e-02 3.968238042440903890e-02 3.462228877175206609e-02 -5.511829129498197095e-03 -3.094843812442150260e-02 -4.295883639367920059e-03 3.813670732329598606e-02 1.302543417050614979e-02 -2.834959056208462280e-02 -7.373450166208959933e-03 -2.507842697299903292e-02 3.369179772312365373e-02 -1.858688980912415883e-02 3.249428768074616447e-02 1.969244131278194421e-02 1.287066677683256291e-02 -4.625656183012671202e-02 7.310267307308583595e-03 9.474301202175638981e-02 4.937742569255702124e-02 9.215914203136658933e-03 9.211748718969045568e-02 -1.121568474119335468e-01 -2.308243407388393953e-02 -9.239842180780476200e-02 9.205514941553755159e-02 8.649586980463655483e-03 -2.266134410212813227e-02 -7.946547828848177231e-02 9.206234688925859708e-05 6.453493374378145922e-03 -1.441986009396611923e-02 -9.458983322419314138e-03 8.424284901314011906e-03 4.200911473412571873e-02 -9.804470846335174711e-03 2.855615986280764240e-03 1.579299398038927493e-03 -6.334931922090419887e-02 -7.147157003026316513e-03 6.870187203698373268e-02 -1.181448838861482165e-01 2.441128461865994109e-02 2.701412240505923421e-02 -3.200902730821632292e-02 -5.177033321268553756e-02 1.635998420659746100e-01 -8.989979463899346046e-02 4.538985129781822336e-02 1.728273598402145853e-02 1.875239300995165670e-02 1.396874999917037397e-02 2.953056049395663685e-02
-3.034780660625583867e-02 -1.023680755681271176e-01 -7.794087571188684782e-03 -1.259946148419549272e-01 9.959195136878741528e-02 2.250300202893490073e-02 8.038262263216532089e-02 1.876184473711633716e-01 -6.832658478775864574e-02 -1.490244946370154928e-02 1.487754139165383370e-02 1.475347954630148659e-02 6.415650809354571382e-02 2.421986159310554262e-02 -7.096367509889578429e-02 4.158444481039581114e-02 -5.609709078960667394e-02 1.164474821671234589e-02 -2.903897960393810734e-02 -6.132328466830631181e-02 3.675578522946715970e-02 5.346980789877526542e-03 1.483450554485335748e-01 -5.323702682108496370e-02 -1.020650851705815106e-02 1.034554661572511941e-01 -1.282865403611234967e-01 6.368995581954695930e-03 -4.679416866910821038e-02 5.877008262416748285e-02 -2.020012336630285996e-02 3.212792627914459048e-02 2.375846867835056803e-02 -1.120667571586700037e-02 3.666061110834409331e-02 -8.748406387992996303e-02 2.514343391151333158e-03 -4.340404670644216339e-02 1.101880313706088133e-01 4.213526215323334240e-02 3.014091574500631435e-02 -1.096147420800153705e-01 3.929650371838931677e-02 -3.948607946316899653e-02 -2.246142740584284800e-02 2.565063083016538847e-02 -4.130765192424811633e-02 8.221291353239322530e-02 -8.123052317397159994e-02 1.752715303819771947e-02 -4.996422311721748387e-04 7.974124611058389100e-02 2.361201076124465510e-03 -6.358695919855682221e-02 -9.781290884963567134e-02 1.127652620438499703e-01 2.698523369780359352e-02 -6.289963429819726837e-02 9.852983495010227133e-02 -4.221006106291874845e-03 6.435526093536698966e-02 1.479036022738696235e-02 2.086492800695795638e-02 -3.731196811603381541e-02 -4.442656014631871098e-02 8.478925929080884105e-02 -1.159108101528369319e-03 -4.257600921036607672e-02 -1.697362680653950739e-02 -9.922600102540255970e-03 3.226834015468674904e-02 -4.901107158337932035e-02 -4.953822180265404773e-02 8.687350984553872391e-02 -8.662930601739878000e-02 4.548240243433299829e-02 -8.974799172782867152e-02 6.450722141339802762e-02 9.751107645490314155e-03 -1.275218192127263242e-02 -4.226820267815155352e-02 6.988584264820464631e-02 -3.923940792620987661e-02 -1.181418120283902464e-03 4.067680775533203362e-03 -2.064231354376762709e-02 7.986755641351503399e-02 4.289787984794256326e-02 -1.540832831254239713e-02 3.245684809736791056e-03 -2.837952417091659657e-02 -4.766940009838300379e-02 -6.449433168092605362e-02 -3.051175143292125715e-03 3.783141708158768712e-02 4.108355795995630166e-02 8.116465644235029697e-03 4.796110138825483704e-02 -3.820766724664476088e-02 1.858497526077790285e-02 6.495803780340927980e-02 6.887870662026718271e-02 3.545350419575886425e-02 -2.532569033169854850e-02 -4.092705643003603788e-02 -2.657909522369476113e-02 -1.309874704937243339e-01 7.015623322496916670e-03 2.113737924227296339e-02 -5.585118598288521530e-02 6.099290429471255354e-02 5.793345042182977689e-03 2.977233862111146670e-02 -5.025078676966440727e-02 1.430137847759530706e-02 -9.999611901969297778e-02 1.328095123218160645e-02 -2.468177231637876806e-02 4.880474874046608624e-02 9.378171867524823235e-02 -3.781331580518484947e-02 4.025469473769914541e-02 4.722452232367710390e-02 9.735979583818832328e-03 4.991111346708716062e-02 -6.890247786904338256e-02 -1.852807606706540627e-03 -3.953759231275654623e-02 -1.312209073326255776e-02 -2.319233297862002829e-03 -8.727014951439437951e-02 7.343012011273199191e-02 -2.806848019655951154e-03 -1.678599344529960180e-02 -1.556403631716413161e-03 -7.510537832261254820e-02 -2.524728379902142772e-02 -5.244945736867579617e-02 7.098620155980521484e-02 5.024914813310608214e-02 3.176554262297878739e-02 5.775239212735829020e-02 1.129007102243957672e-02 -5.095852476290074068e-02
4.348980498208100398e-01 7.173622317113462210e-02 2.445452110169209908e-02 -7.999165302055076532e-02 -2.082887583570759427e-01 1.810090824661948483e-01 -2.797525212958351659e-02 1.625483366399722018e-01 1.669150964151037975e-01 -2.720634558787540791e-01 -2.413599406591867003e-01 2.488607007497395385e-04 1.656368925057388197e-01 3.658500314316250890e-01 -5.954784697667585280e-02 -4.613634323279192095e-02 -4.034400515411744603e-01 -1.585532023092359882e-02 -7.865770507979741311e-02 1.861336317450941746e-01 4.077891081957651931e-01 -1.807311949982079724e-01 -2.868332227250260380e-01 -2.548560249665219810e-02 2.576678335965889438e-02 -1.509144236044396847e-01 5.284141207044354971e-01 6.747494521787590627e-02 -2.517092795159052154e-01 2.101478260852688018e-01 -8.388249313371716476e-02 1.389663806071957108e-01 3.119883622158740044e-01 -1.453920400207859565e-01 -2.803376298794579280e-01 -7.505648144394458376e-02 -3.109449937817898579e-02 7.513766399051963196e-03 1.365139151246828331e-01 3.908994881147856981e-01 -1.952435104236355523e-01 3.749872194408952752e-02 -5.612214776555002338e-02 1.188084895035703137e-01 1.863158626391057393e-01 -7.911597905047232371e-02 -1.543282138743670706e-01 -1.582552935038980535e-01 8.009842182898392615e-02 -2.319110431939283568e-02 1.767334986564875546e-02 2.808881514863300136e-02 1.934868442531907928e-01 -1.294913597971530383e-01 -6.242327863569610558e-03 -7.706139396807792918e-02 2.680992266199742624e-01 4.960508206563991884e-02 -9.266896628090318111e-02 -1.843651807502962592e-01 1.010263645280898848e-01 -1.584701987250198840e-01 1.377211147977580041e-01 -1.654785262946297242e-01 -3.371305062204846270e-01 6.934728183834848458e-01 -1.150801476859516365e-01 6.247661078457282524e-02 2.029353067454262582e-01 -4.314479209782975944e-02 -1.963721376646233308e-01 2.187197247138256834e-02 1.044934735248376073e-01 2.906217508188713161e-02 -1.982123530060488775e-02 2.403724496415551859e-02 -1.668431914826631057e-01 9.224088947124052529e-02 4.080500171587395086e-01 9.613949805984296770e-02 1.035864429117879931e-01 -2.420835921023581638e-01 -2.279867186036050042e-01 2.083494310053881152e-02 4.883702457908913747e-02 -1.260665684404251377e-03 1.075773149622085978e-01 5.338318638011982364e-02 -3.909993668110460230e-01 1.660548133010485705e-01 -9.897283847691412673e-02 4.279050315571793495e-01 3.320919744053522638e-01 -2.046534835938339236e-01 -2.241644450751178463e-01 -3.968593655062487707e-02 4.787570166871446542e-02 2.277744234131709455e-02 6.135649729274374187e-02 -2.243026086542868891e-01 -3.702670265951067408e-01 8.047203963188853670e-02 -1.620531248951464220e-01 2.473241531387745662e-01 8.536796859111988045e-01 -1.132635671996510551e-01 -2.944166685622009449e-01 -3.484505013494735431e-02 -9.746260965000012877e-02 -1.332663601980448309e-01 9.707649402506576819e-02 -7.995352820416683215e-02 -2.416689645679778453e-01 2.287455507734213189e-01 -2.881233465538657890e-01 -4.106998559171186336e-02 3.269139918154825297e-01 4.422854661604998516e-01 -1.835517833080828887e-01 -2.286950190247349912e-02 -1.874809043589289320e-02 4.535790358903719899e-02 -3.973713795104116819e-02 -9.747632982788852207e-02 -1.770086353915349964e-01 1.116319522602875758e-01 -1.627171568713148553e-01 9.290521429292208921e-02 1.425812789871430675e-01 -5.430821717874026455e-02 3.059757858140336739e-01 -6.170780232797451470e-02 1.266950329814248433e-01 1.280842791277583825e-02 -7.346402024411140264e-02 -3.364885226066413049e-01 -4.744144722843877116e-01 1.521203732757970273e-01 -1.757855340485808548e-01 1.695857083753695149e-01 3.371355962214079849e-01 -4.720157591245686263e-02 -3.196712304824838591e-01 5.396569374647753881e-01
1.510396730772868394e-02 -3.441558906865317680e-02 1.427467651344610381e-03 7.360434596130896456e-02 2.718016534841557336e-02 -3.180987370362892835e-02 1.373092503646265901e-02 2.909847429707087749e-02 -6.032053266410954129e-02 3.144388657087768442e-03 -3.579833191556806848e-02 5.455460185412649987e-02 2.237267811187331965e-02 -1.859025177684459629e-01 2.304589711821528400e-02 4.904847040688599391e-02 1.014239085536196017e-01 1.172865090812986871e-01 9.223004031414751280e-02 -1.269636662503847435e-01 1.435158140102816282e-01 -1.676893670094261463e-02 3.059309338222780672e-02 -9.247380662483477287e-02 2.382908401614795002e-01 -2.578569205440571152e-02 2.490671301903123538e-02 1.079857287088226425e-01 7.458430171186548711e-03 8.222128647327649198e-02 -1.225584083769033078e-01 -1.627633595816515288e-01 -7.214425301335553042e-02 -3.032488352583411970e-02 4.995081322719888139e-02 4.153774397661102666e-03 1.493557020855741102e-01 -9.624298152542858087e-02 -1.548083614713608169e-01 8.443764212259492752e-02 -4.125403927628658275e-04 -9.952424424618863674e-02 -4.451524522859526961e-02 6.256736757756105327e-02 5.413766828894971128e-02 3.407353183473289804e-02 1.960081393824091717e-02 3.203132564154164558e-02 8.222760384437141634e-02 1.771356752071886753e-01 3.216631830728127611e-02 1.143844380153170338e-02 -9.506737058982357713e-02 5.794375889554045922e-03 -1.171215477352045981e-01 -7.391471946582892083e-02 -1.418064299385375648e-01 4.837644518452219843e-03 5.534541066626987721e-02 2.893024172797428045e-02 8.115417871453718679e-02 5.332114597287936075e-02 -9.660021053802890501e-03 2.051467410494360599e-02 -6.248986444079007024e-02 2.391973214082177349e-02 -7.836258868453568893e-02 -8.898159000562981535e-02 2.485720292997751005e-02 -9.702867045250297001e-03 1.461480475130190193e-01 -6.336997601535541980e-02 3.173206477655375890e-01 -3.128498497224500019e-01 -7.724623651197601304e-02 1.365841915790600436e-01 1.207426220678875645e-01 -2.532237119799631703e-02 -3.963070995996408746e-02 -8.222593566480276839e-02 6.318247363842842412e-02 2.258661163848962178e-02 -1.669549255011059524e-02 7.205874951983384791e-02 7.895340820113111446e-02 5.560133454924961333e-02 -7.341783719913644313e-02 3.325188247180682621e-02 4.280781314817174062e-03 -5.846268166139267919e-02 -9.898550914726364502e-02 2.641214340337863856e-02 -1.276222237245765515e-02 1.958036105151884573e-02 5.415617190058438779e-03 1.092503158915903751e-02 1.045369356881243467e-01 -6.788141326182269009e-02 -2.871069136840861610e-02 6.435626526137543102e-02 2.744483030691843503e-02 -4.059983331333321538e-02 1.781487834954599211e-02 -3.883665913313617130e-02 4.573221022535612496e-02 4.715614581831872182e-02 3.546752084892311474e-02 -5.967654235727317541e-02 2.790826631899861326e-02 -2.433543249771316641e-02 -5.009923442464573468e-02 1.755269275670916923e-02 -8.759149691381970526e-02 5.700688722481953366e-03 3.623082290772190739e-02 -2.192198690317441120e-02 4.333734269964204661e-02 4.270313497700850558e-03 1.091889425980814010e-01 -2.776625306624853906e-02 2.860536358693660519e-01 -2.025960681676515218e-01 -1.340802934441277516e-01 1.673279207833215376e-01 9.008649123554425542e-02 -1.478284359433762463e-01 -1.344068010957055193e-01 7.171508929300089707e-02 -2.178078599470236604e-02 8.758782647592167070e-03 -3.199228538350235018e-02 1.460153225592595305e-01 1.382530386526492905e-01 -2.298728528709540475e-01 5.946148012902996438e-03 5.142315450392512255e-02 1.138533968825903159e-01 2.292858769096479954e-02 4.801283680182792668e-02 -7.796991291700589022e-02 9.848137735194595344e-02 9.981877493746058039e-03 2.399498440668036692e-02 -3.596789507033500838e-02
-5.636897725830193048e-05 1.098384642998275068e-01 -5.257822581926324679e-02 -5.382885885404352366e-02 -4.681563103369901918e-02 -3.788999328679144851e-02 1.437450511047209112e-01 -9.309801844067344678e-02 -5.990149269289994118e-03 6.165607517335151139e-02 3.754177529395578278e-02 -2.902376104013476565e-02 -4.039389448417834289e-02 -2.590884980614000660e-02 5.030225132414910781e-03 1.313409694398306841e-02 -1.340745063840140423e-02 -1.029209043428685882e-01 7.367542123575199046e-03 -1.105999318410206544e-01 6.142518420684346669e-02 1.161197419983757556e-01 2.656317868212756950e-02 8.519506724968563260e-02 1.640960085697017526e-02 -6.515097498159455602e-02 -2.789296322319551741e-02 6.834547473001297002e-02 -6.479482960807171621e-02 2.042501642151857682e-03 -4.169449912541584036e-02 1.227287029782501981e-01 4.195872791137133379e-02 -1.575436988097145274e-03 -7.173735536612436958e-02 -9.991814394796530441e-03 8.786370431639128897e-02 1.047643165015552519e-01 1.893059655019359577e-01 -7.705311309994931912e-02 -1.463257752346433793e-01 -1.973722172690572929e-02 -1.409110314082680053e-02 6.535830792524720267e-02 -6.317671558045234725e-02 1.247708693975075646e-02 -7.505288644557220334e-02 -7.910175087608292688e-02 2.727194616919389331e-02 -1.133238793154499741e-01 5.707717856731232137e-02 -2.820291902936050525e-03 9.296791988849165524e-04 6.814883871564203499e-02 -1.297128554705905858e-02 1.494307952716182955e-02 -6.691542760531847545e-02 1.009354818130624304e-01 3.783752110031548405e-02 -1.113645587240245927e-01 -2.335452064575780154e-02 2.126094815283017386e-02 -3.513650852583704437e-02 5.515581633089700758e-02 8.069664033232139266e-02 -2.800387794135151837e-03 -2.285796697578531059e-02 -2.698789748190074528e-02 -1.361176632035965804e-02 -7.722047095717100851e-02 2.154781939396222326e-02 8.222310764828173746e-02 -1.399339145616316504e-01 -2.777642063964511771e-02 -8.309441551117380254e-02 6.585564902229171062e-03 7.641310836634900017e-02 1.808662438599117558e-02 4.411061213380240015e-02 4.501059445836842060e-02 5.424271386194413902e-02 1.849520988562517246e-02 1.412268713567992398e-02 -2.192722449693474893e-02 1.032737138515976878e-02 6.786844599609173287e-03 -2.460342898546693385e-02 -3.828860384122411559e-02 1.949690566078915097e-02 -2.297884725299298783e-02 -1.859763951829562431e-02 2.442617263871583663e-02 4.169169623503152927e-02 -3.180515422201608128e-02 5.666786872568287635e-03 2.006023442093739229e-02 4.922428911529164175e-02 -5.272952869238156648e-02 1.512327402821456168e-02 1.822618149191465586e-02 6.106721942378456891e-02 1.273673551820608818e-02 -5.595566023532816402e-02 -3.105499902301794846e-02 3.027745036001616707e-02 -7.098820888676110608e-03 2.122844515068722515e-03 1.114205391779071741e-02 9.367291962072643585e-03 5.356130691774930314e-02 1.253889770557847783e-02 6.054361452640572017e-02 2.519563134767544010e-02 -4.602291530368474159e-02 -1.104456068040895189e-01 3.760841405581361041e-02 6.450929536568134059e-02 -6.245379098673381479e-02 -6.573800836836191097e-02 3.182730483624204854e-02 -5.139401570861418245e-02 9.265687564380115093e-02 1.289520878835564988e-02 -5.446271983395165051e-02 -2.389061384143154054e-02 -2.717439009128108651e-02 8.820376678801092329e-02 -2.567836134293000061e-02 -4.292509199828548755e-02 5.321015312389959506e-03 3.735051342414769104e-02 3.064902194742741975e-02 1.043013553723579623e-01 -3.387041551194765882e-02 -4.035668792476965194e-03 2.676061780305105664e-04 3.621705576244238500e-02 7.776947424605462622e-02 1.841036506473631151e-02 2.553659652647177758e-02 -1.060590788616711105e-01 -8.217275329797446570e-02 4.971637111731119774e-02 4.243717516344391871e-03
3.359411746033743040e-01 2.011641054430366587e-02 -1.797577901977204240e-02 -8.461997700854086146e-02 -9.824714304378692753e-02 7.470239144595414160e-02 -1.674279375394071012e-01 -1.225298871393468436e-01 2.266801479563162330e-02 6.579018155416055391e-02 4.868980537182945184e-02 -2.990957976008470562e-02 9.984454129003203504e-02 3.537644363409629955e-01 -6.814240010129739289e-02 -3.381721320462723057e-02 7.142772180562582951e-02 4.684006746183334846e-02 8.259239155370551311e-02 -6.811622998092915771e-02 -1.085811038710662174e-01 -8.625049399003309469e-02 -3.577397329724060077e-02 -8.077419985373268663e-02 -1.859268275058239273e-01 -3.426038597694316956e-02 3.389903798961897419e-01 -1.597755380053123703e-02 -1.578083082392731651e-01 -1.056520864823057154e-01 8.952946000512027047e-02 8.457587345504148646e-02 3.591034076815901449e-02 -1.817735578658655204e-02 -3.749601304043816141e-03 9.806788747620311109e-02 -7.799773984749411304e-02 -2.663903845162540751e-02 -4.100775552536750634e-02 4.628242618166388267e-01 -4.972230945762626253e-02 -7.018709156745375766e-02 1.228546540084307637e-02 -4.596655323285861461e-02 7.642214221455392864e-02 -7.768549974163289906e-02 -5.651308915176626868e-02 -1.160895591404248195e-01 -2.314314151162687877e-02 -1.047509352162617757e-02 2.554597615211840617e-02 -5.579059589046680978e-02 3.927022028754576510e-01 7.600969351306505195e-02 5.812091182115718124e-02 -6.882611898466133027e-02 -8.062017426175832613e-02 -1.131247393784602304e-02 -1.068115380073560716e-01 -1.598176486360868009e-02 1.253202767596915401e-01 -3.812103882187355824e-02 1.933565720239241448e-03 -7.296065561901338148e-02 7.984572449189583643e-02 3.708967659199587374e-01 9.525268179084199482e-02 -2.244431514018801199e-01 -6.497009233923448090e-02 -2.225187754872898216e-02 -1.033031907717960746e-01 -2.063744544904104472e-02 -2.631318377633564132e-01 5.472621969153354526e-02 3.105097442144889863e-02 1.380114110929956880e-02 6.722742157765407289e-02 7.998222117923159402e-02 4.123254183610489676e-01 4.093202448951674399e-02 2.851972684697023225e-02 -1.796907985509988981e-01 -3.937415162441501582e-02 -1.613712643176598571e-02 -5.730510529477043924e-02 9.902727320716637333e-03 2.004999717600347009e-01 2.495556220304586889e-02 -7.999361768877728818e-02 -2.147051641654269261e-01 -4.027455129253555699e-02 1.857879865214364656e-01 5.487355327439038741e-03 7.968362156791063133e-02 -1.269906841980568968e-01 3.733461273419350079e-02 -1.047479787213428659e-01 -1.628029924299233960e-03 -5.155388800667667915e-02 4.898079820093329678e-02 -6.544533734846688655e-02 3.256127752319241953e-02 1.682006463498667004e-02 4.232366612376736725e-02 3.167800646979971879e-01 -1.352261996080685313e-01 1.019930714663793980e-01 -7.259811954443352866e-02 1.438888929065482436e-01 -5.903329560967834899e-02 1.888294441080697328e-01 -1.085995325470019007e-01 1.011215756794812543e-01 -8.908792045328947640e-03 -7.870483727109514605e-02 -1.068774065665833023e-01 -1.885199559853824591e-01 4.067908814082125679e-01 -1.593857444178568561e-01 -8.776942239882953856e-02 -9.374864176899577739e-02 2.592034919531974874e-02 -7.528733709702389865e-02 -2.648827070068196163e-02 -2.338677537668026607e-01 -8.354302228352525339e-03 -6.924355619315381016e-02 -2.906734978457377327e-02 1.858672015584368342e-01 -5.476809130727643138e-02 5.197121271456400793e-01 -2.408497983314882018e-02 5.499883867755175210e-02 -1.989310417712499002e-02 1.692356820595513067e-01 -2.025158324025774781e-01 -4.863950543686699352e-02 -1.074036757189029967e-02 6.420838943099670126e-02 -4.902300608951897648e-02 -1.545845617131049732e-01 -6.638982257249298469e-02 -1.329796874571574639e-01 5.247742482999979696e-01
-2.131033625687515087e-01 -1.334509238269199205e-01 -7.849160608164312825e-02 -2.857076273840559733e-01 -9.461022634726660996e-02 4.728804765392321530e-01 9.755977601524321030e-02 2.830385918765827014e-01 1.193681660056075677e-01 -1.813966421922283967e-01 1.185351207985669425e-01 6.002420613567865416e-03 -2.367562622084432022e-01 -1.669776466307905105e-01 -9.931188453967940144e-02 -4.129338630544927002e-01 7.051486599449985349e-02 5.414620889913984714e-01 6.882561274725808309e-02 3.321301301179561127e-01 1.325704120776879935e-01 -1.131372993019955087e-01 1.923562923566722871e-01 -1.160648606440948527e-01 -2.427347736541497214e-01 -2.528358903077190245e-01 -1.730008583525874666e-01 -3.285125368010923808e-01 -8.808988345271695497e-02 5.820556107032319737e-01 9.958394471793384495e-02 3.173193265156186160e-01 2.244392854968057516e-01 -1.738674435818758357e-01 2.170805554787967884e-01 -5.291377300858864791e-02 -2.843190791745620061e-01 -2.332578300634878254e-01 -8.816662854954727957e-02 -3.354717474050417647e-01 3.667886053430296361e-02 5.492880310821001144e-01 1.858163429171512393e-01 3.273300607546349439e-01 -1.896357297981256934e-02 -3.230627828488227826e-02 1.634345008806523114e-01 -1.057108226784306410e-01 -3.883434032842082440e-01 -2.064051831082568678e-01 -1.304986943865195370e-01 -5.485217526441629188e-01 -6.139674806323624362e-02 7.454545230239828513e-01 2.499292098152872954e-01 5.018013807520563807e-01 7.231669959568777506e-02 -2.144008863747941529e-01 2.740632470842453983e-01 -7.234758780550074042e-02 -1.480744026306981820e-01 -4.009240131354788184e-02 -9.631603958557355405e-02 -2.187215406043037103e-01 -1.478665531237887409e-01 4.444813878281690944e-01 4.574695962705770287e-03 2.228447302176437550e-01 -5.257838777391151373e-03 -1.468024888687631535e-01 1.994824154407873473e-01 -1.580023359176962322e-02 -2.909051664915578428e-01 -1.938013973098260678e-01 -1.259938071954804506e-01 -5.316829753563840910e-01 1.684376841795282367e-02 7.395775467316537677e-01 4.391699136894545302e-02 4.246614311055563751e-01 1.647699518362035487e-01 -1.841451946724498856e-01 2.925711805057158998e-01 -1.550798278990372647e-01 -2.730501173281144056e-01 -1.912588563196266911e-01 -1.615191708051500474e-01 -4.510371918800529234e-01 -1.039396140778720140e-01 7.561484027876461678e-01 9.493835131926567361e-02 4.113292039513266607e-01 1.949734448743020154e-01 -3.157959247081826848e-01 2.288235120445612780e-01 -2.133255644574958559e-02 -2.934874721715374779e-01 -9.221439500624839525e-02 -1.885250387163956987e-01 -4.137978780470064066e-01 -1.508890092967227758e-01 7.137305826358464333e-01 1.412661451004675328e-01 3.742706660456271983e-01 3.159491542025261168e-02 -2.447215279944545685e-01 2.891974897472779915e-01 -2.971279154070494144e-02 -2.979526523749629341e-01 -1.298709831723448005e-01 -4.378119309809758164e-02 -3.214375586315632027e-01 -8.671600067260065714e-02 4.503314690177218083e-01 2.541439980946900157e-01 3.424148954931676148e-01 -3.888987208070782131e-02 -1.299989738753497548e-01 1.331167248955500426e-01 2.152721743070351579e-03 -2.899696754681817534e-01 -2.014466737631899207e-01 -1.426512309460186145e-01 -3.692923676666279853e-01 -1.346086075731172116e-01 7.120000102023962274e-01 4.556111224418479821e-02 4.066263350273877641e-01 1.965116780155691245e-01 -2.777659008213051450e-01 2.609560837767679331e-01 -9.116165544951293498e-02 -2.630910864175954877e-01 -1.928522477079459563e-01 -1.737779561061678635e-01 -3.484699394314394461e-01 -2.065087614343497080e-02 5.855991699225606695e-01 9.804979613782549563e-02 4.097426413939078138e-01 1.478247634216680595e-01 -1.861246087304868624e-01 2.009326513287235105e-01 -9.253065485711076121e-02
-2.045266927972191548e-02 -6.580173854948137557e-02 4.847114095494687441e-02 -3.595622156605668353e-04 2.885094804230338428e-02 -3.095197445393135099e-02 5.056958529344617731e-02 -9.793230916090668592e-03 3.912689035989454727e-05 -2.171503953923357641e-02 4.907998418767747090e-02 -1.372246399435169892e-02 8.387810395546651740e-03 -3.576132740743249994e-02 2.291862793842346438e-02 4.668937800045048353e-02 5.181623453531008366e-02 3.223192242301631608e-03 -6.245287702308315730e-02 5.030948752233006804e-02 1.788060570995246915e-02 -1.872063360278940214e-02 -7.027352156050426651e-03 -2.838622941526114732e-02 6.712921324815107615e-02 5.335303679269626231e-02 3.849137030786186405e-03 -6.269684422451504702e-02 1.104083270218939039e-02 2.728892484468850577e-02 -6.653538216918673635e-03 -4.449153965677287575e-02 2.742931411742527761e-02 -5.225793884052355731e-02 -4.478777449441602443e-02 4.885268036275658421e-02 3.470756396473839711e-02 1.441469296056515845e-02 2.835905440155680329e-02 -1.482804711036184685e-02 -1.571619310120941221e-02 4.528902533576083071e-03 -7.844050255733548034e-04 -1.872828388542443698e-02 6.959507517745906757e-02 -4.277120303631497950e-02 9.454241262585018346e-03 -2.951118718827638182e-02 3.097608203107109215e-03 4.590877603590734490e-02 -1.636232189142903734e-02 -2.680757431753131442e-02 -3.049153762404606654e-03 -4.922501704191458750e-03 4.498159144594369996e-02 1.312583762425507256e-02 6.247087330195755239e-02 -1.057239583590509624e-01 -6.973103619696054481e-03 2.618144969331600083e-02 2.069040281625057071e-02 6.251939850165799673e-02 4.348848327228022059e-02 -4.180307375875590148e-02 2.241503097480116238e-02 1.320373695216246583e-02 2.640727950433189794e-02 -3.577435229734725504e-03 -3.514031929465083470e-02 -1.767313239349945419e-03 -7.561626185030170810e-02 -1.320116561579990321e-02 5.166631744759215411e-02 1.215622783927448186e-02 -1.005326530261693371e-02 2.298997266496794964e-02 -2.238061634160531249e-02 -4.097471247536959432e-02 -1.951533479439491667e-02 -2.594058311311536053e-02 4.173037632251347384e-02 4.932882531356303640e-02 -2.398089725020666890e-02 -7.011728075192597866e-03 2.409065336910817812e-02 -2.550319021461605953e-02 -3.409488400926494189e-02 5.398367089343669017e-02 -2.942363857530237714e-02 2.256276898495735914e-03 -4.189033070548375121e-02 3.830846445898414276e-03 1.876618641297167142e-02 5.065022959399816116e-02 1.853385158914079567e-02 -2.252613825761632868e-02 -3.869952525572583485e-02 8.008614178113172832e-02 -9.315700677871416313e-02 2.061241168010920222e-02 -5.358667708219760906e-02 3.989507971351835547e-02 3.714711389375639078e-02 5.255917772364730733e-02 -1.480043155874030160e-02 1.395591677965436761e-02 -2.911990608614681980e-02 -6.618955163753950655e-03 8.373371839179265252e-03 1.677371436849853237e-02 -2.034101133119692317e-02 1.604113407391670465e-02 4.991928433425028150e-02 -2.649105583841979833e-02 2.913318810011619048e-02 1.737171710631883748e-02 1.915372924342283872e-02 -4.121939947809580979e-02 -3.250939919705912728e-02 2.043900577530872315e-02 -3.637763759145622167e-02 -2.681757485850456979e-02 -1.234277254244476804e-02 -1.788599388003377089e-02 -1.102331074506748138e-02 9.075077338679359007e-02 -3.168867137655093785e-02 3.023902386434086653e-02 5.440773707143575777e-03 4.558048174232830901e-02 -3.418936108330050683e-03 6.382958726833753982e-03 -9.958793531339060062e-03 -3.733175124067046602e-02 -1.235665824692607981e-02 6.333518018669714866e-02 8.808446560828342431e-02 -5.469319926629842565e-02 4.692398971408635183e-02 -2.749813183148736018e-02 -1.377120925507705484e-01 1.943290994601599986e-02 7.662392636578609084e-02 -4.803074331578719575e-02
2.287036068290411173e-01 3.313803923496400072e-02 1.866936851968744454e-02 -1.751246884969476780e-01 -8.949871736485220941e-02 -1.804573609615481855e-01 -9.861946461731277425e-02 1.811456467670383708e-01 -1.758861307348555392e-01 2.476406386180485253e-02 1.914832763237085955e-01 1.676188831197391593e-01 -3.942610489768202942e-01 4.541073514644611286e-01 2.366155710468040574e-01 1.124357335453987639e-01 -1.787253379118330932e-01 -1.650137737266567095e-01 -1.587444510399045605e-01 2.365133268937544275e-01 -2.916085120592776248e-01 -1.215112414032659405e-01 9.702018683313129443e-02 2.608323592183309225e-01 -4.907154546962925190e-01 1.006391726376450885e-01 7.968844695514013532e-01 6.849710446879864190e-02 -1.664657366267257299e-01 -1.719544260046758088e-01 -1.770668292234728880e-01 1.383830301464574752e-01 -1.727521915731700386e-01 -2.055769015393711097e-01 1.255241073394076368e-01 2.011233683403610972e-01 -4.246029655457626006e-01 9.346392429539057689e-02 2.204234818505511617e-01 6.482085723559958268e-01 -2.335319114839097265e-01 -1.096661349916535633e-01 -1.910166841181207831e-01 6.648519536462611790e-02 -1.181500186477224545e-02 -2.091946226339052028e-01 7.003162115432820523e-02 1.856772271426173626e-01 -1.642177592816940757e-01 -7.767572041492719348e-03 1.473310083970801321e-01 -3.303388815919067190e-02 3.016512864171511099e-01 -3.339161278068080579e-02 -4.458092745230052278e-02 3.511571987396373828e-02 -2.062576734063100575e-02 -1.645270687414109034e-02 -2.724608183411238171e-02 -7.900995258297294210e-03 -4.294068633514744882e-01 7.429104949322232199e-02 2.145103080689375608e-01 7.710667011688698835e-02 -1.203306199091233181e-01 2.749597791925313395e-01 -7.304324965970701578e-02 1.145695426175551146e-01 -1.006895210251018691e-02 -1.354659147296140009e-01 8.257979390852393520e-02 -7.643078483079449037e-03 -3.953313840361865616e-01 4.006610893281070673e-02 1.477613575210799945e-01 -5.466155959384651208e-02 -1.893524158919177580e-01 -9.927416716806591879e-02 4.458259410992049809e-01 5.192365916288091410e-02 4.164742951537778182e-03 -1.405496196573460810e-01 2.717962525649452177e-01 -4.465344870883157513e-02 -1.364341678778923650e-01 1.147858770708760079e-01 8.366527505666443432e-02 -1.464686766665808382e-01 -1.882293772558344402e-01 -4.135591690588585889e-02 -3.456379973956508200e-02 5.967019760705599696e-01 -1.608867580295980926e-01 -1.094134877361900016e-01 1.391265726576511874e-01 5.773245608177031418e-02 -2.179181427469201182e-01 -9.703661128936666436e-02 6.701655500870438986e-02 1.230083719601796632e-01 -1.248241419845846495e-01 5.273953821836308703e-02 5.762427146518492305e-02 -1.665580340796090492e-02 3.968237573826181031e-01 -1.735885117281962264e-01 1.023251848476700449e-01 -2.453779875125238624e-02 -2.511911816463328062e-01 8.009944390027050332e-02 1.390827812108996753e-01 1.006890828508476277e-02 -1.314261413822465085e-02 -9.951222618912748674e-02 -8.381530826293634440e-02 -7.276315075088010675e-03 -1.458759586045003109e-01 2.206815023046750091e-01 1.135682919514257316e-01 9.094007568237495731e-02 -3.153926390480023545e-01 7.993640705875894314e-02 2.212659675358937261e-01 -5.832676196494823717e-02 -3.430792751941590391e-01 -1.501174351143361174e-01 -7.189347116181732389e-02 1.575503226336745222e-01 -1.185604357851945956e-01 -1.477528996405163553e-01 6.583442650742257207e-01 1.687420809715611814e-01 -3.172719385957764038e-01 1.887810900485636378e-01 3.255428769358125196e-01 1.533855774344994316e-01 -2.415616082772131523e-01 -2.317513188939124835e-01 -1.923986980637625299e-01 7.672553412028096376e-02 -1.738533322460224795e-01 -1.298998916920814095e-01 2.055155293017132956e-01 4.289224382570517302e-01
3.465622029565273293e-02 -4.120028414681227262e-03 -9.144420064545620910e-03 -7.444634822665062435e-02 6.863221340306793761e-02 1.120226019458414444e-04 -4.313318043440973054e-02 -1.644031415931446194e-01 3.078959539493406408e-02 1.662785759410045873e-03 1.759499490417225365e-01 -1.074483089396217027e-02 1.785188652588672042e-01 -1.842827286768554118e-01 1.384426275529383465e-01 -9.150520330844211236e-02 -1.512955944155335297e-01 4.563596246909239901e-02 -1.750979087367927622e-01 -1.664937828962315680e-01 2.502011935377749796e-01 9.481031197675153510e-02 3.138929105833517669e-02 7.447754202609739582e-02 8.315459051986458239e-02 -4.987835728735752483e-02 1.184294495055677326e-02 -9.701675128863408715e-02 1.531622696295438790e-01 -2.016294910015409281e-02 -6.856745430519688156e-02 -2.406549187133336098e-01 1.539173087693072595e-01 6.652903527909250977e-03 6.111157254434067959e-02 1.162403783995999140e-01 4.659100627880594092e-02 -6.110754379701412858e-02 4.154257835873871596e-02 -8.201495623759995357e-02 -2.294257185880482081e-02 5.823734811146002999e-02 -2.184634140525153548e-02 -1.092730184399088172e-01 6.879643970781675055e-02 9.358898627855462976e-03 4.268936391886725412e-02 4.591316806686707858e-02 9.250517929978165077e-02 -9.351058952764430832e-02 7.177694587781691116e-02 -1.086072343154990440e-02 -1.747342851647498002e-02 -5.812905945523502531e-03 -6.492306854051428655e-02 -1.155238804481970583e-01 1.080854098667499708e-01 3.255832801188345005e-02 1.568343757932985985e-02 2.169193607057724044e-02 -1.218000777942096144e-02 -3.448423514500832936e-03 3.805703299139684415e-02 -5.506953241064902610e-02 -1.696585826280140250e-02 -4.154757597763238108e-02 -8.028902272200201529e-02 -7.801569625707596711e-02 1.492759465326224388e-01 7.429491419032781263e-02 1.096293634294483871e-01 -5.390016404636319841e-02 -5.363413046761095204e-02 6.397458583854892522e-02 7.426320012742908261e-02 -9.836479052427025971e-02 -3.195814671322085715e-02 -5.192205139889264492e-02 -1.607058379083437794e-01 -7.479408658828404222e-02 3.079422527382656982e-01 6.442416735182135423e-02 9.299603213409174396e-02 -7.733348339755206913e-02 -1.350919779939885323e-01 1.185066163551913160e-01 -7.780259088209952323e-02 -1.198463828237470719e-01 2.138419840077629697e-01 -1.235142916650161377e-01 -1.446514829847563022e-01 -4.956873844645221655e-02 1.938717909277766493e-01 9.151751911873907963e-02 1.146164585270281755e-01 5.413812931202942325e-02 1.629591860721741892e-01 -2.142591981170740012e-01 1.471185641249587173e-01 -3.764014476726284392e-02 -1.512369902197023830e-01 4.977947138566159169e-02 -2.717281368707387401e-02 -1.055892698509462851e-01 1.037512884046356276e-01 6.509001284629029049e-02 -3.892630456002355022e-02 6.186384342877717518e-02 2.593576826145169156e-02 -2.309279372685588139e-03 2.476099717476758222e-02 -9.770437043017669854e-02 9.713832078522416369e-02 -1.918781401284716526e-02 -7.323732530295432031e-02 -2.276652444460904590e-01 1.112208606523207299e-01 5.108266936450694962e-03 2.191912851492508196e-01 -4.322019161617623312e-02 2.012440334989898660e-01 -2.408790064131239306e-01 2.005156408931809686e-01 -1.567195295244173600e-02 -2.250760946953031805e-01 6.565554282407659592e-02 -4.388013992753972414e-02 -1.029700080354410546e-01 1.377172011658640838e-01 5.454771618534842020e-02 -6.166333579453027458e-02 2.413225146957424794e-02 -6.880539659521377194e-02 1.215672867521098016e-01 -8.281978511292628631e-02 -5.403189541571473686e-02 8.711580426366963281e-02 -6.429892149744816099e-02 -1.055027014543697961e-01 -6.064346726565866819e-02 1.109283181722520578e-01 4.554818175149846771e-02 1.378045603607987446e-01 -2.171963803528218634e-02
1.594554714323637157e-02 1.816193844627563654e-03 -2.027588191552913421e-02 -9.163467520157305909e-03 -2.636956311374964376e-02 4.531202314326616271e-02 3.478210340522313454e-02 2.382225289280208436e-02 -1.049046606888602746e-02 -5.907310827889907662e-02 -3.363015066849792817e-02 3.217033083092276508e-02 2.763747757295825780e-02 -4.045948237589747087e-02 -9.109716191549729891e-02 -1.406993746039690921e-02 -1.560064724847920123e-02 8.804079812148714324e-02 6.682056268964861601e-02 -4.570734952584121907e-02 3.289329372592866840e-02 -1.880039348912647748e-02 -4.201635276976369709e-02 4.928244441998668596e-02 5.411136090025536749e-02 2.319244284982523163e-02 2.480430189231085450e-02 -2.195834281414398015e-02 3.872032126827352084e-03 4.092863670207350091e-03 -7.072572906748036958e-02 2.160505597538981467e-03 -5.515929850721264238e-02 1.052432651482592268e-01 8.161153189484460224e-02 -9.871999930242801591e-02 1.815095760851337392e-02 -8.139587939299194885e-02 3.945678176921728342e-02 1.574370991230072611e-02 -5.333212018553925432e-02 5.801038633533428523e-02 -1.406536030923427882e-01 -4.819152788400543619e-02 1.713605938712255139e-02 -1.749068694358175274e-02 1.493050803618385936e-01 5.148307037591164093e-02 -3.074536866603760910e-02 6.860786321684377020e-02 -5.367407848913301888e-02 6.861614136195215430e-02 -7.661825507040779734e-03 -6.858805549754966313e-02 5.998224060289655823e-02 1.303271079386725088e-02 1.977503776950750077e-03 -3.641373386325615774e-02 -7.560593589478453724e-02 4.524343428575593185e-02 2.176804286748646247e-02 -5.947948880451935094e-03 3.416989164312796493e-03 4.489570541409242804e-02 -2.559820574905874099e-02 3.458300057378633618e-03 3.810034216267389751e-02 1.278628634922282688e-02 3.058620982162061491e-02 1.096840439677838723e-02 -5.341630406404355297e-02 -6.213579125784091800e-02 -4.292555960466556270e-02 1.089627143542777447e-02 8.786783024501382267e-02 1.669530934237069275e-02 5.974117467597105796e-02 -9.411342097699479381e-02 -9.730790209633430332e-02 1.110953570143325200e-02 1.865891364920057444e-02 7.939366217100005119e-02 6.420047324805448069e-03 -4.851610808303843947e-02 1.049063295384872370e-02 2.462842568459738118e-02 -4.922181932018657169e-02 3.065336420323158673e-02 8.739135380344249891e-04 -2.790360946419918539e-03 -1.375996086189639617e-02 -4.403647747581249799e-02 -3.994844359785561239e-02 4.428848690488386419e-02 1.537049636872879488e-02 4.911429303555468057e-02 -8.646599596291909551e-03 4.891688171865837820e-02 1.048668375515229567e-01 -7.037330216388171245e-02 6.885040687538965254e-03 -5.871486575022821786e-02 -7.618943311505549376e-02 8.343030612990035011e-02 -2.033920113367641141e-02 -5.538765907722170700e-02 5.620928157243734735e-02 -2.804479340899643236e-02 -9.013516035949228900e-03 1.976760047322909108e-02 -1.153218580080852262e-01 1.686811238991226536e-01 -3.507017315958357861e-02 -6.516279630929780464e-03 1.006590451886240078e-01 -1.187835058564459256e-01 1.201296680942266076e-02 2.596039361879154406e-02 -1.022857305869904754e-01 8.939331457868154862e-02 -1.883731779259886774e-02 -1.675359799999714960e-02 1.389592869604432401e-01 -9.217787024354556769e-02 3.390885521507983058e-02 -3.533374834716829227e-03 -5.859857500665505148e-02 2.601499813792917948e-02 5.079720133652536329e-03 -1.904994689833749977e-02 7.088350221344844049e-02 -7.510455904768896518e-02 8.450022954770516903e-02 1.846436893594757822e-02 -5.210505024563598375e-03 -1.375859170559709521e-02 -1.602721976556824302e-02 7.189817737839740430e-02 1.379315086154402070e-02 8.030001316303828074e-02 -4.327383906926055013e-02 5.042644792171752099e-02 -1.106192403119878043e-01 -7.293291789803553471e-02
3.244486894494346130e-01 -3.009914355318846768e-01 -2.740298878407962935e-01 -2.864609586197803259e-01 3.113293908141410160e-01 -2.508489739846133659e-01 4.621294516112460227e-01 -8.268102003645064202e-02 4.026266914760963100e-01 -3.606685445810879909e-01 -1.591251224193758751e-01 6.246203687899396506e-01 -3.304120928577033989e-01 2.438000628082730437e-01 -2.807267557135890712e-01 -2.327799213360581265e-01 2.423806937349989865e-02 -3.627743957565766619e-01 4.506053759408099602e-01 2.512930657771972331e-03 5.288563676976321126e-01 -1.968189846150411870e-01 8.866070870636474921e-02 4.789785478685740783e-01 -2.369757364833740554e-01 -1.474241219612156262e-01 -4.971047294615554835e-02 -3.408904160787792348e-01 9.089956894216072447e-02 -3.320212921406839879e-01 4.704223369599844218e-01 -2.126888759671630158e-02 3.399989613409143407e-01 -1.146953715873725022e-01 1.143680000854813833e-01 6.774019877269756851e-01 -3.467660516577589780e-01 -2.849189386820617509e-01 -5.180909414313830119e-01 3.894584018929775349e-02 3.541091157814988954e-01 -2.362425408774419533e-01 5.009183357327494646e-01 1.147970925420158106e-01 3.802416654177287469e-01 -2.218675610635748585e-01 2.297380361288607620e-02 5.458238199990743666e-01 -2.956444894449803407e-01 -3.946509999684478798e-01 -7.116501235624175248e-01 -2.370661143471259891e-01 8.020055063389266437e-01 -4.324097887701227050e-01 6.736748273303950763e-01 -2.758078110298321783e-02 4.740082470222380939e-01 -3.998606467072459703e-01 2.395062682866280213e-01 6.573369472455414808e-01 -3.451227988018681359e-01 -1.698327818211699536e-01 -4.735692865682425978e-01 -2.172017194266958051e-01 5.699514990806603398e-02 1.762758444199171715e-01 4.337017503560822718e-01 1.801496909663814483e-01 3.661974290699732126e-01 -8.362085806025157386e-02 1.272863628228570465e-01 3.719281453176357388e-01 -4.355641572773958359e-01 -2.638376393338257575e-01 -5.077689218596311838e-01 -3.191400072623176154e-01 2.732156371438348441e-01 -3.782933844383265520e-01 9.448269625631282587e-01 3.918700986846357370e-02 4.986506851113023941e-01 -2.757119832843930030e-01 1.820249945032347272e-01 6.375132700858379131e-01 -4.443221764537996776e-01 -2.957121734472458741e-01 -5.865391435660909369e-01 -3.646548364719589541e-01 2.629922158414710331e-01 -2.093002610471871860e-01 6.111755491034698284e-01 5.603626698204008383e-01 3.790477627809724637e-01 -2.497546929311430519e-01 2.358200374265567723e-02 7.687870803383325402e-01 -2.683210680628783096e-01 -1.284013805565672739e-01 -5.198763910477870454e-01 -2.959845316052145958e-01 7.969073939004811535e-02 -3.095871862312051248e-01 7.131513800451624308e-01 -5.057773745089605422e-02 1.007624578417670058e+00 -2.365804920569766490e-01 6.054892988930031528e-02 4.955823069846120310e-01 -3.785455514358696538e-01 -2.217377719427533478e-01 -2.161697541433795777e-01 -2.050403707108988116e-01 9.405123159407641209e-02 -1.794963405428148251e-01 3.914982874948273461e-01 5.449829607806207926e-02 3.488764496794307113e-01 2.555499230855688420e-01 2.556244130957803506e-02 4.695801382109624500e-01 -4.965482194615148392e-01 -2.643981345185310028e-01 -5.636907152931459608e-01 -3.703793355022043654e-01 3.255871906416124006e-01 -3.267985810753810672e-01 6.110906508292039963e-01 1.493401389509416144e-02 4.279236714555448851e-01 -2.647333208876199717e-01 6.213316290126796870e-01 6.792999376565215242e-01 -2.781767007114048229e-01 -2.276673747885544774e-01 -3.359836441461338530e-01 -3.683176757180440797e-01 1.589573651218456618e-01 -3.167336600755080167e-01 5.193167122995973051e-01 1.243187366386313414e-01 3.891987973315060301e-01 -2.153351653548008504e-01 -7.373896641105784355e-03 1.052721734090005024e+00
-5.196404513751048254e-02 -2.435728936485215823e-01 7.729644555230406888e-02 3.657781186969750326e-02 -1.784699467186472155e-02 -5.778598593236149855e-02 5.149510741459698004e-02 -1.458417827381567333e-01 1.408576867569754365e-01 5.184082733423150957e-02 -1.891004914366497050e-02 1.394850364435362422e-01 -6.580219613969930104e-02 -1.975526731794284285e-01 7.572463665062248439e-02 4.164721586212563609e-02 2.108661897862293758e-02 2.344387153290266451e-02 4.390397550433025597e-02 4.017942864715980805e-02 3.564742980968944614e-03 3.693146135065122904e-02 -5.898800326309096287e-02 7.204478737572322933e-03 1.505590339235937138e-02 2.799832479764235993e-02 1.837098507211077508e-02 -4.262804052664541377e-03 6.695571481770615230e-02 3.935249869708878218e-02 -9.242301093829109748e-02 -5.237710937719082527e-02 -4.455110782968376565e-02 5.099983334737931417e-02 9.926202346348192429e-02 -9.106128645776417896e-02 -6.913262910656749194e-02 -1.003545517761284533e-01 -1.931000412752202980e-02 6.496342395076022680e-02 -1.731480283790624158e-02 -5.288251441102555239e-02 2.693182595835828114e-02 5.240858468689347377e-02 1.474184311342615315e-02 8.562758663761514677e-02 5.789230652626847773e-02 -7.900717491276035287e-02 -1.128093442576187655e-02 -1.790732458399010574e-01 1.174046327993733541e-01 1.430428179348050208e-02 7.396287924545826703e-03 4.441024774130575975e-02 6.720754648313467805e-02 -3.188015927851491071e-02 4.179096414605815157e-02 8.785819507405102924e-02 -8.688928617731893345e-02 -5.294809214429600785e-02 5.429832742025339498e-02 9.873956229519620376e-02 4.484568178985514492e-02 -1.128736440378756527e-02 2.417692988892667164e-02 -7.870805227538864302e-02 -8.729308308830394103e-02 3.145809693583879324e-02 -1.413544773246250448e-02 5.498090415053775992e-02 5.330460072018323309e-02 -1.366177343866619431e-01 3.642568021946052115e-02 -1.187772641743844865e-01 3.676603471824822084e-02 -3.286751842869069327e-03 -2.413363524181865935e-02 7.425260817868924168e-02 9.706613983660579426e-02 -6.052802520172594763e-02 1.536976884974598605e-02 2.212009496987671353e-02 -9.043867925082639536e-02 3.991997566969578831e-02 5.526082479508691303e-03 -1.129372757949050760e-01 5.281716269779028472e-02 -6.945373202489436154e-03 -4.221656912701211156e-02 -1.340862819920161063e-02 3.032734870096679552e-02 -7.865718473601371330e-02 2.978725286766499558e-02 9.242512012102642449e-02 -4.133074459618436662e-03 6.682788585936524917e-02 7.273726959767401468e-02 1.785431981587292660e-01 -4.479492711392796256e-02 1.378815798804178261e-02 -4.846562612612403953e-02 -3.987085559347103292e-02 -2.325577854935534372e-02 4.173317708115556468e-02 -9.841061478050638911e-02 4.522862216934814272e-02 1.443750522655113944e-01 -1.905144973653511431e-01 -4.194382127502155333e-02 -3.887103439556199858e-02 9.730236597755546890e-02 -3.853362506271570953e-02 2.440851275193151038e-02 -2.322936404160624857e-02 -1.328255965971203434e-02 -2.237428229827678750e-02 2.981758251083477251e-02 -4.950361529131856730e-02 -4.046415775425432626e-02 9.485951506435241765e-02 4.681323617193536291e-02 -4.019144111656151874e-02 6.991414517331775991e-02 -3.630403010967241106e-02 2.539552854138831667e-02 4.916149380677621583e-02 -3.196259234365549096e-02 -3.508976327121277050e-02 -5.881838477403358162e-02 8.952413437673431562e-02 1.310566849531014100e-03 -2.421650343313344611e-02 8.698767728937240040e-03 2.774196307262410954e-02 -1.960150386761370933e-02 -1.511428530147897187e-02 4.413815380710411906e-02 1.573353269353977568e-02 -1.187543559420455863e-01 -8.903024204457588020e-02 9.650483152094213590e-03 -5.971741688252749092e-02 4.206383744594108243e-02 1.537156627896223982e-01
4.635419182851620301e-02 2.592206472653929908e-02 -9.176428163084924400e-03 -6.485993264831800553e-02 -1.168852619378129903e-03 1.234939895668710728e-02 -6.560849343371469300e-02 -4.066800385505323773e-02 1.343594101620758548e-02 1.203445115632556170e-02 3.842649610667624172e-02 2.059201355520711221e-02 -4.948746860174292606e-02 -5.430137119124645723e-02 1.923323087840570628e-02 6.615964301215730703e-02 6.184347283849652745e-03 1.567546904433178264e-03 2.244661562295884386e-02 -9.696303375988287463e-04 -4.675833730035624386e-02 -2.300655388293535927e-02 -7.617064703276715289e-03 1.328347932607923110e-01 -5.753340291724522854e-02 3.201364159002913906e-02 9.480610340710767317e-03 3.129324501361593208e-02 2.647076497712900350e-02 -6.048568347683737356e-02 3.386342714861962505e-02 -2.101966204359834514e-02 2.472767938418081804e-02 2.647063731490512800e-02 6.318590730446114849e-03 -7.998242457703565178e-03 -5.378301702882073987e-02 -2.735848383137198803e-02 1.047984361846457553e-02 6.276246913520478962e-03 6.806002938466472474e-02 -2.025981211915893823e-02 -1.069618533847183951e-02 -5.597189788941385469e-02 2.652850662009828466e-03 -8.830007294979971832e-03 1.807765122349007728e-02 1.073687623050148116e-01 7.045338575560546220e-03 -4.381931400996265380e-02 9.144610928178344145e-02 -2.666705852241659305e-03 2.439891818374049365e-02 1.313065043002502666e-02 -2.498904894161750254e-02 8.017706615548683691e-02 -3.683047456141406995e-02 7.270809483383377202e-03 -3.469129260302372675e-02 -6.330625853519987467e-02 -2.817985608535862607e-02 5.811746207110717044e-03 2.169031177509091537e-02 5.525028653883162777e-02 1.130202984811593675e-02 -1.479411250441063468e-02 2.138527816891727662e-02 -3.940475964034610527e-03 -7.767081587922512222e-03 1.529269673859636088e-02 -1.624915367369612895e-02 -2.444287339551922539e-02 3.374578177035586490e-02 -6.093322192948939786e-02 3.942248617147820627e-02 2.134755793307115818e-02 2.257670210633602390e-02 1.891520247180280417e-02 -1.164419682545255949e-02 -5.262817895996035195e-02 6.772151663185653654e-03 6.561267852411056638e-03 -1.213986662196589895e-03 -2.077622971883026984e-02 3.014105807639057624e-02 -2.954521997350149573e-02 -9.169991468363208886e-02 -6.957975632752134466e-03 3.700085797033693044e-03 2.536385902393433964e-02 -1.638176728814791372e-02 7.185573479267971450e-03 2.496683912855268694e-02 -2.480046282926460371e-02 1.274473269073690337e-02 4.517319303175708345e-02 -4.847333195757941304e-02 7.461509250142039917e-02 2.885767792000093479e-02 1.274941503248616659e-02 -6.241349749631242005e-02 -1.832661217011383181e-02 7.990646374358045811e-02 2.743377254609136173e-02 1.257956347902067229e-02 2.812209335539800348e-02 -4.321689538665735020e-02 -2.976130677574295724e-02 -2.594602486368824401e-02 2.712061778948005042e-02 2.430757983247033849e-02 -4.266129620015934876e-03 2.273997904688895844e-02 -7.166695234798181602e-03 -2.060120151728916937e-02 3.967506879952509280e-02 1.273474095172685838e-02 -6.411757741966672697e-03 -8.317856053978722741e-03 -2.624704801929533815e-02 5.681215261155436735e-02 7.233915860219042315e-03 -4.963917641527793023e-02 -4.122763892541847497e-03 -5.857164365467149025e-02 4.518206571112770575e-02 -8.018733198188243705e-03 -8.610036644247465176e-02 5.358387874034309384e-03 7.032132345312924748e-02 -1.102209115471142198e-02 9.244848265475935634e-02 -6.563302038358287405e-02 2.819857137240155964e-02 2.488304440310074028e-02 2.602932686371906001e-02 2.194264678894786158e-02 -3.969734787280643218e-02 -6.791941859161099160e-03 -1.125130866735446489e-02 -1.280922635642700591e-02 -1.043886347454625607e-02 2.335124726478188251e-02 7.869105629150130454e-02
4.147922559488508298e-01 8.877750458808122969e-02 1.156939934563600003e-01 -6.668216801909601643e-02 9.127277074482935404e-02 -3.568245262911455828e-01 1.104752965427735489e-01 -1.194554529251437569e-01 -1.216395686233026352e-01 -6.293972823675900163e-02 -5.611758565372645946e-02 2.455793188468537169e-02 -4.042441105225011433e-02 6.562682435577922302e-01 5.951575818687022956e-02 -6.634458485109213932e-02 -9.015994137287894339e-02 -1.145530639784631682e-01 2.101654291481775128e-01 -1.449936398178097163e-01 -1.251784078213460938e-02 -1.422484168433215956e-01 -5.989778145846517965e-02 -1.629086892434991884e-01 -3.694761082397433199e-02 1.980462249437445199e-02 6.409484080727764210e-01 -9.184936839231672145e-02 -8.472087375556189293e-02 -1.026986289914787465e-01 7.980299155218104068e-02 1.895799145325690466e-02 -3.260727766463743238e-02 -9.746312365862618010e-02 -4.656880996461270662e-03 -1.849649399257262128e-01 -2.912900113911884303e-02 1.485783076502228406e-01 1.148168847875948445e-01 3.925863114204441451e-01 -1.317849343191909162e-01 -1.070465505701102549e-01 -4.611759695705079654e-02 -6.432363342378545623e-03 -3.440015688620436107e-02 -3.556551955646207464e-02 1.720871802183868843e-02 -1.477508869998702679e-01 4.178782800052133206e-02 7.265090239514999937e-02 1.467081673275656695e-01 -2.270546476573853389e-01 4.183241805086707066e-01 -5.890397660648921674e-02 2.893576761936393349e-01 -2.251425870996594802e-01 -9.611490031647552945e-02 -1.062723491269782355e-01 -5.008945752112321792e-02 -2.456054393560774540e-01 -6.265141962415141097e-02 -5.390069556972545972e-02 5.959886206150557392e-02 -2.774745272680516628e-01 -2.411374277486934559e-01 6.360593244543881752e-01 2.072421623977369620e-01 2.543015760392045022e-02 -1.169324793701327636e-02 -1.185510244220553261e-01 1.050014774122748906e-01 -2.232598994614657106e-01 1.923639657518103410e-02 8.390537216851563784e-02 1.322316849530402461e-01 -3.020173539046387967e-01 -4.157545866624069025e-02 2.095930310148794162e-02 7.231796144759206069e-01 -3.074266297312271135e-02 -2.642601762582460490e-01 -1.659427291043224229e-01 9.672491755540127412e-02 -1.704476028612883498e-01 -7.048822452066677222e-03 -1.900170945347721962e-02 1.232037633531874454e-01 -1.615637042245504085e-01 -2.845325839180651295e-01 3.655697897467682228e-02 2.224301549660512856e-01 4.959220208974572386e-01 -1.617768309529564463e-02 -6.176399516755819163e-02 -9.509136968336732998e-02 -4.634703905145161340e-02 -5.803434393244286116e-02 1.343787211457105613e-01 1.353511214611384794e-01 -2.235708660497385813e-01 -1.296545367362096357e-01 1.733298971176128189e-02 -4.426359421780731024e-02 7.790650488536957075e-03 5.795443677416688422e-01 -2.067459596415729406e-01 1.813379599039705026e-02 -2.449956837935244325e-01 7.809191759412484335e-03 -9.485594349794072844e-02 1.178766682306958691e-01 -4.114094530509900677e-02 -1.197998374603091859e-01 1.235316475633503330e-01 1.313080807228811098e-01 1.720902231656321058e-02 -1.965206013491411219e-01 3.926131252466782406e-01 4.026482795410232796e-02 -2.804005939876013098e-01 8.027584601055001712e-03 4.450094321353792459e-05 1.470525984103775996e-01 -2.513100331380997421e-01 -2.918639479780728019e-01 1.944749778364480153e-01 2.268522544304831801e-01 -1.710136710557038642e-01 -6.581969016491917568e-02 -1.871791141307757034e-01 6.684502356346293528e-01 -3.093183485837309732e-01 7.591594028349588075e-02 5.564395598421521816e-02 7.387920793438799982e-02 -1.331072040977038518e-01 -1.672494358323593500e-01 -1.534247244640202235e-02 1.252662510440135935e-01 6.122877767530961884e-02 -8.543335156119957752e-02 -1.405401506256978572e-01 -5.156578848318294633e-02 3.635162947947888634e-01
-1.093049158170048690e-01 4.537867872519873308e-03 -2.588161789230623844e-02 6.916740436549803639e-02 1.004328288169492323e-01 -5.093290635948994477e-02 -1.361618602403953529e-03 2.282208630738040336e-03 3.778930216480536758e-02 8.962997154070100753e-03 -1.168198695897138678e-02 -6.157030381352367188e-03 -4.544203697549036719e-02 1.112114517748357539e-01 2.935127953279158784e-03 5.751999222533063505e-02 -6.344490714550601873e-02 6.027240055334124463e-02 6.180570439896683130e-03 -8.365014670358636439e-02 -5.597331212046268573e-02 5.166264979393313944e-02 -3.410171054130550078e-02 4.563124417569129621e-02 -1.841781765585749631e-01 7.668145750808658123e-02 -2.346219684774117353e-02 4.300384693851010826e-02 5.848785733009757154e-02 -4.199924390834607058e-02 6.338362475341391411e-03 -1.029508678822879664e-01 7.914623575399148958e-02 1.416046744073729546e-01 -1.068108230260246538e-01 1.479737556114944508e-01 -3.370096036740427015e-01 -3.470170273549549184e-03 -1.588570419479287676e-01 2.578168722201458762e-01 2.478990293459271133e-01 -6.270186737122630805e-03 1.922511037802084738e-02 -1.172106728017224958e-01 1.489231118246605867e-01 1.122081777088963367e-01 -2.204496368733820100e-01 2.144199794398335968e-01 -1.551274545945983685e-01 -5.906436421168199946e-02 -8.379814280055430942e-02 2.818785566623888683e-01 1.398625074782001154e-01 -8.792270216675271421e-02 -2.436055743587235353e-02 4.914254955237076089e-02 -1.050541699217327485e-01 -3.457732000030924041e-02 7.574635979503337169e-02 8.794835737221158578e-02 5.780888853511076788e-04 2.710577120254566846e-02 1.701550109523924242e-02 -2.859440127347940425e-02 5.355110960571816264e-02 2.695744190753110101e-02 -5.279847385782644731e-02 5.417291291107610013e-02 -1.409861675207887792e-02 -1.111133273209916061e-02 5.445102198662738445e-03 -1.098895437471433950e-01 -1.587627372235446144e-01 4.309780420967906922e-02 -1.288510969956574992e-01 1.989258609404083722e-01 6.893801983864118743e-02 1.917861005185802770e-01 6.264219488589434226e-02 -2.464993867223232160e-01 1.217744319330985592e-01 1.324301921839469987e-01 -2.830878270956955212e-01 1.213672486625249625e-01 7.052621690104685093e-02 4.093125469881939843e-02 -6.447756704551407467e-03 -1.553790067314037016e-01 -3.536114274285155623e-02 2.384084700830588488e-01 1.817015311352600249e-02 -9.194413833641491840e-02 1.467835353124251063e-01 1.600316003435451467e-02 -2.055447932332951644e-01 -5.685934195475798869e-02 -1.125053099631097564e-01 2.829610121778280973e-02 1.745781187377311999e-02 1.644471787745598879e-01 5.245382875972472159e-02 4.841282284880848996e-02 -4.256195400884467406e-02 -1.366122213652231909e-01 -1.116303601734243700e-01 -1.540704340226033142e-02 6.273082074584102052e-03 2.020069513595489918e-01 1.430801255614483347e-02 -7.822864125822998060e-02 2.597358165449121375e-02 9.677158864888674161e-02 1.164553451319429167e-01 1.085077460906279795e-01 -7.478754258311906544e-02 -5.141220508937560663e-03 -1.080375978538395398e-01 -2.092028431213123763e-01 7.907999413935523636e-02 2.040532331345323858e-02 -2.692106800181760518e-01 5.682021908839560154e-02 -9.778656776381268456e-02 1.814375356518333482e-01 1.430410596002275880e-01 1.281804580004624050e-01 2.160596602484593509e-02 -2.447083016997558258e-01 1.351985079111780452e-01 1.170953071328007522e-01 -2.540056490316600080e-01 2.288541932041605886e-01 -1.506336341055717620e-01 -2.042746559760785785e-02 -1.668945063127601769e-01 2.962051607026721101e-01 1.242439523606725105e-01 -3.014615908080403583e-02 -1.109403330389427400e-02 3.367539663701369507e-02 -3.897858142905339524e-02 2.484554887307807713e-02 -1.759816998431001922e-02 5.641006133292045255e-02
2.795053235357148474e-02 -4.127555190298231452e-02 -5.731270891249244659e-02 -9.105031138679954561e-02 -2.364762834493620847e-02 1.037556018782413575e-01 1.018380951829877951e-01 -1.276327918711234882e-02 -8.982133655379640966e-03 1.447341991109313449e-02 -2.515592262700909812e-02 2.819610847088954361e-02 -7.918998079756196448e-03 -1.238465501482152453e-01 -4.334539511528217454e-02 -3.284194930287289566e-02 -7.763573737322787549e-02 2.349053225941262132e-02 1.137195249258931944e-02 1.503709950529263407e-02 7.167088734642296233e-02 7.093912388512210732e-02 -2.370861310115909490e-02 8.023539637812433789e-02 2.061497904190573785e-02 -7.080723648015368500e-03 -3.045897004027154145e-02 -9.363761683022132909e-02 2.871375707232062119e-02 1.454964489234516524e-02 -3.466641643830200431e-02 5.536269870406277521e-02 6.336887851186077947e-02 1.098230318405863104e-01 2.499560392966921826e-02 -8.334981674455510525e-02 -4.522303577102385931e-03 8.203063889268401299e-02 8.655104271327597812e-03 3.724672194573604156e-02 -1.352553457451252140e-02 -2.913723110249737472e-02 4.757897022309573454e-02 -5.411390637647615215e-02 1.749231821314421818e-03 -8.887386637530099442e-02 2.384107924992079700e-02 5.269790937099001586e-03 3.872424493347974284e-02 3.076028293490195090e-02 1.115532060086267541e-01 3.780449208146278994e-02 -4.885502923927852875e-02 2.781179424813311554e-02 -2.120273616738594172e-02 -1.011273956320513090e-01 -7.047142026237313006e-02 2.173479931429805976e-03 -1.094108135317731732e-02 2.522319041966214481e-02 -4.674183786282294639e-02 -2.651842754220905610e-02 2.366797164529202066e-02 6.843453301124290122e-02 5.288842813191627773e-02 -5.881027845832184631e-02 6.869572838826083772e-02 -3.600663756213380584e-02 -3.282233010359652398e-02 -9.827327511651291758e-02 3.431646997177988101e-02 4.329919063819846065e-02 3.213014482884579692e-02 9.483311263301028027e-03 -3.001095988758184507e-02 -2.226998817576767917e-02 3.437104903543140768e-03 -3.461013178638780441e-02 5.430412841534337093e-02 2.752100741949385556e-03 7.876247108103939798e-02 1.071193357074017548e-02 2.577620276338642505e-02 -7.705858280598150423e-02 -4.684073259294024155e-02 1.335620945938592041e-01 -6.842233647645054595e-02 4.563542753326878254e-02 -3.913962129623826253e-02 2.251120918142059894e-03 -3.261317998926911016e-02 -3.358341438929688099e-03 -1.863438910818642977e-02 -3.820906452228943484e-02 3.653087362812915129e-02 2.924097791897882839e-02 7.975304763058482793e-02 -1.165195034623644904e-01 2.227807996205050448e-02 1.056259180662805219e-02 5.865011932953378970e-02 5.612341631628483402e-02 5.619441859239511505e-02 -2.703626763751576512e-02 -6.484535976024191628e-02 -3.336355490862458889e-02 -1.293262552421194644e-01 9.435388938622119026e-02 -1.909974143368449451e-02 -6.611439684797854044e-03 3.540630506849902492e-02 1.460019538174246734e-02 9.581691356459462461e-02 -3.141949258174709519e-02 -7.882930428953945079e-03 1.004093922361343622e-01 -2.098766012432208561e-02 -2.879195108991467605e-02 -3.734191651548476182e-03 -6.179549946821985551e-02 4.777125082013880530e-02 1.892883521894324350e-02 7.743665812741844234e-02 4.378666073575403217e-02 -4.672552569830412672e-02 -6.291509759405736202e-02 -1.038932960715674148e-01 -8.312411823734220176e-03 5.804686739561974035e-02 4.259413587604392315e-02 -1.508795458324302396e-02 -5.089254248998834225e-04 2.202714907559411017e-03 -1.164969543461605306e-02 -1.073378344345535806e-01 -3.060479688815843924e-02 -2.361675643514688644e-02 5.226321960702479119e-02 -2.992226674221742239e-02 4.081107595192220994e-02 1.081032940563762812e-02 3.839493196357728066e-02 -3.047997802943935852e-02 9.657971986658367425e-02
5.488935059323933885e-01 4.148331905248323070e-02 -8.749921916195663174e-02 6.953449984593262391e-03 1.217453029482939986e-02 -1.177313735704101361e-01 -2.927554003211942368e-01 2.028663012050129499e-01 -6.742654249738298800e-02 -7.557182324656747108e-02 7.928982929863373497e-02 -7.985281498396408495e-02 1.972346048464851398e-02 4.728977757716151809e-01 3.509273413422520083e-02 -7.333746901252702344e-02 4.005532750974599709e-02 2.652736180507768785e-02 -1.138903988106879789e-01 -9.570592171897421285e-02 -9.136801348722867200e-02 1.084640307506494622e-01 -1.767103737489121584e-01 -5.219137219357733448e-02 -1.508572293986213397e-01 7.304508932728757953e-02 3.994118120004135353e-01 -1.884947273242226773e-01 3.276488761209947476e-02 1.504531570610205260e-01 -5.373698247839130138e-02 -3.799399709850909829e-02 -5.455588963453998630e-02 -1.762237062911497509e-01 -4.506206303236473532e-02 8.450639192073296224e-02 4.317220824218798159e-02 -8.648963739666463979e-02 -2.445522867719200910e-01 3.787467804774408142e-01 1.734192136215932656e-01 1.777609151363865880e-01 -8.361165317190145940e-02 1.029951820218339698e-01 1.318958916278415716e-01 4.358499350114677928e-02 -2.567550103648381099e-01 -1.969308363521160843e-01 -3.231305825489490247e-02 -1.618777199161156033e-02 -2.764830928615451267e-02 -3.275452004949556961e-02 6.033073067878779172e-01 1.519173429396311059e-01 -1.239141577523147214e-01 -1.630633111751064457e-01 -1.163756625975526232e-01 4.343488701465841872e-02 -1.171787886791216815e-01 -4.115104357355310605e-02 -1.002776924184706486e-01 -1.435996411075170232e-01 -6.566639113280561824e-02 -4.160588020026467770e-02 3.086788597063161999e-01 6.961396557573110710e-01 -2.984759857643492498e-01 -9.720176625589105335e-03 7.736327975583273675e-02 -1.510220991733142448e-01 -5.453008535984961436e-02 -7.599997767240801450e-02 -1.386499381837875966e-01 3.167775972890594233e-02 2.947279435593784525e-02 7.460686768653364276e-03 1.890876797267232456e-02 -9.650442901733062573e-02 3.791100895456832043e-01 -2.038140864935976751e-02 -1.037601518903726872e-01 4.144843779418640184e-02 -6.498037657733664318e-02 -4.852155737029761884e-02 1.550605093598386719e-01 -6.290655365472769267e-06 -6.183451785790572766e-03 3.341145629096212849e-02 -1.337315728690214311e-01 -5.390370525923089684e-02 -7.110867348388436038e-03 3.227528711280931439e-01 -6.030516007985428639e-02 -1.357522840292845201e-01 6.278699931896006281e-02 -7.501819210166438268e-02 -1.007159779613870376e-01 -8.599829021994881417e-02 -5.237923376963105060e-02 -4.455846534513707713e-02 4.188566881527172603e-02 1.711959611956868632e-01 -3.751761971022552627e-02 -1.051315799064608258e-01 6.228907523823971060e-01 -1.109701605366801846e-01 -8.187221047961495968e-02 -9.194998825551445321e-02 -4.461261914950653829e-02 1.375287356835900310e-01 -8.323175160492540803e-02 9.155464930052231720e-03 3.982025210509920754e-02 -4.174112791673201261e-02 -1.039141662916278630e-01 -3.070816388791878238e-01 -1.550208058776185449e-01 6.365136672911773097e-01 -4.970234382808838558e-02 -1.972510629305349039e-02 4.321413372406923692e-02 -9.897496469387456752e-02 -1.714875922921885176e-02 -1.646439867469280949e-01 4.269107137647443206e-03 4.232594974703218771e-02 -1.192416467301738447e-01 1.333975178351280710e-02 -7.530631179369143974e-03 -1.625393997863373019e-01 5.723595217242969380e-01 -4.811661748316742315e-02 -1.112727079671145536e-01 6.669362960827641962e-02 1.211126061427147682e-01 -9.593195627500089584e-02 -3.166154742375193454e-03 -3.153716904778960245e-02 -1.601013089361764397e-01 -1.019632805405631670e-01 -1.719969413664467206e-01 -6.253751659965406384e-02 -5.466038798211829419e-03 4.705536603232822745e-01
-1.867099850632978481e-02 -4.270259145416580721e-02 3.573759052602057396e-02 7.072374587609560337e-02 3.529730520458140841e-02 -6.534064055921877390e-02 -7.278187930100367409e-02 2.119593810632423511e-02 -5.759231687257559094e-04 -1.884580066739551321e-02 -1.399952819095501635e-02 7.324223626271142429e-02 3.353916165270967586e-02 5.422519360118881193e-02 -8.057532270589622125e-02 -3.381535343515807562e-02 -1.037640700610779204e-02 2.983945314347714525e-02 -2.720275237600118870e-02 -1.105842747337209241e-02 2.790649031598020288e-02 3.668186539141255007e-03 1.666581394849939515e-02 9.333244375546069158e-03 -6.567427549935821174e-02 2.969886607743483717e-02 -6.385464568446573563e-02 -2.472362970405448529e-02 -3.010489515123418447e-02 9.445939621090038152e-02 9.392730924087881739e-02 9.568161181820139527e-02 -7.715025758165550140e-02 -6.570843968877353169e-02 -5.489306259687849569e-03 1.189533256703063750e-02 4.335065071965879535e-02 5.550707352386270027e-02 -1.855352838413558067e-02 -1.982432226401874623e-02 -6.164597171514357710e-02 8.152746301604830992e-02 -2.554657262990795222e-02 6.075265048309762272e-02 -1.558837338972409933e-02 1.419469215988956173e-02 -9.618848625432549482e-02 5.707256801672574856e-04 -3.591627358623646765e-02 6.469464410250677644e-02 7.301259753490937920e-02 -1.986474495505434652e-03 -9.562130581458248846e-02 1.088571629272642310e-01 1.347454397526202108e-01 1.273214080411389504e-01 -9.493253435360519965e-02 -7.763870696286741258e-02 -1.111902985347830858e-01 -6.327064733604331748e-02 -3.249070605739515227e-02 1.213323372357497099e-01 -9.735183383869600027e-02 8.737579119066460776e-04 -5.646218110473801705e-02 6.940356556471517779e-02 -6.887224402135876111e-02 5.399641674732290342e-02 -3.147268962242532470e-02 -2.081392133539535644e-02 -3.360393626661156707e-02 7.622742700276749495e-02 3.394078535640904920e-02 -1.469183741609515759e-01 3.913528760061009415e-02 -2.341087040407759112e-03 8.458294126967880189e-02 -1.545700937200744293e-02 3.886814326014691179e-02 2.216192702930602776e-02 1.144178431344961173e-02 5.178166441251797619e-02 -4.188764690808494812e-02 -3.991320790342475777e-02 -1.098751889585678210e-01 2.152233477302444853e-01 7.142161746199577992e-03 -2.372194344163566782e-02 -1.809487043375975490e-01 1.590335174973447063e-01 8.777668752830346255e-02 1.314872028328143982e-01 -1.104519206255265007e-01 -5.705529017554579474e-02 -5.426116660519231943e-02 -6.833339827065873506e-02 1.469821512119269535e-02 -6.126398634686688882e-02 1.069060768134994649e-01 -6.098284913174586985e-04 2.479139593044570392e-02 5.191276230861047863e-02 3.226384923022240780e-03 1.185631526990243989e-01 -5.601757082305021396e-02 -4.434475387172983479e-02 -1.938946627425398306e-01 5.429501032631918467e-02 -3.349426405393701733e-02 9.051991692993921479e-02 -1.512087575270205098e-01 3.834554498824771507e-02 -4.096465471624273491e-02 3.847400654774106588e-02 1.354370002269787709e-02 2.730898897286374027e-02 3.232846539845540823e-03 -5.580289848811043757e-02 -1.809107249488822733e-03 6.110019715216792602e-02 -1.721280154946464025e-03 -1.055895060662523782e-01 -8.240842748708013255e-02 7.902497282066803241e-02 7.705572831253927613e-02 -8.568038362270150032e-02 9.042866023643356468e-03 -4.859875734989929641e-02 5.224354936092415191e-02 1.625502668614307866e-02 3.718820548069320248e-02 5.139517415615925400e-02 -4.057282670652862661e-02 6.173334915048415278e-02 -3.067282879702501464e-02 3.732750363201135096e-02 4.849008670999453013e-02 -1.279455181206723413e-02 -1.478272610040523016e-01 5.148102147129823836e-02 -3.285354518008756775e-02 -6.673864534869011766e-02 -4.115246671041674492e-02 1.508339057180305698e-01
-5.516979673856161476e-02 -3.812348085988739865e-02 5.346130427685467923e-02 8.304351016883351755e-02 -3.268442869848943444e-02 -1.870410929164741387e-01 4.891127518228139542e-04 1.673797120944362504e-01 5.206749418452116807e-02 1.506658772598873097e-01 -2.651731095175238195e-01 2.459325510038086818e-02 2.614245997740477327e-03 1.057547649418437985e-01 4.729786780697690235e-02 3.652877673616580084e-02 -6.214826847246567726e-02 -6.092747470510594121e-02 -3.353490886746045979e-02 1.906928167746841513e-02 2.842397105786172509e-02 4.146656589267871951e-02 -4.049085754444192720e-02 -4.002950011834367772e-02 -3.911775050009019643e-03 1.867049340788081921e-02 8.560602529779753889e-02 -1.721710999867318362e-02 2.724315402632954478e-02 2.970036048039402868e-02 -1.891221401025405119e-02 3.133829877547146363e-03 1.611568758749031775e-03 -5.895898791502318442e-04 1.276434473064311584e-02 -9.514177681476206072e-02 1.299366215429157909e-02 -3.047363723854347450e-02 -6.929608574249171427e-02 2.086895756417245749e-03 -1.353898248167766149e-03 -3.609719693570000165e-02 8.803985438279211817e-02 -6.349304035045094663e-02 8.491231653901336329e-02 1.173965244468219184e-02 -6.066450350149080184e-02 6.762736388864451498e-02 -1.672344042217931929e-03 -7.012542203403319963e-02 2.122357711513573816e-02 1.032107372564285835e-01 -1.843224030482109796e-02 -2.501839338538349236e-02 -2.669819661633163199e-02 7.603552584604929276e-02 -3.350006022990213023e-02 9.141344236098858378e-02 -6.000710298823098976e-02 -3.695024541576639315e-02 4.584030855660263526e-02 2.024376520047523054e-02 -1.412691217058738291e-01 -5.209225438338161568e-02 -1.022123003606195853e-02 9.512049374106934518e-02 -1.525771079833563616e-02 -5.590849478342366924e-02 2.774785363459311358e-03 -5.450184254809339185e-02 2.259436995450633534e-01 -1.656547465225422650e-02 4.090999402200476420e-02 1.498748460674349976e-02 -2.020372306033456702e-02 3.488294570663567212e-02 3.943751859701875233e-04 -6.683986187904716880e-02 -1.093301550626995904e-02 6.658622279220950679e-02 5.393764634173762442e-04 4.375237801522046353e-03 -4.834718561007973064e-02 -9.095807357777832558e-03 -2.268393488954959306e-02 -4.813603738918634939e-02 2.325906865403360585e-02 5.080833492870236168e-02 3.557591112454475124e-02 1.847950042881215532e-02 -6.258453003180898533e-02 8.264390484881704857e-02 -2.705568874326750445e-02 -4.254283672293460161e-02 -6.443790416498347551e-02 5.763305832110441479e-02 9.351286627673333074e-02 -6.846566491418393241e-02 -6.828122876287118226e-03 5.777722831556061922e-02 -4.521744463438656658e-02 7.212948165069243273e-03 -2.445919404309809808e-02 2.849613451657495578e-02 -1.187966634369105462e-01 3.564263847311342770e-02 7.820885042042069468e-02 -6.070324469263310707e-03 6.010468394855128516e-02 5.291309645133180500e-02 5.111026250885977729e-02 -8.191172023816484238e-02 3.214324673364865603e-02 1.396564084173126941e-01 3.211122573868296914e-02 -6.568260897702202228e-02 -1.167127497748723930e-02 -1.996180677892535615e-01 5.833634313228688861e-02 1.804266208575988628e-04 3.213532012554631834e-02 5.977683361287629282e-03 -8.648052660694406646e-02 -1.547409575539087923e-01 3.429101905837361741e-02 1.469644849716400525e-01 4.510772197353740687e-02 -1.538560571174467373e-01 4.832906649465865123e-02 -7.153744654744453868e-02 1.619156217363165173e-01 3.123844532566577570e-02 -7.492375545581264618e-02 1.298734974849838353e-02 4.233782814368709790e-02 3.202010783665718008e-02 2.097247461533718882e-02 -1.419915130286375504e-01 -5.624820308405142910e-02 7.553070974052711328e-02 8.426300345506830547e-02 7.157140827367541869e-02 -1.706075546093344109e-02 -4.350644806247860874e-02
5.106094417788369366e-01 5.243984171920005460e-02 1.343237734827071317e-03 2.399902243416124348e-02 1.372038296520852185e-01 -1.263499826211269550e-01 -1.435637011482789049e-02 -1.598051518748860311e-01 -8.069848455781850061e-02 5.191398588673198922e-02 -1.333607520974629951e-02 -1.238686383579068739e-01 8.981185878581091075e-02 2.559003198788310507e-01 -5.506110220507894060e-02 8.601487248880306663e-03 7.241198575723910291e-03 -1.482858076238018907e-01 -1.468482595167654170e-01 4.867653921926242550e-02 7.539919860035088073e-02 -1.287503278141615970e-01 1.127687021906212811e-01 -2.854925898510317014e-02 -7.724356759408360085e-02 -1.013133499224928707e-01 4.484689648741579937e-01 3.430439466632265871e-02 -1.735032859803228161e-02 -9.489870253562271429e-02 5.496773597279523520e-03 -1.434693189346095965e-01 -6.929468289052374830e-02 -4.591181068408481392e-02 1.273023739807943588e-01 4.453147781706903729e-02 -1.136662199917674726e-01 -1.756977073300042824e-01 -1.244298696383336345e-02 6.038904352209003568e-01 4.624036083050570706e-02 -1.306441523638918190e-01 6.776839205272439104e-02 -2.283079770193739144e-01 5.116531353474966515e-02 -1.396565467757193979e-01 4.870618769281453986e-02 7.737558119051431149e-02 1.957825629549980462e-01 -9.997955320214120534e-02 -7.798134505873602351e-02 2.185395659243867805e-01 3.716466732930954753e-01 -1.073024726229613313e-01 -1.653119463718042970e-01 -1.774592625232903065e-01 6.403230801977650988e-02 -3.411026853679592630e-02 -8.334460591412552743e-03 1.220396074411660148e-02 -6.779399620374781943e-02 -6.002290886101455808e-02 2.728563985510944895e-02 -4.356693843829994445e-02 6.083407466611730902e-03 2.788026852447020310e-01 -6.189176297437974650e-02 -5.959052776749800689e-02 -6.677547379462697719e-02 7.719751982169353877e-02 4.148610348560589911e-02 -4.590903494756189140e-02 -6.855190052365950359e-02 -3.324046005229926992e-01 -1.803830404489747963e-02 1.075600702158357180e-01 -9.707424601192787827e-02 -1.331889284968674481e-01 6.451921330177321501e-01 -1.190120378940838497e-02 1.421136531757223043e-01 -2.289038118814320233e-01 1.555865573155115755e-02 -1.067333832251157466e-01 -1.044198963703440453e-01 -3.231716613331856586e-02 -7.748166348293054895e-02 -1.317691559831326853e-01 -1.716100374415543417e-01 -7.005807925976519079e-02 1.165034556876959476e-01 4.062916875710465003e-01 8.839890329384189616e-03 -1.427317166066864873e-01 9.990949240164956335e-02 -4.696941062304638148e-02 -1.643024573334618543e-01 2.864237030691340474e-02 -5.084946779448451526e-02 3.685184679210175285e-02 5.544889624782456394e-02 -6.648957305657185457e-02 -3.048126069655041070e-02 -1.879776942897180003e-01 2.444850050617936033e-01 4.246543849718192182e-02 2.230297435004362505e-01 -5.600716745054513251e-02 6.104333781790434454e-02 -9.785340240348053276e-02 -1.029037752071129685e-02 -3.736665142996833250e-02 -2.283796369730406450e-02 -4.706637804667274105e-02 -9.912947241569133872e-02 -1.738823588231160899e-01 -2.256883974590889741e-02 4.903729483921780430e-01 5.610926496982981959e-02 -1.543864173496122677e-02 -1.734177531362222635e-01 -1.638928272277060949e-01 1.942008944157862238e-02 1.166888867230038151e-01 -1.758543897430737968e-02 -1.788749123027748023e-01 9.388131892381590404e-02 -1.211358057709595315e-01 1.053075926541542084e-01 -1.514622331355553464e-01 4.705494711801958552e-01 5.012558440215482414e-03 -1.332817037430066298e-01 -1.666188159372948285e-01 5.399069228096893547e-02 2.064816850017102412e-01 -4.001598527167906511e-02 -1.372791325404227880e-01 -1.885098089749949746e-01 -1.106237667114030737e-01 -3.561786893561489503e-02 4.011217520403724535e-03 8.760269452412366986e-02 4.698485840416997683e-01
1.198148164258894428e-02 -4.948618455060236482e-02 1.062390623456033190e-01 -2.358076086018752113e-02 -4.144046442372433664e-02 -7.865280831243769144e-02 1.168748727977279717e-01 -1.109930889533985998e-02 7.473683206786711775e-02 7.626204789481470792e-02 -1.559493908178563315e-01 2.521019352364229152e-02 6.509710089606358940e-02 -1.314047448151966536e-03 6.212959137060491965e-03 -1.718872503436771546e-02 8.650460072956842397e-03 -5.106606803394510979e-02 5.269245196441861567e-02 -1.133640374369810841e-02 2.172265741815185627e-02 -6.359001905292969471e-03 -5.541371077613999746e-02 1.356724347029833813e-02 8.880436948039423239e-02 -5.744238647398362124e-02 9.477273539069734631e-03 -6.112847493834216994e-02 3.022042857142707983e-02 -6.112983021322001241e-03 4.515656024245396499e-02 -1.246584029921438651e-02 -2.919447281425533239e-02 1.579535440713811939e-02 4.754033861527025978e-02 -4.615340081291978425e-02 -1.108066312478796916e-01 -1.260765001377473493e-01 4.504624130349210026e-02 -4.420862769167281658e-02 5.465907035449146106e-02 7.671161948465704539e-02 9.669138812834886243e-02 -8.558264822699193641e-02 8.790326123324139485e-02 8.353950479821088682e-02 -5.430551473662029345e-03 -6.773619131966780726e-02 1.582308299087599457e-02 -4.884700724826188806e-02 1.181847185222651975e-01 2.681863931443019197e-02 4.104456829483154462e-02 -5.976479466272351104e-02 8.790968475743310417e-02 1.969711340914496577e-03 2.796870251179758501e-02 5.443275622392591134e-02 -1.309747152684342941e-01 -8.966040343894958464e-02 7.305925517129534252e-02 -9.531424905554929106e-02 6.346695220549293526e-02 1.813803731611699291e-02 1.100154842512893472e-01 -6.677551767462173993e-02 1.488634719061916190e-01 4.015600103903511908e-02 8.645774628660039818e-02 -4.042584611037251807e-02 -2.160477292220737977e-01 -6.287778842297009341e-02 5.035399036584521648e-02 -1.117766771223889927e-01 2.137142990302748347e-02 -1.109724517222534790e-01 1.405343771827736454e-01 4.701370117413428834e-02 4.551424751910612687e-02 3.840486392450653125e-02 2.909083843701268726e-02 -9.294297121585265442e-02 3.755167258933802404e-02 -6.217376663773475920e-02 5.409606343761095421e-02 -5.251221195732622138e-02 8.350825704940539884e-02 -1.107528613283761398e-01 5.174389613521362258e-02 -7.124811205721201524e-02 7.801988005799183334e-02 -1.845852471883025619e-02 6.528412772754180193e-02 5.151522393410760264e-02 1.382367165716481480e-02 -9.061730610054433144e-02 1.006349190913760488e-01 -3.642804545072391570e-02 -1.926836681449034527e-02 4.798579227204360920e-02 -7.721306781551647014e-02 -2.650822548279169188e-02 1.464430218121440530e-01 -3.110829011742743955e-02 2.920266777118191159e-02 2.239635636534070828e-02 -1.855086635439314457e-01 7.507984774346665446e-02 -1.371711558921397817e-02 -9.161489602572209234e-02 -1.183058427601587359e-01 -1.361018599720914546e-02 1.359810452476072906e-01 1.544113963152810021e-02 3.436826493435601870e-02 4.038004242488479889e-02 1.274167641955243624e-01 -8.965448111136653520e-02 -3.474320415148507424e-02 1.401732319168531860e-02 -2.437059870548144436e-02 7.677244415555876944e-02 2.811105640209810019e-02 2.468392634701644106e-01 -1.447413202681404887e-01 7.047670151257619253e-02 3.550572769143418156e-02 -4.464598700333584358e-02 -5.851202093235188806e-02 7.546773331867173695e-02 -1.834860561632544740e-01 -3.812029605175679819e-02 -4.119772151175161989e-02 2.988320654675458155e-02 1.549225474632840056e-02 1.352933878628146402e-01 -3.657211259605754050e-02 7.178710917889891130e-02 9.233276887314111059e-02 -6.653461906056384878e-02 5.610617505757709705e-02 1.471190202764971477e-02 -1.798899811152511741e-01 -4.659517506757637761e-02
3.668027237058971157e-02 7.543782301020697523e-02 6.163852083327205772e-02 9.805533476888927957e-02 1.272791080955346793e-02 2.234174057319772769e-02 -9.108078134375627299e-03 -1.064226689204652437e-01 -4.060106881501547582e-02 -5.626460871906815292e-02 -9.351461370134629691e-02 9.980513490622297881e-03 -1.413874690732665196e-02 2.211413820845215678e-02 -7.993082388359308565e-02 -2.978166606790794146e-02 4.270485758714257646e-02 5.887734143788374980e-02 -5.933389234911387589e-02 9.499497612353569043e-02 -2.274134122538677000e-02 2.196032730732111471e-02 -4.914872309730165811e-03 2.946852198660972547e-02 6.157017516436791987e-02 2.272240848417847459e-02 -3.838823495085036397e-02 -2.767045816336168029e-02 4.145518459173636039e-02 -4.685357754138214093e-02 2.394678142638713425e-02 2.812338293734558542e-02 6.410497511236749879e-02 -1.012545860606215570e-01 -7.118412972713568376e-02 5.384701310737528140e-02 -6.043045717298897723e-02 -4.544501321097811630e-02 -1.338562370285633074e-01 -1.603542494925544806e-02 4.680527150823197979e-02 5.310794979430106394e-02 -1.193113410645275062e-02 3.458804936487849813e-02 -7.185563270139455790e-03 1.434998256620648449e-01 7.872628178640922458e-02 -2.354339258887340816e-02 -1.609455789530690371e-04 -2.221515753279110564e-02 -4.204836225450111348e-02 -6.290705882436149927e-03 -1.622858599993918030e-02 -3.575610730066307308e-02 2.427004596657608010e-02 -2.469737962667859638e-02 2.295211042280989946e-02 4.276816747512799527e-02 3.519119940864148810e-02 1.505269160081150470e-02 -1.018404833381979513e-01 6.958934288138030055e-02 -6.390724674653422421e-02 2.707508432054251193e-02 2.540944314686066977e-02 3.909280414875421911e-02 -2.090835225603958347e-02 9.123346740992188675e-02 1.538351778801448286e-02 6.338336041074689453e-02 -7.010232516749420606e-02 -7.525420584237427213e-03 -1.647099023589661260e-02 -4.844763693820772904e-02 3.846870407189242197e-02 -6.300267116042894411e-02 6.607894384337763272e-02 -2.254776062156678765e-02 4.516853268476950234e-02 3.264859350337088930e-03 2.924323087450363817e-02 6.700244041728676235e-03 4.216566761417223780e-02 -6.835637098321610539e-02 1.802804995107560107e-02 2.083358968094719751e-02 6.673637905341306409e-02 9.662026836633341373e-03 5.110853020257537238e-02 2.978488015449277590e-02 -8.394381241669016634e-04 -1.497698933646697365e-02 -9.487204267658369810e-04 -4.803621198435729933e-02 -8.326337149966998863e-02 1.570264263919566791e-03 -1.861197287051516436e-02 3.490681195177308682e-02 -1.255337738648672485e-01 -1.501326861123952749e-02 -3.703926024650683324e-02 -2.391229766758817821e-02 -1.418750890937298115e-02 2.256068558094048715e-02 6.524588035421885479e-03 1.006772689440775526e-01 6.364587322336712205e-02 1.575198546953787693e-04 1.100509059241444598e-02 -5.004041674299669618e-02 -5.250697669652437671e-02 3.333244800303056254e-02 -2.575401083899808707e-03 2.876860545743176178e-02 6.477715574136366783e-02 -1.489352563869292267e-02 -3.078890117375443491e-03 -3.340247926543143953e-02 6.849537186500698205e-02 -5.857627789584096689e-02 7.121178796245578035e-02 1.262683201601015326e-01 1.103102658850150242e-01 9.892470221968992228e-03 -5.026150037413786020e-02 -3.265734481271598266e-02 -5.114024793844240691e-02 -2.761588013931021157e-02 -9.417967563524254349e-02 -4.073755254110084101e-02 -7.437635666429365244e-02 4.620623225625503094e-02 1.057957335861355042e-01 -1.432328933541657245e-02 3.700959317803093063e-02 -2.668091322522331277e-02 -7.028569423660829818e-02 -3.331532009789389681e-03 -2.630223283593539907e-02 -7.413939929744881030e-02 4.731902800583748236e-02 -2.640477220541745385e-02 -2.047612650557005531e-02 7.414302910287490223e-02
4.879277425892972753e-01 -6.582668237042529902e-02 3.645027905798826906e-02 -4.074563212139196977e-02 2.931841153392272803e-02 -1.665230136347317091e-01 -2.160980451775058875e-01 -1.752666006576563199e-02 4.326706128537628065e-02 -5.137970429328118233e-02 4.314141425069743796e-02 -6.981555079617147996e-02 -1.670173767274023002e-01 4.490312996680499991e-01 -9.957211800151164610e-03 -1.307858047558380921e-01 -5.766945327449259084e-02 1.395214739697301087e-01 7.462679705085281667e-02 4.849545552255293823e-02 1.841447661445387574e-03 -4.782634690069269279e-02 -6.034909446311291503e-02 -9.965841005187098256e-02 -1.928097344014716510e-02 -1.586753310140647660e-02 3.207885126616899507e-01 -7.266494563570831400e-02 2.537768346564925337e-02 1.515419076916427743e-01 -1.369698214447674298e-02 3.359508518951408867e-02 -2.375612726024541044e-02 -7.174058334307714668e-02 -5.282924162786754863e-02 -1.099584790360105813e-01 2.180061075063280396e-02 -9.759660393658829702e-02 -1.534997814194894415e-02 3.349055517436589358e-01 9.783343542000834392e-02 -2.321134972664169738e-02 -1.238280137310154710e-01 -1.055973350335975558e-01 3.519359055498599148e-02 4.138458524564141150e-02 -3.834348216490923722e-02 -1.629769860120856562e-01 -2.930020881478207287e-02 -5.084670089551342892e-02 3.338247412526452323e-02 6.520897107436951501e-02 2.963171165362079029e-01 -3.936073741398592174e-02 -2.692125362380484027e-02 1.769249410208261625e-02 -1.231022207037607563e-01 -1.208912608252026705e-02 -1.409359300236622675e-02 -5.107676280893555520e-02 -1.691611646829770943e-01 -4.507592389774719294e-02 4.649050306773236385e-02 -3.429312793909781304e-02 -8.145667209546750276e-02 5.309290624798493896e-01 9.988110523449308942e-02 3.470334704625836764e-02 -9.191372099758868264e-02 -5.541981128736484657e-02 -5.479902839090126931e-02 4.082488653784118598e-02 -2.153114812894987018e-01 5.302980960006638961e-02 -2.902983741835889892e-02 -9.547765210456131413e-02 -5.636689473150984647e-02 1.494341469916676268e-01 4.016391778706002169e-01 7.993322440895300751e-02 2.397036288990855857e-02 -1.925956357559225340e-01 -3.090978866344038650e-02 4.254571381036538480e-02 6.372045861297846725e-02 1.130551579066697843e-03 4.432956481365840640e-02 -9.061471424787835571e-02 9.061581028403695171e-02 -2.920360257551654626e-02 -1.149234361199209797e-01 3.527095168644310830e-01 3.466244294584765878e-02 -9.297432531536437006e-02 -1.019901383697702224e-03 -9.844160623982903258e-02 -2.932736292552007296e-02 -2.607628209795716245e-02 4.953271018517557689e-03 -4.916311595755694375e-02 -1.152563372658901852e-01 -3.758847637244060874e-02 1.527551720178264849e-02 -1.077641172689509930e-02 4.539655934065831566e-01 1.013406753045353881e-02 -1.312582359799387699e-01 -5.074339278697878597e-02 -5.725269388381431374e-02 -2.333673074377926038e-02 -4.753343636401337335e-02 1.316991687768027941e-02 1.354796219153746317e-02 -6.596093786743413567e-02 -1.812063638080894101e-01 -5.018530817634946073e-02 1.840424851298115561e-02 3.518772278476928195e-01 1.900922845085958879e-02 -1.346787530128550070e-02 -5.692488791462116393e-02 -2.311156128851753200e-02 -2.208048570345982897e-03 -5.588864970402007692e-02 -3.741294208881312811e-02 1.116555955008151219e-01 7.921509014947580862e-02 1.451792343366602178e-02 -1.405399563787604611e-01 -2.554417391471483501e-02 2.484341177039645632e-01 -1.961426586593378180e-02 -1.519545223954825719e-01 -1.302720967461142298e-01 -5.110233085293791611e-02 -1.394098168497902024e-01 -1.016083039287026951e-01 2.490905036840740105e-01 1.509816883686609934e-01 2.363148333973989074e-02 -4.509371231647037181e-02 2.569732256241257992e-02 -9.192641566967527100e-02 4.024391205620123091e-01
-6.015144211456779910e-02 7.156850320555704914e-02 9.060530173798608811e-02 -9.258206387273847093e-02 1.527902124256700148e-02 1.361864154001219962e-01 -3.054112790444672362e-02 -1.357469480197548428e-01 -1.317734992922550696e-03 1.525470980072945737e-01 1.964364046568494934e-02 -1.185702568795409251e-01 -1.310012287335632353e-01 -5.444652152850723570e-02 1.886086716395330154e-01 -1.978399016317129444e-01 1.914240414699231937e-02 5.395518031515090379e-02 -2.086164159780675223e-02 -3.772729861614503716e-02 1.782730754558503883e-01 1.918313278057362792e-01 -3.275551386723603992e-02 -1.090693221610467556e-01 -4.840010071432032657e-02 3.016326092444133675e-02 9.269416837706927204e-02 -7.754703862939497927e-02 1.005085751242556502e-01 -2.850886093633578713e-03 1.062023115966397209e-02 -2.163739014315678999e-01 2.532649746263486781e-02 1.293984421085178915e-01 2.790934079048594529e-02 -7.391197262602904050e-02 9.003512983631296873e-02 2.535578763014936093e-02 7.953638040840395329e-02 -6.423625306992590545e-02 -1.219144756659118617e-01 3.573413965757758493e-01 -4.096946972062333325e-02 -8.049492343109981851e-02 5.068969688288145481e-02 4.585943716255096170e-02 -1.162130486694380599e-01 -1.195133736340648206e-01 -4.127543364409812232e-02 -7.432248456349750676e-02 -4.540891273145471890e-02 5.555708853593453039e-02 -2.147193106906753260e-02 6.692170670201580407e-02 5.063827361925268139e-02 3.993897160629174270e-02 -2.377299546242213346e-02 -2.639497832766221283e-02 -4.617794294623586530e-03 5.791958226213225758e-02 -5.848177403419591719e-02 -1.988859427824325177e-01 8.337917649775629381e-02 1.184213329024813056e-02 -2.850881307589218233e-02 2.615479649302596132e-01 2.999802311475708704e-03 -3.835478920140188847e-02 4.877462245898492310e-02 7.897418825812468901e-02 -9.859723771756252753e-02 -3.487966126882516543e-03 3.430744372822668725e-02 -1.036916845034814572e-01 6.345310294246556126e-02 -7.352098039989282685e-02 -1.665526927854788786e-01 2.026675705754266421e-01 -1.436032140264762447e-01 9.908271969874563045e-02 1.267214559599098012e-01 2.691132402983379898e-02 -7.468495446655390446e-02 1.206098640772094721e-01 1.312488261821294633e-01 1.251592268715472078e-01 -1.268242922184483479e-01 3.322882292170935975e-02 -1.150598547671530109e-01 1.381084749996182026e-01 -8.182640607400919197e-02 -9.412818765487310571e-03 -6.692097024010240647e-02 2.755246201630461283e-03 1.137019304043755154e-02 1.838257564382830486e-02 2.897589922793897266e-02 2.303402905925868577e-02 9.180505379437636782e-02 3.746715697407526635e-02 8.662778804239876229e-02 -5.851473508233340226e-02 6.239456353058399352e-02 -1.685946705443391869e-01 -1.038754639397816426e-01 6.787282204486738690e-03 -3.955783032604731630e-02 2.506315212065592102e-02 4.941144797378588249e-02 9.526036712628313530e-02 -8.070410716332321321e-02 1.889592782248977060e-02 -3.205636424241757598e-02 1.528930589280765306e-01 4.520929842057908044e-02 -7.394106174899378603e-02 -6.748156894845902531e-02 1.557861322196762294e-02 -1.018869312052952947e-02 -6.683298622542895029e-02 1.371590393721811019e-03 4.909269178931989497e-02 1.671871393806212414e-02 2.840946077960093685e-03 1.885869630487033155e-02 1.219511738321851502e-01 -5.107880630107974884e-03 -9.105321402916144446e-02 -1.773092404390452792e-02 -7.459136714365238729e-03 4.140710587181517521e-02 -6.782499379492790137e-02 2.437886051430360190e-02 -8.828317773092153598e-02 1.958600633620988241e-02 -1.636318958619131791e-02 -1.887098223528339558e-01 3.282749331587915265e-01 -1.072592993295587160e-01 4.329669160062454836e-02 1.086575971394297957e-01 6.865542298787874476e-02 -4.816125940150017826e-02 -5.770599296781053766e-02
-2.439266446598855817e-02 2.873853329579010782e-02 8.052607589531475540e-02 -7.209806758434361695e-02 2.207308630954651213e-02 -4.156769418155463469e-02 1.698902578640009917e-02 1.466158147372121322e-02 4.484455380309656375e-02 -6.306795081770505754e-03 -4.732188002873754379e-02 4.217953719899146525e-02 1.024028821811218994e-02 3.448285461864982610e-02 7.006006704088102444e-03 -3.023289036297040558e-02 3.613023799266511238e-02 -1.991780060663647309e-02 1.108384383432180209e-02 -2.083060410375255338e-03 -6.356040806056227274e-03 -9.962108717062748489e-03 -1.773347373102571525e-02 8.941328804121234999e-03 2.587994361679839955e-02 7.743133879929521741e-03 -1.799713413360478839e-02 1.650689642244376060e-02 6.034055818759371907e-04 1.938966032986430901e-02 -1.181569875867297809e-02 1.080388708223659934e-02 -3.099920879849293182e-02 -3.950911640406577080e-02 4.780855626508330111e-03 2.548145022715146354e-02 -9.235909885460458213e-02 -2.645984622847133427e-02 -5.046342466448420355e-02 5.069750106685612379e-02 2.862335710015108045e-02 5.961013895161949155e-02 -8.542194473394650045e-02 -2.358292580550910497e-02 3.695739839742277766e-02 -7.524774239172113237e-04 6.217997807288880296e-02 1.910563414118799166e-02 -6.803365389294145638e-02 2.922432582884084210e-02 2.077486631492191094e-02 -2.863063675378591660e-02 1.030463246561572899e-01 3.185674968503383886e-02 1.201427893526652111e-04 -3.739597895317300913e-02 -2.915851268760581011e-02 6.858148861381282990e-02 -3.126135417169274150e-02 -7.539224567864127868e-03 -3.321793059993032038e-02 -1.895036932648680450e-02 4.216999049562487195e-02 5.127336365146646646e-02 -5.008330773845044021e-02 -4.630027288935002761e-02 5.735713181215811030e-02 -3.854044718393554760e-03 -7.378949024066544862e-03 -1.505711949807313731e-02 2.516566772411712657e-02 1.364441825107512614e-02 8.297229487713898843e-02 -2.116389803598985389e-02 -7.534063155296265996e-03 -2.942339896388619994e-02 -1.488781520405490534e-02 6.319178996821740724e-02 4.226720709648277424e-02 -3.565986425695423512e-02 2.382912667769448642e-02 -2.898788347099253565e-02 -1.296618201681871800e-02 5.955140134568700193e-03 1.178356836766946830e-01 -2.547745668177095815e-02 -1.783717086484684633e-03 -5.336030380390049260e-02 -1.674429766050833032e-02 7.663820281530571432e-03 1.021199361376851494e-01 -1.672305069190494972e-02 -2.205097132186297632e-02 9.789530868037474645e-03 -3.006477638831521991e-03 -3.921746916860194970e-02 1.925598857293523217e-02 -3.139935184474454410e-02 -2.250327290625967272e-02 4.570241004422116726e-02 -2.598724026247875227e-02 -5.519388885232867116e-03 -4.028622853233953388e-02 6.366973585569737915e-02 -4.232715884681050728e-02 1.514957150545604044e-02 1.027575213139095972e-02 7.769032829467670265e-03 1.569459793089749908e-02 1.982526483585415195e-02 3.724345967558854303e-02 2.913361260300460082e-02 1.903175801613343418e-02 -5.390322718200560997e-02 -3.908359059084152987e-02 8.551559408983798460e-03 -1.353122844407875225e-02 2.182443221882475123e-03 -1.253900968499876284e-02 4.019526497759447203e-03 -7.228987838922909526e-03 -5.110865145914765539e-03 4.406034930434485353e-02 4.406980799719019404e-02 -3.802443599144926523e-02 -7.139774922977623617e-02 2.735601038865046603e-02 4.874543780655694186e-02 -4.873826744185099508e-02 2.240877879587460653e-03 9.828057439410585461e-03 1.061231739794578702e-02 -4.941250336188276332e-03 3.049445913577418857e-02 -7.445414224596763955e-03 -1.221023933911111886e-02 3.365910264737305424e-02 -1.849263889476629452e-02 -1.216988537974602463e-02 -4.852935040957952889e-02 6.643741059829499918e-02 1.882185532453743357e-02 -7.137879502818996261e-04 -3.252754850895854533e-02
4.480951008163023275e-01 -1.280602074473773111e-02 -8.244865666779842284e-02 -1.582875798144849078e-02 -7.967034727149092249e-03 -3.935404522628181689e-02 -6.827480556494058828e-02 -8.493367867513032521e-02 1.909563327450439912e-02 4.013147316285852612e-02 -4.856578785887993854e-02 -6.522840194065643304e-02 8.330828784235300155e-02 4.412429227099802787e-01 -2.765743625069384121e-02 -6.422185446733241765e-02 -1.594482470085257231e-01 7.582701549066346580e-02 -3.232867208706224904e-02 -3.506889083711854649e-02 -7.499250775623531040e-02 5.352352935458090655e-03 -8.634683529747180786e-02 4.208500362384768462e-02 6.244873575836806801e-03 -3.829365749842982697e-02 4.964331429149104191e-01 7.588525670678231139e-02 -4.141464506547232194e-02 4.480741347525543650e-02 -2.939878277201386086e-02 -6.242509485043901130e-02 -8.893311646830739936e-02 -3.993082661640590114e-02 3.086792206204816424e-02 -2.314511013374477288e-01 -6.844930328769341377e-02 -2.655617874316241744e-01 -2.513795127270326835e-02 5.226564220471463518e-01 1.128991239814493286e-02 9.571724669164613508e-02 -1.117188974885238301e-01 -5.232603745278086721e-02 5.017115877597393137e-02 7.173611107772148721e-02 -2.815343676702489195e-01 -3.796101290584120297e-02 -6.476088283793859923e-02 -2.307487532616872838e-01 4.408867442276272197e-02 2.664498968796014111e-02 3.823057504070916379e-01 8.660908378375917205e-02 -4.944984810638128336e-02 9.476242510196297708e-02 -9.993087610391157560e-02 -1.158650468014003204e-01 -6.125458029425817630e-02 -3.667021179679171711e-02 -8.004301311680202258e-02 -1.174086131557765811e-01 -4.756234791215846469e-02 4.973608827976505609e-02 1.975451835723374128e-02 5.463559737483839607e-01 1.862671269443342756e-02 2.955343758265636250e-02 -1.539225458132791047e-01 8.688670393420286353e-02 -1.074909763589375622e-01 -1.340841113935402062e-01 -1.048321185172159525e-01 -1.980153052769612343e-01 -7.568126082504289531e-03 -2.271387730111897388e-02 1.873605811475678729e-02 1.238818200248244933e-01 4.638021857206153786e-01 -4.618512780984879162e-04 -5.526262120568773556e-02 6.244592881789459704e-02 -1.133135252253452685e-01 2.483730199265852395e-02 -5.029919677317448712e-02 -4.910902473507974125e-02 -6.178746401977527891e-02 1.018491935264942971e-01 3.046174030362366197e-02 1.447942779013928760e-01 -5.526985191412131515e-02 4.448256814090381095e-01 -1.448693100298394376e-01 -1.277375048245407152e-01 -1.064734881796103733e-01 -1.656157298702229663e-01 4.189136172176741169e-02 -9.889671024303008096e-02 -4.508736423640706537e-02 1.082877527243559929e-01 -3.222198817594894293e-02 9.004641068004776150e-03 -6.040839688567797849e-02 -1.226713535782351649e-01 4.355527340917011436e-01 4.576455955237403173e-02 -1.123840942073607019e-01 -1.661279784268551440e-01 5.437470391541421311e-02 -4.453745361678079773e-02 -1.792802484696477960e-01 2.845410745428891830e-02 -1.900061840630868359e-01 2.103591218350624736e-01 6.218469640904866758e-02 -2.511406816013750376e-01 -2.804373902061199630e-02 6.438438437384192969e-01 -7.620128063287634479e-02 1.617339944600600099e-02 5.978070648358052575e-02 -6.407323229813213783e-02 2.943750699411248894e-02 -2.206085904281468724e-01 -1.638229985755718099e-02 -1.239808031455267995e-01 1.285958326890865311e-02 -4.883558307286013644e-02 -1.095126759018013596e-01 3.882097218819491324e-03 6.565003268944218373e-01 -6.071082152780266777e-02 1.923401164341093095e-02 8.977772734602629257e-02 -3.031353426440436261e-01 -1.345411827677656103e-01 1.541918229553557174e-02 -4.767339996613320641e-02 1.178176082360151145e-01 -1.795518129434234555e-01 -1.039053145046152371e-01 1.572893855883349956e-01 3.167070948209338432e-03 5.244179081430346834e-01
4.756397070270835387e-02 5.761651239406734293e-02 -1.588380370106970696e-01 -3.285482030276307142e-02 2.716529422213657019e-04 -4.321656637317012641e-03 -3.171712455068865372e-02 5.674107827009513411e-02 9.253076192163414704e-02 -9.843154596597437911e-03 -2.176295806468312236e-03 -3.681677925246315541e-02 4.833869665468824850e-02 7.713741536876253524e-02 1.669845586004265608e-02 -1.623872215017067508e-02 -4.446259289040445373e-02 1.206792586929458372e-01 -1.159114545516197609e-01 5.001452638640804804e-02 -1.013730876430186112e-01 -2.087822197130544122e-03 -2.163403425504355562e-02 -2.237223565506759167e-05 4.665287429346924586e-02 6.157724358917584379e-02 1.478712313215978062e-02 6.268733657613342891e-02 -2.157205228228761471e-02 4.132844639399314152e-02 -7.884370691913794582e-02 9.352114042978710347e-04 -1.244942433491751793e-01 -3.796546428110753740e-02 1.747442783429005789e-02 4.705624501344450594e-03 4.321746453676861277e-02 6.667993766852262083e-02 -8.148821200985313651e-02 -9.821824941704296319e-02 9.334591638606298813e-02 -1.181840865337490665e-01 4.002774417609410162e-02 5.659200933469191869e-02 1.235321449869508786e-01 -7.430128652348348683e-02 -1.090722929358615423e-01 7.084335975322660073e-02 9.747225667603570676e-02 1.686453632547462722e-01 3.320763883448013543e-02 -1.012642726981435870e-02 -4.526307836592062539e-02 -1.481396120483914336e-01 1.242336924909186874e-01 -2.683004377766372989e-02 5.156111552554042132e-02 -1.381917667060687249e-01 -4.145947850592659328e-02 -3.249765818915731071e-04 1.398057849411276921e-01 4.061940442905189082e-03 1.046912230047915976e-01 1.721768473576456779e-02 -1.966155772071262117e-02 9.403936146694699683e-02 -1.454890377584094063e-01 -5.283711486329248364e-02 -8.278143911516680498e-02 -2.863287294831413227e-02 -6.003149013560720587e-02 2.304464559961572762e-02 1.127159575790830787e-01 7.350042604200687779e-02 -2.753816524055083693e-03 2.415384588810244246e-02 -5.627810081222987815e-02 -1.179980409528826463e-01 1.002397646395625508e-01 1.330113291872260343e-02 -3.110082885211514284e-02 -7.792655253113402528e-03 2.300432828808819663e-02 -7.965652012391760683e-02 4.763548518429484846e-02 2.145266987342336895e-02 -6.662964262398361759e-02 -1.201480648726663096e-02 3.127682562778117542e-02 -2.201004557471265485e-02 9.244400238761057639e-03 9.544644762022149939e-03 8.419636014526067289e-03 -2.822801692137408627e-02 -1.448519237630365927e-02 1.146730151963944525e-02 4.055816583371019135e-02 4.009296245612685439e-02 1.319769692462446908e-02 -1.479245902301210003e-02 -9.853526719462157857e-04 6.701123419542737158e-02 -6.896207124646203113e-02 2.856836006710394837e-02 -8.440515455264185896e-02 -1.070155456400057048e-02 -1.051790655125258919e-02 1.718052163031513757e-02 -1.997893743092143959e-03 -4.397386470470162484e-02 -1.690275370838484892e-01 -3.272407134429727860e-02 2.567113125590481104e-02 1.905905370223170969e-02 -1.852709003335278881e-02 7.343108604981093968e-02 7.410232550221051984e-02 1.946781896135252321e-02 3.853313025499077726e-02 -1.969215703205762225e-02 8.481547017633089824e-02 3.199320718259392876e-02 8.361772733271433111e-03 -2.262539973159599649e-02 4.628682970559833132e-02 -6.504455039838646924e-02 -7.005005309259332291e-02 5.007747649744162532e-02 -3.035045609460162996e-03 -1.150383466959770118e-02 -8.733348628167134087e-02 3.274777593446867585e-02 -6.379471945509265773e-02 2.343182733235138482e-02 -1.338994841002244529e-02 3.618694676901641760e-02 -2.360248395231406837e-02 -1.363027518485770972e-02 3.497267013461979879e-04 -1.839463436728333567e-02 7.060828153491405246e-02 -4.649899072356122876e-02 1.678309251828598303e-02 2.295480841623365187e-02
-1.261868800214741571e-01 3.508943890753995348e-02 -2.605058190787691921e-02 -1.990223472182107295e-02 -9.295213793092135801e-02 -4.975321196016825598e-02 3.331704539374413191e-03 1.019298177717958553e-01 1.116055932524929184e-01 1.395561600439466921e-02 -5.566683854894679574e-03 4.658031009466682970e-02 1.029589289237572841e-01 7.542332772791758219e-03 -3.158368091350705260e-04 7.478702194876883647e-02 1.122072328085058600e-02 -6.155886664646527395e-02 -6.195783514528242081e-02 1.150366677431173268e-01 -1.234242544167401257e-01 1.531157161141384268e-02 -9.933083485733393281e-03 -8.500034337932463324e-02 1.770891848383145117e-02 2.438229245419524030e-02 -1.266164954778166082e-02 3.223359465844365113e-02 -3.451495114602661299e-03 3.234366264159075494e-02 1.460283905389533551e-02 -6.467384921665157715e-02 5.403522376131765503e-02 -1.014811484294935173e-01 2.019706714016599597e-02 7.570555465659549628e-03 -5.556176718981650081e-02 -3.476259323809985369e-02 -1.781042923460232283e-02 -4.126792261406461021e-02 -4.502629297903707611e-02 2.751949293431708507e-02 -1.941920664474013070e-02 -2.886142333583103722e-02 1.169429139562489089e-01 7.375951054329387725e-03 1.127352186627818796e-02 1.121776834298816722e-01 2.524341917803103047e-02 6.567600258791697100e-03 -1.783823710037087812e-02 -3.785338059512714792e-02 -4.851840769430374942e-03 5.434508246074896964e-02 2.487101938925554909e-02 -1.945300091122353567e-02 6.828746490354967169e-02 -6.332126400638392327e-02 4.911919475408698353e-03 -2.906654939995408429e-02 6.150515662701232927e-02 -8.787063216947495203e-02 4.439635248169445519e-02 5.867123014195017860e-02 4.664774395460288131e-02 5.011208031181099004e-02 -1.558447711673227425e-02 -8.212639306524362193e-02 -1.085125119547297456e-01 3.807943552094607276e-02 4.283178480260922683e-02 7.863969956365042015e-04 5.301543061925807765e-02 -2.694951755363539717e-02 -2.534208073608429021e-02 6.698947639015515043e-02 1.306464958525577202e-01 3.189309179371693781e-02 -6.098086885507431748e-02 1.126086719899995099e-02 -9.141538613134922442e-02 5.962997430655916226e-02 -1.468821886382926968e-02 -1.165246213730632141e-01 -9.661534101573589217e-02 7.720231235399832581e-02 -6.629230023166154950e-02 -2.118541196233821033e-02 -6.040480024931803998e-03 -3.149112122148704784e-02 3.356708504548444605e-02 -5.948941449877566748e-03 2.838988324522528917e-02 2.516694297680286546e-02 3.753349091227174694e-02 4.953392475483653357e-03 -5.993866003134828285e-02 7.193568744513985369e-02 5.268364286306106981e-02 7.794508970372232559e-04 -5.101171619691757808e-02 -1.691561822740875187e-02 6.727905879479220697e-02 -5.739244799485544030e-02 -4.628182437617269634e-02 1.564522840811961857e-02 6.847995376866332362e-03 2.312227049178048471e-02 1.654202773505666912e-02 5.104854520914602067e-02 2.903307794161278516e-02 -1.431732817318335724e-02 -6.204055166936948973e-02 -1.688181926476497313e-02 -2.500286644655225904e-02 4.595139604352982410e-02 6.532409503485533953e-03 1.367357083927592601e-02 -7.446389174738379801e-02 4.506223379661372652e-02 1.011560709635202782e-01 -4.053718460932562162e-02 8.642852598574286838e-03 -3.722025685333949646e-02 2.791783612275265669e-02 -3.360086600211727170e-02 8.604639864254061410e-03 2.037740327407092100e-02 -8.548313181463042254e-02 2.617806980425882446e-02 4.393400376683336689e-02 -2.112388462129116684e-02 3.932194922571344287e-02 -8.154027905371051543e-02 5.833856504721450509e-02 -3.822176414704763631e-02 1.234631023981456743e-01 5.154748215047733062e-02 1.013665633673670879e-01 -1.543415695255490050e-02 -1.685393580526128865e-02 -9.143597036419842672e-03 -2.349398368166879733e-03 -9.557754416737782033e-02
4.000533217835910982e-01 6.087892055386787127e-02 2.522575248285627292e-02 8.756219324533234816e-02 -1.449600443295003538e-01 -7.791150445657255008e-02 -9.220606736847380969e-02 -1.413254280224115478e-01 -2.579279137427861746e-02 7.055401042512257637e-02 -1.790242903913167316e-01 -1.994961941116019100e-02 -1.011758773829999347e-01 5.942527066290770321e-01 1.027862684538576876e-01 -4.491678405513735428e-02 -9.683365346822406239e-02 -9.573264649626898881e-02 -2.384710095363918314e-01 -1.520932552616671429e-01 -9.316251669955647602e-03 -1.619415292557420394e-02 -1.122809593871231387e-01 2.805928539883021378e-01 1.995020373910576239e-03 6.648737196924797699e-02 6.001854072741885648e-01 -2.674714093522507358e-02 4.369445075949694723e-02 -1.354813168727585504e-01 -2.878395573471614899e-01 -8.337813841452265673e-02 1.211605701921557310e-01 -1.784893150637367198e-01 1.626738727020964753e-02 7.496367210618071208e-02 2.875627667600145002e-02 -1.726005616279861765e-02 -1.299398924698922930e-01 6.719478761397774669e-01 -3.597607648859002527e-02 -1.258790965915100868e-01 -1.104648924038288405e-01 -1.409388130799941741e-01 -1.006247825494535203e-01 -4.876706383196348360e-02 -1.485201533841274957e-01 3.658898543781533008e-02 -1.269164573235795623e-01 2.523984375622481680e-02 -6.671555336618131826e-03 -3.886787341074267321e-02 4.076411475814554208e-01 -1.052042686072513500e-01 -1.053591707811237232e-01 2.178046619792475824e-02 -1.798225737061761448e-02 -8.598157865048655646e-02 9.411453971784564110e-02 1.844554733411644942e-01 -1.078731731970325458e-02 -1.983637475241883247e-02 -3.265674964791455415e-02 3.054655129190561591e-02 -1.078807686814795275e-01 5.313999563760858358e-01 -2.057925305054492948e-01 -4.768009086183762346e-02 -1.189925181597029785e-01 -1.886313311907985013e-01 -3.730986247794282340e-02 2.557033632686444014e-01 1.498566651557259322e-02 -2.532447227552103719e-02 -2.104031998157097072e-01 1.288281617406430990e-01 -5.609928966220499580e-02 -5.708795867614378794e-02 5.392103742304524827e-01 -1.786284908993231862e-02 -1.603799525225770017e-01 9.673001418239512983e-03 -1.325357114128018488e-01 -4.197325108864150001e-02 1.635722161326082918e-02 -8.439632524761653265e-02 -6.478469744495951588e-03 6.321431619131365198e-02 1.070767205921324822e-01 -1.147456124704564900e-01 -1.194976600595584748e-01 5.211826954726648253e-01 -1.413831068063138852e-01 -2.485944598717187981e-01 -2.079383088183638789e-02 1.523512963339797299e-01 -2.996265190237717979e-02 4.092430745441821838e-02 5.230182775942010531e-02 5.469016232187873250e-02 4.165040601475381021e-02 -1.149202067038901376e-01 -6.109900115078148453e-02 -1.591862215206832076e-01 5.118360404655490914e-01 7.488821652676416751e-02 -1.212283746398153395e-01 -1.673212349802679633e-01 -4.579501620066103729e-02 3.213341909385916684e-02 -9.303803037173211110e-02 1.714818638864150369e-02 -5.391889392663337666e-02 -1.781335380037552540e-01 -5.203411944535438205e-02 -2.213773978269923948e-01 5.622078543680930629e-02 5.593440674025215165e-01 -3.935470918655994271e-02 5.940750929287885729e-02 -9.151595188692007721e-02 -4.497126799522785379e-02 1.351484389382392459e-01 -4.608620439128041646e-02 7.804211393457163859e-02 -1.666888840630819102e-01 -2.269429288855520088e-01 -1.434999364538891986e-01 -1.927171785874093324e-03 -7.161573456871050958e-02 4.896152825916088025e-01 2.375708460033882918e-01 -7.344995431978040834e-02 5.607343897733266247e-02 -1.425743795954994009e-01 1.358769282490414065e-01 -8.670774239059775290e-02 1.696172640014437238e-02 -1.052049129393899385e-01 1.740606325229374085e-02 -3.263037117057067116e-01 -5.070001570829724136e-02 3.639092476299776724e-02 5.617060373339426427e-01
1.005176414349508718e-01 -9.858300520954206558e-02 2.083232575781687745e-02 4.317512106222513857e-02 1.903142247099000872e-01 7.643213324654407614e-02 -5.235397726502599713e-02 -3.563688825284989925e-02 6.716199457421639929e-02 -8.882667378629401089e-02 -1.160938597209727613e-01 -3.188594115075903818e-02 -8.979298953788171847e-03 6.258869241377015835e-02 -1.482978723570314850e-02 9.918478993042133263e-02 -3.828524905683755586e-02 -2.291849180228275676e-02 -1.481095908842929576e-01 3.528573809553205154e-02 1.001853991980782704e-02 2.400803313848877060e-02 -1.006956269505860646e-01 6.472281732530245357e-02 2.813851966916655969e-02 -4.315994257072153228e-02 -2.210412779512341969e-02 1.107217782841523751e-01 5.813235312065487964e-02 -2.173871617839778086e-02 -2.614508241411097906e-03 -1.666755258721896245e-04 1.292958477505433759e-02 -1.373837899763118153e-01 6.154028875705125357e-02 -6.316277959624914951e-02 -6.143179445297590469e-02 4.860586187183602719e-02 -2.810528236803339769e-02 1.800134977029187178e-02 -4.667665144135531990e-02 -5.882035931865776945e-02 -3.465683419598256099e-03 9.698562239055168871e-03 -5.323996571140209889e-03 2.393534702024965877e-02 5.527187134472239666e-02 3.163500935807109921e-02 -6.777746006139476198e-02 -2.906758019643176580e-03 2.748956448000217101e-02 6.517968491825812394e-02 -2.551214672212623238e-03 -6.660381262436604506e-03 -1.889115839881442410e-02 -5.656720931468768934e-03 1.384692109436336423e-02 1.399861906340524190e-03 -1.533445927912814935e-02 1.775057395685367481e-02 -9.106275138315438056e-02 -9.767355921603079749e-02 1.126470046839927464e-01 4.230794707498908291e-02 1.486638272185539407e-02 1.702725032599351805e-03 8.692927368352964049e-03 -7.741954634311933037e-02 1.399478128184226955e-02 3.874764228051683079e-02 -1.376553388433659347e-02 9.880445921563059397e-02 -5.933521728655466454e-03 -6.331080693825394401e-02 -1.161998191137928946e-02 9.153906655886981381e-02 8.065691485869341815e-02 -1.473429125259245916e-02 -1.403039725321058445e-02 -1.567101193914416379e-02 7.663487369557261952e-02 -1.211838060769697689e-01 2.592220561785733152e-02 -6.821220364987362617e-03 -7.395489728911773530e-02 9.534282415434676070e-03 1.956687613608395493e-01 -4.975158291175375141e-02 -8.088528339264977607e-02 -1.520090340033785140e-02 9.179765179486146232e-02 2.702735430840372960e-02 -1.187937056572894862e-01 1.420237332334376712e-01 -1.104186840241700163e-01 2.222279269885092667e-02 -5.957447655634043326e-02 -7.055571912253622013e-02 1.461605547956956741e-01 3.222748645471640305e-02 8.950821821168016001e-02 6.367220774204164491e-02 -2.036559412115396261e-02 -5.920334746348502458e-02 -8.188484004302776231e-03 8.391089168096027562e-02 -1.646099688300720898e-01 4.863000869641660728e-02 5.593908958294376010e-02 -8.612464418396038879e-02 5.527101262154021644e-02 8.954044902543789597e-02 1.106765110006892455e-01 -9.302408037571190808e-03 -3.156080110583187048e-02 -3.317390476181958370e-03 1.001037794849526930e-02 -9.407455882994331109e-02 -5.449814775145192525e-02 -8.088811987190303032e-03 -7.924257726829839199e-02 -1.199833546585365035e-01 1.114809262292869030e-01 9.913230133233430497e-02 9.888995939032615978e-02 3.662704388599832134e-04 6.526862097931185325e-03 -8.782511228115523483e-02 5.820061311817478766e-02 -4.912397993651235195e-02 -3.555352789380625267e-02 6.878782814365788645e-02 -4.905859515997593179e-02 1.335885784459700520e-03 1.924549719623295241e-01 2.542085841555186132e-03 1.281426061648510695e-02 -6.830402469401665455e-02 7.088798637471804831e-02 4.600980913615425327e-02 -3.649796631106061451e-02 2.510991676415513796e-02 -1.603798990533471247e-01 3.654007715961084257e-02
7.010143970646717793e-02 -9.328441440984347466e-02 8.857144284198053066e-03 4.499307221255900713e-02 5.195605801975879123e-02 1.374668959301209858e-01 -1.285123857575967872e-02 7.989970576569098773e-03 7.275353476564857917e-03 -1.988618708128329221e-02 3.308633388895655669e-02 -1.160813649794220637e-01 7.288112231735699442e-02 9.597003324715584760e-02 1.697974048220372845e-02 9.495380016530954870e-03 8.731215299770016258e-02 1.023922168007042680e-02 -4.029593080559020629e-02 1.883044397822261282e-02 -1.467067042784132164e-02 -1.600982698237478075e-01 -1.542909205282515066e-02 5.654947290341171690e-03 -9.099085151070136768e-02 9.043479543100219065e-02 -1.056860528521165743e-01 -7.938103940138135917e-02 4.824853720477700891e-02 1.992510636830522458e-02 7.736064594589860122e-02 -1.060105766466777483e-01 3.898134262061453414e-02 -1.194121988844598914e-01 6.496683316014489895e-02 4.179095157387818782e-02 -3.897728554928119992e-03 -8.237196284343366315e-02 6.788939336858438624e-03 -1.426250115050020813e-02 5.654975826640825688e-03 3.475490197019032168e-02 2.574478607582880718e-02 -4.204225321097484341e-02 -3.621668613372638901e-02 -2.782121327847106307e-02 1.044385950509642835e-01 3.171825503795056705e-02 -8.105291903560947475e-02 -7.378049215122467475e-02 1.230046934077999414e-02 7.688815842899578146e-02 -3.648256092247901053e-03 -1.056524105718148129e-02 -1.415696762798214839e-02 -4.568384314102969662e-02 4.452650362342678442e-02 9.805731297892256171e-02 3.111372669721950562e-02 -6.047595228422193714e-02 -8.457987984180783889e-03 1.193190417458659530e-01 -1.093319693733761089e-01 -3.576066083982170490e-02 -5.224229239541185871e-02 2.615737460691947708e-02 -4.599475555405826803e-03 -1.041574516927896120e-02 3.824505195252839856e-02 4.522726950073965163e-02 -3.346802019808488293e-02 -5.535410768281708374e-03 -1.148416285382962976e-01 -1.203320042165237184e-02 1.971663318683633190e-02 1.837081611098307504e-02 5.440028337008157716e-02 -9.333324601350238836e-02 4.700644105580262244e-02 1.433493557644546085e-02 -3.454153086359636887e-02 8.758188164487293315e-02 -2.128309757203082631e-02 4.017808918841057897e-02 -8.635247153456539204e-02 5.278075334146357933e-02 -1.261328274110959033e-02 7.657486494307341740e-02 1.683353322261408594e-03 -4.124364982040300276e-02 2.186985906425820136e-02 -1.224511142316326850e-01 -1.359504716471641485e-02 1.597280176691881770e-01 3.505645416626007593e-02 -8.075336249469394767e-02 -3.247391762251833347e-03 -2.675616121267501701e-02 -5.340787681188549629e-02 -2.429360635600227858e-02 7.294370170597708203e-02 2.582457570500003990e-02 -5.314921088026866580e-02 1.032114110021356557e-02 -6.253044285355954801e-02 9.097598547449797790e-02 5.627626722492032330e-02 4.405002114923153855e-02 1.043495141204373589e-01 7.869354740851974839e-02 -3.087423125343946584e-02 -7.367915763390561756e-02 -1.319376085681333022e-01 4.461304729817083814e-02 6.102965391584222465e-02 3.999340130754330813e-02 -1.833412802955635898e-02 -1.114443800050543554e-01 -1.015731564766486628e-02 5.311621923045495297e-02 -2.750951211686336606e-04 -3.472856739676344340e-02 6.074903203393816620e-02 -5.366626845000463386e-02 -4.187934146758837128e-02 -1.000030179712629308e-01 6.759127887567087378e-02 4.990520377055993051e-02 8.011884466427003637e-02 7.210866502040902404e-02 -1.518326833551292832e-01 4.862184627017540617e-02 1.114843401911378429e-01 -8.362424013030134162e-02 8.481413254747516284e-02 7.406128503534969987e-02 -9.130634839287221638e-03 2.708881837209398125e-02 -1.201866972200597017e-01 1.726146965997265026e-01 2.953612267366950705e-02 -1.187148039525869336e-01 -4.265097079287638593e-02 1.315082605696127338e-02
4.159717800774958563e-01 1.014160964082399252e-01 -1.721464596372851985e-01 3.325610419082425384e-02 1.740365722814554358e-02 -1.045802179005179827e-01 -4.938254461151238284e-04 8.649658167250103696e-03 -5.726777043062304673e-02 3.078759062473636343e-02 -4.544724091879998040e-02 -1.668956731298952834e-01 -5.227745494330274245e-02 3.527833473882424076e-01 1.576014342895665221e-01 -1.284962661897009750e-01 -5.959597903383864748e-03 3.570973732766094533e-02 -2.593110126317687558e-01 -3.960319953621924127e-02 -1.806169742431841529e-02 1.002479503582619225e-01 6.887470763505132432e-02 -1.069008825706546373e-01 -2.758715498559887180e-01 -3.657767899534244277e-02 5.936842278978864407e-01 -1.930021261555630863e-01 -2.052134276739188759e-02 1.663255462822211539e-01 -2.486264614051468813e-01 8.659331393151850631e-02 -1.220776794589554792e-01 1.197600116283425165e-01 1.651829387690944839e-01 1.122090057246524775e-02 7.554186242591466593e-02 8.917812926254388081e-03 -9.097491063458168492e-03 5.557969552965487114e-01 -5.529120455365954534e-02 -6.512648548338140220e-02 -5.372121850853545100e-02 -6.527262336228312201e-02 -1.269820757902921093e-01 -9.844052054079406588e-02 -9.692958525648182055e-02 -4.559575143921618112e-02 -1.172074946750702867e-02 -3.753175654770039837e-02 -3.942542265535829010e-02 -1.023624990513023053e-01 3.185250834573105649e-01 -1.643037651676837463e-03 1.185136138964163963e-02 5.507210801116899784e-02 -4.698894425266629538e-02 -3.064615088308105320e-03 -4.004494455599825163e-03 1.199830076423926556e-02 -1.385735943490154498e-01 -1.031769975506373338e-01 1.410599364109246245e-01 -4.663395857470209460e-02 9.804862500523908037e-03 7.383305947916403156e-01 -1.735605706706795370e-01 4.969041512543791173e-02 -9.773479908769802660e-02 1.675338104172378606e-01 -8.803262086469823555e-02 -7.232235185060470473e-02 1.651980160278792090e-02 -2.044760750863894028e-01 -2.218670188567171964e-02 -9.483289003569078668e-02 4.206226204102647692e-02 7.178946621241927978e-03 3.695224819079925282e-01 -2.319154575608598640e-02 -6.255692684848442042e-02 1.136440260215872133e-02 1.106288935163667886e-01 -1.338411517750547897e-01 -1.540769396650557357e-02 -1.548888609216652612e-01 5.888741371513132872e-02 -1.473944206934561796e-01 4.445039744939009718e-02 -1.674875563499919617e-02 -1.118194476492301304e-01 4.227816847864286354e-01 -7.808844133106976337e-02 3.850693283898919822e-02 2.275719170421032500e-01 -7.201792634531208048e-02 -8.907656421881340880e-02 -2.848652406123258762e-02 1.356736927499256617e-02 -2.055665707864445524e-01 2.120783872559525718e-03 -1.045366640581155138e-02 -1.961312924714780359e-01 -6.685470658890649287e-02 4.584136602935395266e-01 -4.256329493425628496e-02 1.507697988774565900e-01 -5.247002160927236036e-02 3.012544504324657368e-03 6.559384107078214399e-02 2.745708990824399440e-02 -1.210017664717795149e-01 1.390598838803357162e-02 7.507351173992936333e-02 -1.014517136085702764e-01 1.104874110958648792e-01 -9.245166713253435975e-02 3.598318804800678672e-01 -5.854201825096476408e-02 -5.878416905738596820e-02 -3.315828560314090095e-02 -1.138845165317181607e-01 1.372411894786927655e-01 -1.668990812534582036e-01 -2.406796795949800449e-02 -7.209347668127291664e-02 -1.012932916721063642e-01 1.101646785346619972e-01 2.363041323827175244e-02 -6.480697405935958999e-02 5.114552543331939427e-01 -1.917899467154249860e-01 -1.286440324639113730e-01 1.747671819576351870e-02 5.019266178788243937e-02 4.233867130665594503e-02 2.245917835209787494e-02 3.531023523918974671e-02 -1.416626596426019957e-01 6.506120099570583681e-02 -8.993265434017772009e-02 -6.938254849560454574e-03 -1.749552448386644532e-01 4.596444147804671365e-01
-9.998321317243936968e-02 -1.652006422136889086e-01 1.212948582841940487e-02 1.140854422245375505e-01 -1.195188619401640895e-01 4.893296255199579238e-04 -5.771060850257334063e-02 1.537359254120923557e-01 5.693698581179634441e-03 2.096761561412622925e-03 1.086917183251895624e-01 7.647342314673140351e-02 -1.618011321254442803e-01 -1.446139368448655545e-02 -6.882189425044890618e-02 2.857634165120763459e-02 5.229460629707654434e-02 -5.048980780299795745e-02 -8.345395515117363938e-02 1.259058945158704201e-01 -1.728398906350727543e-02 -6.520993387827395127e-02 1.913619729217278520e-01 3.559333118012966701e-02 7.327961915599308373e-02 -1.304207218297666337e-01 1.288899505028429093e-01 6.228681986187376701e-02 -2.674313159263455239e-02 1.571493994292957885e-02 1.173320931476256202e-03 -1.723098118940119827e-01 9.793354024253835693e-03 2.780716007892811148e-02 1.140645311959775782e-01 -1.551221768632453923e-01 4.479543499141408654e-03 1.369949098816677091e-01 -1.266827293841902777e-02 6.548312622608458422e-03 1.351945986539412024e-02 -4.100658693992388637e-02 -4.822363715979004033e-03 -1.858710258903340309e-02 -5.145991288749642706e-02 7.750584741112838232e-03 3.832433362883909227e-03 -3.548879430315892564e-02 1.302430129819128445e-02 -4.983287408781804373e-02 4.429193868623478719e-02 3.491245056099684385e-02 4.143713085913304506e-02 -1.613256778364224875e-02 -1.170770052162252856e-01 2.200777249610057912e-02 -3.894086006192944149e-02 -1.236301353776960849e-01 1.808632949195676520e-01 -1.871472458330638786e-02 -1.489140342927498806e-01 -3.888613581159737053e-03 -1.269468305931225338e-01 -3.717948208929133802e-02 -2.705715715817193570e-02 -2.684853246427741993e-02 1.993077437259951207e-02 9.739974790641175995e-02 6.086076759669854092e-02 3.445983282549253124e-02 6.756044763331928160e-02 9.427123606974066594e-02 -6.428970951710467896e-02 -4.347384940632525140e-03 4.780979638043453966e-02 2.159950026046299210e-02 -8.507378257835060409e-02 -1.284354458222438933e-01 1.424244749673072782e-02 2.654078976759464623e-02 9.183444226897602078e-03 -3.516483534563110552e-02 3.065307581877762394e-02 1.329374772497096402e-01 8.936344354712780214e-02 2.633251884536744539e-02 7.381630210248325830e-02 3.717404623628626364e-02 6.413686680135821661e-02 2.315270316560643152e-02 -2.823317469788655040e-02 -1.381428655840286346e-01 -6.190383752940672307e-02 5.488088642384139626e-02 9.749789843756784258e-02 -2.662686144855930248e-01 1.412426494680224520e-02 -7.333614154267042995e-02 5.958229777084125128e-02 3.799829672910129408e-02 9.224333774145276887e-03 5.934292973912860814e-03 -2.628867421355945977e-02 -2.366799160268293067e-02 -1.220500493081322357e-02 -6.584742367150903108e-02 9.091816613006944992e-02 -2.403921815288394270e-02 -8.887460478200412406e-02 9.761628412386899600e-02 -4.788869450835440272e-02 -3.166937055623118835e-02 -1.940839963035953866e-02 -1.169895218759875455e-01 2.395293860464123292e-04 1.012311575806204289e-01 -5.024683694461630490e-02 9.803573356508551995e-02 -1.842790106726911736e-02 9.784788407763650442e-02 -4.469393516053465909e-03 4.320781783613492077e-02 -1.134524144728942391e-01 2.587598037824134778e-02 1.207079372512484539e-01 9.992597693370194878e-02 -1.657110282801284584e-01 1.442009199679595566e-01 -5.224744178411994122e-02 -1.269203460077250600e-03 1.231181305088677874e-01 -1.472907862036216542e-01 4.971418802049915042e-02 -5.062886424337043056e-02 -3.215284666852563644e-02 -1.432631959721369919e-02 4.471151173787640820e-02 9.449951391525658606e-02 -2.796995802049871693e-02 4.150691215785692889e-03 -1.742555307334922587e-02 1.142769008973989753e-01 6.034534115100118057e-02 -1.744035703158872408e-01
1.080361246856828966e-01 6.100944022558622837e-02 -4.089750474220938195e-03 2.523178398946415713e-02 -5.398685052198298057e-02 -5.521681763452053818e-03 -6.279540338005851208e-02 2.421754121952167035e-02 -6.071790026035352866e-02 -3.640026610594656199e-03 -3.881666688188663283e-02 8.876116173416295080e-03 3.769210843499119085e-02 4.362837546379633863e-02 -7.636702568614340061e-03 6.267632230968525620e-02 5.654959791955018605e-02 -9.719097438239249209e-02 -7.411792226752070278e-02 -4.612687357657810350e-02 2.798774411530169023e-02 -2.734194398573503229e-02 -8.782037572754308741e-02 7.892783600555616785e-02 -4.677674381153412025e-02 -4.200589593471579231e-02 2.277674272803106512e-02 -1.006159344545431711e-01 -2.842436457627901120e-03 5.723261433747748109e-03 4.389935884992582360e-02 3.557264346460792953e-02 8.185280675399557102e-03 6.273605731099628213e-02 1.098959394626880179e-02 5.467555998554252117e-02 -1.064459095222664298e-01 8.197259672670496877e-02 3.787299543147533420e-02 -5.164067204903818181e-02 -3.997444281964765943e-03 3.461964646505900217e-02 8.101137404921546215e-02 3.569741443634203565e-02 -3.586772889685719418e-02 -1.853486224443624472e-02 9.727440570273179765e-02 -6.223078732271696001e-02 6.502284907155232718e-02 -5.847785894106249244e-02 -5.316501735189182488e-04 2.136601125146119634e-02 -6.155372235507325710e-05 -3.164299839938563425e-02 -2.176942870956482395e-02 -6.701565605317331975e-02 6.662186273805358050e-02 6.284582095960714043e-02 -2.066121981332338237e-02 -9.788291855589289700e-03 7.141327032733742197e-02 -3.975083306682492684e-02 -3.527755077254306725e-03 -3.135292890345144079e-02 4.437963983987201766e-02 -4.832007115065813790e-02 -1.611127430236702560e-02 -1.218359505205252220e-02 1.022987594408664158e-01 2.108550914597455764e-02 -4.125201945115188756e-02 -3.026372332503882850e-02 -5.425543697676458998e-02 -6.537194268250740015e-02 2.049679865306498761e-03 -1.871977787979737726e-02 -1.477877416317058962e-02 1.843341191718932473e-02 6.030697698791252087e-02 1.351960750864729666e-01 -1.129690714548635400e-02 -9.674339329105564877e-02 4.876706283628314681e-02 -6.242649561713068708e-03 -6.870776431455498379e-02 -2.425758156282110597e-02 2.885535666478049321e-02 3.730400380365364241e-04 6.533589948694903948e-02 -1.788960500169739162e-02 3.072218539450935829e-02 -3.880956471958669357e-02 6.920920057210435935e-04 9.290265253296517423e-02 -7.160508778547572395e-02 4.521090145112081904e-02 1.499211722158710902e-02 5.275535011766474547e-02 4.329784317380624969e-03 -1.237557799373867340e-02 -4.194602772978650584e-02 4.365404597327315894e-02 1.513136110619561769e-02 -1.053548403662585287e-02 -4.870630078889504055e-02 -2.912422593817132199e-02 6.539183540852569476e-02 -2.691971188549202587e-02 4.293423626674355842e-02 6.160378996332882551e-02 -7.520732557468612356e-02 4.412898610516702291e-02 -4.740977151235503673e-02 4.648529274979007475e-02 1.895236102170905212e-03 8.721715409272112751e-02 -8.755796734791765346e-03 -1.114661159165166726e-01 2.298526580807780384e-02 -6.576125711158486986e-02 -8.095162248936055294e-02 -5.115549739361990866e-02 6.186656527808764849e-02 6.532469901939075285e-02 3.338711173738928562e-02 4.033829589286219708e-02 1.997163550006297861e-02 -4.082846510884197144e-02 -7.602186169119928838e-02 1.259967057908726318e-01 1.532330934228934294e-02 -6.425748366012484780e-02 -6.742170183493870206e-02 8.084060985170227198e-03 -3.094460737360427149e-02 9.549787240620943862e-03 4.360154014411654622e-02 1.066648847417916990e-02 3.578439055592186335e-02 -9.408895430672359339e-03 2.842746773002913230e-02 1.265033371076274005e-02 -1.863526128101425372e-02 -4.157420561452518371e-04
3.227861538678986064e-01 1.172124643058707408e-02 -5.273674746841332250e-02 -8.270304341339851373e-02 -4.387598081570682346e-02 -5.806290694617505244e-02 -2.565820293967064902e-01 -5.719247640438453184e-02 5.917386221443833583e-02 -2.946559308082506712e-02 1.752267139668990392e-01 2.327582048921537222e-02 -5.942670739051497675e-02 4.399406666862423210e-01 -2.185413957308237481e-02 -7.262156303791311718e-02 1.138315739680415689e-01 1.841255170469934532e-01 -2.219410100298153110e-01 -1.662553489114368399e-01 -9.214533410064038033e-02 -1.233570343327512892e-01 4.537473397874729891e-02 1.751934079395387756e-01 -1.657816160693961205e-01 -2.354877997096772174e-02 4.382631779092538982e-01 -2.555120154813612932e-02 -1.127616692520450048e-01 1.480440897468418282e-01 -1.689909743516428975e-01 2.952018669651806926e-03 4.783753180159212859e-02 2.363837799004893381e-02 9.926201833818694420e-02 1.338668588792457648e-02 -1.336789633571072444e-01 -1.228243866329847833e-02 -2.109302334967600584e-02 4.750432260516047056e-01 -1.771275409073892471e-01 8.274703372814481983e-02 -3.116453899658558901e-01 -1.615181054689169005e-01 3.691801200515704151e-02 -1.160306819376260776e-02 1.663368303580693430e-01 1.689315310199814291e-01 -4.287760129916248081e-02 1.117159466224440789e-01 -3.654913268740912768e-02 7.836685477882354700e-03 7.064518772346586872e-02 1.048216188041180968e-01 -1.782264077784190826e-01 -5.148572792812735471e-02 2.845819856195749148e-02 -9.147715016346484596e-02 1.237883662017688069e-01 8.237354036783552103e-02 -2.615832399200566094e-01 3.188575747156958962e-02 4.962971601403988464e-02 -7.405685736346076520e-03 -2.770509592421381839e-01 6.562588580483124101e-01 -1.402036284375196284e-01 -4.736961529480084032e-02 1.341902520408774224e-01 -1.081259378439808350e-01 2.491600131178015320e-01 9.899176092618899858e-02 -4.774195032857124488e-02 4.130649895491221579e-02 -1.041526835743109142e-01 -1.104206049505232351e-01 1.838945256671876971e-02 4.240498321987948294e-02 2.886222870243311256e-01 -8.692669567412505960e-02 -1.969459304646828390e-03 1.879402432901449913e-02 -7.764864043929731174e-03 -6.251157967583537145e-02 -8.176212539118041245e-02 -8.439599794580684988e-02 3.294348216955076541e-02 -2.993988531295337097e-02 -1.051417810480472920e-01 1.265342285902936181e-01 -2.684062791487798472e-01 3.376013272619294847e-01 -5.009402160629983225e-02 1.345880571680455051e-01 1.999542665926394569e-02 2.219129079606964594e-01 -9.571749882997482306e-02 -9.027624391554753269e-02 1.473523608889396042e-02 5.442329713491209087e-02 -2.739643514073520913e-01 2.129884608397401846e-01 -2.402807004935104684e-01 -7.921884782571189665e-02 4.800810249688003406e-01 -1.263898619449315142e-01 2.328806986309643889e-01 1.791955110555378816e-01 -9.036732818467146933e-03 -1.155827223840774076e-01 -5.404277593863360263e-03 4.300574916280405086e-02 -2.147350276729662610e-01 1.044364044403817970e-01 -1.468874317528881812e-01 1.210118720690403493e-01 9.715240805747989150e-03 3.721401705445712693e-01 4.616474382573629298e-02 4.237645298414297046e-02 -2.692538302408592488e-04 -2.295634280821894080e-02 -1.005699786929914880e-01 1.014009281794387429e-01 -2.409445642727537362e-01 2.442095528365436641e-01 -2.393086316225652710e-01 -6.829114105928399403e-02 1.251231846479972654e-01 -1.174219079536868438e-01 4.665983627493851538e-01 8.910301153744942804e-03 -9.481996786933215293e-02 -3.476020169879059929e-02 -6.549733001316097869e-02 7.903306424744460656e-02 -1.942806499867570369e-01 1.415978553457680755e-01 -3.130569144655742653e-01 -3.079498077127251765e-02 9.254645360788410491e-02 -2.207608840557079982e-02 3.686178864228742413e-02 5.784911463203750159e-01
-4.112821634318955012e-03 -1.849559014373439725e-01 -5.425186530986020328e-01 1.721354384770097112e-01 2.978512003739541142e-02 1.123673687486102246e-01 6.365278245846428540e-02 1.887832337191652776e-01 -1.100947994615874767e-02 2.695025163212651925e-02 5.787381178187624847e-02 3.244819423807289091e-03 -4.199385974304477298e-02 1.727852401584284436e-02 -2.877068073993111486e-01 1.808850154819706402e-03 8.585449503189644671e-03 -2.915296755672882115e-02 3.571745495235013196e-02 7.221833834123606022e-02 2.712991608765649709e-02 -6.820846894485387002e-02 1.489289774556916135e-01 5.961954432601720283e-02 8.062053185292439306e-02 -1.077223658712727627e-01 -1.528178676047557416e-01 7.450280936962235326e-03 -4.411394926321320076e-02 6.156523161495296159e-02 4.460026857988447398e-03 8.331854710172187373e-02 2.769404898046879879e-02 3.663730759974751644e-02 5.868309298835766574e-02 -7.385688318318878176e-02 -7.783948197521547985e-02 -1.214556874207887577e-01 -2.906123097302634739e-01 1.299106663699902131e-01 -7.709251518073689802e-02 8.437239199476000151e-02 8.255371804690816995e-02 9.689057806443204801e-02 4.303116555042730412e-02 5.386076871139135192e-02 1.547039391432101230e-01 -1.137737945870775230e-01 1.485842724420833039e-01 -5.296019002180202967e-02 -3.156315909422689470e-01 1.020827693932684077e-01 -5.273991219880133641e-02 6.725765176181702776e-02 -5.963354609227440595e-02 1.393727000619337901e-02 -4.776219314651305309e-02 5.473438724485540224e-02 1.137243191813083615e-01 -3.574806186183277640e-02 4.064391069951219654e-02 -2.553578188706561933e-02 -2.847457779273568357e-01 5.215380415599646380e-02 -3.785361977634568720e-02 7.606265465779257773e-02 4.232221094890045027e-02 -1.072978384285500422e-02 -9.631033572413622360e-04 6.015591382851689928e-02 -2.932339471629318364e-02 8.848190900336826148e-02 -1.291839504256861448e-01 -1.129946446850221657e-02 -3.267781057540476430e-01 1.709709086981761050e-01 -1.303856612767201884e-01 3.215532213736651407e-02 1.497316298686660052e-01 -1.779362261499456699e-01 1.101114142545087521e-01 2.033736629935841700e-01 6.406270506672639108e-03 9.772198720144055495e-02 -4.238781354159718712e-02 7.093378970272337658e-02 -5.926049418874244912e-02 -1.417179247254780200e-02 -2.188777318864062668e-02 -9.720128474009011310e-02 -1.408502373850953338e-02 4.866808384952347327e-02 -3.099957271579320203e-02 6.961092838952526174e-02 2.168490673092967891e-01 -9.145555353594450598e-02 -1.913555032123153560e-02 -3.118521504964419377e-02 -3.487910970602680072e-01 1.188595244173894505e-01 -1.951475206748853886e-01 6.957432877379621239e-02 9.925412195273100591e-02 -1.224901388658763135e-01 9.938016690629181138e-02 1.066617730125006269e-01 1.264966160144950225e-01 4.192278957933762151e-02 -1.123731974516255644e-01 5.057211380231931008e-02 -9.653933141489257075e-02 8.539590245504104227e-02 -1.127327068521614545e-01 5.611132980572894335e-02 1.230281152203456102e-01 3.762051423781194448e-02 -7.577386154366110016e-02 9.608300216982426645e-02 1.614103764398144292e-01 -1.229809736418736588e-01 -6.437274838696437074e-02 -1.731104011897545425e-02 -4.841183020103695389e-01 4.761080280695757783e-02 -4.632313612238361800e-02 1.467234517119509474e-01 1.508192250470702933e-01 4.788899782348310374e-03 1.562134569600931097e-02 1.516109149875207729e-01 5.463969639164545367e-02 3.188409400081593237e-02 -7.853039920154968739e-03 -5.732990547382937896e-02 -3.716152170869872484e-01 7.070867239898223633e-02 -1.601688037453384283e-01 1.542879369521210076e-01 1.189501529615721587e-01 6.386863570311494820e-02 -2.806581170120833052e-03 1.786030502703103706e-01 1.419120431127333104e-01 -1.080276383162508402e-01
-2.613843360751774356e-02 -7.765230090136986119e-02 1.798928243361531260e-02 1.920423685757322724e-02 4.147452559816201464e-03 -2.491018392181680585e-02 4.180969825295090259e-02 3.816342755025724232e-02 -3.134713035418708327e-02 1.078454426884401483e-02 3.913392994844298867e-02 1.777752049072431687e-02 -7.411829771410960443e-02 1.013376337471257743e-02 -5.334918429559266234e-02 7.748029792736489674e-02 1.889085152082310357e-02 -1.003651905554073763e-02 8.383068288719349240e-03 7.879106108305529432e-02 -5.401782147006777002e-02 3.914002761208301706e-02 6.878003581062527849e-02 -5.535114901994264702e-02 1.593470942923443632e-04 3.079099552884137156e-02 1.516447234835660227e-02 -5.812404789636246849e-02 3.257001910317262189e-02 -3.943711550144562289e-02 1.487925598536669414e-03 6.372493575046424275e-02 2.206263106900582111e-02 2.538047373736352155e-02 -2.308884468082418248e-02 -1.610455110377787338e-02 1.255035335050818934e-01 -4.314956917254513663e-02 2.363542124690665158e-02 5.232026854972373492e-02 -1.098028216286621103e-02 -1.992066680267725459e-02 -4.202483583875075285e-02 -7.277693443202641610e-02 1.609446498623293142e-02 -7.686797148715072796e-03 9.491038654927185653e-03 -4.101675914721531618e-02 -8.178099382540229834e-02 3.620137308452114899e-02 -1.919475360043478712e-02 1.530168475475729775e-02 -2.084732598308999471e-02 5.416707284112631630e-03 4.744418466708535780e-03 8.906132248642981836e-03 1.064016218707761197e-02 -5.152222230101862616e-03 1.656602414703563231e-02 1.320287927580071283e-02 6.935094625217397279e-02 -1.675179245801124150e-02 3.592219798945564535e-02 -8.676822803086950073e-03 -1.908598640424851930e-02 -1.391829462435254482e-02 -6.837779966165313805e-02 -9.411007000953509893e-02 6.689532358104675891e-02 -6.384306939673030368e-02 -2.688072213929369562e-03 5.103000214979889343e-02 -3.626118693788905889e-02 2.141074509209755020e-02 2.133561384132174471e-02 -1.732290634899705251e-02 -3.507289721061197796e-02 4.839037887888410217e-02 1.913723998151242722e-02 -3.167804609163007989e-03 -3.722095208729481533e-03 -1.920297616255537548e-02 -3.955744123081609415e-02 5.202911622895801946e-02 3.033529796398156883e-02 3.733063276259381696e-02 -7.178604340667517347e-02 -2.125071683404462005e-03 4.610757663927318728e-02 1.305788175802512045e-02 -6.995863574724836900e-03 4.048884912025003252e-02 -4.601845523107658820e-02 -1.227070553788839856e-02 5.955505320611273468e-02 -2.331372429719888451e-02 -2.847280099271649184e-02 1.568854049353182734e-02 -5.831770133051222826e-03 -1.336693856148035708e-02 1.636286450576937557e-02 6.861138848047318439e-02 2.512103189928285851e-02 1.946197945030620630e-02 -2.950886850723491439e-02 -2.097716652944057666e-02 -4.644068881910851099e-03 6.205004461254340353e-03 -2.455180121034818835e-03 -2.331291604009146090e-02 2.131691592818382719e-02 3.403666397292920420e-03 -2.015875761718591286e-02 4.875624837568745540e-03 1.785680009825496573e-02 1.685209947243551318e-02 -3.420242782516962066e-02 3.836530399322917589e-02 -1.095038157940743384e-02 3.303782687506999494e-02 -3.249744908483398476e-04 6.460415157173177159e-02 -2.186341812187303502e-02 -4.943602004391123295e-02 7.179018016484063625e-02 2.640872160820589842e-02 -3.721047810773980835e-03 1.276668342378070031e-01 -6.293955847962734440e-02 -4.348480733996545194e-02 4.302408887534153736e-02 -4.064594352937234145e-02 8.791287506474936009e-02 -5.880255564592015705e-02 6.832187336970885205e-03 1.498559323407511190e-02 -3.592741207078253840e-03 3.400123169295501957e-02 6.580240729257613719e-03 -1.568530024951115265e-01 6.751655097838454855e-02 4.846503482730746271e-02 -7.019124687590053147e-02 4.105822766988675987e-03
6.201494699675519362e-01 4.853481546618217124e-02 -1.400797690270781659e-02 3.016438701155279428e-02 -6.429720160585183919e-02 -4.388164820464311722e-02 -1.360775096187942235e-01 3.570100598156487892e-02 -1.128966054510022604e-01 -1.048821849634065106e-01 -4.776423200973051175e-02 -9.157168992999462076e-02 3.756045709930265486e-02 5.628477215262011057e-01 4.636943186580430587e-02 -5.749243818816671125e-02 8.062831177975739172e-02 -8.661486847929125710e-02 -9.927763730772984352e-02 -1.545319653836122256e-02 -8.988767152205659472e-02 -8.869081132202340234e-02 -1.145716547148167841e-01 -9.304790769008031148e-02 -5.077867549673406589e-02 7.812397394332891432e-03 5.928537114583204426e-01 -1.000826600444829073e-02 1.119352255453803513e-01 -1.013383714270412947e-02 4.725598756474499312e-02 -1.382118418162335272e-01 -1.346541440442013404e-01 -1.898290517146661582e-01 -6.882236835392620267e-02 7.192677168166390633e-02 4.925441331060330385e-02 3.839959923490493532e-02 3.739730566485909014e-02 6.126686042839402102e-01 8.875140223197069966e-02 -2.460956739160864021e-02 -1.150355476050897857e-01 -6.374759468818942676e-04 -1.245240367406379445e-01 -1.431438866735810223e-01 -2.310241198808949403e-01 -3.611024131059253905e-02 -4.455204651826701057e-02 1.109591616142488746e-01 1.458147446260195657e-01 1.089590171509326050e-01 6.286166133767503439e-01 -2.198150680337899732e-01 -1.983885193501226663e-01 -2.086529197847129813e-01 4.712564202441377192e-02 -6.959047099824383631e-02 -1.171499552040220771e-01 -3.649622850955006048e-02 5.389921897292139497e-02 4.327106448694650886e-02 3.769010148414208596e-03 2.105136235976107217e-03 -1.041319316342083218e-01 4.495574220074749494e-01 -1.195718589459018877e-01 -2.539605692362946476e-02 -3.696425891601760882e-02 -1.421481555206711433e-01 -1.780024628880311904e-02 -5.879579313820625791e-02 5.856460028561939063e-02 1.173329375808715436e-01 1.607973758735855296e-01 1.375593163201363489e-01 -7.429115254052036377e-02 -4.525549541142920296e-02 4.092920561315352979e-01 -3.495098139180520536e-02 -6.651736476624141303e-02 -6.813669846980045797e-02 -7.264352036583994476e-02 -2.340341841362681419e-01 8.579478080161664910e-02 4.982309689511427164e-02 -8.772627342541668150e-02 3.129309158859804041e-02 -3.331149760949785044e-02 -3.208135456969839205e-02 -1.813952979822587575e-01 5.300879378384617535e-01 -8.374634318989324089e-02 -1.711433050047588000e-01 -1.150683820423828996e-01 2.330669068596464416e-02 2.696315908476085155e-02 -3.557344070899733784e-02 -1.184774212189184661e-01 1.749065085283288412e-02 1.686710540722649587e-01 6.034451001154040456e-02 -8.541771287216710917e-02 6.026309390987519971e-02 2.534926538348893921e-01 -1.929510496554862342e-01 -7.438041776549865480e-02 -4.641379124153509339e-02 1.174300264775673258e-03 1.387135894032773265e-02 -7.649407743092241641e-02 -9.858386705229843505e-02 1.788267154725887986e-02 -9.962364473886883842e-02 -7.069727962389274478e-02 -6.987298374934067247e-02 -8.375862012330054229e-02 4.484195689349322334e-01 -5.591197156357323450e-02 1.044262912808649885e-01 6.645249532797484204e-02 -7.557361023185943383e-02 -3.506141217408156874e-02 -2.371709901686435973e-01 7.343801119173071212e-02 -1.556445530765872276e-02 -1.178032433724907208e-01 -1.337805162733970987e-02 -3.571964254396117755e-02 -1.160197045735898713e-01 5.431140045781948089e-01 -5.435264779951078096e-02 7.425405969751806834e-02 2.239658931453294977e-02 1.710849758859835090e-02 -3.180280201405707996e-02 1.127343028853257378e-02 -1.253342064317166105e-01 -3.114029552063367068e-01 -2.302901712999540218e-02 -7.665789396363181796e-02 -4.307498484009764095e-02 -1.854339046838212601e-01 5.873338976874707962e-01
-1.957742696502418403e-02 6.994400145501050714e-02 3.654157370284891182e-02 -6.604318462393657385e-02 -6.734182835010914248e-02 5.376396518815122760e-02 1.206992697724650204e-01 2.660265051262001353e-03 3.676610917433908304e-02 -1.072271262622197657e-01 -2.617787009300882178e-02 2.483215803834552121e-02 4.984923112853679311e-02 1.884852445616501740e-02 2.696661485446293777e-02 -1.515147982728677067e-01 3.875500193834141571e-02 -7.551712450844673408e-02 1.708112843797703617e-01 3.797473479582724049e-02 -2.002994280122874157e-02 -3.266159966799777464e-02 -3.740568576155416797e-02 6.519412850813428861e-02 9.700002079963390700e-02 1.063861684667189410e-02 -3.528125571847502001e-02 -5.594976854438367397e-02 4.871089758226834071e-02 -1.977568138581312363e-01 1.617882746367843294e-01 1.705723513078375997e-01 -1.133796885770435858e-01 4.510020710428767204e-02 -4.563018067987176934e-03 -2.012928341317853434e-02 1.174730285903753391e-01 1.410628970583931163e-01 6.237138559158025147e-02 -6.574371359103990328e-03 -1.172402031573932524e-01 -1.579377668686546554e-01 7.866567684777898972e-02 -9.053189200039772622e-03 -1.341321197085176831e-02 -1.272193047998850246e-01 -3.517484845190664566e-02 8.707333699147462580e-02 4.049655154201171892e-02 8.919173962091815622e-02 3.510468031794450414e-03 -3.823119658500782198e-02 -7.513950807410590960e-02 -1.480557089884330657e-01 1.492745446839482959e-01 -2.037655801456019801e-04 -1.455986311589533080e-02 -2.991740133624309558e-02 2.900455564094344546e-02 5.338092812256212821e-02 -8.441300457444678162e-02 -1.792671809821774417e-02 -6.954637072882959015e-02 -5.720658574759952819e-02 1.014519288372230099e-01 -1.819169575305300615e-02 9.370337012507255758e-02 4.121194302863646908e-02 3.488767109710829567e-02 7.362406250448097489e-02 8.635593703325566625e-03 -3.494707272095627648e-02 1.092442362778736215e-01 3.128429311728443685e-02 1.148687648498467224e-02 -5.794615250180189941e-02 -5.740270049573525935e-02 -1.790260400402184093e-01 1.375917390422534692e-01 -4.766727753505523718e-02 -1.371066042788557024e-02 1.628444217670769328e-02 5.394240164743010352e-02 5.756507591180000383e-02 -3.721740595998732082e-02 -1.022978408196627796e-02 4.404620632515378331e-02 -5.711907194204831478e-02 -2.057884661427986442e-03 -3.470359960607932032e-02 7.123752553201566362e-02 -8.360445706827759893e-02 9.313630965947354567e-02 -7.934047328612352235e-02 3.363339383965237989e-02 8.361897907686161036e-02 2.574724688693617869e-02 1.176188146972298454e-02 5.490391780770096514e-02 -6.118949570810366945e-02 6.643046914879940923e-02 -6.685377408955478495e-02 3.124903696237138484e-02 1.882882500885857402e-02 -8.864265261449837119e-03 5.371517871993532894e-02 -1.775535137896639554e-02 -4.122894677462245194e-02 3.356881161717002737e-02 -4.966264355132628261e-02 -5.099026880256499195e-03 -9.752525552308216605e-02 9.132861124297932121e-02 -1.097687598285848748e-01 1.740074457794298091e-01 1.246986148251074122e-01 -1.882429236450797530e-02 3.089067870761910001e-02 -2.645235444007029008e-02 -2.292116015318636235e-02 1.611243552951887453e-02 8.253093456685653417e-02 -4.686961741989889574e-02 -1.656284040582171047e-01 -1.605535622238647361e-02 -2.212586924924163923e-01 2.594833891084000754e-01 4.761347080364519008e-02 2.882246487922398084e-02 -1.174446283218386067e-02 -5.325667201522146788e-02 1.586425947370919687e-01 4.313896224027864712e-02 -1.494829355973623271e-02 -7.130968943230342472e-02 -4.110167594125255230e-02 -5.781921518912269686e-03 -1.842747530742823714e-01 2.026816577768623673e-01 9.024815088040595568e-02 -2.615578552157566544e-02 8.245946476113028001e-03 5.279708105509166305e-02 3.684717971334008912e-02
2.926881844749404382e-02 -8.528558335024254144e-02 3.494213768545936880e-03 -6.167477393758153542e-02 1.019018498454161703e-01 2.670377667056883855e-02 -4.861285271045080736e-02 4.353533833918831614e-02 4.248147102385122637e-02 -2.919047778864872905e-02 -1.757495071979547907e-02 2.608252406708815377e-02 -2.705079605343413407e-02 5.831780764360693092e-02 -8.961095233938229376e-02 -6.926198288984893037e-02 -1.238433587767069806e-02 3.656766200002433548e-03 2.554293889165724571e-02 4.741748334834863798e-02 -6.795491860545511964e-02 2.428934981432522705e-02 3.737707655056066169e-02 2.685518924830989501e-02 -1.009747415622360839e-01 4.984664802839488401e-02 1.049448199340443089e-01 5.188240922045016940e-03 -7.372668811460246496e-02 -6.605273096317141809e-03 7.531087003864114782e-02 -2.397470988090135216e-02 -8.807722699730435867e-02 3.625223101643778451e-02 -7.195616390284135903e-03 -1.213553883958285069e-02 1.537516533431614735e-02 2.874255629762927783e-02 -2.182157553386301907e-02 5.713396904083386380e-02 5.532519927460647496e-02 -8.838759837280536422e-03 3.044133759881633566e-02 -5.659575229340901154e-02 2.710836520151888029e-02 5.796879187230803004e-02 -5.167198624591860107e-02 -7.470544934326214803e-02 3.406822406092469696e-02 -6.194874409150895843e-03 -3.595853869505100803e-02 1.173327671448544558e-02 4.401427549966662606e-02 -6.312473136766468679e-03 -6.601609483772830425e-03 4.942734034153517531e-02 -3.435519239098436262e-02 -1.484487311822884140e-02 1.696313214311670828e-02 -3.336159910564843317e-02 -5.787446286936903661e-02 5.891673424646891484e-03 7.326787177260320194e-02 8.207922358924013562e-02 -3.029362508300819171e-02 1.393056559968346673e-02 -1.053230580736894996e-02 -1.175544888408613931e-01 3.130801096953247931e-02 2.881569122418460929e-02 -1.774086074383219094e-02 3.073019000229346154e-02 1.838985755037191375e-02 -8.027171972009899265e-03 -4.671906448197011424e-02 -6.885936438588033393e-02 -1.413407776917305000e-02 -1.602533581573445040e-02 -2.933138971901896874e-02 -2.967103894301006267e-02 5.414769921825753757e-02 1.196019741168728445e-01 9.140999754611973949e-03 4.273432114571656254e-02 5.614201794052829653e-02 -9.391779023293170617e-03 -2.070009506403484856e-02 1.242027953607475164e-02 -7.097825502845564113e-03 3.536622552549683468e-02 -3.965375877306145241e-02 6.524110096850001261e-02 -6.843646218681075089e-02 -5.210269074021639524e-02 9.080853166583436123e-03 1.591115128849543078e-02 -5.499333259699751980e-02 1.198039209742723932e-02 1.163885637326455003e-01 8.469719784119186801e-02 -4.029992336498733341e-02 1.933358920378994150e-02 6.206935644849671807e-02 -6.456921672771795406e-02 3.532873977967652263e-02 -8.889116172406046068e-02 -1.913465949523769638e-02 -2.617035374804249637e-02 1.778847178505528828e-02 -1.049514812546359921e-01 5.476808865796864434e-04 -2.716673378570114497e-02 -1.382707299384697275e-02 5.971656214898590775e-03 -6.235066312886020090e-03 6.904354321589861732e-02 -3.604239558606392446e-04 -4.391736241947614278e-02 2.250966047871638676e-02 9.430293119024182880e-02 2.765701766605630982e-02 -3.480744774386501650e-02 -4.000532840879494900e-02 4.597333092952970990e-02 8.186136784708870906e-02 -5.984258212430917240e-02 -6.749949796727486295e-02 4.740176047052374608e-03 9.405060718933443142e-02 7.005207814731780058e-02 -2.449407985879789584e-02 1.705118740463480720e-03 1.824355707262448681e-02 6.865676563455222481e-02 1.827915220609058200e-03 -1.205741438170688726e-02 -1.078523560101390250e-02 6.600125012723172258e-02 3.408197934972678755e-02 -5.119541801853666474e-02 2.497634873766673563e-02 -2.764127991524929773e-02 -3.148133728634378709e-02 -6.100917482189074925e-02
8.372303903157064520e-01 1.254375414804702049e-01 -1.263515280486185444e-01 -2.557920679284366172e-01 -2.121485119636622174e-01 -3.159703509025941770e-01 -2.284877658581541127e-03 -8.813951698959027192e-02 -1.047546106333316074e-01 4.284227298802701506e-02 3.631281927908918128e-01 -3.213291067094209419e-02 1.159504076511846254e-01 6.792406388928087235e-01 4.034047522379372031e-02 -2.095210240173286664e-01 -3.739321823167395809e-01 -3.406054250528620653e-01 -1.484775180352368440e-01 -2.719585238826066620e-03 1.331512694203580427e-01 -7.451130861101190606e-02 3.476564722851892553e-01 8.787389233921041876e-02 1.761346977651391532e-02 1.416908852356099924e-01 4.716269880396120051e-01 -2.334514409005520041e-01 -2.479747507578048127e-01 -3.103981886581534677e-02 -2.614116005529412007e-02 -2.897858917119590719e-02 -8.362205583745924153e-02 -9.981562086387210653e-02 2.451607547033409218e-01 1.087791474589207691e-01 1.833699413158494662e-01 8.008923055498204380e-02 -2.245181411525399851e-01 2.697059661527269059e-01 -7.415367705105997687e-02 -3.193890531755440021e-01 -4.370214101699698706e-02 5.509806939572092777e-02 2.778073685691337738e-02 -1.607646200457497898e-02 2.665133991502739996e-01 -2.029806608994125586e-02 -1.063413068619789570e-03 7.706032530588818874e-02 1.543520566064115335e-02 -1.359739957385318887e-01 2.337976391157438327e-01 -1.641700423667235564e-01 -1.899885623535962909e-05 -1.487629949375852967e-01 2.958269166986639623e-02 -1.046527080920440778e-01 3.281474982766105497e-01 6.262176405228597753e-02 8.549644530366594386e-02 2.542502309559908913e-02 5.046882124741636222e-02 -2.115180799413914625e-01 -1.454475066361464175e-01 2.011598435965202269e-01 -1.821667031029980746e-02 -1.064898723990560514e-01 -8.132495908919675637e-04 -5.417745446565845613e-02 2.664261912481242778e-01 9.983470424071917704e-02 1.353787434739709417e-01 -2.259451195751311162e-02 -9.723434636618602522e-02 -3.034180418689544911e-01 -1.300746179441277517e-01 -4.828325706418193364e-01 7.128706824652908391e-01 -1.164145141920711057e-02 3.531431861309861087e-02 -4.901206875134023200e-02 3.872965055116092126e-01 -3.241820205875581284e-02 -3.097919232151490412e-02 2.243552820330644570e-01 3.560232617620543577e-02 -1.248082047380373732e-01 -3.318536905863456177e-01 -2.920008617836764575e-01 3.844544462022991133e-03 4.117463172804863847e-01 1.191453582588696269e-01 -9.900929835980377958e-03 1.863307812468933122e-01 3.226619744084126967e-02 -5.824169732139097833e-02 1.797551752796469060e-01 -1.206909166544121725e-01 -1.676164405686709769e-01 -1.338607065934866447e-01 -3.805625014079446200e-01 1.174246281567818684e-01 1.827911969938533776e-04 4.604714020788114315e-01 -1.547079000854956199e-01 3.341011459214515145e-01 8.593069834317526579e-02 1.102409406971266437e-01 3.051527038068284348e-02 -1.068370995397097956e-01 -1.509369924434508792e-01 -1.601260262983245086e-01 -1.932243698881099814e-01 7.052304426319344621e-02 5.214830405673591407e-02 -4.852799973329571109e-02 3.663593015375053441e-01 1.343654704376090470e-01 9.495173174152811424e-02 6.051581553873885966e-02 1.056776257449363599e-01 -9.994149401250540521e-03 -2.280230315506472372e-01 -1.987496739470669960e-01 -3.849324446757355078e-01 9.219325122442523224e-02 -8.907220104751675804e-02 -8.515313140896774158e-02 -2.056718315013345288e-01 1.017392089645961617e+00 1.486963734393660364e-01 5.297656438009799851e-02 1.794847111615462953e-01 1.350260358042698616e-02 -2.477780319756015259e-01 -2.655563368421838266e-01 -3.035189780577361995e-01 1.220509487777082791e-02 -6.951064050211741563e-02 6.599814765515293891e-02 -3.900654963183947110e-02 4.401014390133756726e-01 3.680524565639055057e-01
-3.531858465556483168e-02 -5.471879159975764906e-02 -8.394937914359358599e-02 5.535462367221946622e-02 -3.597077797027237872e-02 9.411943026164597270e-02 -1.018368468258224954e-02 -3.432083138308981290e-03 -3.763922669802197835e-02 -5.733694899075537921e-02 1.340500071617251390e-02 1.181781197959506785e-01 9.019105945028467464e-02 -7.305646053262829231e-02 -2.301558479201929255e-02 -2.325128352981917570e-02 -2.804506403829300568e-02 -8.017344099137233004e-02 -1.077737973450812181e-01 6.068471735556744268e-02 1.048213478367654716e-01 4.287065973422209131e-02 4.301986800236973219e-02 -1.786265726792872488e-02 3.480895579696226261e-02 -1.654423659849759143e-01 -4.660732849174417658e-02 6.236552171778229903e-02 -9.957594941058434124e-02 1.500538265490073964e-01 -7.370171052047605476e-02 1.597729033928675657e-01 -3.019037472249412254e-02 -8.914126399445973514e-02 1.046651105500510381e-01 -7.669950483287861151e-03 2.047345536303396898e-02 -5.689007483801295645e-02 -4.169846431039846840e-02 8.626041069179110621e-02 -3.166979543261970020e-03 2.837600191063553712e-02 6.963805631680627939e-02 9.337085014098955860e-02 -8.090013574083644576e-02 -1.323060422876638220e-01 -7.014069628732647922e-03 -7.830160129194019703e-04 3.797971976148707685e-02 -1.062050603617020333e-01 -4.546215016480359417e-02 6.802310252015154879e-02 8.153669035186335290e-02 -7.397093683900886341e-02 -2.476668182366718960e-04 1.003957854153430113e-01 -6.382290365394671650e-03 -9.697972550692326998e-02 2.327944088810849840e-02 -4.493812481438480035e-03 3.668246876173947291e-02 1.040470037665073948e-02 -1.643671889805639330e-01 4.983111972033484049e-02 2.936628435094362083e-02 1.881936204032858273e-01 -1.303952617366310740e-02 5.320837002620501521e-02 1.034738298027642472e-01 -1.059937499436322955e-01 -2.254542076902000397e-02 -1.705815747610581745e-01 1.061236456035252740e-01 -1.847184714832216523e-01 6.227877234619222380e-02 -3.419609816893814935e-02 -1.605708075043077721e-01 7.836898303419660705e-02 -9.731726844804708398e-02 1.450820912496704751e-01 1.513047486230194860e-01 2.480109124587635545e-04 1.146028149905096716e-01 -1.432200377106093991e-01 7.816772601153294808e-02 -9.228249108004833723e-02 -1.420635759960819089e-01 -4.409385163693543830e-02 1.209448959763798626e-01 8.165597076366006013e-02 -5.323882460911879416e-02 1.167866661475611273e-01 1.491154635129683936e-01 -1.046966410607123171e-01 -4.745846608370729407e-03 -1.223514212874833446e-01 -6.080414582849149457e-02 -1.734851132078363972e-02 -5.220501800841964579e-02 1.451457845487339471e-01 4.525945496472255636e-03 2.636491697709720250e-01 7.030927461375353904e-03 6.264403948774638353e-02 -2.137357151572343711e-02 -1.103244337189645541e-01 5.789319224018496524e-02 -2.107643965560890287e-01 4.261913907103026533e-02 -1.118493059094372022e-01 -2.773436595572101315e-02 2.417850542969303407e-02 -6.832768612409167996e-02 7.713802041406941923e-02 -1.860284841431197878e-02 1.475433392093336848e-01 -2.999591185094682699e-02 -1.386509241643752999e-01 5.604198537553384263e-02 1.513453374230490367e-02 5.991739818144550811e-02 -1.864885492086562624e-01 1.989485429145704254e-03 2.275160458285444692e-02 -1.213389457029827173e-01 1.447613438568529365e-01 -7.902681090814887843e-02 1.634598469082799432e-01 3.925845436989110898e-02 -5.269863578892017286e-02 1.089738418393386421e-01 -7.252237945937299590e-02 2.927484067855941341e-02 -1.362643859457227449e-02 8.377170869723227220e-03 -8.147797907351230634e-03 -1.497622024984035516e-02 1.336877057780420930e-02 -2.158204560942834221e-02 2.070734696993763169e-02 7.379446167080305763e-02 1.950328913750619397e-02 5.038362378689209553e-03 -8.458220899152554817e-02
-3.524919091287373463e-02 3.905590752299528678e-02 -2.635654418908089068e-03 7.537930599948863830e-02 -5.036656400693417801e-02 -6.968595676463572308e-02 1.190845364312751453e-01 -6.790946078754438175e-02 -3.106398379533854837e-02 -2.862620733599563223e-03 5.803653246531202681e-02 -1.797600653448712046e-02 -1.815557785676762820e-02 -6.577658628440868904e-03 2.004879873538546048e-02 4.758359727521290633e-02 5.744902048437667413e-02 5.082483234311194198e-02 2.598144575461262470e-02 -8.958695063366992062e-02 4.549585371818239132e-02 -1.139178774890829554e-01 9.015722606953596729e-02 -9.285117677336461595e-02 1.113034899107358602e-02 4.901764292047422478e-02 -1.874769827013868934e-02 3.083752607562534331e-02 1.134633610061230868e-02 -6.482990783957955083e-02 -3.923358571654626814e-02 6.647129328101368528e-02 4.459118832227262214e-02 8.661738538276295141e-02 -1.162487552683376252e-01 -2.814113674764952278e-02 3.478499648950923728e-02 -3.975745321054028475e-02 6.540146730441247225e-02 4.767967590903361697e-02 -4.189984844331952341e-02 3.349009413151496101e-03 -1.028359744379272467e-01 2.884221109055064292e-02 -4.796530657530521935e-02 7.467585979605845248e-02 -3.134758433864427707e-02 5.258244712901374678e-03 -9.427463797723031891e-02 1.863308352205516119e-02 3.105846392560757336e-04 3.520859109280673367e-03 1.134311886636644486e-02 6.701248841878139351e-02 -6.929251720680565385e-02 -9.641601514000633366e-03 7.957718736200018739e-02 4.318833141666145875e-02 -3.945839756623423233e-02 8.252601091655360419e-03 1.403839610400744453e-01 3.217136729345750762e-02 -6.552477205040238561e-02 -1.771498820219398820e-02 3.479102716542915863e-02 2.889679895227528772e-02 -5.512468075506934267e-02 3.608749329321476323e-02 5.387844429904924300e-03 1.488166170832365930e-02 -1.176629997728288329e-01 -2.134158985655936619e-02 5.000694190893867352e-02 2.986218995291614262e-02 -6.310664121574859238e-03 -2.511437772196222981e-02 -2.569735165493190732e-04 -6.341467324823457652e-02 2.390650927163403064e-02 -2.661286154137990079e-02 -1.048733266570202605e-01 7.392054396318704923e-02 8.197041323767849386e-02 1.261774955830304024e-02 4.441926640702299062e-02 -1.949356490026623451e-02 1.120390151312141286e-01 1.280034880435974159e-02 -5.220773083252589625e-02 -5.435892050514457008e-02 -1.644910721083287231e-01 9.610783943071609867e-03 -6.359035782641112022e-02 6.235430040322847978e-02 3.150555608832487225e-02 4.705204100074190932e-02 9.834201871458866928e-02 -3.421435142631190640e-02 -2.090012481639190109e-02 -2.932174422416071458e-02 -3.009010507037099616e-02 -2.444976176537827506e-03 -6.768361981213691370e-02 8.811042879476391199e-02 -5.493594183061938779e-02 7.939476118298621765e-02 -1.722398239998823230e-02 2.800567846566522079e-02 -1.272700025408395608e-01 -8.857792848753709425e-03 -4.400861489560879691e-02 -5.004204074496493293e-02 4.198520196905593249e-02 1.232602374514904786e-01 1.163819436773664284e-01 -8.534044463410345172e-02 9.230408340525575461e-02 -1.028952303797930068e-01 3.717936075759410708e-02 1.676817586726163378e-02 -6.220229663696004441e-02 5.713416728566955705e-03 -4.019098957281250217e-02 -5.998284020687277840e-02 5.732254409201112400e-02 3.154864572768800723e-02 1.184188826836343467e-01 6.232203661968313546e-02 3.819593469435852984e-02 -7.726155201699136388e-02 -5.862882075792365255e-02 5.315861068762643693e-02 -6.495677192399046396e-02 -2.349785045820745877e-02 3.964111078821119794e-02 8.857685437418869046e-03 -2.591918697884804113e-02 -2.250742536786248804e-02 9.012760288271061404e-03 2.789143178755584124e-03 1.527037250584922790e-02 -7.610848895636190825e-02 1.008199248877277021e-01 1.789195011372946009e-02
3.168041450742395959e-01 3.713021700060018665e-02 -1.175726249608743390e-01 -1.020055375249847018e-01 5.055220129032269444e-02 -7.252168151816217045e-02 8.168288511458479673e-02 -1.903039819145017908e-01 1.109033952687086128e-01 -1.070273349498262611e-01 2.136263298655771692e-01 -1.424261386120979633e-01 3.749915402279186544e-02 4.810446931634638768e-01 1.645118275970534893e-01 -1.023087075565095039e-01 -2.272431540355682733e-01 -1.422544904921210218e-01 1.969524263536213127e-01 -1.076825074390039272e-02 7.297086154029636118e-02 -3.347287202072573575e-01 9.998527900620461650e-02 -1.255857430292764976e-01 -1.479059891339977173e-01 2.058022762631926683e-01 4.375880608581136366e-01 -1.414397578716884152e-01 -2.047545860767904791e-01 -1.949022603637712292e-01 2.288482043229317919e-01 -1.307579213734599566e-01 3.269812908326352741e-02 -1.254416354303634074e-01 2.413130551474800337e-02 5.026835623948841536e-02 -1.366856957848791576e-01 -1.230878638601181352e-01 -1.010735995637626755e-01 5.769570867964290972e-01 9.943054850948356005e-02 -1.873064867970691827e-01 5.531197797267319027e-02 3.878901093546591877e-02 -1.008313241352865874e-01 3.091751745757459480e-03 6.878216842241199891e-02 -1.421830403047601166e-01 -6.442977628488660846e-02 -2.392190211216502216e-02 -1.733834244120839863e-01 5.653866042017545446e-02 3.925642913711370197e-01 -2.096329301000613432e-01 -7.449626481812215983e-03 -2.298900696843148572e-01 6.155326533782063542e-02 -1.943530031762424892e-02 1.647380604216546196e-01 5.299436583439454118e-02 5.689430885961054007e-02 -3.399848739006762488e-02 -8.904610845726634860e-03 -5.881609595176984923e-02 -1.805343286162641725e-01 5.240529503222277619e-01 1.745694176038999068e-01 -6.914099588864282275e-02 -8.525306891405479148e-02 -1.548621510988177907e-01 4.549320686004493935e-02 -6.034431830323401524e-02 -7.540812857081047316e-02 4.731666292060271450e-02 2.148690276658976953e-02 -8.833812878739364174e-03 -8.252937392101789005e-02 -1.534190560732001107e-01 5.065207060503962300e-01 -1.596576056539206478e-01 7.542100899496925748e-02 -2.316577903921624576e-02 1.218339726596689571e-01 -1.431162899200984495e-01 7.099744158561710483e-04 -5.451635829155047908e-02 7.697761707657621577e-02 1.844518954000038957e-01 -2.464276732961508398e-01 -6.740293695095997406e-02 1.036579112195872565e-01 4.641039460590177801e-01 -5.181165559982818525e-03 -2.326893442383342891e-01 1.013971880892576283e-01 -1.616115384311076209e-01 6.206160244681960259e-02 7.388621307816242711e-03 -9.055879613685346996e-02 -1.621848472572029465e-01 -1.138959557527530544e-02 -2.627443801892458963e-01 1.701760651851876860e-01 -8.440825284883161916e-02 4.226809711617056098e-01 3.257804770667135918e-02 1.309751643687823985e-01 -1.289562337239251177e-01 -2.597282130013690848e-02 -5.826065348094472407e-02 -9.012299389088106183e-02 -1.147142114314046724e-01 -1.199862678241248731e-01 -1.814944424519320254e-01 2.186435040100603022e-01 -1.683379733531252809e-01 3.679064842320586837e-02 4.130594815376307238e-01 1.449641990397495528e-01 -2.030927630380641863e-02 7.065038167557766147e-02 -6.171984163524682487e-02 -6.287231777095789176e-02 -6.306523110787981556e-02 -6.317078464600942023e-02 -1.982157740130053858e-01 1.477465966036208556e-01 -2.890647335399704199e-03 -2.443533255109797686e-02 -5.560596583649157765e-02 5.036719146945007886e-01 -1.052794290282089845e-01 -1.549035019785086897e-01 -2.951873902804569294e-02 -7.890153588199108614e-02 -4.176297150010814530e-02 1.805575960236335542e-01 -1.568537611252638353e-01 -7.862434224641580427e-02 -1.628447005394517977e-01 -8.529177312202987360e-02 9.332301005339371791e-02 9.044779331838798120e-02 4.106795946091801319e-01
3.099275378444771994e-02 1.027267213397112244e-02 -5.502077947088948248e-03 -1.018194499318828827e-01 -4.837708605666395101e-02 -2.821673182478625502e-02 -5.108292464691147755e-02 5.315454608132386127e-02 1.046700050285721550e-01 -9.884775545683557874e-02 2.906419506508259656e-02 1.309500024874931390e-01 7.639030030945671845e-02 7.019576168828207735e-04 3.298504337692043792e-02 -1.490847526613281460e-01 1.654423157882468215e-02 -1.082674534720903664e-01 -7.037560110026130911e-02 4.936336270197071163e-02 7.566813453210878559e-02 -6.911833259237622207e-02 8.584947314905932991e-02 5.251414751629272792e-02 7.886867031232321947e-04 4.046805927826297583e-02 -4.320827124630569060e-02 -6.867508915338640940e-02 -1.265275562461826431e-01 -7.929842503143141874e-02 -1.598759486877440739e-02 9.651707677612005043e-02 8.772290925274003892e-02 -8.789095472704033796e-02 -1.961052306093835282e-02 2.611886960267057467e-01 7.890925664234277326e-02 -3.279612366422933467e-02 1.539303413834727449e-02 -9.537897675618694712e-03 -1.106649665208535999e-01 2.164271188723405903e-02 1.956307876256175096e-02 -1.286424608875199162e-03 -1.929914881224206041e-02 -2.384005942679805201e-02 1.138770786929525769e-02 7.249486482383894759e-02 2.716283224553444134e-02 -6.052987882069967018e-02 -5.847043027493444706e-03 -6.842882382316256562e-02 5.190734616102792714e-02 -6.087938442371830516e-02 3.286152013854675563e-02 9.211885768265751966e-04 -7.469965388801636137e-03 1.176666102437488592e-01 1.029730757592864920e-01 -1.511230542420884393e-01 2.910042581229629194e-02 -2.328423599353719731e-01 3.861250562098987593e-02 4.605917264357920621e-02 -5.735313632408831075e-02 1.081088933720958101e-01 1.314281585803002972e-01 -2.277447687989112360e-02 -1.036469577504975093e-01 1.100312068841546864e-01 1.368492884868832693e-01 -1.710775005106551783e-01 7.748525211404079516e-02 -3.933084926858338576e-02 1.895519675760563849e-02 -1.331838546700513382e-01 -9.963097471733529942e-02 -9.839406050668819681e-02 -4.804927703473088618e-02 8.699750080543434960e-02 4.913498257629726751e-02 -7.590190491451430377e-02 1.111557740374260056e-01 1.659751967246633209e-01 3.219855254045676796e-02 8.406088838236600025e-02 -2.962144726666282937e-02 -2.391915871109864117e-02 3.197022846893819020e-02 -7.293861815780683377e-02 -1.853787184191089260e-02 -2.017768254202722406e-02 -8.204425145505200856e-02 1.292233242538071425e-01 -1.160025753676700551e-03 -6.328473545900661912e-02 -4.244048648522340261e-03 -4.298376880437326103e-02 3.276198865435581836e-03 -6.247379491045421118e-02 -2.935160891596607161e-02 -5.311533395347792230e-02 4.905413325023195298e-02 9.470843295061288913e-02 3.142777181423422883e-02 9.358944147031367233e-03 3.873132449729189963e-02 -7.888954346355600555e-03 -1.902670185223801283e-02 -3.376550197227314032e-02 1.885474589679111274e-02 -1.031996519557158709e-01 9.683741303740421580e-02 1.834505154165648466e-02 -6.832721364784449802e-02 1.289528072307140338e-02 5.472694341592233142e-02 -4.717861297414704252e-02 6.843758797765238377e-02 1.783582690563403905e-03 2.054013191048812553e-02 -8.159574016032697386e-02 3.117803926093217631e-02 -7.014724908794894853e-02 -2.004555885161118933e-02 -9.517502858826146217e-03 8.062113739489364106e-02 2.983783928665780308e-02 -4.041271738735488506e-03 -1.532897916407149896e-03 3.419563197003423760e-02 1.487930025742249113e-02 4.304938891608788010e-02 -9.540641403697133760e-03 5.790026406195904196e-02 -4.889589038220509831e-03 -2.570694694547769749e-02 -8.365082909683241308e-03 1.346231632126627248e-02 2.401584157778275178e-02 -4.787207908872923023e-02 -3.039548164392977259e-02 -2.634041686472883559e-02 2.880238724112839377e-02
-7.843134341653770769e-02 2.960129215058108013e-02 2.444546905674455789e-02 1.331583164301368694e-01 -1.611331029437560944e-02 3.978672221172599444e-02 5.877250372910304554e-02 -7.602820298198362248e-02 -7.225103174982017151e-02 -8.206787721924331189e-03 2.270312680140942202e-02 -3.274522717002720240e-02 3.120587446844733798e-02 3.808630370830477785e-02 -6.235520703790944225e-02 -1.209117619110524310e-02 5.646673578351460963e-04 5.149780812879398151e-02 -6.633754954900540624e-02 -1.755532330127123827e-02 3.919941778353200346e-02 5.228936227584227159e-02 -1.101046913032615732e-01 5.359715327180667593e-02 -3.109608460165367780e-02 5.231060645959671046e-02 -2.677655106049794953e-02 1.312584051526080944e-02 2.902716911112633927e-02 -1.169607141754910179e-01 2.757454676997140100e-02 -3.051908655744862975e-02 1.071921220595544203e-03 5.631882525695943581e-02 -2.587945012071456510e-02 1.092044009626938830e-02 -2.919378409408968436e-02 3.466446225770460077e-02 3.462703200557547267e-02 5.768630063612766035e-02 3.094707683638335885e-02 2.142511428347807986e-02 -2.631189711699779762e-03 -1.119475115933242365e-01 3.072762690232498997e-02 -1.845535269531627803e-02 3.522483537862131434e-03 -4.278748791192176631e-02 1.742931921244093157e-02 -2.608757559298177306e-02 -7.571018146890236278e-02 -4.868015340485765813e-02 1.044236600482447846e-01 -2.368981362180126379e-02 -7.132275396862301775e-02 9.086166588132853217e-02 3.294926846159713929e-02 1.333077881375003149e-03 -4.750289886991336530e-02 1.229995156382006870e-02 3.417501518394060883e-02 -8.802933617983139947e-02 6.779363912512373358e-02 -8.663716981548343077e-02 -8.342533794855107321e-02 8.093116212380729868e-02 -7.560433553601010603e-03 2.580990146624827578e-02 6.412582061846390513e-02 -3.091587779873654698e-02 1.032193886427877350e-01 -5.016512220226402446e-02 -3.097753667538765548e-02 -9.474950693052822115e-02 -5.440818973546757142e-02 1.003151034803956426e-01 4.210923442748316231e-02 7.649982722449558126e-02 4.427196547792688897e-02 1.412771847882365699e-02 -2.804111846537074570e-02 -9.559583192252968376e-02 4.572461295556089905e-02 -3.666891141528147435e-02 -3.470402312294855462e-02 -1.628947923067618165e-03 2.234343729934950076e-02 -3.604644900462136443e-03 -5.220149470744200014e-03 -2.690327653241898070e-02 -2.864254870776464061e-03 2.475921216266512362e-02 -1.672951367219154689e-02 2.483863962766099179e-02 2.794120297804538258e-02 6.855349666956430353e-03 8.105419173639022423e-02 -5.094882262517162752e-02 -6.173639656989556024e-02 -6.094148970375103114e-02 -7.948384853775553038e-03 6.959952041589972938e-02 3.848491655459237992e-02 1.204756149103225205e-01 -5.348881729482554692e-02 -5.042256248221427262e-02 9.800054503799024083e-03 1.866778676222990985e-02 4.036194564935911833e-02 5.330326707124212471e-02 3.073367593070776282e-02 -6.378889656546694181e-03 -5.470276689093400702e-02 -6.007355208495145094e-02 5.634372026031306963e-02 -3.558026235613312438e-02 -3.454865095138499875e-02 -3.126148639898383708e-02 3.836116489218856923e-02 2.906013565631094392e-02 3.265279213988026008e-02 -1.296010016719151281e-02 6.349584865284235713e-02 -1.057824740832085109e-01 -1.913141772090788673e-02 -2.346844211357251853e-02 4.893310083863347537e-02 8.072962061487304330e-03 3.288186383811778080e-02 -2.869767647383086873e-03 8.494684492022057387e-02 -7.751287987160507265e-02 6.884331764146542354e-02 6.238849600427814890e-02 -9.845386598772175313e-03 -4.504345622033273377e-02 2.680477119784702156e-02 -3.380210983943232605e-02 -3.290792354309579615e-02 -1.716047903693150578e-02 -5.346866486941556640e-02 5.177482703720993201e-02 -3.720146676250803142e-02 -1.398486521250691395e-02
5.519923915399559400e-01 -3.525321240330112627e-01 2.348391970030800358e-01 2.397590301043042160e-01 -7.548675568808424496e-02 -1.435808735227597777e-01 -1.308103457772933353e-01 -3.053821305005347334e-02 -1.790535512202665047e-03 -2.321323868011167246e-02 -9.099743643611032939e-03 1.279330066024339241e-01 -1.060679026583568746e-01 3.714602833886782030e-01 -5.302813331659347873e-02 -1.066819829560688299e-01 -1.238358150102047278e-03 -8.793721603965816425e-02 -6.388578882393039504e-02 5.410317989414603623e-02 2.548257289196276254e-03 -3.345296759826809491e-02 1.146605489956621371e-01 1.266018945790706868e-03 8.888418707502307448e-02 -1.968421408048742216e-01 4.804111152721948219e-01 7.464670226186083390e-02 -1.284534337094484779e-01 -6.006397825435702553e-02 -9.564872051913039797e-02 5.982521848417934190e-04 5.034628309119144884e-02 8.693420546090381562e-02 -7.164970291013118830e-02 9.930783437667499436e-02 9.838811198647853806e-02 -3.317561367623800828e-01 1.601408080114210264e-01 5.112432736052892057e-01 -2.870110565071478520e-02 -1.315035095364214257e-01 -1.042312297786845282e-01 2.793543221337566745e-02 3.597959596746767852e-03 1.619966801487754404e-01 -1.113766435851397119e-01 5.300675498149889919e-02 3.753880266227390544e-02 -2.591306718927240405e-01 1.007546305002494230e-01 2.235843279742484868e-01 3.016642848518057418e-01 -1.424693603097451078e-01 -1.329328434590007768e-01 1.183206215794097016e-01 -1.467169394124741011e-01 -5.951928819388978276e-02 3.695964880925858148e-02 1.847811953158982612e-01 -1.088127816595561986e-01 -2.911559749587432910e-01 8.499470020247856805e-02 -1.111920380054008325e-02 -1.460094249974175362e-01 4.789989856745398011e-01 -3.512696252615919723e-02 -1.587223460325082325e-03 6.956436774276132662e-02 3.749933542331027742e-03 6.613287930513156443e-02 8.411800863853324817e-02 -2.014474495691710373e-02 -2.583326176132557661e-01 1.994059381724298807e-02 7.804040724041561017e-02 -2.054004944708775204e-01 8.347057826603027086e-04 4.967399728624946054e-01 1.125896587048669517e-01 -1.130391291533648368e-01 -2.439407045794783624e-02 9.519174557496123956e-02 4.809122536970163175e-02 -1.214955929257775652e-01 -1.707172059087868343e-01 1.895708797654094280e-02 1.516759480983660008e-02 -7.915553082083118253e-02 -8.267709982295956550e-02 -4.322864240031711741e-02 4.637612185440583845e-01 5.233113064909350465e-02 1.356485344539926363e-01 -1.699838635037228401e-02 1.123171959578092849e-01 5.759250524610528416e-02 -2.227974618050838074e-01 2.005114580352683196e-01 1.202803698520123754e-01 -2.359162220779747743e-01 4.972863256778514707e-02 7.296864949935977229e-03 6.218526386659964378e-02 4.718803477291887982e-01 -6.955432628505883730e-02 -1.434316012166136911e-01 3.910985264202292144e-02 -9.559116301615652039e-03 -3.434375475080014839e-01 2.325009134953533452e-01 2.147903428571099060e-01 -2.631804760960212430e-01 -1.126236501974000187e-01 -7.432074052453888080e-02 1.861942859715083887e-01 -1.902575896484605122e-01 6.494546243619535586e-01 -7.927806124564042156e-02 1.425434335558558030e-01 9.569026605937616670e-02 -2.463971433198756111e-01 7.833576318897181312e-02 3.008339380020348675e-02 -1.220013616707488202e-01 1.373268597634468013e-02 -5.591765795433190078e-03 8.244737706397088639e-02 -1.630354671317859605e-01 6.228305595188998733e-03 4.479787243741233382e-01 8.676527687595200766e-02 1.780471399768073643e-02 -2.034347271042303285e-01 9.286683285315630587e-02 -2.904517606047113398e-02 -4.252951191635906403e-02 4.323071576576062447e-02 -3.126580058785285998e-02 1.247207273913371606e-01 -1.685554355167802609e-01 -5.682624509106695004e-03 6.421617308187287099e-02 4.914089135377491813e-01
4.343111509529254920e-03 -7.914209357691496388e-03 -4.827643005187498559e-02 7.993300227288543947e-02 -7.731899363352301435e-02 6.128878215455992734e-02 5.827189857645331122e-02 8.113108844350717941e-02 -9.726289534629088684e-02 -2.656541347790693230e-02 1.553867194623637649e-01 -2.292190378108571736e-01 -3.550236059840185254e-02 4.430694230036564402e-02 -9.625784111972209012e-02 1.506058738714809997e-01 -1.688631452134605748e-01 -1.276380800743609212e-01 1.521099210866909135e-01 1.531302071049406022e-01 9.348310013535246488e-02 9.570866946203360204e-02 -2.025844139189558746e-01 2.351476767941164999e-03 4.334739379589391817e-02 -1.759787761357028621e-02 -3.144344396230321775e-02 -2.517356887744245236e-02 -4.635004094384042456e-02 2.587201110440087368e-02 2.363014138585167734e-02 1.111989649786933876e-01 -7.016478033080777998e-02 -1.638720312191996840e-03 4.868730928857698675e-02 -4.523047156980047195e-02 9.798471544491210716e-02 9.058814845696713802e-02 -1.622165151060828148e-01 -1.652061890300058830e-02 -4.130092276159837844e-02 -3.564324379559500461e-02 2.674112669134089126e-02 5.799703580313369383e-02 4.780971637440376704e-02 4.619171882160441611e-02 -1.696020578836222523e-02 -7.855160406011586771e-02 -3.520769015190968604e-02 2.131068629933541379e-03 8.365332842554144832e-02 1.131214027933923755e-01 -1.536701769780870475e-01 -1.493758071816576327e-01 4.244857038290581613e-02 2.197665851452813013e-01 -8.064645669025774510e-03 -2.274298684109822555e-02 -1.665335587347613333e-02 3.239582057969815979e-03 -2.907099829192192134e-02 -1.481550290413048351e-02 -7.608431849108283906e-02 8.420632314575821065e-03 -9.784636615635754209e-02 -2.643940695969065197e-02 -5.726757965393709272e-03 9.688897187210800122e-02 -9.300610502454931261e-02 9.297459140754352203e-02 8.958067897640258070e-02 1.119215284355109113e-01 2.233676359344196130e-02 -2.339856580162842647e-03 4.672560843796946112e-02 -3.054454339241461508e-02 -8.201708754352907138e-02 2.737882410930805865e-02 3.148328445312018747e-02 1.362418708399205751e-02 -3.282359045146548970e-02 4.821179563628725379e-02 2.382608195360480866e-02 -7.218511543014713427e-02 3.906316460985691241e-02 1.525417741423674804e-02 -5.693654632256407028e-02 3.250045465813598822e-02 -1.540078832236068396e-01 -1.269163598701749003e-02 1.230599392557267108e-01 1.638153808826030566e-01 -3.031939328739320302e-02 7.656523694930052193e-02 -4.233715715293510928e-02 -1.434356793001967945e-01 -5.495431202242743313e-02 -4.673695408023068043e-02 -3.632636066013600340e-02 1.080753286656540579e-01 -9.031909649049044142e-02 -1.303897935569386934e-02 6.633098247731339381e-03 1.544959075589426023e-01 -1.369590305277311459e-01 -1.882419911015631442e-02 1.174726438782303789e-01 6.181326870042649912e-02 6.545291265013949977e-02 9.104210176602095528e-02 -6.238732332071925124e-02 -3.558756655882147624e-02 -1.377553952283238625e-01 -5.608834473013805944e-02 -3.359207249084972258e-02 9.078365861155957006e-02 1.227429182194123003e-03 1.280858803966695714e-01 -1.034660710756422214e-02 2.214342555990829117e-02 3.170852173703531118e-02 -2.764880294772575908e-02 -5.831889637110149183e-03 1.938114170169127903e-02 -5.071591557279885726e-02 2.472519720090324280e-02 4.934116908333063822e-02 8.301249011147190937e-02 -7.617794114192663613e-02 -5.576898062848811843e-02 1.229353606629427775e-01 -1.278799148350402148e-01 1.311733722682367764e-03 9.704326841267596482e-03 -9.111147495604038360e-02 1.671572478471288203e-01 -1.763809406995728302e-01 1.117874813942321133e-03 1.593177386916342919e-01 1.606979832906506589e-01 -4.221547824901661361e-02 2.590543872585315821e-02 -6.188478208531308922e-02 -1.430370568079137317e-01
-9.663484817513237407e-04 4.626163859616405638e-02 -6.105802602774573762e-02 6.346708288555194533e-02 7.316672071217841279e-03 1.413013894510780494e-02 8.341036704423623188e-03 3.345547971912966878e-02 -6.047818041940920819e-02 -3.800481602980811807e-02 -4.669731424614115452e-03 4.900636069310754239e-02 4.174270285645707151e-02 8.927459130030968026e-02 -1.034390961979071155e-01 2.111364433852368563e-02 8.203491790637722214e-03 -8.586705410738584843e-02 -1.409808442980805925e-02 1.080403526770921385e-01 4.682818991714423479e-02 -6.933413852568351410e-02 -1.286124223540152101e-01 8.445425608391599059e-02 -3.301489522627380768e-02 1.501433789239616651e-02 -1.164374365887988344e-01 2.510077150261039516e-02 -1.376497278762720683e-02 6.715346132253430071e-04 6.194591840881959882e-02 1.641867971178152460e-02 -7.089332523154685643e-03 -3.585425259098620754e-02 4.662905642503348963e-02 1.187231647755782327e-01 -6.532097083613576383e-02 -1.263899336153450625e-01 1.374264203007198315e-01 3.848437908891295250e-02 -4.742993006379361137e-02 4.010935946767143351e-02 -6.691008385499372380e-02 -6.782669235128830319e-03 -1.021942674446341473e-02 3.727388490763176160e-02 -2.680395726633977641e-02 -2.900972819475630075e-03 -4.216333036358007463e-02 -2.309961699334568339e-02 7.679717782254133485e-02 -3.000952383379103944e-02 -2.027310391485635105e-02 -6.567219727577614484e-03 -6.478148378745926528e-02 -9.123310899878131139e-03 -7.284500384462182232e-02 1.291116303212586636e-01 7.243619452614477594e-02 -4.374948708108501033e-02 4.466643848200951145e-02 -2.704386168748661862e-02 -8.668557113665108227e-02 1.083947272596183231e-01 -6.993442879815469498e-03 1.938077495598243549e-02 -2.268085931825525661e-02 -7.739438166608944569e-02 2.510988827467500184e-02 5.172287209960534787e-02 -6.264057283923014918e-02 8.705981825841174098e-04 -6.100731194746949332e-02 -4.811688935140844003e-02 -1.180420983804311708e-02 -1.857754224941272209e-02 5.449711269977054739e-02 3.581941266558758691e-02 3.973151188439733722e-02 -1.870286354851986149e-04 -7.797442871195192290e-03 -7.639370222841158908e-02 9.320363320097636850e-02 6.736991806172194786e-02 4.500217644250997795e-02 1.563240466503672960e-02 2.982708142604116597e-02 -7.440683228953069717e-02 -2.841728039807854891e-02 -3.099802378758511343e-04 5.209359244346335044e-02 -5.275370442693166906e-02 1.483301881856543825e-01 -3.595850542299455083e-02 -8.494175892579960974e-02 -2.121842188974502538e-02 1.197192577619120429e-01 8.086878367779029575e-02 2.451305136747183866e-02 -7.337120395257262784e-02 6.758578680259663685e-02 -2.748556633169267627e-02 -3.562097129672687351e-02 -9.755428724369243076e-02 2.416292731116026493e-02 4.376154092543214913e-02 6.256224788200565046e-03 -1.194838959525078570e-01 -5.383712510730273570e-02 -9.365099057562532858e-03 1.754440733039968128e-02 -2.930667230348302232e-02 1.000395646806633843e-01 5.014568425111487482e-02 9.165652270471447149e-03 -5.279129285331377042e-03 -2.316260084121594259e-02 -1.591556631342783135e-02 4.512161478490546440e-02 -3.132106340504743625e-02 -3.493182299592083317e-02 4.659845902525239919e-02 7.273225869374209257e-03 -6.632729488609520607e-02 2.903504337654351161e-02 6.370280020716481695e-02 7.053938960130558267e-02 -3.163638512981094275e-02 3.943163532394328152e-02 2.980810701184097300e-04 -1.474828690880268176e-02 -5.060527022128012697e-02 2.757601863312586499e-03 -8.132102989091832823e-02 1.770148375438673205e-01 5.109483663885416860e-04 -1.461629187181791856e-01 3.866413963072024007e-03 2.893930897657387424e-02 -1.206709000040340207e-02 -6.777125967569005982e-02 8.601183393244851705e-02 1.345361697540814472e-01 -9.182201973030057474e-02
3.484037779655126399e-01 -7.352051219366148582e-02 6.316882006303715935e-02 -2.004932134331841864e-01 -2.198054471163350676e-01 3.745877824997136119e-02 4.054545255959916827e-02 6.942631354320734360e-02 1.618305422267328486e-02 5.973374268366237611e-02 1.225948983590422758e-01 -1.276920296995120163e-01 8.936696923580046692e-03 3.328475745979755374e-01 1.610386199916116756e-02 -2.014941452248383835e-03 7.918428607613392511e-02 -4.446899580145366460e-02 -1.534150760898506383e-01 -3.741757162300694828e-02 -2.416527333152325777e-02 -7.538254272696298663e-02 1.078449845955818664e-02 -5.171847888654065514e-03 -1.595211101027784947e-02 -7.358217524278654054e-02 4.239351416851172005e-01 -1.423902688683552353e-01 -3.915360828452993380e-02 -5.008211336379721906e-02 1.481018863751888959e-01 -5.801603932086744214e-02 1.229837072551185628e-01 -1.499447845794473488e-01 -1.481932553417311949e-01 6.065870801199995527e-02 -4.887251562726967896e-03 -5.095895478642419735e-02 1.652878118281866926e-03 2.808798601689952434e-01 -2.946426562012390005e-02 2.037831162429758897e-02 -5.994125120704798387e-02 -4.934089988309280084e-02 1.322429921467864478e-01 -1.595264589117789955e-01 3.733621901581548035e-03 -4.327347409686651408e-02 -1.058126624750176797e-01 -4.163665411712991204e-02 -7.999838599618230850e-02 -5.216668906255784305e-02 3.410239918612800736e-01 -8.444530713296416469e-02 -1.353101382474784786e-02 -7.357318995250728896e-03 4.751793014910737911e-02 1.272143780099856958e-01 -6.023881376195882459e-02 -6.703931450387927427e-02 3.429172993592341512e-02 9.243347851787721281e-02 -4.085706459704577936e-03 -1.447425650866405455e-01 -2.877231764770714073e-01 6.758901738824854011e-01 -9.753172229199852383e-02 9.489894877714144528e-02 3.436174371786780701e-02 -1.875281483711428721e-02 -1.787482974580828499e-02 -8.814363350173429201e-02 -2.567000914499437472e-02 -1.506672619497265719e-01 1.240046582109138040e-01 -1.512920633835720396e-01 2.775723394398307842e-02 -2.586583079117674155e-02 4.630520876105940209e-01 -6.574410919636565487e-02 -2.887621513497531933e-02 -6.003767651154431895e-02 -9.484053159095437446e-02 4.517542508938640622e-02 -2.120146799287428441e-02 1.008993750582715294e-02 2.325535810994481395e-02 -1.880537011814785164e-01 -2.351708849808585577e-01 3.752636263125350841e-02 -1.045156487677328244e-01 6.224798645770186489e-01 4.636544635894711275e-03 9.068187462759225159e-02 1.369873940874408447e-01 -1.365570958934302637e-01 2.199359734353642515e-02 -1.592608326488134107e-01 3.339643096268939126e-02 5.569441737794936231e-02 -1.426804443584140103e-01 -1.993554879598286728e-02 -2.152576004554507538e-01 5.547899498412001834e-02 4.963986096672112769e-01 5.985793020393748165e-02 1.568861143664690705e-01 -2.378049434255417871e-01 -6.404711597371762211e-02 -9.987885823721937006e-02 -1.168429726932989215e-01 -2.164720572548797795e-01 -1.002691292838371606e-01 -7.893763903828285300e-02 7.715974196553565534e-03 3.123872020840770536e-02 3.811791083216523046e-02 6.047683376148226264e-01 4.225134229329609303e-02 -1.106967190141777690e-03 5.997810242956620741e-02 -3.110027685068444264e-02 -1.347623928251157066e-01 -3.119280591380549361e-02 -1.559207296327711767e-01 -3.934392057434078771e-02 -1.218348410410077520e-01 6.523795833370596431e-02 5.492205515523076315e-02 3.873986385617117501e-03 5.796178487638474763e-01 -3.900706521596616905e-03 -1.800223096816930823e-01 -7.718702782498217119e-02 -4.721896838802401575e-02 -1.862180008618512239e-01 -8.686839197028242698e-02 -3.668315671060284888e-02 1.055877554943184388e-01 1.344389188130837298e-02 -4.663810146027712322e-02 1.493067607522383794e-02 1.071487551973481639e-01 6.182901700163689895e-01
2.507767770996821924e-02 -6.877499425477125172e-02 1.626459647046202620e-02 4.716426425837592223e-02 1.211415918237461475e-02 9.169601437996801468e-03 -5.898394119236445750e-03 1.056326117274338471e-02 -2.220888134501106115e-02 2.983938737905120209e-02 6.102501862922675435e-02 -1.092939770501711594e-01 5.692359029136431769e-02 1.032862340526324585e-01 2.742479413157895146e-02 -1.210591926883807651e-01 -8.220292302180649824e-02 1.061270358715397377e-01 -6.424185503413346043e-02 1.597899520990025274e-02 -3.132383179728046030e-02 -5.677363683505842057e-02 -1.135278047562140839e-02 1.284481961336112477e-01 -1.264539421690871572e-02 -4.807790593832261122e-02 -6.440908175890443232e-02 1.601104242054494226e-02 -7.475019774293524544e-02 4.907700479922451342e-02 6.009338968187004359e-02 -2.632094472555284240e-02 2.740854871908625714e-02 5.616709402311972216e-02 -9.932400689317093939e-03 3.273388290289067776e-02 2.695861849161863139e-02 -4.098312656615955146e-02 8.345136352930064561e-02 -4.817871926747510636e-02 3.412127546815277301e-02 -6.860026080724462676e-03 3.766724157334384870e-02 5.224089448712599532e-02 -2.278566597638721075e-02 -9.220184322044983061e-02 1.088204785922945728e-01 -7.461658304007538767e-02 6.980018186586964789e-03 -8.412860438830284393e-02 -1.563366482958250883e-02 -7.187044521264640030e-03 2.497510530202747339e-02 -2.522901365473696061e-02 -4.059751331790709822e-03 -2.071902296508206041e-03 5.470464122818027158e-02 -2.458193433875133227e-02 -7.633218005392456221e-03 6.965803969637339443e-02 6.903461635535027008e-02 -3.208173093483796673e-02 6.790747692402365754e-02 -3.100890379208180725e-02 5.334091228339629676e-02 9.283277715507977368e-02 -7.784067742005335022e-02 -6.217877127501823115e-02 -1.111617719919904546e-01 -4.002100205367408597e-02 1.054213871559212534e-01 2.434171915893936292e-02 1.036880782646029259e-01 -1.302663754133977503e-01 7.023306602732322379e-02 -4.457990452918205761e-03 8.686089763773816030e-02 3.931538663318788485e-02 -7.142756696832169849e-02 -7.863865111435257294e-02 -2.646236560876314564e-02 -6.948371517159826483e-02 5.702196187845384734e-02 2.563787128249019748e-02 -1.283976000715909838e-02 -9.754831219129223019e-02 -3.900494498531383025e-02 4.152357570810024517e-02 3.329561422486715383e-02 -2.591509236463610671e-02 4.888952222832097620e-03 -2.951929926127394924e-02 4.664494054810478657e-02 -7.219252832078743368e-03 7.307104072368567071e-02 6.978717724509224049e-03 -2.372567519360740951e-03 -1.372168549306190255e-01 -2.139522903402552023e-03 4.720485053203432591e-02 2.418811461935416185e-02 -2.440384940005987935e-02 3.527376502616393766e-02 -4.108158898297585571e-02 4.144047729161376425e-02 3.996428103621156580e-03 8.561806204683627963e-02 -4.219890552466526445e-02 1.870828617177744402e-03 -2.972187841807746866e-02 7.737533287394446346e-03 -1.011592804391802380e-01 -2.298920429818866740e-02 2.512403537949546919e-02 5.177959374393004827e-02 3.594898558615453044e-02 -5.088267632404595148e-02 -3.498905926312952108e-02 1.286116320440094940e-01 6.272583311747449708e-02 -1.247087258601341925e-02 -1.515526927419314773e-01 -1.709916424450077382e-02 5.998301094970414499e-02 6.426410575680675807e-02 -7.365259572706096824e-02 6.544934987808082028e-02 -3.380157406019116545e-02 9.400243876338276738e-02 -3.876574539635425920e-02 3.995583672964220928e-02 -3.304852701172938945e-02 5.516019212133367600e-02 6.246427316909591160e-02 1.133790491505122372e-01 -5.813306587037571360e-02 1.262343295606290772e-01 9.552127384912942332e-02 -1.067535921679124145e-01 -3.589642610333146355e-02 -1.498798636082271374e-01 -1.140836620176988447e-01 9.845054867818786581e-02 2.316171109789564100e-02
-7.198296734395419338e-03 -8.304431863793747259e-02 1.539463469805782067e-02 1.352759013281923904e-02 2.253000637852567087e-02 -3.758197070496139408e-02 1.460461313897361106e-02 -2.497262418617843607e-02 -5.154317842354451396e-02 8.178198378080109299e-02 4.680727183247301165e-02 2.421176540010429312e-02 6.620030078666375162e-02 -2.144299998914216219e-03 2.577342311648540135e-03 2.245571985875466706e-02 -2.330845747814912217e-02 -4.020103214045150225e-02 -5.298859139730158901e-02 -8.006811159474642656e-03 -2.271648451374456978e-02 8.897333453666324277e-02 -1.981095271625528051e-02 -1.955184941205453594e-02 -5.867115554009016271e-02 -7.834340040032652941e-02 1.592949489749329733e-02 -3.478541834369760360e-02 8.324458254256482392e-02 -3.311011375634919512e-02 1.114445561139210533e-01 4.535349624326628221e-02 -3.988099780942398753e-02 -1.527287684054443907e-02 3.484428861562195723e-02 -2.102667249750469688e-02 9.447142569819896862e-02 4.112555931573905199e-02 -9.947012401347035682e-02 2.804551558218244464e-02 9.861288732340788010e-03 1.634716127262071314e-02 -3.478487893902436345e-02 -8.435114550458590321e-02 2.074722365833877105e-02 -2.924587820653075029e-02 -1.532510613947872524e-02 7.430707177745962677e-02 1.674882122348562638e-02 -2.752724088096503152e-02 7.863741021574011114e-02 1.709970789668869770e-02 -1.779022556930023521e-02 1.701140841063421890e-03 -2.766257940991019570e-02 -3.254475186363807448e-02 3.552566384296229618e-02 -3.616911393344879322e-02 2.605259401199705796e-02 -3.253331483675415275e-02 7.370144879142119521e-02 2.238684998707161922e-02 3.134796465076066223e-03 -4.549970188032013280e-02 -1.421754740741927037e-01 -7.867754586914391460e-03 1.814892533225215612e-02 6.336030371776735226e-02 5.816180186612461382e-03 -2.675705487770277044e-02 -2.148593391352911219e-02 1.890333776516173181e-02 -8.267333162892244805e-03 9.232931354238049781e-02 -3.444904968878909068e-02 -1.421192514131670165e-02 -4.828260828935792420e-02 1.958725002766445109e-02 3.837250699262537146e-02 5.653864569760055914e-02 -9.686688435186349352e-03 -1.129776082152395972e-01 2.930538299652096432e-03 1.359107865822852153e-02 -2.689331892383308234e-02 6.620281019844759252e-02 -2.511770574612660553e-02 2.884068967419778709e-02 6.992267468699969735e-02 -2.125010872869102438e-02 -8.484084123207848160e-02 3.915309462985874789e-02 -2.613341328936885470e-03 -1.796370362238647669e-02 6.173047176260829799e-03 -1.207738300809863517e-02 -4.690788108828856939e-02 1.067534960874411132e-01 -5.100292877346266490e-02 3.023293290871494760e-02 6.098473630770653853e-02 -7.206225390043288770e-02 1.338881530984871102e-02 4.161738695973951629e-02 -8.673301096590607662e-02 1.192023492761763726e-02 -6.350730369633267314e-03 -7.277161592204969831e-03 4.630903348703939437e-03 1.725402402788049280e-02 -1.113558035733002993e-01 -3.065492579475499052e-02 -3.204281710982639225e-02 7.666940986618754617e-02 3.208427269222266509e-02 3.398648644330199559e-02 -6.924680105920948125e-03 7.449799516133923105e-02 -5.655598184347565560e-02 2.904723139091102899e-02 4.793708291748518396e-02 -8.079849109327780221e-02 2.514990106687372065e-02 -2.730482591799580222e-02 -2.434114956635612115e-02 9.174007980483395164e-02 1.053523114396270020e-02 -5.466396052504027270e-02 6.093377047843613614e-02 4.194716527254491178e-03 2.599798395398257578e-02 -1.560990640718076111e-02 -1.430804072090175183e-01 -2.691312511589627476e-02 4.702190707465433994e-02 -1.199627103211640261e-02 1.962448749007293311e-02 1.451644960322709954e-01 -9.519830519190058959e-03 -4.273955778134735928e-02 8.747905521734611334e-02 1.899724929406432228e-02 7.143388787145141250e-03 -2.361071576774916719e-02
2.465908821793625361e-01 -1.689470322582458939e-01 2.404491874485106817e-01 -4.978159199943017754e-02 1.878720674096198417e-01 -2.554487643892244253e-01 -2.568506651472154401e-01 1.679232874890588256e-01 1.599925589574157092e-01 -1.660037895030795352e-01 -1.299108636873498313e-01 1.020296740521714901e-01 -1.168235134194084840e-01 3.941213448933599262e-01 3.997791287126633009e-01 -2.180233161724352484e-02 1.622836165774572265e-02 -1.369809506313438563e-01 -9.842354745448841924e-02 -9.436832687207713510e-02 1.948727966527016020e-01 -8.275341204828084996e-02 -2.314028268660136556e-01 9.445066062065608781e-02 -1.406226997062343387e-01 1.320521234626535756e-02 8.719273164633740691e-01 -8.106936265462549862e-02 8.966494794724499950e-03 -2.886620601362759331e-01 -1.484301206656269412e-01 7.413992758597290345e-02 1.641477622890724630e-01 -2.655474516289953180e-02 -1.728874647008038223e-01 3.328077714856506053e-02 -1.219008278748787283e-01 1.108826139720477978e-02 1.188798605207733727e-01 6.534471341256046228e-01 -6.382934898117498257e-02 -2.907047056524700857e-01 -2.188850181562389252e-01 9.482902415908600613e-02 1.536271354882953744e-01 9.722207615362214728e-02 -1.525828922975682733e-01 -8.502727263121662160e-02 2.534691250306694843e-02 -9.625329374121273374e-02 2.349472697522388132e-01 -1.164403010993537435e-01 5.637723306155457692e-01 -2.033622882109656360e-01 -2.391765563585980525e-01 6.529373538069732641e-03 2.020797185625093362e-01 -1.038265949659833293e-01 -1.558559324378551714e-01 1.209046408767943115e-01 -8.111728468141563009e-02 1.176503976204677226e-01 2.750980453205291720e-01 3.032497097429510957e-02 3.572576146725728319e-02 2.000766589267630735e-01 -3.853283125022558681e-02 8.030248172760434677e-03 5.977245657977024729e-02 -1.686080663871055985e-01 -1.115158544896792253e-01 -9.756324898513912824e-02 -6.668778880328804504e-02 -7.788559442424007606e-03 2.371505022841422228e-01 -3.251395559160603910e-02 -1.214902003355097446e-02 -1.429360219330455262e-01 2.333398431738722134e-01 -1.689578617506492381e-02 1.268375524463663528e-01 4.541198567998104563e-02 -1.384195359323633356e-01 2.681612365401930820e-03 -7.247501593769106742e-02 -7.486485415003062138e-02 5.121320799276899427e-01 6.827580113898661096e-03 1.014161885292092918e-01 -3.398321992314817797e-01 -3.475759605709521360e-01 3.298000771054424018e-01 1.673897317638396443e-01 -1.097653288623241519e-01 -1.551622494581157419e-01 1.405489992865136817e-01 -6.963448486519750735e-02 7.854647456581757836e-03 2.220473197421650169e-01 -1.998963836121031568e-02 9.633775655889154077e-02 -3.191392083774349797e-01 -1.605606497140825706e-01 -9.416421153546138123e-02 6.560902975951034000e-01 -7.119781851029807762e-03 -1.463551783110142168e-01 1.682040162328068966e-01 -2.177495727479726584e-01 -1.210158975408999471e-02 3.166078661663575544e-01 7.049244139550268906e-02 4.751617460507856494e-02 -2.737789714802882357e-01 -4.179230819853884532e-02 -7.003074355087675340e-02 1.664584110346590540e-01 3.250668633396621710e-01 -1.445034933580122694e-01 1.182822133061488951e-01 -7.114041093611059297e-02 -1.844873605239086556e-01 1.100590616076259354e-01 -1.824346706121082046e-02 7.808114401074460476e-02 -1.777413434996447938e-01 -2.620310283478218816e-01 1.780379597896002419e-01 9.398694903927967692e-02 -5.104669950282839097e-02 2.573828195411969055e-01 7.399631728525624119e-02 -1.251355602012559354e-01 -5.480836364138658157e-02 3.989537113096870979e-01 -1.180057107620093304e-01 3.610594856377984108e-02 -4.903233619378823960e-01 -3.586828363494307670e-01 4.168056645093505541e-02 3.625272062478699930e-01 8.162831026756654784e-02 -1.452159749436180425e-01 5.604906947705647902e-01
-6.265929973192296831e-02 6.633863989093224944e-02 2.138458383351828918e-01 -8.961053197571920703e-02 -5.557644724562296745e-02 -4.971965933323970604e-02 9.724998318768922345e-02 8.491233084652497626e-03 4.312141458535907745e-02 3.339343428537724229e-02 9.665043275492742059e-02 -1.907936964333522556e-01 -1.537955992465825650e-01 6.037951954957601619e-02 2.898313907314872817e-01 -9.143816044364241891e-02 3.858282606102363815e-02 -5.912553432084102778e-02 -1.323049584304658299e-01 -8.565827379591746393e-02 -1.072331178796574330e-01 1.532701693845613666e-01 2.793610574225167120e-01 -1.078735369462011373e-01 -9.330114977264535037e-02 1.487269301520921516e-01 1.763948714782525573e-01 -6.629626555078108052e-02 -3.766904409926630226e-02 -2.427839706522508592e-02 -9.158215553378339091e-02 1.693749009453873744e-02 1.010391251167242904e-01 -4.698014288147251555e-02 2.088311116311225568e-01 -2.030203238244222830e-01 -1.440972700278938534e-01 1.644829465141092739e-02 -3.835874283515046477e-03 7.564710840014346807e-03 9.625706339970853398e-02 -2.469437043437693741e-02 -4.205740392414430290e-02 -1.454777689555757092e-01 -1.403536270626437321e-01 1.688846104210685040e-01 1.341830669983685997e-01 1.312739916639627524e-01 -2.043576356387121207e-01 7.107124450379979919e-02 5.435833731433035998e-02 -8.705820523182393467e-02 -1.031286265607459368e-01 -6.370792440500581445e-03 -1.223222118980407669e-01 8.358953280760934162e-03 6.033739596947520351e-02 3.468455823894194684e-02 3.064689196125671700e-01 1.069762112197808479e-02 -1.330008691105214469e-01 1.973433199025100282e-01 1.116465242053906598e-01 1.074602419635987266e-02 2.096613224168406269e-03 -1.202192358846273929e-01 3.521687734954532384e-02 -2.544097408235908558e-03 1.483997687336713611e-01 3.601670351147790577e-02 1.482590453753359350e-01 -2.680766087620742866e-01 -4.075271776534959700e-02 4.423494562753435555e-02 1.415477813914388372e-01 -8.422247914200056695e-02 2.751213324542909830e-02 -3.202608764016184190e-02 1.623699066567561161e-02 -5.839523685392256774e-02 3.310995587600999712e-02 1.167871205739186569e-01 1.569411452008858121e-01 -1.746670912140434184e-01 -8.582413404864229489e-03 3.475068447879491734e-02 6.994917678313933296e-02 -3.478952566728283485e-02 -8.022993847006373858e-02 -1.353970170857813349e-01 1.151830454358603734e-01 -2.569388701239388312e-03 1.982577404357322437e-01 1.294279209749892023e-01 7.405136125854723528e-02 -2.181129100404646803e-01 -1.756746672094385286e-01 2.463359579211692185e-02 8.093840663926904488e-03 -1.788587071456929425e-02 1.692399120900460463e-02 -1.322266214906206439e-01 7.240333379441556139e-03 -2.191513446494050554e-02 8.218421620117642712e-02 1.919450234724407178e-01 2.034090205839874654e-01 -8.738483639705825479e-02 -8.440845009359343454e-02 4.076253202389074071e-02 -3.988922577824227655e-02 -6.921131006730210644e-02 -4.892929899101139402e-02 -1.558386093602197320e-03 1.466277009058278569e-01 2.198385396178531570e-02 1.166321405870766603e-01 6.986064837533373373e-02 1.226926068113735058e-01 -1.315569319178576668e-01 -4.932788808515325973e-02 7.732975478036235861e-02 1.424314926914580504e-01 -4.804750417388925499e-03 1.208091653190163095e-01 -9.591241143130435631e-02 1.562578039062375579e-01 -8.819308729811170533e-02 -3.794552558965863520e-02 1.694927661118589279e-01 -1.575594756864973078e-03 -1.990073680794519906e-01 -1.928921997787130804e-02 8.517200186057884148e-02 1.952539605296504943e-01 -4.332233335414387848e-02 1.188002599163806294e-01 2.142138669277965368e-02 -5.777131804682133359e-02 -7.234794446429006209e-02 -1.234022516500296596e-01 5.947965996502864450e-02 7.594896168125712943e-02 -1.354079098149204852e-01
3.341638812063996156e-02 2.518752973111038074e-02 1.129893784069725508e-02 1.158426352976135200e-02 -1.037908373444314941e-02 4.098390827251551655e-02 9.048281609137524828e-02 -4.854340704893270186e-02 -5.273104771269341434e-02 1.401283191974565627e-02 -2.436711921560385033e-02 -6.596313360967119566e-02 -1.640820457685882722e-02 3.939988660569338635e-02 -3.292137590238801946e-03 1.424244954040391337e-02 -4.006536779968033340e-02 -7.618572232304229863e-02 -8.562428083151392422e-02 2.224040180509842188e-02 4.011267290361096582e-02 -9.502998082616787023e-03 8.551773685443266743e-03 1.071987043599767347e-01 -5.615729072999783161e-02 -2.233266366605560216e-02 -5.708798819980826465e-03 5.880311990316749310e-02 -3.572633665790470731e-02 -2.321664434468902194e-02 5.321798984879925337e-02 -6.311939998904629590e-02 1.538797115512813805e-02 2.072468274128690807e-02 1.473522572326663518e-02 4.022574287870069737e-02 -5.865381561113789353e-03 -4.256573691567553525e-02 -4.128671120432111756e-03 -2.035973298505254145e-02 2.865215283899455977e-03 -1.632668107800046980e-02 -2.030083278970996885e-02 5.774463055265949274e-02 4.845683464069723556e-02 -8.352262594406688334e-02 4.241880755357346766e-02 4.212852737735702652e-02 3.147941853546343954e-02 -1.253999343396520194e-01 -1.650274945770000695e-03 -1.574216953598572485e-02 4.439736470153940462e-02 -2.017250126570487023e-02 2.483137255091676446e-02 -5.158770331453175692e-03 -3.291772186127429195e-02 -4.651435188936837301e-03 2.511388969558473946e-02 6.687634425200342236e-02 9.090311323789214415e-02 6.570189217877903110e-02 7.381011871269081703e-02 -5.287850084069292689e-02 -8.159255284542520428e-03 1.231163559480744074e-01 2.555985434897969921e-02 -3.340056962869990265e-02 -4.465028286105104244e-02 -7.525208218093160095e-02 -7.793862309770981101e-02 -2.699641653999010696e-02 -1.350291226862592765e-02 -7.034554241762705495e-02 8.371478855583172618e-02 8.919735025174239940e-02 -1.567245050966862424e-02 -4.242129544469309260e-02 1.628434965872483178e-04 -1.182223689254659621e-01 -5.690303915503822085e-02 9.137249755906108606e-02 2.948619811962463824e-02 2.725384184790864694e-02 1.160637403263618944e-01 -2.276974260122680005e-02 -2.603174625789674013e-02 6.743621474590383302e-02 3.705985273794775575e-02 -8.891049174012904954e-02 -2.350511652153814551e-02 -2.770631462914063380e-03 -4.757083711687975364e-02 7.487852233538044855e-02 -1.462780764877987883e-03 -6.503384639753653773e-02 -4.026368523908252506e-03 3.081180181563614173e-03 -7.690201635478161046e-02 -1.828001097944467745e-02 3.490264998217249004e-02 -6.991677027757586815e-02 -2.115214922626940108e-02 1.543043832284064498e-01 9.213321293754750396e-02 -7.407804711324623981e-02 7.562921210861404953e-02 -7.438030920702226600e-02 6.794927172391866665e-02 -1.176856108318909133e-02 6.232112168934075824e-02 -6.816345107337537512e-02 6.783646090042055876e-02 7.595329671946127181e-02 -8.292423626870493170e-03 -3.656871856743304505e-02 -4.339565174156265193e-02 -5.483366424559044106e-04 -5.069738906310699428e-02 -4.300675562621639192e-02 -3.343855472280246599e-02 2.556299633104573699e-02 -6.703909596884100042e-02 1.910189070637439979e-03 -8.959471435024748964e-03 2.427274225550446474e-03 -4.178153528746686440e-02 7.998624557469991014e-02 8.291508345460624207e-02 2.053284308157812474e-03 3.176344356797169283e-03 1.324109833788328361e-02 -1.307520439844991889e-01 8.360284888036366435e-02 2.003758379805804790e-02 -7.758213862209958900e-02 3.594228056801926363e-02 7.501342148928895337e-02 1.763249829674098934e-02 1.469498158724340253e-02 8.768236575212667860e-03 4.207492161228079675e-02 -3.584180983254098285e-02 -7.921999913529306769e-03
3.225756953291603613e-01 -5.569285864699495547e-02 -8.229758655425041536e-02 4.997644483470427279e-02 -2.005156516469853434e-01 1.342651923675253212e-02 4.116081690424704120e-02 -7.723780135723205820e-02 1.187244691519293294e-01 -3.704702057657660585e-03 -6.710069798492976356e-02 -1.903997140963623047e-02 -1.497237319448678217e-01 3.965139998574841451e-01 2.777938065404710055e-03 1.059963409909420312e-01 5.719969433677322274e-02 1.374118775467178880e-02 5.969414077893019782e-02 -3.803012538754566713e-02 -1.922363519932185350e-01 -5.316712691998945473e-02 1.000762085322409733e-02 -4.388722797830275912e-02 -1.435459361080487425e-02 7.741661465693702726e-02 3.842260262898494205e-01 -1.135342326011634095e-01 -2.205270476610501906e-01 -6.037434351138801225e-02 -3.258578535488143579e-02 -3.906605692059179902e-02 -4.315153522296034938e-02 1.282625269718482564e-01 1.205465548121462116e-01 -9.444866599247317418e-02 -4.638888765461292307e-02 5.756308417610997430e-02 -1.862458436376726034e-01 4.195912682844348263e-01 -8.986489308936002063e-04 2.010289947354698403e-01 -1.761157616932434999e-02 -1.232584671238639018e-01 3.301940663368174711e-02 -1.592488219449951781e-01 2.210660594659642417e-02 -1.105848678178313060e-02 -2.377308922910840172e-01 1.283161398779808227e-01 -1.371000506216803472e-01 7.991747267175101921e-02 4.733891482828118114e-01 6.181742619148579421e-02 -4.348882989884839123e-03 9.079996742862009307e-02 -1.299751084277173674e-01 -1.779727222284265553e-01 1.541505192177845818e-02 -5.899683240745791368e-02 -1.420354105565884983e-01 -1.053538009162733047e-01 -1.297733087691690379e-01 8.116795231689234724e-02 -1.159322942894066011e-01 5.216545541635967398e-01 7.648479373591915431e-02 -4.227395251070151239e-02 1.451879517033155542e-01 -7.800411594931873360e-02 -7.442069697118519622e-02 3.410914096567642384e-02 -1.089709543103562356e-01 5.893396417005841714e-03 -1.537736802170594497e-01 5.120560767417178111e-02 -1.186389609827682712e-01 1.351933064600855383e-01 5.325057405043691627e-01 -5.200828677997575838e-02 -6.158535442939917087e-02 -7.732783171373303066e-02 -8.336806293681306435e-02 -5.395370783362274381e-02 -8.966953411024683462e-02 -8.086027285384977947e-02 -1.003843395903843694e-01 -9.095230942573079291e-02 6.983484128424984061e-03 1.162552487051911054e-01 -8.362660404550734117e-02 2.214410705876828089e-01 1.500420877014656262e-01 8.906519182806438284e-02 2.419158643259115837e-02 -4.821361313930528497e-02 -1.668945734022500918e-02 -1.326191561749411330e-01 -7.535170203124642863e-02 -3.558257345249868364e-02 -1.452401743148071522e-01 1.277643367536268615e-01 -3.109002726405756672e-02 2.018535972943545642e-02 4.026236364182727567e-01 3.776114694929880167e-02 -4.431111242827009966e-03 -4.100742104038683500e-02 -1.008433053605878871e-01 -2.659324158797836055e-02 -2.137445093945564145e-02 -6.460398424397101325e-02 -1.612966109022406225e-01 2.582743833714506651e-02 3.448340146954598923e-02 7.484749002481452806e-02 7.735352838830476807e-02 3.953598441255948837e-01 -6.194632675776358399e-02 -6.608421347991655370e-02 -1.536743146487182243e-01 3.173129404705168910e-03 -8.239150732321259829e-03 5.202268225438411164e-02 9.329925972181542931e-03 1.092918531453073994e-01 -7.479514644604889906e-02 3.534981072785471634e-03 1.215141325074354378e-02 -9.394384612141071234e-02 3.626011864485709779e-01 -4.085675019939517816e-02 -1.280622326717946735e-01 -8.568627860447269873e-02 -1.507332896287190971e-01 6.622842336181627987e-02 6.291153068318205976e-03 1.596191647792152835e-01 2.922380362587474051e-02 -1.315576339643415305e-01 9.318966626721622570e-02 -1.575820608963857672e-01 -6.367573611707733061e-02 5.377893849634172163e-01
-8.266162525842041253e-02 2.029000188252315026e-02 -1.563966336781920374e-01 7.223199288616161118e-02 6.766075007896583948e-02 1.295134359092092041e-02 -1.461852103284748405e-01 -3.759422072265273390e-02 3.046304130822148903e-01 1.487130371269296536e-01 -1.865911274711327672e-01 4.330457187918322626e-02 -1.185811427771926857e-01 6.071813373776285133e-02 -2.034614420369859344e-01 1.714556270966072493e-01 -2.904131081860579847e-02 -5.670117894105591860e-02 -5.433970232451770799e-02 -9.744162609128752262e-02 3.527578841314780167e-01 2.665942978041176414e-01 -1.941812458476880887e-01 -6.735390123919181293e-02 9.549608054314663586e-02 1.842957074634891668e-01 -3.141816115093680195e-01 1.919469184410236839e-01 3.515363474611529065e-02 -1.256331865233460410e-01 -2.200701192282390750e-01 -1.244132460348122832e-01 3.745338540098519520e-01 3.259027230727322699e-01 -2.648819357980726208e-01 -6.353024055996875363e-02 -1.123356638624294634e-01 1.670887632379635182e-02 -5.435098396550971066e-03 1.599669592890501715e-02 -1.328430555243772376e-02 2.002960271513021598e-02 -1.339701133466721268e-02 2.155509302232488586e-02 2.636046329354604228e-02 8.170688006515976209e-02 3.593573933133818732e-02 -4.089489938282047515e-02 7.955543637495507414e-02 9.047513281768657101e-02 -8.976864541037535283e-02 7.984744969780567525e-02 5.580436033877468616e-02 -2.678711185669352401e-02 -1.019979973651408689e-01 -2.986827716341167865e-02 5.096258940834712259e-02 8.811701119357476242e-02 -8.693953606454719873e-02 -6.011966777430330366e-02 -8.503715660370486651e-02 1.036677664999381167e-02 -1.223342498282002644e-01 1.629596688480178246e-01 8.190328524068012095e-02 -5.509583185056211863e-02 -3.240211837190666577e-02 -9.128573358950621552e-02 3.183414373929680519e-01 1.223904054616851006e-01 -2.722401094112216202e-01 -4.099648884233689922e-02 3.522258031184850174e-02 4.430886003647500210e-02 -9.602723593089587673e-02 -3.788058186024925722e-02 -6.730785894382731484e-03 -6.876912612878673808e-03 -1.130329635914503056e-01 -3.504101300652283802e-03 1.597848851451769137e-01 1.005841897200873275e-01 -3.076362152221185850e-02 1.158394704423418298e-02 -1.887556050838755106e-01 4.723008028650948695e-03 -1.125175887341594017e-01 7.828144254742389063e-02 -8.311467309160697203e-02 9.884938203229980819e-03 -1.107996596929103697e-02 3.464191601496587752e-02 2.236231289231984387e-01 2.013990664086349192e-01 -6.346643401968789233e-02 -6.592996186273150649e-02 1.153590829443115057e-01 1.052151843159281619e-01 -1.181004672893407048e-01 9.104976081809859623e-02 1.133234238966416146e-01 -3.778899331863595779e-02 -1.723607827853332886e-01 -4.640863705077477586e-02 1.366786987507585538e-01 6.094597730044368916e-02 -1.341266625326750506e-01 -4.047800459210643131e-02 5.560277268965774233e-02 1.470817333134357696e-01 -3.440841497573162155e-01 2.418898586120147853e-01 1.411186532155966622e-01 -1.997948421378358819e-01 -1.796510132261928683e-01 -1.348237357645197809e-01 5.695879100618930213e-01 2.442431940420772551e-01 -4.975614032955953947e-01 -3.249515110535505791e-03 -2.416428234737719172e-01 -9.128851430124028388e-02 4.665088031088147902e-02 1.039323925397309251e-01 -8.044745929563702769e-02 1.110441992313606907e-01 6.080765349897241517e-02 5.097544828537238504e-02 -2.144783524950533149e-02 6.414831995631004036e-03 8.251952962760097932e-02 -2.813179448850624403e-02 -1.381585428227882772e-02 1.785943255757717063e-01 -2.893484845436126718e-01 2.395480575046729510e-01 2.863260073881274126e-02 -2.149317037590113832e-01 -1.257993300423782823e-01 -2.084937102831849187e-01 3.924816507371247098e-01 3.731574157139594394e-01 -2.884801844680666694e-01 -9.833144534364346434e-03
-2.558491923182395524e-03 -9.159925210567066572e-03 3.842193679936702772e-02 1.547895125181765127e-02 -4.447886984043832037e-02 -4.014865482274393438e-02 5.687813312011293782e-02 3.176923318461759987e-02 -3.822510776207355826e-02 -6.301564847222570695e-03 -5.018199348225869938e-02 4.685196660615768838e-02 -2.798510203905025390e-03 -1.682212386914297766e-02 2.978095925857668792e-03 2.950372900322527012e-02 1.300908660504943894e-02 6.888635393755901393e-02 -8.335238135605545912e-03 -3.766436199844998972e-02 -7.632045437699874757e-02 1.784052627384210762e-02 2.239834454691224525e-02 3.122766443267424932e-02 7.917530721056517673e-02 7.365105329616800046e-04 3.763553357261557181e-02 -4.513519821556543493e-02 3.026766006230498587e-02 -3.062116303580871956e-03 -2.415581585155266667e-03 4.560601173291227439e-02 -5.181469764935717204e-02 -7.510255750663545615e-02 -1.025665430332313444e-02 3.020929265872874386e-02 -7.838684134022916306e-02 2.174689682607186189e-02 -4.895587844024432145e-02 2.260547452531791110e-02 2.770977364948916562e-03 7.005257048216195770e-02 -8.871848166453380480e-02 7.626704487870576699e-02 4.926407828713147419e-02 -7.192046686613819302e-03 3.421635175842373949e-02 -4.840351236374297594e-02 -4.508659890138473625e-02 -3.442199321971887993e-02 3.591369091003534381e-02 4.904255019522841402e-02 -7.739094057732442966e-02 1.135318725741621231e-02 8.966725923073592952e-02 -3.987759371381253970e-02 -1.549699930724131661e-02 -1.557083442111083325e-03 -2.283554733938824438e-02 6.552098756535093549e-02 1.519594751528881467e-02 -1.115224870102122677e-03 4.396486465756663936e-03 -2.092106641576210388e-02 4.174989675694038525e-03 2.440600496364474931e-02 1.754279789413309629e-02 -5.621535937210039857e-02 -7.636775047919318327e-02 8.230621883265350214e-02 -3.006675548895970315e-02 7.200100298033434987e-02 5.065168997478730617e-02 -1.980452009618800802e-02 -1.011688368441603786e-02 1.535749644033339127e-02 -4.261220309133790379e-02 2.302890195381501748e-02 -4.337234494853033778e-02 -2.187063664356051450e-03 1.706822956018655066e-02 4.974283941240202622e-02 2.520612698853216815e-02 -3.224848260164735886e-02 2.639559079009959688e-02 5.718653254738509557e-04 1.335445352321037896e-04 -1.733041165114348331e-02 3.563004063625465484e-02 -2.643770009261368903e-02 -1.867421880020055797e-02 4.280239306006507378e-03 -9.372601794228741304e-03 4.909943278019550904e-03 -1.844800594179198810e-02 4.268954695973543878e-02 -1.356431946337742153e-02 1.973912930214576089e-02 1.830138146935184063e-02 -2.582944338635346712e-02 -3.350516844194640839e-03 2.051747027140351023e-02 -2.341105052568385331e-02 7.896223978925732967e-02 1.075717735978321682e-02 -2.660647815814878858e-02 3.183243836015606232e-03 -4.289985878551266785e-02 -3.148492605784502379e-02 -1.610527722026851988e-03 -2.946445532254459224e-02 3.612953949680745847e-02 -1.867507524448242667e-02 1.469324867816703545e-02 -2.930273103066340437e-02 2.427519018075137425e-02 6.091088857192566985e-02 3.724106609531749323e-03 1.710080289000623019e-02 -1.335020454132647416e-02 -1.707211226747566007e-02 4.631876835896650557e-02 -9.857055849640758774e-03 -1.682722852822964715e-02 2.532873652746940943e-02 -3.210248326717394379e-02 1.315352247578741030e-02 -6.114774163764814113e-03 3.941800915233741737e-02 4.802957898914181345e-02 -6.360765656231212595e-02 1.579095110664565510e-02 -2.186234927905064684e-02 -1.409691971831359553e-03 -1.508063954154003489e-02 9.553566467558063935e-02 5.332278097070859701e-02 -9.638821738928331218e-02 -6.681324167122939389e-03 1.309667144547432480e-02 3.520183494956271447e-02 -1.902202627673655472e-02 -5.897717569509871791e-03 -2.313676042981495373e-02
2.911053989790625129e-01 9.489021422043035503e-02 -7.550805779323768729e-02 -1.455666808683711844e-01 -7.691027550710706484e-02 -1.270152394098888471e-01 2.175226562973589864e-02 1.870894952922442372e-02 1.294216610428293446e-02 -6.338106663609953915e-03 1.500354059365341941e-01 -6.744998140574970380e-02 -5.881592722567296344e-02 7.804453756144972276e-01 -9.538973189169423772e-02 -1.194059885630707751e-01 -1.615991542284934135e-01 -9.124271134440711806e-02 -1.301316242892529562e-01 -1.245085235197813112e-01 8.058211845439856857e-02 -7.942140129947752869e-02 6.927101127356088961e-02 1.221884261198514787e-01 -1.866117071600177368e-01 1.287478953821072358e-03 4.625442497320149116e-01 -1.818241512966363438e-01 -2.041673083949394063e-02 7.104378569213293249e-02 7.223820072217895794e-02 -2.120196294449334662e-01 1.510387331039181602e-01 5.879452396169611295e-02 -5.376526702102218946e-02 -9.870499934623603797e-03 -9.282141890505721249e-02 1.124226731427682424e-01 -1.217664973550916102e-01 2.525720780629993056e-01 1.166082389333664426e-01 -4.373107157973086384e-02 7.991505352940310447e-02 -1.592242244377501947e-01 -4.194251567804392622e-02 -8.342596979753334752e-02 1.292159610147810556e-01 -8.540016545790840574e-02 -1.649318625042414665e-01 -9.488420480672338231e-02 1.249831728437174189e-01 8.301145413910575310e-03 3.989058832668380683e-01 1.591809511678493605e-02 2.339811843536892533e-01 -2.189569465848477392e-01 -1.642389680517229722e-02 -6.663289961202861766e-02 1.936110338152290111e-02 -1.991426739663497147e-01 -1.141123653339172206e-01 2.352996022030784048e-02 1.268474358449262762e-01 -1.428559190007910040e-01 -1.406012436288404110e-01 2.990168979843297881e-01 -2.113961253086697745e-02 -1.803874328561402285e-01 2.360450923647667287e-01 1.284363591199675358e-01 -5.417844145421500668e-02 4.080870357164562146e-03 -1.576270612339318311e-01 -4.454978589864082295e-02 -9.171041826040439437e-02 -3.183511497968846693e-01 -2.322460057296171082e-02 -2.237227372960784721e-01 4.814322564454219244e-01 -8.053483403547229136e-02 1.267525174203853189e-01 4.575686576555973439e-02 2.512997373570083903e-01 3.533026510727445973e-02 4.820014092207888790e-02 -1.797509898117776728e-01 -1.291342411002832369e-01 -3.042438646754163090e-01 -7.435809608508799073e-02 -1.808537994067740962e-01 2.337953045082340475e-01 2.729890781561287172e-01 1.442086171310187626e-01 -1.117688898531282726e-02 1.838530823151461324e-01 -1.507717339718062100e-02 -1.340229738190577002e-01 5.582801802387113432e-03 1.747954353207070710e-02 -1.924077603223970090e-01 -1.096582838426768958e-01 -6.325591975482929008e-03 1.421479093388096082e-01 -1.277424638846730576e-01 5.143357218418764809e-01 -4.678125056377846827e-03 4.577219904521859228e-02 -5.962207536010166731e-02 -8.815687755136744630e-02 -1.720631627382619988e-01 -1.146703199111020338e-02 -2.198135665536435079e-01 -1.215921687115170124e-01 -6.072720175632359552e-02 2.076713319359912435e-01 -1.803001777945555939e-01 4.764015241751126672e-02 5.462558688810263963e-01 1.557087986219166387e-01 -3.363635144584692371e-02 -1.145821509256591819e-01 1.089842223854269598e-01 -1.871819517832419844e-01 -2.782602971094415567e-01 -1.205922086052047260e-01 -2.434400054583799322e-01 1.340076186936433045e-01 -6.458179221283159854e-02 3.673301858300465073e-02 6.531060627125520601e-02 6.254274947488382974e-01 5.781986701088523417e-02 -2.337232202039367657e-01 1.790653405083098559e-01 -3.882069490567004177e-02 -1.778627469760146740e-01 -1.056113102430194239e-01 -8.141062363919025768e-02 1.027920735807131558e-01 -7.378384112068875345e-02 -2.520670188626272790e-02 2.136233717916119490e-02 1.422538140263899797e-01 3.858103344600165574e-01
-1.891034409789044482e-02 -2.139326924147402775e-02 -2.628897115242234683e-02 5.645279662936109055e-02 -1.083642910759482075e-01 9.424980664130067076e-02 3.429406534773318804e-02 5.585135550488395245e-02 4.020695420539327491e-02 -1.401186808911417288e-02 -1.473358297875028422e-01 8.948426429095250600e-02 -6.789934075449285955e-02 4.965012077775584481e-02 6.258313360124395652e-02 -1.982603558041764330e-02 -5.956319997213091466e-02 1.376855047332794374e-02 -8.264965986257205577e-02 1.222632862253629667e-02 9.782467108346789425e-03 8.109129655900168543e-02 2.157481123439331308e-02 2.108548539591779264e-03 -3.790695577343945050e-02 -9.193431603492464507e-03 -1.852080200062572110e-02 1.127184883408036131e-01 -3.757731689275758263e-02 1.063864843741799682e-01 9.991460497362941728e-02 -2.675681280087773700e-02 -1.809864981987007460e-01 1.309233739843258804e-02 -8.627786297742792362e-03 -1.298183464519691091e-02 -4.903507654145421862e-02 5.762993159975563634e-02 2.495770070658986234e-02 -1.075241637121136656e-01 5.688455726802171819e-02 1.226906562813489567e-02 -6.774336176565867729e-02 -5.982671229059117329e-02 -5.012674376234898393e-02 9.536849912885637937e-02 9.019924856307788563e-02 -3.169661450074430249e-03 3.381601345522249752e-02 -5.275001064057456557e-02 -1.614848405131933395e-01 1.276791433586513431e-02 -5.982048442265061605e-02 1.130077520543717184e-01 8.578679853176024439e-02 4.536880143354354855e-02 6.295363156792148362e-02 -5.487095083276428975e-02 -1.808043710576676677e-01 1.831396405379398240e-01 -8.529767297566359652e-02 4.672586834779191012e-02 1.023224263142977625e-01 -3.552836346488338209e-02 -6.063504435327207731e-02 -5.470684270409433003e-02 -1.490986672694037118e-01 6.458129536217367683e-02 6.610611944060852674e-02 4.150574260567636148e-02 2.480069633483256847e-02 8.140574856079509092e-02 -4.095060415211625865e-02 -1.572048427041340332e-02 -7.765590056178049705e-02 -8.658007072966057358e-03 7.846616274990581008e-02 2.051961393393357883e-02 4.834134204741261792e-02 -2.441853391677763045e-03 2.300760719837658883e-03 -4.598832970658115610e-02 4.888540194291507435e-02 -4.088414351792511031e-02 2.946486270424507684e-02 -6.277326663484886216e-02 -3.162755894547046587e-02 1.081009069197830658e-01 -1.150362599224238336e-01 7.868730471723092701e-02 1.466205823361289295e-01 -2.722118434224460662e-02 6.667278743058729917e-02 -6.478697375252857882e-02 -1.532425410552669953e-01 4.848389945693672154e-02 -2.460964495526174120e-02 -1.489427418361560437e-02 4.933336067181488122e-02 5.848866012497691558e-02 -3.845223435181616134e-02 -5.047139920648420486e-02 2.974904922223652742e-02 -1.798854095750339679e-02 1.080371007623636692e-01 -6.186234558239100262e-02 3.227560389765657400e-02 -7.717421708996102803e-02 5.750388613914583086e-02 -4.912679560556754144e-02 6.067872389594042987e-02 4.510244489420420916e-02 -6.137814412540892883e-02 -4.425654527543670946e-02 4.740743636136653116e-02 -5.789036530258860613e-02 3.554871089751292929e-02 -3.197957600468143147e-02 -4.684135922815241271e-02 8.123780129020297114e-02 -3.609587364759437970e-03 -1.391935485768758772e-02 -1.479638449808071132e-01 4.349002479691478629e-02 1.931902499240499560e-02 1.281985028801299054e-01 1.840619745592280698e-01 -1.606918464095962590e-02 -8.014304927798784894e-02 -6.492039313015801616e-02 -1.022348252061506674e-01 3.088004372422036015e-02 -3.500224326531429370e-02 -3.823475805664014460e-03 9.062752395994558632e-03 -8.181106694320733341e-02 3.459251317501003259e-02 -3.907906249685692834e-02 -9.132612567560966996e-03 -1.656663172730053757e-02 1.028429265999492859e-01 -2.696049551153109625e-02 2.799598889538051222e-02 3.290284960989192653e-02
-2.350140563306742439e-02 1.182647071983643867e-03 5.056099374068347141e-02 -4.822279391628265383e-02 4.632049778590588418e-02 -1.899425329417521804e-02 1.963367841501207842e-02 3.421482642174627359e-02 4.791842192230493652e-02 1.848576248597192523e-02 -6.249930377329152020e-02 -7.675851721598131450e-02 1.458949524335793717e-02 -2.280006067068368614e-02 6.376484328435284149e-03 2.479616404752216924e-02 6.843583328972094315e-02 -3.516772078783057809e-02 -7.184712004038412703e-02 -2.260608851252136550e-02 3.201033599436875487e-02 -7.412943184314994653e-03 -2.885517501622674244e-02 3.637191446737988998e-02 -6.492900519758859450e-03 2.313177748982258447e-02 -4.730053276981584925e-03 2.387999028222902165e-02 -2.361001948709440940e-02 2.460066014230217687e-02 4.647372935590477622e-02 3.057002101178888168e-02 -9.770434993426592440e-03 -3.722710250494780382e-02 -2.793495837128566125e-02 -1.667769328324869571e-02 -2.596848653163279577e-02 4.973690589146408103e-03 3.492595607443155920e-02 -2.834068162047155212e-02 4.187854161893469346e-02 6.970878120487348194e-03 -1.112114302373617553e-01 -2.513891353502619580e-02 6.083053870178058847e-02 3.086913119794539029e-02 6.029900413334512987e-02 -2.839337623434984303e-02 5.548027410159464545e-02 -2.944486758762526052e-02 -5.959765274610864111e-03 1.158178286158743388e-02 3.875290380607539914e-02 2.276439639444726576e-02 -1.416583054610101866e-01 -6.050532954131695312e-02 1.033729653390739051e-01 7.145724750770561171e-03 -2.468976895505189603e-02 4.014936418372361260e-03 5.668172336570218017e-02 1.461413984076428453e-02 -1.788510335596609846e-03 2.084301742033359967e-02 -3.932490644950181052e-02 3.314421191843801816e-03 3.495020976957111114e-02 -4.629757171098034148e-03 -4.119223124966144012e-02 3.039839605014395697e-03 4.326586829127889583e-02 -4.201822625478597584e-02 -1.704503048850948251e-03 -3.282339227798823644e-03 -5.832087028027323899e-02 -1.559871942141314400e-03 -6.476889731733574684e-02 3.658806525776270302e-02 9.450107414796861047e-03 -1.662637833409565764e-03 -2.471408082983603954e-02 1.442765112511591209e-02 5.896846969326457327e-02 3.321591115465447747e-02 9.448033495447805824e-03 -7.418292964593702597e-03 1.314933192069281040e-02 2.025215375637555437e-02 1.745852344445656887e-02 -5.124549032065008058e-02 5.646189349631400289e-02 5.948964764428275875e-02 -1.757876209070094800e-02 2.701905331523981463e-02 -7.654812078285152220e-03 -6.154046184693100913e-02 -2.130852885332309293e-02 2.931471276759027231e-02 -1.068161275262481669e-02 -1.050174879463172672e-02 -7.729276475107307864e-02 4.521586602206524586e-02 6.558815017936421576e-02 5.731298524469797401e-02 1.394024002576836618e-02 2.061625105586562326e-02 -6.696444047223580262e-03 -6.052118185795447164e-02 -2.633507878818018566e-02 3.203494927684840538e-02 2.109728439567873370e-02 4.428500250525244097e-02 1.416557490333805736e-02 -2.139254307258055265e-02 5.403301712902332243e-02 6.533961716439450063e-02 -4.976215672623129221e-02 -3.736916395465762070e-02 -3.069565332810263864e-02 3.553924726006976731e-03 -8.758986507098415197e-03 1.553836689215062905e-02 1.242186345519591395e-03 3.455173099684231974e-02 4.800328541619436340e-03 -2.467148579236277950e-02 1.287560958563403052e-02 -4.741834846094992138e-03 -2.737407904507714596e-02 -1.757274824680840619e-02 3.995037507139252708e-02 8.412888087169417828e-03 1.134697206772504186e-01 -7.814525801844282582e-02 -6.548398467162125369e-02 1.341464753691762324e-02 -5.607292125057550258e-02 -3.562773257758700129e-02 3.650321851993186539e-02 -6.021069412950678934e-02 -5.392294390185572994e-02 5.804196011357525692e-02 5.716394171299013505e-02 4.382184654798911005e-02
3.790314568830496778e-01 1.304800490150073711e-01 1.258198079930263058e-01 -3.320933480808899718e-01 -6.135988411055508240e-02 1.894654367683725610e-02 -9.507212510124388172e-02 -1.474010087831574209e-02 -2.011273332840723405e-01 -4.324211969409909317e-02 -9.265345931132033808e-02 2.590719701144124643e-01 -3.608538448736138549e-02 5.247238551517228178e-01 3.159202189236058611e-02 -2.369467696634901810e-01 -1.274143718890687615e-01 -2.247466127847830286e-02 -9.466798997470941834e-02 -2.631027791263665372e-02 -1.400152089707939751e-01 5.851182608718237532e-02 4.046653744752271714e-02 3.275096584525628018e-01 -8.707267179051389472e-02 1.480261595313224487e-01 6.184836653328817935e-01 -4.531416769321792160e-01 -4.144798998961048836e-02 -3.420419298696653412e-03 -1.229440281804030505e-01 5.270295617260889465e-03 -1.083988514277331033e-01 5.346589882978415587e-02 -3.168569038001613214e-02 2.331154009366426250e-01 -1.998424814976594577e-01 2.614223326201264158e-02 -1.022281651183851031e-01 2.324716295170313196e-01 -1.319536628258003580e-02 8.447208842391322817e-03 -5.226681458053539925e-03 1.173130929275775086e-01 -1.787592551191939313e-02 1.213483223765666197e-01 1.505393192996000440e-02 4.561278289401289598e-02 -2.442315293167409904e-02 2.329545094847204623e-02 1.175836444533927411e-01 -2.905242602126945073e-02 2.371417221235093964e-01 1.879904752360262582e-03 -1.035185180142411676e-01 4.196285531097553034e-02 -3.944474373921910693e-02 3.928795767817132301e-02 -1.365513039039764898e-01 2.284198370149849444e-03 -6.110608902918981261e-02 -5.006888356352345859e-02 -4.077153558151774826e-03 -1.102846692562080844e-01 -6.797086133845353650e-02 2.983330266847300516e-01 -2.175768558062654567e-01 1.547570675542290775e-01 -9.464900031090041355e-02 2.266193427688937001e-01 -4.626621397562069582e-02 1.811269531249504738e-01 -1.812336201502880162e-02 1.452113031209591731e-01 1.126798306984415771e-01 -1.031203639348772377e-01 -1.033557603223224652e-01 -1.451697750153785049e-01 3.222288812466773122e-01 -9.391759481577281743e-02 -2.991610904141537783e-02 4.103675355839853794e-02 -7.701739127376350247e-02 5.276717067971622294e-02 -1.432558556445155395e-01 1.486941620613255188e-02 1.176747993992595664e-01 -2.349363058220499123e-01 2.544816985934170162e-02 9.584444091583638192e-02 -1.819576781487583228e-01 4.692306546154010327e-01 -2.159018881971440929e-01 1.979956384341587800e-02 1.508733412037841504e-01 1.820903457186047736e-01 -1.300221373239800471e-01 1.475432976305499633e-01 2.312749197871186435e-01 -1.016292239847206152e-01 -1.151944057306252822e-01 -1.598534767306460103e-02 4.198483218991297394e-02 -1.398532404930082351e-01 2.604621579057922465e-01 -2.767289996897914772e-02 -1.106018910932928395e-01 2.747539674633278639e-02 -7.864996637643567601e-02 -1.632745220273426612e-02 1.447806984674660513e-01 -1.708525724306193538e-01 -1.783794721090702362e-01 1.057505824384031984e-01 -6.095998979878114454e-02 -8.790873245724556417e-03 -1.903073515697737139e-01 6.451560903226157828e-01 -1.492226115602716396e-01 2.514357015418096641e-01 -1.730602284430156623e-01 1.614810912216043115e-01 1.046688913037212010e-01 -1.740482206711730928e-01 -6.964548924301336430e-02 2.751517056087326996e-02 -9.440247562935341619e-02 9.726305862851314377e-02 -9.383712393363449755e-02 -1.416608414035739338e-01 4.587779202811712587e-01 6.739456513939831583e-02 -7.889993594029837132e-03 2.648756873017136804e-01 1.690043680077234489e-01 -3.685427681586459503e-01 -1.848870679160597996e-01 7.204370983980175336e-02 -1.826366081228650018e-01 -3.460206752352827653e-02 -1.322553919958842639e-01 3.002139569914649697e-02 -8.399137708774283284e-02 6.443853358383389018e-01
5.614802410110824975e-03 6.608417858874694739e-02 1.633643211906388171e-01 9.941093574516357556e-02 8.628232446832796720e-02 -2.589433818255034228e-02 -3.730754239918279442e-03 -2.124542306188011431e-01 -1.394511444849252102e-01 1.064956384194085948e-01 2.209252902450173917e-01 -2.079397959348516234e-01 5.359056372620377845e-02 9.573259004996807764e-02 1.123768198907606902e-01 7.764999207747207144e-02 -7.414506202169528215e-02 5.842129227568551575e-02 -2.868247890728692004e-02 -1.464712478104643056e-01 6.379723802715689396e-03 -1.571916782234234616e-02 9.972767608667626460e-02 -1.460902532518937591e-01 3.666679988857263900e-02 8.968729125508041744e-02 3.603340416321023087e-01 1.213723794792151006e-01 -1.352625287703775395e-02 2.372752233321009097e-01 -2.196535670166908649e-01 -1.579737535179467633e-01 5.783284976042827458e-02 -2.137378856225937152e-01 6.201050192213079099e-02 -2.176796466929527551e-01 2.565628757372987595e-02 -8.729047758932112488e-02 1.502302414765753213e-01 1.836892831521161340e-01 -1.315767688272021230e-01 5.575796103054530412e-02 8.407334361173822435e-02 -2.437291141109728665e-01 -1.420947735200673578e-01 8.213334647690720414e-02 2.029301173677482972e-01 -7.793820052146743782e-02 4.891401600908648443e-03 -2.890520882547429823e-03 -1.577610953599213328e-01 9.422259480214103394e-03 7.756495024501726399e-02 -9.796639516472471776e-02 -2.046417765490420385e-02 1.180299855863132241e-01 1.255041761746097592e-02 7.050999410005101553e-02 -4.903522709716109235e-02 5.979294555365582270e-02 8.910479922625558213e-02 1.556140093231384580e-01 7.111630066892639379e-02 4.308566604606038630e-02 1.105912241365687998e-01 -1.674500533941557512e-01 -4.307553771631857098e-02 -1.277044531029466745e-01 -9.525039239469246244e-02 7.890617428389942734e-02 1.180786062311735413e-01 -1.651685908697967109e-01 8.599537397117637538e-02 1.851308448048170907e-01 1.919357171609406554e-01 8.097751411237757990e-02 6.737855188865393696e-02 -3.928812167276548445e-02 8.427993656639740094e-02 -2.991790121838895367e-01 -1.212259947031845003e-01 -1.483570583740545339e-02 8.168944291888177722e-02 -2.157247635695432875e-01 9.106804206183112538e-02 1.448171946785316855e-01 -7.111273840505812072e-02 -9.249898471051839349e-03 -2.674007255818594553e-02 6.911989672512380833e-02 2.460808172556659679e-02 6.194425077799995544e-02 6.200945787938653281e-02 -9.678534862542852168e-02 -2.000694903717503415e-01 -6.257731119238588158e-02 -2.121879397687045921e-02 8.486120012288411729e-02 6.110971894475136779e-02 1.852656292099470470e-01 -1.303214770152538171e-01 1.323257875594424648e-01 1.145204407187122297e-01 -2.536216053560033656e-01 -8.710592628585139829e-02 -2.545489184076099587e-02 1.294633498920595982e-01 -4.396293969430098425e-02 2.930824613834868975e-02 4.154072588953561240e-02 1.709402869027204508e-01 -1.288073263051056072e-01 5.340361922524072824e-02 5.954083711629920561e-02 -4.633705873091931160e-02 5.455587596929790950e-02 4.456257062536395086e-02 -9.582254639187547107e-02 -4.642399220601844956e-02 -1.566611464435757328e-01 -2.461291698204896850e-02 -4.350901414922181409e-02 1.346906990708276464e-01 -5.480227267842818772e-02 -2.032724759214777355e-01 1.863757162670180434e-01 3.061940362270021421e-02 -3.259510117450463429e-02 7.111814167303220913e-04 6.601532081151439968e-03 9.220431099472226055e-02 -1.209237451054793744e-01 -6.170322431002770586e-03 2.208714617948882575e-01 7.449493785549737845e-02 1.890187175887941828e-02 3.555045766576185595e-02 3.407524658651762961e-02 -9.498671616438794651e-02 -6.541057178586409671e-02 5.010328839162636605e-02 -5.640882148433698506e-02 1.265001938294674222e-02 -1.501174285743894776e-01
-5.108883803054733996e-02 -2.752851031240403576e-02 1.616552166139193988e-02 4.309734364901000175e-02 6.027680768937591221e-02 -2.892166117761012581e-02 -1.427631275261658818e-02 -2.910888748186094693e-02 -5.112682680162713815e-03 3.105018993458224380e-02 1.132303717165128107e-02 -5.041789049208767609e-02 -7.857373648095669627e-02 -3.126541654594652137e-02 4.290386964847615198e-02 1.152849030965717031e-01 1.017925137288590021e-01 4.343583583034281437e-02 -1.284014072611585344e-01 -6.502181069579962558e-02 8.216019832218113272e-02 -6.039808188566556102e-02 -2.318214237784348847e-02 -2.233797533480275099e-02 4.523613103573057015e-02 4.013490709897871156e-02 -4.707267516871589674e-02 3.148366159005092091e-02 -7.515290110633786325e-02 1.732171977348490564e-03 -6.170697809502823789e-02 1.083258744025077241e-01 2.284638224934849859e-02 1.054425796373199484e-02 -6.821603970711860587e-02 7.268812598959228932e-02 -6.012932800575834791e-02 -8.112773554078508975e-02 6.191955574258107414e-02 -2.193905187330976933e-02 -1.313297280800636985e-02 1.166795304196791006e-02 4.804368613641965546e-02 4.286992424154868753e-02 3.381261093975118648e-02 -1.156521403481364837e-03 2.641540604224064392e-02 -3.613378452975225807e-02 -2.563499691868615163e-02 -2.788669396682609894e-02 -2.204802234007070816e-02 -1.405780526129186145e-03 -8.803220200570831266e-02 -5.068387061186419018e-02 8.790633105250061918e-02 6.706191139903674991e-02 2.270394817122443204e-02 3.243430146535014602e-02 3.561908752413786572e-02 1.400027427053507183e-02 3.675666418368241095e-02 8.147465974259254784e-02 -6.922369199897734048e-03 2.622608477271168564e-03 -2.667678167857729168e-02 4.338636258076507962e-03 -4.321370702426977767e-02 1.030617918075828476e-01 -6.558782407956319227e-02 -3.543020623654902224e-02 4.078950758186218259e-03 -1.242805848090771477e-03 -4.601502217977633535e-02 -2.184659776496401806e-02 6.766683874450108577e-03 -2.690393787608299711e-02 2.343403996656991811e-02 -1.953357731851920742e-02 7.747578675219119956e-03 2.080778107038971231e-02 -2.625764775068810397e-02 2.386978470457783510e-02 6.572061123499896296e-02 -8.527056804309863375e-03 2.845526166152596848e-02 2.953880279260687886e-02 6.813334040398104016e-04 -9.863572707190254585e-02 3.445796053466195635e-02 3.817100640460177607e-02 2.556308077946950821e-02 -3.930140643724854693e-02 -6.623459005280568634e-02 -1.742164782280000712e-02 4.994729554602181376e-02 1.136252646540958713e-02 2.153360086553332553e-02 5.012281485406999693e-04 -4.479798779688969057e-02 -3.521459913635713312e-02 -2.946283574513842984e-02 4.556459839129243378e-02 -2.939745792842048122e-02 4.828331301340935133e-02 3.622965416523475646e-02 -1.129593677456260103e-02 -9.229381181579008817e-03 8.022665738499916432e-02 -2.539118256875916302e-03 8.893156071461172374e-02 7.494478785859751135e-03 4.036227112311502330e-02 8.455108461261351405e-04 -3.561702867745064616e-02 3.991723874142921735e-02 1.974698250131876054e-02 -6.994211862611138253e-02 -1.892275268774447350e-02 -2.129170591703166693e-02 -3.648518722982363460e-02 -1.035346026609355041e-01 -4.300614187062956617e-02 8.561251379740203449e-02 6.827498784370861218e-02 9.123029483501098047e-02 3.225218286592079764e-02 2.884069330634209116e-02 -8.921161055495319125e-02 6.301467962452766969e-02 -3.369260607419147235e-02 -7.304822591849213786e-02 -3.158812071953820411e-02 -1.500774743223087793e-02 -6.628345531201951246e-03 5.181810900019401256e-03 1.672951710948944459e-03 1.063076945843497434e-01 3.916200755098453445e-02 -9.293754228868511547e-02 -3.204248046185553811e-02 -3.307716224273637984e-02 2.721466657485774321e-02 -1.434317566572385072e-02 -6.057159272753631640e-03
3.878534840644438653e-01 -2.046880558885598167e-01 7.747572042492807676e-02 -5.141858247799635517e-02 1.013168049306965024e-01 2.881710724884464780e-02 -1.291551771070499899e-01 1.330782790329699816e-01 -1.895100769021301756e-01 -1.325265188972558072e-01 1.197228478664412628e-02 -4.847424639176023398e-02 -7.088791645176502343e-02 5.348804897619843235e-01 6.732177414511331115e-02 -1.937634807396625969e-01 -1.033397895509263059e-01 -3.793878934779377349e-02 -3.608972335394994291e-02 -1.444656250529036401e-01 1.081234351900574597e-01 9.744526171841128015e-03 2.632151040568304901e-02 -1.984494517470800773e-02 1.184396002951544902e-01 3.523225881008435964e-03 6.853795112673137790e-01 -2.832276301583874778e-01 -1.792133962212346387e-01 -9.394998720709719919e-02 -5.255512414655631737e-02 -1.166867170572239987e-01 -2.608066149973641834e-01 5.942884887095994245e-02 8.760918412751063367e-02 3.289349102525576662e-02 -2.608869146230249902e-03 -1.696483753882678802e-01 -1.034637100117374864e-02 3.428009459434114836e-01 -2.162739802680613277e-01 3.554832836791974038e-02 3.978497687424178281e-02 -2.126707234403343166e-02 -2.365786167759624248e-01 -4.558300340303614306e-02 1.285176900196491889e-01 1.884923964640659588e-01 -3.465618583761824467e-02 -1.804137118149888308e-01 -3.694699961850372860e-02 -9.511733382557840955e-03 6.217345710521531288e-01 -8.694587438660933421e-02 -2.421752277577112755e-01 1.915935943549621490e-01 1.128210986540506555e-03 -1.052932786900339368e-01 -1.958111647357451413e-01 3.836244087265273939e-02 4.440016146931199947e-02 -1.569141556854755648e-01 -3.638525037603304590e-02 -2.983176669969043182e-01 -2.568483148451763953e-01 7.860687864217208443e-01 1.728683980789765262e-01 -8.878053302955710158e-02 -1.237270092280889078e-01 4.688674185419351714e-02 8.365373432188344394e-02 -2.445507777700022672e-02 -6.512282725773524406e-02 -1.540688189556856935e-01 -1.759355832452223420e-02 4.828540719629414307e-03 1.535189777251876747e-02 3.905680354204495511e-04 3.955219195373815833e-01 2.791008186271889957e-02 -5.828404976563041073e-03 -8.109725093969982757e-02 -6.960093379118752199e-02 1.007025342041217020e-01 1.999848947353172895e-02 -1.034568741944188186e-01 1.019506412971304954e-02 -5.918956689746510125e-02 1.937010173272763758e-01 -7.227960525464706409e-02 -1.574391624416855429e-01 3.583796410416557610e-01 -5.741938404723385264e-02 -1.560723660840890314e-02 -4.150172374231057837e-02 -5.241984705394341082e-02 -8.424957169049598904e-02 1.315731855094027791e-01 -2.787354171341169251e-03 -2.201654834520997417e-01 7.738983041999634993e-02 -6.549285232689924796e-03 -7.802915729180051607e-02 -8.745212444972758070e-02 5.236680753066116356e-01 -4.385800958900914343e-02 -5.121017204917636956e-02 -8.396953844675911216e-03 1.913734892945707228e-02 -5.099962720215572842e-02 4.932190341220337587e-02 -3.070047244195089897e-01 -1.435055046512720700e-01 -3.270332345629973353e-03 8.116286307384117105e-02 -2.008949325902348315e-01 -1.746486957755750136e-01 7.678640681451250893e-01 -3.144048749380179419e-03 5.421945553337942370e-03 5.885934183793448821e-02 -5.044523936332263175e-02 4.853068715069104588e-02 -1.389941984896375105e-01 -1.854410542336001888e-01 -5.595790377269260762e-03 -9.582691836484708015e-02 3.010089975663016171e-03 -1.530526447553560154e-01 -7.866156313833208569e-02 5.685535892322778340e-01 4.241470673883870890e-02 -8.292173397440727456e-02 -2.359772037591355565e-01 -8.067583790348678563e-03 5.599099245505255451e-02 -2.531930189929397154e-02 -8.832095853092442050e-02 -2.421009707845916958e-02 -1.059904021149478126e-01 -1.166335550137009847e-02 3.809009098384108505e-03 -3.881207259935298692e-02 7.191198927342807856e-01
-1.718453077725220490e-01 -9.142470565604982058e-02 -1.026053105589100692e-02 1.122484108206063536e-01 8.146409525833871179e-02 3.028044773993655847e-02 6.288053490121840727e-02 1.269270564059832469e-02 -7.213958635961637868e-03 1.360094973863815171e-02 5.634252927439050568e-02 -1.350176772330322905e-01 -1.054898481123460879e-01 -7.200221963702455041e-02 -4.655123226335689673e-02 1.261109690402437700e-01 9.577290802899282585e-02 -1.153896857560254147e-02 -6.674531386012963474e-02 -6.116205776597147953e-02 3.726548766622540115e-02 2.142739666851469632e-02 7.283576768553418068e-02 -5.072396914054760897e-02 -9.719233249581746281e-02 -2.483680153358147277e-02 -7.498510439953250117e-02 1.294722776291571120e-01 6.623271827852000859e-02 -2.140125211175872288e-02 -2.976628502963054451e-02 -2.923874525309789335e-02 -1.362667409209910099e-02 -3.074418892943945659e-04 1.065299439614423027e-01 -5.765711982943098890e-02 -1.324389618247609479e-02 1.379349781793267997e-02 -6.502675414103886720e-02 1.100380198370975171e-01 3.195941541187249241e-02 -8.286346194482230310e-02 -7.987744079681623893e-03 -3.554879613026083740e-02 -3.324036170019878649e-03 6.966135829991181028e-02 5.097337985392970394e-02 -9.130569753254086374e-02 -1.570637079950856496e-01 -4.211084206978493727e-02 -3.450852755615603507e-02 2.096923962185475165e-01 9.373479149920144193e-02 -4.348874524932884456e-02 -1.320845171877946776e-02 1.008443194456398739e-01 -6.042933907706876662e-02 5.920309235101966355e-02 -4.121431130473655370e-03 -1.786112311615580817e-01 1.057132218043119049e-01 -5.659875224278826389e-02 -5.884577697667372348e-02 4.639839782492586467e-02 1.045819155913744851e-02 -2.215228281880342320e-02 -9.406936782602508262e-02 -1.149422867166320361e-01 6.815834333628241481e-02 3.901237557554698698e-02 7.190373115166458218e-02 -2.668526617521096295e-02 4.282517718848542765e-02 -5.429171845103256816e-02 -3.901775677010460575e-02 2.926575232729659859e-02 6.868884111268024756e-03 4.220766464669328116e-03 -6.322518772185464764e-02 -8.798760013539601299e-02 8.652462685351632043e-02 1.648773138542880892e-02 7.699052111801990561e-02 -2.973613562372639380e-02 -7.458581430814710880e-03 -1.671425513025842115e-03 -5.009671586294631856e-02 -1.603730497720365702e-02 2.155676824019554447e-02 2.428654126542227273e-02 4.357878421334711316e-02 -1.061574216072667248e-02 -7.324398537824025092e-03 1.592484017309608174e-02 6.249971216705545868e-02 -6.333799136662342233e-02 -1.188334994250394155e-01 -2.707628224440945808e-02 -2.465532596149177039e-02 8.429087802433185561e-02 -9.724128991674130251e-05 1.640144125699396008e-02 7.877535624544856896e-02 8.270218799551824762e-02 -2.277701632985293378e-02 8.898500055577060475e-03 1.329236819024556815e-02 -8.002705792765207882e-02 -1.331378493887029890e-01 -3.132729637872352924e-02 -6.801467303884284332e-02 8.705502439510259816e-02 3.798924220405200392e-02 1.486491676920981622e-02 1.680800892528713231e-01 5.900975192179344631e-02 -6.260465747854576657e-02 4.305745937089332231e-02 3.465002104768194480e-02 -1.464114389332490940e-01 1.251319645260967270e-02 -1.599369078839903147e-02 9.405451159460044130e-04 -2.742477458551857011e-02 7.042644930161628958e-03 1.315626857546258952e-02 -2.302934691389795646e-03 -5.833162499289161473e-02 1.528275220648220994e-02 -6.660436893419163784e-03 2.493723697159481306e-02 3.976892609456944561e-02 4.734005796558972412e-02 3.227107164083434232e-02 3.468783017583419032e-02 -9.195876955671258846e-02 -5.624588866197130499e-02 5.368215561021551924e-02 -3.816019746924789735e-03 4.673206625068152681e-02 -2.614102395568967951e-02 -4.926602266999721702e-02 -4.013766784072280575e-02 1.044571667293871797e-01
-3.555274451065893598e-02 -3.888271106254805043e-02 5.151192022048282915e-02 3.381218176261783365e-02 -2.096457250895203406e-03 9.590937248861125530e-02 1.221749210813116368e-02 2.628682305601193203e-02 -3.951260810611913199e-02 -4.504538134158585054e-03 -1.636975180426442772e-02 -4.546897389204729995e-02 -4.451363943172804982e-02 -2.836770102499906396e-02 -2.455441953797160223e-02 -1.118188941965180816e-01 -5.329115829712322006e-02 1.192466217530056410e-01 5.759130487141568555e-02 4.481370534108825021e-02 3.708967607332105954e-02 -1.346549285463723988e-01 -1.678816818842061853e-02 1.313608628818545565e-01 -7.446626519745226658e-02 -7.859597374951191040e-02 1.668348124808509414e-01 1.389387041031668948e-02 -2.590217641288881240e-02 8.554229462854935628e-02 4.150541492728705706e-02 -8.501706024329029610e-02 -9.392323305251890075e-02 4.463256328730609568e-02 5.133470584824540578e-02 -1.606916553752908011e-02 1.062067077687547066e-02 2.816933876946556628e-02 -2.586984991584668700e-02 6.744913080787823256e-02 3.670332184986979662e-02 -4.705989279332410680e-02 -3.111002736392667889e-02 9.039980690307920785e-02 -5.319634350835856194e-03 -3.761688357852684128e-02 -5.568416374936881880e-02 1.651204463760684235e-02 6.044236403054202567e-02 -3.552088490200593085e-02 -1.901622450776447107e-02 -1.086406776311148355e-02 2.730289472104495060e-02 -6.368345538275271833e-02 8.688314225627546961e-02 1.762356211350279631e-02 2.349472996738341882e-02 5.091746142421132298e-02 -1.138283824494787516e-01 1.798513206308908347e-02 7.231655381689020001e-02 4.084846498161856868e-03 -3.592300439206946167e-02 2.945058095048795187e-03 5.202251685267164638e-02 -1.464883107667372675e-01 -3.998593078182609284e-02 7.068911959935056388e-02 1.019405157454681202e-02 -4.492099934653927956e-02 4.720714955170127874e-02 4.343299676188059483e-02 -1.252827520352024424e-02 5.384318763395450937e-03 -9.067613602137210294e-02 1.620985450265881311e-02 1.708711196937501287e-02 -6.950906315101430810e-02 8.912303730672845037e-02 -2.267872396251598491e-02 8.881732048770250854e-02 7.953128705064474446e-02 -7.396913774428484634e-02 -1.802903847089756123e-02 -3.127090637115601066e-03 1.349387933285782840e-02 7.632107419713009266e-02 5.925314926013335558e-03 -3.822131200369898070e-03 5.102708517914081310e-02 -1.807632436153942534e-01 6.024327717817635347e-02 -3.075034799034346428e-02 3.676614363233490779e-02 2.963404415826557253e-02 -6.363358214195977310e-03 -3.960190481307935412e-02 1.081827175468084712e-01 2.482915582320362191e-02 -9.245249000913920503e-03 1.546966792500311522e-02 -1.206336967730373966e-01 2.612855121474447900e-02 -6.882723037678353806e-02 1.626101352198816574e-03 9.883294357157680621e-02 -5.035129030822872026e-02 1.716918517602821631e-02 7.772690943770296790e-02 -7.827688570398366741e-02 -1.245945615471103912e-01 8.632858971904584788e-02 6.444090105275747382e-02 1.237953265866012509e-02 3.631118710647565639e-02 8.334132450360323685e-02 -5.280816355311360177e-02 -1.978795201352084310e-01 9.506813110026438030e-02 2.744146281406126264e-02 6.231592520905514243e-02 9.137017774451866581e-02 1.469999449640833900e-02 -7.804893376519825288e-02 -5.039984027922194548e-02 4.964136811334848853e-02 -7.527375805679537013e-02 -1.746911839211589823e-01 3.331988631242190080e-02 9.845628700134967382e-02 4.399768513606071296e-02 -7.602224217632505207e-03 -9.393083498802135001e-02 -1.370855830099578648e-02 -4.549210978737248945e-03 3.043069694157287536e-02 4.045912446977195653e-02 3.261775694101708145e-03 9.561997803847671618e-03 3.591314604555177759e-02 8.778458435423165673e-03 -5.398593130040212767e-02 2.910251021017757830e-02 2.281284446390818149e-03
6.658604728049619670e-01 -1.084246407587975969e-01 7.011424575042959906e-02 -1.419755508821649026e-01 -3.010156197455702287e-01 1.382853503964265041e-01 3.236910258231333326e-02 1.517173622462578142e-01 1.013440073063691105e-01 -1.015143106645006593e-01 -2.526132334379313504e-02 -2.997433116406781339e-01 8.133947136977398573e-02 3.026232947887824154e-01 7.796297405551863569e-02 4.367553793758088831e-02 -3.681868164502601903e-01 6.084020070018592019e-02 1.102543277090410750e-01 2.108044720879855838e-01 -7.664396673855436437e-02 -1.642074901266247500e-01 8.154809757302010353e-02 -2.635650512150234381e-01 1.078409258662690329e-01 -7.672076441561744009e-02 6.184089790628162220e-01 3.025367054786007315e-02 -3.168189208609117347e-01 -6.230459355266478039e-02 4.533610911367930846e-02 1.600592793774022193e-01 2.471636095114422560e-02 -2.617059518644316851e-01 5.991008644819330667e-03 -1.281750026984221635e-01 -2.991084759462811493e-02 -4.648954775938327066e-02 9.266516112797773541e-02 4.974516643242382630e-01 -3.239965505283210478e-01 7.193658219851520319e-02 7.482982159185652682e-02 -4.465609626185779168e-03 8.457296614624659759e-02 -1.802431209683378888e-01 1.047275735797918023e-01 -1.932911415924191689e-01 9.357496891375423342e-02 3.481362267601734867e-02 -7.617794017844385646e-02 -1.605833583829237854e-01 3.815343996360586187e-01 -1.494684784670737010e-02 -7.001403893940716383e-02 -8.683080977817153601e-02 -3.991020775071735943e-02 3.179302575376925788e-02 -7.631049282838581194e-02 4.410930142189045666e-03 1.746345207272028133e-01 1.857884422204278407e-02 -1.002150027171919699e-01 -4.132975670345312436e-02 -2.795161136850322636e-01 4.522197679526482883e-01 4.570236095470760901e-02 1.215848675262149042e-01 -1.094473044388216965e-01 -7.997529466876748816e-02 -5.573920383723073718e-03 -1.287829428970817258e-01 1.754178102633331959e-01 -7.043681562081516301e-03 -3.306750283461520196e-02 -2.593065177813997507e-02 -4.405266289695312087e-01 4.014434335010027416e-02 4.594106368616566183e-01 2.062146053950001945e-01 -5.695569117152275013e-02 -9.033735857721558737e-02 1.336744288514781775e-01 -2.245478767776573903e-01 1.834911146712790708e-01 -3.476072314119990625e-02 -5.127963620942144196e-02 -1.710595579633424901e-01 -4.134966189261257696e-01 -4.259223115978079399e-02 -1.348834958313672311e-02 7.684415940301991821e-01 -8.326004002168774232e-02 -5.569060467339132653e-02 1.469357830653244545e-01 -8.927901802049963143e-02 1.689304084546154328e-01 -1.895988993727042993e-01 1.320210293677510915e-01 -1.414648750698299651e-02 -4.172025057716550744e-01 -8.779787391452166523e-03 -3.599667853328960415e-03 9.370189724291931588e-02 5.929410870255906740e-01 -3.071289028789133124e-01 1.716808029738360886e-01 -1.424399568946964068e-01 1.079036185881637605e-01 4.519146843147306414e-02 -1.782302528592645263e-01 -3.699107956983693768e-02 -2.803147280076522807e-01 -1.358377100265669435e-01 8.933280596130480089e-02 2.678141903300030879e-01 -2.093270362286986930e-01 3.771100485146985926e-01 7.362806213163207436e-02 4.572135536488031171e-02 -1.212844728196993405e-02 -6.213988670524919766e-02 -1.296115275837494141e-01 2.201588873290158399e-02 -4.453912321659055928e-01 -7.703704003107500475e-02 1.085852473495668991e-01 2.942423573924883851e-01 -2.609205984459928018e-02 -9.494864217792844951e-02 5.827045645522570538e-01 -4.974545634071778077e-02 2.117997573341371190e-02 -1.514986722906601357e-01 3.052869120692802696e-03 -8.892132567197935655e-02 -2.814488274459190364e-01 5.841653320655934567e-02 -2.443439306802908106e-02 1.006600914805591551e-01 6.559013386717038596e-02 -2.838887378118604143e-03 5.711016714600435779e-02 3.095380389781448582e-01
-1.315113865460936773e-03 -1.238270029762289920e-01 -3.597130179244679288e-02 2.061118109106682261e-03 -4.078308468447169877e-02 6.853777612947987985e-02 -4.170256882390186749e-03 -3.119128184761045877e-02 6.395286421816341604e-02 3.685489709563502525e-02 3.136136033113254978e-02 5.538276789596963123e-02 4.193473867836310792e-02 -1.914433596456444064e-02 1.057133007187151252e-02 3.436500167415092177e-02 6.113927501815307093e-04 2.760418856383196548e-02 -6.628853564899581108e-02 4.040168387374516723e-02 -3.029044839986950316e-02 -2.360009973168106928e-02 1.443487467620545479e-02 1.467120494379888819e-02 -7.166335154727884391e-03 9.976481208130154321e-02 -4.873966849831218306e-02 4.020705311789267433e-02 -7.149605874190756438e-02 -5.043213007322770031e-02 -1.320356235883989315e-01 1.026104647388678681e-02 5.438108126380688384e-02 1.435452109860835546e-01 -9.818245014169400819e-02 9.288002491414620865e-02 1.764434387401858650e-02 5.841559297577507415e-02 -2.712827393247845345e-02 -1.086528450235455523e-01 -4.358243626715718050e-02 -2.569409711270476907e-03 7.013428832251121688e-03 -4.355929858701601542e-02 8.208878102975807750e-03 -5.819814085036133233e-02 1.521766466849663879e-02 1.551142318186892743e-01 -6.444663160858321582e-02 1.163947842284488443e-01 1.426152378110936460e-02 -1.376332178011861751e-01 1.442677062964456522e-04 -1.622789898898841648e-02 1.257197774895625064e-01 -6.835325930788643811e-02 -1.109455114911486913e-02 -1.359311129560429876e-01 6.499469660231679824e-02 3.091656352282521822e-02 -3.592263146920320060e-02 1.558277183423150414e-01 -4.887982484293881824e-02 -5.362438345030317438e-02 -9.583703798627757342e-02 7.328712601213932532e-02 -7.749206839867610330e-02 -1.138300406056836321e-02 4.385925938343145092e-02 1.871229198321842317e-03 -5.898897368807893421e-02 6.436292301341876854e-02 4.213076275582419011e-02 -1.307577581406186296e-01 3.504670853259468644e-02 -4.769261874441112214e-02 6.317733390266755400e-02 2.773748788893210665e-03 4.153015853726616663e-02 -3.083333189030306939e-02 3.732062320084109791e-02 -1.391176766222946073e-02 1.093142401371674927e-01 -6.629290087388178820e-02 1.959538351280536161e-02 6.642296335566537369e-02 -1.698490709963804135e-02 -1.602626575995933500e-01 -5.795821642732543882e-02 1.087525668501599686e-02 -3.405995669682652938e-02 -6.530457199520514622e-02 1.142536701728270598e-01 4.109653165406285114e-02 1.267899065039445640e-02 2.386307807054092664e-02 2.218725524319048459e-02 4.313353453838975060e-02 2.016407200829078983e-02 -7.055195376698719656e-02 6.028683544274515693e-02 -7.073899208592876464e-02 3.719074354585738540e-02 -1.892183476545095111e-02 1.557786226384738626e-02 2.155362979237801513e-02 -1.007015417580003902e-02 1.457237817557910375e-03 -1.069561709730404431e-02 9.191716700939478457e-02 -1.661778355288148767e-02 -2.023618043740860184e-01 -3.588011795494416845e-02 -5.510934062987399296e-02 5.171359394784369456e-02 -1.264116808859633290e-01 1.076948440244139826e-01 3.470168842294762968e-02 2.673220633009310010e-02 7.577723128365965177e-02 -8.866695308496259920e-02 1.850287450288272684e-01 -2.029812376043993449e-02 8.524083379762759094e-02 -3.448917412287233475e-02 -1.333794228413731631e-02 -5.870034337072826958e-02 3.218942070097674524e-02 -2.557464115748864231e-02 7.297831062718806994e-02 -1.345852238850082649e-01 3.338230438463529737e-02 -6.038177520410854815e-02 1.207424684001292547e-01 3.763068448255912912e-04 8.495270470566884669e-02 -5.293828656505428221e-02 4.311733028924968902e-02 -1.183912990974629320e-01 2.224511584983668300e-02 2.103211081714062569e-02 1.315907632694747198e-01 -1.112447894259248615e-01 -3.991914314576816558e-02
-4.501330730877814434e-02 -9.340962232086039152e-02 4.829500270034838005e-02 3.088707574249037122e-02 -2.848314194431292648e-02 1.722341135194914163e-01 -1.084170875654730248e-02 -2.023445200357012683e-02 -6.072172381052503426e-02 -7.899945147439153131e-03 -1.742073505254972468e-02 2.254336659840479665e-02 -5.303346457381923756e-02 -8.981839977812908909e-03 -4.476250984728540744e-02 1.008820261477803293e-01 -4.261255789944613098e-02 -9.600878727546287295e-02 8.007795392270748713e-02 1.011450562270867215e-01 -8.425923933375000646e-03 3.873471372256716283e-02 -4.962705883970033871e-02 -2.807427685500751141e-02 5.964807542604109308e-02 5.742462676518420711e-02 -5.672252197337915303e-02 -1.537118259596038580e-02 6.543056024383725466e-02 -5.542893827010185719e-04 -4.998553139323978767e-03 -9.305362059711193290e-02 6.495278284413112668e-02 -1.227424984387734397e-01 1.712345225810768534e-02 8.653839172804123070e-02 4.986811505303194447e-02 7.646245125052673897e-02 7.890861909461295565e-02 -6.249469803108144428e-02 1.124599180919465397e-01 1.295604270644943878e-01 -5.719093884578200365e-02 -1.799790458607209154e-01 7.719514408641130199e-02 -1.322615036283184831e-01 2.664475546037681913e-02 -4.627149319845876886e-03 1.779505419988297935e-02 -3.469607215523028837e-02 3.285704838926681130e-03 1.860133951112488693e-02 4.551049059010383972e-03 -6.037803679463144696e-02 -5.425894952384208159e-02 1.028173054628286204e-01 -1.460083689852125777e-01 1.264923031019184463e-01 -1.308481098800300807e-02 -2.912496348096403967e-02 8.630939686021806001e-02 8.277231650988337019e-02 3.438846683822810620e-03 -1.717666874489691131e-01 -2.178952560772317790e-02 2.029795692076604569e-02 7.192137592164409010e-02 -1.998501207212117353e-02 1.030172055538299269e-01 -4.558573964875571594e-02 -2.508530299754886846e-03 1.385889670040897984e-02 1.331087298800621987e-02 -3.103539784558156933e-02 1.388021727566532242e-02 -4.513953125354375900e-02 -8.608976534181708717e-02 -5.632453883949389145e-02 -6.012082032096487810e-02 6.437099169471222071e-02 5.428910592173206637e-03 1.177323104674246335e-01 6.813845055882863933e-02 -1.876323296442805252e-02 -1.964629882965968077e-02 -4.683560372477761635e-02 -2.527803885240683876e-02 3.251993216131386644e-02 2.751644741403118724e-02 -6.387318704308650452e-02 -3.867844339909997514e-02 7.516012435128829883e-02 -1.335407250044930161e-02 2.184206651276240224e-02 -4.925518281361658535e-02 7.359418209929299848e-02 -7.035049641278186272e-02 -3.819079218095095679e-02 -6.641058763096036044e-02 8.368369405718534271e-02 -1.198237237451555692e-01 -3.325861847291911033e-02 1.304801716326061956e-01 1.502145389418214627e-01 -5.212996976615524858e-02 1.047348592790835753e-01 -4.007975816795750212e-02 -8.994325807547604024e-02 1.651895189135388353e-02 7.184056403150572423e-02 -8.769152659875741052e-02 3.674246699023111379e-02 4.053051347446051667e-02 1.364536547578915071e-02 3.871247885420470158e-02 -2.287321098439308587e-02 5.648625825616271356e-02 -5.620451806955012453e-02 -1.120123353459762106e-02 -1.592752831461352603e-02 3.780928600678440388e-02 -3.541685415874580578e-03 7.274451166335735297e-02 -5.569964859252629630e-02 -3.150904363420956034e-02 9.901205512610661286e-02 3.638612860978085450e-02 1.702496057680474850e-02 -9.513606808379426738e-03 9.038752241010777899e-03 -2.552692445383863973e-03 -1.124013341697558399e-01 1.792578342624862042e-02 6.856281849311497700e-02 4.442536946744557458e-02 -8.600167737767305809e-02 -1.036999602794447251e-02 -4.409961501039050269e-02 -4.433692033349156958e-02 -1.610335477674802451e-01 7.820908336587462095e-02 -4.497581238643227897e-02 8.740630863342757628e-02 1.374092633194504698e-01
4.953402074120836218e-01 -9.600149407997321527e-02 -1.065367540416562869e-01 1.743891509576261933e-01 -4.012398140975258209e-02 -5.758059868507765799e-02 -1.034208274928128113e-01 3.087816486638925856e-02 2.315515847338357192e-01 4.380505089920666562e-02 -1.481142770122328700e-01 -3.202303332452103857e-01 -2.006296120005924555e-01 5.285853977252471525e-01 3.436307933987813312e-01 -2.270099159089643964e-02 1.010339886157764211e-01 -1.259061788512111923e-01 1.870554761007209299e-01 -4.680142976490383327e-03 -7.641421895442736256e-02 -2.648795446943934540e-01 -2.116961814676125708e-03 -1.470269170478246679e-01 -4.014508039297953051e-02 1.993048736016012068e-02 5.848300830574773013e-01 -1.451377580662567557e-02 -2.515956420863069143e-02 -9.279206430316923326e-02 -6.751996124027076496e-02 9.579964386276783317e-02 1.223122766556933860e-01 -4.397009068473334975e-02 -7.097686531117587683e-02 -2.584361609359869805e-01 9.101269856501445488e-02 5.109085446404609820e-02 1.265675382690527317e-02 3.553377423578314431e-01 -5.449060608246011905e-02 -7.717055499444630540e-02 2.113642824175652329e-02 -4.655524530144965201e-02 9.987260975968284549e-02 -4.279710131722068434e-02 -3.860022207157634555e-02 -1.937139345640210841e-01 -1.027882114819024389e-01 -1.258707856786833723e-03 -4.141948723935075238e-02 -1.424298729170035416e-01 5.191700571100854589e-01 -1.052119974477172953e-01 6.097767483810746791e-02 -6.273533525555798074e-03 1.480113051744251784e-01 1.260809576824855338e-01 9.487757522242336317e-02 -2.879036221905738602e-01 -1.822365817478245054e-01 4.275676928950278982e-02 8.065814337710675019e-02 -1.132889548219438713e-01 1.247443027108293204e-02 4.688733293351313725e-01 2.088010980010658324e-01 -8.234017376109530051e-02 -7.525020169464108344e-02 1.578874556488724101e-03 2.053747222767135505e-02 -1.861429423518197734e-01 5.919047002844200073e-02 -8.576633968127370111e-03 -1.717607840686871945e-01 5.122333299754375235e-02 7.555742981577255948e-03 1.227785395213975561e-01 3.620452378271229454e-01 -8.703043114735575791e-05 7.060721109210846280e-02 4.479332996819652968e-02 -1.028200956923025627e-01 -1.634747187679111979e-01 -2.194820098526794605e-01 1.725453718970865191e-01 3.639123256262543071e-01 -1.782267595196973808e-01 1.088376948661441412e-01 -2.617565941131385077e-01 3.217387527251509005e-01 3.448627713437033560e-01 -2.246006632614543641e-01 -2.378022499848359561e-01 4.495777526886273606e-02 3.150573096020470309e-02 3.194630947404621113e-02 -4.679501147174987274e-02 2.335420426247630798e-02 -3.816242375287533239e-02 4.514182001178336512e-02 -2.389606926354798100e-02 -5.164541822438560581e-02 4.953262746944844808e-02 5.564018751035060273e-01 4.963205410340806867e-02 -2.181663596282025219e-01 -1.716814239848862000e-01 -1.605884887265172922e-02 -2.256881833137375504e-01 -7.418736190244612505e-02 -1.224109724481409756e-01 7.051905011029180326e-02 5.245283222658357614e-02 -9.581615052068177818e-02 1.077276607365326710e-02 2.797729091411153557e-01 6.186720530382839867e-01 -4.112973209981610201e-02 -3.599687217490583624e-01 -2.019381994443451844e-01 6.166388682940054933e-02 1.538750573795654164e-01 -3.924695077082687028e-02 1.030703634784609635e-01 -1.560600120405176428e-01 1.752537031080660945e-01 -4.877817839751766998e-02 -2.702636424218831657e-01 -4.360486440740457548e-02 5.711847822344832126e-01 -1.281995002809962203e-01 -1.511446902249925506e-01 -2.733358364422374537e-02 5.232668304816310428e-02 -8.825403409888206430e-02 9.177575307338967092e-03 -1.161778199447580096e-01 1.274946022371119259e-01 1.813208311985311724e-02 -9.268333499807025755e-02 2.268120150529182380e-02 -3.454093269733563704e-02 3.808593419107514366e-01
3.651356605697150121e-02 8.672942026126684301e-02 -9.914661049002862492e-02 1.343800082302230685e-02 9.602270553182296053e-02 -2.503707207111222077e-02 6.173550616035817368e-02 -1.092169678314788839e-01 -1.027557288499637844e-01 -1.146931354935174473e-02 1.302375094075401141e-01 -5.256603975073001478e-02 3.975295747133270746e-02 -3.212536428808334538e-02 -3.584196806692518250e-02 1.231376096256911606e-01 -1.032082357852250054e-01 -8.222960281771213298e-02 -1.717918389911010993e-02 -1.136506333554960189e-02 5.560976863645897446e-03 2.414326125790697275e-02 2.209402092180842436e-01 -1.058268129836593963e-01 -2.560031991630332474e-02 -2.838968372916961247e-02 -6.231778516257573119e-02 4.836693144965269892e-02 1.463069161101864142e-02 6.458730882390383010e-02 -2.775867851046574103e-02 -1.054847409832746080e-01 3.613116718538367245e-02 1.205502710926352819e-02 2.676338461682622460e-01 -1.463473800655389900e-01 9.936001281205654456e-02 -1.906746442100190619e-01 7.560794575613413726e-02 2.344594278678788918e-02 -3.220454537860582139e-02 3.764959337229579345e-02 -6.815599611172543093e-02 1.220661535439265463e-02 4.119280707814444720e-02 -6.164031802838943613e-02 2.435056478482159614e-01 -1.753656705692593354e-01 -3.603330243252815535e-02 -3.667774141704424617e-02 3.234415437887138561e-02 -3.819684662642341966e-02 -3.538749610078135988e-02 3.894560695116750654e-02 -5.164772675136547475e-02 -4.135307544884359032e-02 7.913058519904833665e-02 3.815616932360010871e-02 1.502714207181800321e-01 -8.389728364770628055e-02 -2.225207043293340320e-02 7.725192701967505127e-02 -9.644574742405788437e-02 1.363675707071366344e-02 8.209789712725465427e-02 -1.286170597111891689e-01 5.540276353351583638e-02 -2.385187694093893456e-03 -4.912855439573172306e-02 4.752382706451852706e-02 4.213748841799480616e-02 2.204690921471373632e-02 9.425625139402246666e-02 -1.197417919581290485e-01 9.759446052108056158e-02 -7.740956592917308358e-03 -2.474536737017167531e-02 1.186969727193219054e-02 1.568725739016505957e-02 6.490779548231224994e-02 -5.537962635114528076e-02 -5.370621586563861793e-02 8.294811467318826889e-03 -3.087819982313563805e-02 1.606835351650684127e-02 1.050183164308131079e-01 -7.718950305532265577e-02 4.413638392947638600e-02 -1.155290310731382775e-02 -8.327923976854949284e-02 -1.633196090551854857e-02 -3.203887093323620761e-02 1.848245803563812462e-02 1.827155400189550347e-02 1.046186764105901329e-03 3.383629610292563511e-02 -3.099307792671136819e-02 8.959693343043820257e-02 -9.947962757203308859e-02 6.711975428972750957e-02 -7.935634517536993560e-02 5.732659977676993375e-03 4.800277209480895146e-02 -6.131408871429745722e-02 -1.429127892680871065e-02 7.052756266016385611e-02 1.070011539330026767e-01 -5.854045475905823859e-02 2.776488077350708350e-02 -1.665732011038324745e-02 -4.646707346606036154e-02 8.145104794754238348e-03 2.181549809734754930e-02 -2.762705697620691792e-02 7.153505496732907865e-02 -4.447557328544449184e-02 -3.396570971067534861e-02 -1.547741435087333223e-02 1.947167622386279939e-01 -1.006114547417548410e-01 8.606367380670776335e-04 7.071219418214458319e-02 -6.849492816730175238e-02 -8.352887138421957736e-03 6.775079141116686909e-02 1.293947179456290952e-02 6.126879896791406765e-03 -1.092293372770225951e-01 -3.851603125844241943e-02 1.283868368772891899e-02 1.157889896962739362e-01 -4.482222209517895684e-02 1.995041003242670197e-02 -9.722851891438014094e-02 4.983723828027470520e-02 -2.027520107607358804e-02 -6.024834087580015207e-02 -4.992888007275353424e-02 -2.531152065541059093e-02 7.571428078067299339e-02 -6.230871684452098103e-03 6.346558281581440863e-02 1.203796121884148224e-01 -7.795772659152692963e-02
1.932789666208361082e-02 1.942658859189811543e-02 -3.117445294023020452e-02 1.126726041194141964e-02 -8.072150728580784751e-02 2.186437845516018066e-02 1.496235097206247318e-02 5.754547227890170757e-02 3.789901897642618950e-02 -5.849414732747256797e-03 -3.367550952592621161e-02 -2.582642779131474886e-02 -1.131538127770063129e-01 -5.530472437946973990e-02 -3.679248754510689584e-02 -1.892699591093947734e-03 7.600880644631095862e-02 4.739374635182894147e-02 -7.231263373988705556e-02 2.276551097984818098e-02 -1.171328575583674425e-02 -4.863905410388442985e-02 9.036525192857355893e-02 1.001127127362310687e-01 -1.005744139198126025e-01 -1.276848178383377039e-02 9.479745998499167822e-04 1.552256517401484105e-02 1.780568324779214714e-02 -4.054301187361025738e-02 -2.895494392151086102e-02 5.296430287037182799e-02 2.088599088671218296e-02 1.716056039072007657e-03 2.767606198558143077e-02 5.006044535359217840e-02 -2.769956545499454702e-03 4.171842639093614052e-02 -1.146424653513151634e-02 -4.026780166127085642e-02 5.003924434912045138e-02 5.361559743351626550e-02 -4.363800069206559898e-03 -5.078054878222795082e-02 -1.056914778283691014e-01 -3.421084617902582503e-02 2.903206169673173270e-02 8.818776898546416831e-02 -6.132233730600793881e-02 8.523332581795659002e-02 -2.106545042681318147e-02 3.804721732245581328e-02 -6.310174927851756876e-02 -3.223423511950054138e-02 1.993973858201798441e-02 -3.849048802919068785e-02 1.295503783359441830e-01 5.945477481171696247e-04 -4.714102703114540945e-03 -5.426951960967377891e-02 5.206240599348594539e-02 1.385311430919635226e-02 -9.493933307779886532e-02 -1.368334072489990703e-03 -2.902602881390430392e-02 1.018895588875669000e-01 -2.172576289437306782e-02 1.008046031934000438e-03 -2.744186754633024666e-02 -5.952155000267750351e-02 5.002945573361389578e-03 6.401080933133931894e-02 8.545038369191064465e-02 -1.055618761455698745e-01 -3.935175894177233430e-02 -6.975217303219696449e-03 9.845156224568681058e-02 -4.311735301025548805e-02 4.850114432411806653e-04 -1.569226808143444826e-02 -4.181905277002832648e-03 5.169437450419593627e-02 1.057457064799782742e-02 2.050802027224341365e-02 1.006829510798014360e-02 1.274209022415815837e-02 4.060185847731000164e-02 2.026231885183933884e-04 -1.477691864505563044e-02 1.029608568860151258e-02 -1.354558332534943829e-02 -1.735533767968239216e-02 1.211345065708650039e-04 7.853756681906612705e-03 1.740152185177807351e-03 -2.361107209873525986e-02 1.940639062944157778e-03 -7.414905917245606659e-02 7.224017811605684680e-03 -2.337338823263203705e-02 -2.143892009331981041e-02 3.123252247387138872e-02 1.939808532153300749e-02 9.117657090635492012e-02 -1.735734568648741177e-02 2.116640702647515360e-02 -3.737095794661340377e-03 -1.745208704674302766e-02 9.344069844032447392e-02 -2.956620007160626340e-03 5.250979441253060542e-02 -5.559756676295383310e-03 -3.480888928320646780e-02 -3.551686874971796137e-02 -2.702932876492406683e-02 -6.594748053319939018e-02 1.187819827345614615e-02 1.073866525471597055e-01 -5.737462162585749148e-02 -1.101475587318766040e-02 1.257772026485865224e-01 -1.043653247199188838e-02 5.409167564475869661e-02 -8.086270027472558519e-03 3.801610375656844232e-02 -4.976735504556881184e-02 6.902315256985887271e-02 -6.133757302952252966e-02 -9.554764993820699659e-02 7.198068113540664892e-02 -2.892473535378714544e-02 -3.144461662821801395e-02 4.695785270220868834e-02 -9.996364972482425088e-04 7.664764886836053503e-02 6.002623744733172340e-02 -3.924595107500601643e-02 -4.131110379564233853e-02 -1.184977423424388165e-02 -3.473286432576079552e-02 6.234546384192851676e-03 5.284504976553796446e-02 -2.026594833091169626e-02 -5.891915163525300592e-02
3.429540945998224011e-01 -1.364162063674457526e-01 -1.370063527975639572e-01 4.779032978222310518e-02 -7.358616207116941421e-02 -9.589181544210481634e-02 1.350685438346939660e-01 5.211668923468618098e-02 1.455230085620888569e-01 -1.945959865366648223e-01 1.737441577420520411e-04 5.171071797997968400e-02 -2.227185831431265917e-01 4.896504425869084853e-01 -1.729762806492165794e-01 1.171831686479146983e-01 -1.784911411849340185e-02 -6.909415195357632156e-02 1.269406020611014152e-01 4.592598735209108690e-02 2.146293940287238855e-02 -6.333637187368582055e-02 -1.134633109158674352e-01 1.421054015348023614e-01 -3.063757217204345351e-01 -1.769512944058672932e-01 5.298753764643371333e-01 2.080526995694164522e-02 -4.924151574997084890e-02 -1.117511214415691789e-01 1.373644060109748821e-01 1.043289157029154424e-01 1.290403375543218434e-01 -2.708465253447963628e-01 -7.597898878128145350e-02 1.052233916204519948e-01 -1.312150212206601996e-01 2.073588140807083868e-01 -1.479792468689376805e-01 4.553883949008367127e-01 -5.187479101409935012e-02 1.045498766151945064e-01 -4.652604357638388810e-02 3.343160729013310017e-02 8.097767852405693412e-03 2.863346507627330048e-03 1.055559418893350920e-02 -1.866252208751758290e-01 -1.930837168951843319e-01 6.592784130748199911e-02 -5.573062682657419636e-02 6.292375314367874839e-03 4.694951926989665569e-01 1.034874135595650196e-01 2.853442597186679752e-02 2.524234597787487766e-02 1.258723956548963019e-01 1.329131118319566707e-02 -1.489520529775469337e-01 -1.529715324954902256e-01 -2.590501958937048710e-01 9.447906613584969304e-02 -4.243738379272635197e-02 1.020460298363266155e-01 4.271800105264837027e-02 3.260942392705821757e-01 1.445417934499227189e-02 -1.256340920138862560e-03 6.632471064702508134e-02 -6.741386684975717025e-03 -7.707458883972685693e-02 -5.859499016251625003e-02 -7.798657432879396723e-02 6.776553200450831371e-02 -9.959973675503451529e-02 -9.226444337125581929e-02 -1.241054978776818737e-02 -1.267200730792099050e-01 6.164178485921077977e-01 -1.106922762489472023e-02 1.128022759379561230e-01 -1.208541638974433563e-01 -1.836527289874773927e-01 2.080241273622245313e-01 -1.895341688232168864e-01 1.071971647290504148e-01 6.047253779481266689e-03 -7.630149773352471604e-03 2.258293208285580209e-02 -1.342430075782387044e-01 6.120278497868937573e-02 3.338037240691408281e-01 1.645916476413486484e-02 6.416621772610915653e-02 -2.132666141017624806e-01 1.577404370971509096e-01 -9.881286139810481484e-02 -5.363642034828317723e-02 -2.558941821799334826e-02 -5.723303937518153112e-02 3.989078326515622941e-02 -9.104337703339115961e-02 1.949469947970253469e-01 -1.014623781459800811e-01 5.253173595171646282e-01 -1.504525866634838227e-01 -7.170228254073487961e-02 8.731912760967833198e-02 -1.979486417724259373e-01 1.636712865251961635e-01 -1.850128960081623419e-01 -3.538119211387674712e-02 -5.458972561301482507e-02 1.092795303910258642e-03 -2.767144561755133236e-02 1.644542464406612559e-01 3.108115959094885639e-02 4.641077373448090349e-01 -1.047659647216897527e-01 1.971226473499912424e-02 -1.492348793870428847e-01 -1.113574646409372648e-01 -1.390513178048749521e-02 -6.092902989838555605e-03 -1.552790559322831110e-01 -1.015606347439515778e-01 1.190890998828302849e-01 -8.186876971030640493e-03 1.231580325887567523e-01 -1.874422733319788259e-01 5.725905736594140150e-01 -1.441412742280602510e-02 -2.102600427310777897e-01 9.834592661877109010e-02 -3.015500421966359895e-02 -1.156866055038389546e-01 -2.306572263299817571e-01 -1.593372424257329667e-01 2.020545094926056717e-01 1.178567165698169578e-01 9.885814249174688928e-02 -1.250611924337379222e-01 -5.697347260066667335e-02 5.155910907002250188e-01
2.476826820271664509e-02 -8.461527482245136123e-02 -2.938273144986404753e-02 9.251943050902367016e-02 1.096266385759866596e-01 -5.261987252082406946e-02 6.253465522955084510e-02 7.736256172700063660e-02 -1.112232578183141724e-01 -1.377713156842676478e-01 1.701610687527165509e-03 8.262549568717666992e-02 3.020397722050555817e-02 9.098434983305070042e-03 -1.089542441786385263e-01 -6.848770637365528269e-02 7.296296235344332248e-02 7.724246330088838791e-03 2.577656854663526106e-02 7.502112543721732585e-02 -8.789971719424478913e-02 -2.636854083144724720e-02 8.976102446244003941e-02 1.953980562602596061e-02 -6.010842745205796124e-03 -1.201705159856345656e-01 -5.653673827177380790e-02 -1.218804190984335185e-02 -1.978259699367181795e-02 1.085943705947746418e-01 9.287106233035340164e-02 4.560781624818144309e-02 2.575286094716266495e-03 -1.939420375852094966e-02 -2.645664023122385258e-02 5.704674720862226538e-03 -7.721245376640969993e-02 -5.291594157622096783e-02 -6.307611173755688083e-02 5.672189594819306013e-02 3.128797824734834421e-02 -4.525072263743528528e-02 1.641200607172143833e-01 1.122129642941251115e-01 -1.944361542222581840e-01 -1.684597869150736976e-02 1.934906602430901956e-01 -4.779888801446129792e-02 1.330120054439416430e-02 -1.177303466347600774e-01 -6.114823331247708216e-02 3.696290624155863791e-02 7.613680322327650955e-03 1.217611809617133271e-02 2.146338192222480845e-01 9.986040397991952089e-02 -2.020462086685858027e-01 -1.331689286563855421e-02 1.138665563528535318e-01 -4.854377429611886341e-02 3.677503557895218933e-02 -1.017811060398470489e-02 -1.213866710464619331e-01 3.600644129610774957e-02 -5.629764603607513573e-02 -2.032711175250111538e-02 1.638255669764765998e-01 1.069697052635181639e-01 -2.369716869815339799e-01 4.389601041138426613e-02 2.087604917798767112e-01 -7.832422230514075878e-02 -2.284734961787541693e-02 -1.188537628354265907e-01 1.691181283603636386e-03 1.440734552117878264e-02 1.295932999442522549e-01 -5.276624879626288372e-02 2.156608809723474796e-01 1.059155324757538041e-01 -1.866302128056724352e-01 -6.111737331980170856e-02 1.409765334788587177e-01 -9.052908753325562830e-02 5.912453905191323439e-02 -3.771780166804823003e-02 -1.826249589416509000e-01 -9.940116549564531612e-02 9.641077601821429477e-02 3.997102434684142966e-06 1.509987692608329157e-01 5.504376132093457413e-02 -1.693473432719119764e-01 6.489718837788155392e-02 1.978052241333619066e-01 -4.314267204148503759e-02 1.041794257071465557e-02 -2.705501568111690069e-02 1.150473296816295621e-02 7.080596506721964500e-02 4.465285545351677099e-02 -8.588614386954918078e-02 7.746685573167944039e-02 -1.071685266191141350e-02 -8.758467212182538542e-02 1.585771104972283352e-02 9.421089693676538979e-02 -5.622649126809720066e-02 1.639939742188101235e-02 5.741282851380355434e-02 -9.223563078223104283e-02 1.158687891430441874e-02 -2.105354515345103650e-03 -6.224868308136380368e-02 -8.972548199886565268e-02 3.365315014109954150e-02 -6.372851495605347250e-03 4.134520728898491426e-02 2.779427298754423570e-02 8.220544035747012757e-02 -8.186006536922525723e-02 -6.461932262724667808e-02 -1.413828578581558804e-01 -2.757040709019285829e-02 -1.267102131627259945e-02 1.183123009581603380e-01 1.863692354549492669e-01 5.503574122833294197e-02 -2.278788022575586880e-01 2.216247180270991546e-02 2.543721710752248066e-01 -3.611185614623185769e-02 -7.661674489768602325e-02 2.923968349559927238e-02 -5.495038271794516760e-02 1.395090722111743953e-01 1.067079881059009722e-01 -1.162718544062330273e-01 2.735211791528813219e-01 2.709107769152857559e-02 -3.627399525587389206e-01 -9.724874560085661201e-02 2.744047379086571592e-01 -2.157712153774743458e-02
7.986338684940497146e-02 5.880035915480182757e-02 -3.732538373650096802e-02 1.671349847510019970e-01 -8.107483661438862066e-02 -2.781784326052048548e-02 1.479909988949522082e-01 -1.065200274328719221e-01 -8.359559857821463602e-02 -3.251902530332267775e-03 7.379700203663897007e-02 -1.871008543516265721e-01 1.564993173762811371e-02 9.445098729076900623e-02 -2.682351732582688789e-02 -1.772236452639790460e-01 2.170247901139877103e-02 -2.829804444678178654e-02 -1.257065322785903272e-01 1.758769698823341443e-01 1.173183368329218518e-01 -1.098656125743662643e-02 -8.999334342186554592e-02 1.149499941947357412e-01 -3.209392568573016941e-02 7.029144336396028758e-02 -6.312592056052859779e-02 6.226982787410596624e-03 1.212800846273922456e-01 -6.490110217740163723e-02 8.721199055146186541e-02 1.148593207874069703e-02 -5.753983019612363137e-02 -5.492583075049650709e-02 -3.872001764622053782e-02 3.197917750377136242e-02 1.909830127918810128e-02 1.201539539868293899e-01 -5.125968800501776688e-03 6.651844597156525429e-02 -4.649325476318447864e-02 -2.713807164576595085e-02 3.751497411379227376e-02 -1.368210611384252685e-02 2.342262678577048535e-02 -2.127205213497070091e-02 -8.207727982013374862e-03 -1.148544892789471333e-01 2.267744110913314307e-02 -1.436041767291249827e-01 9.079802876701682790e-02 3.188355448403363407e-02 -4.700917957790880924e-02 1.401372453045743038e-01 -2.344088649576862166e-02 -5.149754956943748685e-02 -6.907068479611744305e-02 1.787427604074523155e-02 6.462416286777278307e-02 -3.714222611977994332e-02 6.711700871581610835e-03 -4.078727957620240097e-02 6.602835111778167232e-02 -2.360452028390577425e-02 1.754566861019498866e-02 -3.406806098917485037e-02 -2.148835944800506562e-02 -3.060130561131342575e-02 8.078819387994047585e-02 -1.112032362428429580e-02 1.714293015698461348e-02 -7.661196346647693514e-03 7.275660525936625267e-02 -7.815199925668727537e-03 1.507382537979763508e-02 6.561973632777828858e-02 -1.104153831109357664e-01 2.773481610444000420e-02 7.557091360518454481e-02 -9.473695107019899919e-02 2.139183986142030938e-02 4.252149742358410367e-02 8.147043777287183916e-03 -1.121007544566654524e-01 -3.692314138535505996e-02 8.456425413281590253e-02 -7.909316350320676203e-02 -1.302890791951353266e-01 2.925445560708801046e-02 4.732542729485712113e-02 -4.502932833027499526e-02 1.023658303765088845e-01 2.434331490653351276e-02 5.637286856004158908e-02 -2.362692461018524592e-01 2.216795785885486980e-01 -5.530984672732502938e-02 -4.887823827562609580e-02 2.140203436048810151e-02 8.858115117128632920e-02 4.963619066459362683e-02 4.968678871489307092e-02 1.341408991341275225e-02 -2.198014160393602090e-02 -2.817670614405243246e-02 -4.154334256584468754e-02 4.364474702136081352e-02 -8.609817518720314089e-02 -1.588434842618424714e-02 -1.472448013342728679e-01 6.197122595019186053e-02 1.032313697522332235e-01 2.208058551855218710e-02 1.085777352204417845e-01 2.818219222973028515e-02 -1.009906232480841659e-01 9.334853088039940516e-04 -1.044899185592642610e-01 1.433471009259989493e-01 -1.045144471425096810e-01 -1.363033342937874925e-02 9.422081639071766546e-02 4.533399311584057623e-02 -1.811123164904049343e-02 -1.088322610164671467e-02 -5.874441476622127567e-02 -7.382789083903268379e-02 3.273177567742552307e-02 3.143223300040698387e-02 5.525954457066739600e-02 -8.032118750376605887e-02 6.166531771140446039e-02 -2.799629780679457544e-02 -1.639072651958653482e-02 1.503440542091283305e-03 -4.848949233541266501e-02 3.234198624630714447e-02 3.805808381393804840e-02 1.129064604086146839e-02 8.232959732824618460e-03 6.111369530774124481e-03 -1.418734183430786500e-02 -2.937175237334660460e-02 4.246061758386300566e-02
5.761933971795661913e-01 -5.173252009503567783e-03 -1.675098273742627597e-01 4.656309148792653341e-02 -1.830088167873619720e-02 -5.840347140017789623e-02 -1.275629691513917585e-01 -8.326847809310711224e-02 -2.631892297761145513e-02 -1.221218631556783701e-01 -3.123137000462405943e-03 9.298692902496175083e-02 -5.877380764197787100e-02 4.217126184388512722e-01 -6.654337427844712882e-02 -7.302242500417313598e-02 7.213301561790073924e-02 1.043387069011885715e-01 -2.028228737542726867e-01 -1.836863329392789124e-02 -7.350403964475157870e-03 -8.943290625741470712e-02 7.424024662086546600e-03 2.902354331189545278e-02 -5.421776879172657271e-02 8.933453539508640073e-02 4.689496426251999472e-01 -8.544701314489419608e-02 -2.424845632959488767e-02 -2.168853519290989407e-01 1.885505429384171094e-02 1.482338891237741929e-01 -3.297892090972591450e-02 -1.381274797880218119e-01 9.439244692756221244e-02 -1.070017619194633396e-01 1.462875510654305100e-01 -8.972031591704135445e-03 -3.305545302436755511e-02 4.304847796804706084e-01 -1.280517297620082928e-01 -1.587332443296934348e-01 -1.053285020364740365e-01 1.512910420306244896e-01 -1.310918671153488146e-01 -1.019602769981063639e-01 -2.445133636817091796e-02 3.107195301780815710e-03 5.308876499220988032e-02 1.211956833344830509e-01 -6.065206685086933780e-02 -6.532165990727593907e-02 3.772164018634598937e-01 -2.950845855923293903e-02 -1.651402606009313434e-01 -2.032531049580595384e-01 -5.744346159068736829e-02 3.657912665097522165e-02 -5.023427068016696195e-02 3.554267349362030814e-02 2.367081742333569661e-02 1.983169842143222006e-01 -1.473753781954301456e-01 -7.672907367372246157e-02 -6.991918284495385327e-02 3.767158450379357593e-01 -1.324143306018494559e-01 -1.641427004881468310e-02 -5.142519400113212957e-02 -1.345170273495787383e-01 9.263776645323523740e-02 2.247502684108782303e-02 6.899018948817818575e-02 -4.733418796289880909e-02 7.843007109657787468e-02 -7.284628066460736850e-02 -1.428656823808108767e-01 -1.567961543477061626e-01 4.238478129488602586e-01 1.102470970097914338e-01 2.515227488822066593e-02 -1.460285209535838735e-01 -1.400370046115521905e-02 -3.850632081257132633e-03 3.359617280798810057e-03 6.444697755626771496e-02 8.794933879315765257e-02 -1.885607284538065587e-02 -3.245642181161078055e-01 -1.527200471215787725e-01 -7.080910221729236342e-02 5.649171740836184119e-01 4.893407271624500288e-02 -1.974471899281413922e-01 2.020121384885300020e-01 4.887288060112485177e-02 4.100703769168909107e-02 7.876310550409866551e-02 -1.971543700109362057e-02 -1.549972353765633193e-01 -5.031657544400418292e-02 -8.911544826955315746e-02 -2.479389171194021357e-02 6.657066497587287024e-02 3.979728571753061717e-01 -2.682107744316526710e-02 -9.403904556775764811e-02 1.477101395313995535e-02 2.910590908623100770e-02 -1.779671985790917677e-02 -1.191753351513320514e-01 -2.171460102356864708e-02 4.641565651391642983e-02 -8.908502326465747578e-02 -1.642662021946684481e-01 -1.218816376639480226e-01 1.047996232354918983e-04 4.696965556870292824e-01 -1.216098078598108478e-01 2.871445190837410011e-02 1.467653578212989307e-01 9.482510341593340664e-02 -7.573911621324552756e-02 -5.599037286355150467e-02 -4.125047916755553157e-02 4.844307432207287101e-02 -1.353606649881097246e-01 2.691663747723541111e-02 -1.117379930816716771e-01 -1.242105373192632090e-01 2.688704746321851080e-01 6.236671131693796721e-02 6.235163949163118058e-02 1.148924164039589746e-01 -4.885987964928424632e-02 -4.072338990515675383e-02 -6.536302877706286207e-02 -1.312789823087133767e-01 -6.263918663425155353e-02 1.674385552215591766e-01 -3.759013229552271573e-03 -1.477064541551577070e-01 4.745797144339422569e-02 2.703696978800818607e-01
1.125297887241868966e-01 -2.745921025662008668e-03 6.968872785659760427e-02 -7.610077865359501925e-02 7.660243438739492393e-03 -2.168299010219358267e-02 1.198617423992670017e-01 -7.008399040954502168e-02 6.631312955552144672e-02 -1.512618126519618862e-02 -1.297537341645524367e-01 -2.413925764422668666e-02 1.865514005023345689e-01 1.629379907233412554e-03 1.348466638931332950e-01 -5.833873145737294291e-02 2.659579866480522555e-04 -5.364359448003532677e-02 -1.424207111534806468e-02 -4.456752769796368252e-02 2.430162385992763394e-02 -9.524311121157245930e-02 7.092769927688561890e-03 -2.143608315989368324e-02 -2.403091899079990712e-01 7.130498268282622898e-02 -2.763995644956459760e-02 -1.533010625918785619e-01 -6.971916649007162126e-02 1.010534530753432192e-01 5.962562074466867118e-02 1.305478263780419645e-01 -9.536391078580282177e-02 1.808022063947271607e-01 1.281014490013833440e-01 -1.085188356028160134e-01 -5.138209495955526479e-02 5.001906265044128719e-02 -1.315469181332179667e-02 5.166966155663491739e-02 -7.165028634264830609e-02 6.926309491469581636e-02 -6.486911056100774786e-02 6.248499353725416039e-02 -1.154619698993096799e-01 7.559739420346435479e-02 6.165835542102416494e-02 -8.240084656674863395e-02 2.338308542130110024e-01 -7.001692410080713469e-02 -1.005620454668544952e-02 4.479814004933051208e-02 5.084076874395945800e-02 -5.056025391554876125e-02 1.489152226052037863e-02 -8.326824671765045704e-02 7.008029873941150345e-02 -1.152311672035593870e-01 -1.312294172287824523e-01 9.148948471281298511e-02 2.186192703195170561e-01 1.643856947651269745e-02 1.758977274969931448e-01 -6.318222187462352313e-02 9.118187397898989965e-02 -5.782786971319202329e-02 1.133943429387141016e-01 -8.140772169439311479e-02 -6.697818294927981864e-02 -1.432538680805643672e-01 -7.590144446612163975e-02 -6.262481973390171541e-02 8.006794782716464276e-02 -8.507475492602675771e-02 -7.138333560936579482e-03 5.916538723612036686e-05 -3.634758528001708761e-02 -2.066477965842034373e-02 -4.276740298546356095e-02 -3.356448216248329730e-02 -1.159476375065851828e-01 5.117742241604222864e-02 2.566243183841019401e-03 1.876662499927251870e-01 -9.038059684454793907e-02 7.709108702216425912e-02 -1.773513294519836123e-02 -6.915356465985803003e-02 -1.356971232898580293e-01 6.483174156264037702e-02 -5.918174392752099250e-02 1.444954658015891458e-01 -1.184680553459608876e-01 1.990304548763371095e-01 6.235471956413825984e-02 -6.739820914713974542e-02 -9.194433067707868945e-03 -6.194881317013543887e-02 -3.050560586368199212e-02 -4.134263780557544815e-02 -2.697074590448087644e-02 -2.128138606224656490e-02 -5.135796984353040162e-02 -2.457589356573773587e-03 3.205497790606731678e-02 5.761935382076331658e-02 1.149890019516958128e-03 1.590659431565548676e-01 3.477564459054033330e-03 9.421085204324838869e-02 7.799228314229697534e-02 -1.566131108348449708e-01 1.440426139385805188e-02 3.352457961761116934e-02 1.735489543292892123e-01 1.618859496029081968e-02 -1.933292183369967332e-01 3.727807685885475841e-02 1.016822938813267962e-02 -1.005623721252495717e-01 -2.882028620882602643e-02 -5.707114271745807738e-02 -5.972653258019163663e-02 4.874317575697751509e-02 1.022494711924559763e-03 6.760176784103846814e-02 -2.449979476517598342e-02 -2.732202147113607302e-02 3.351535313475055566e-02 1.497862746338869677e-02 -2.599019153087226558e-02 4.938866111106496315e-02 9.002729276723163421e-02 1.088425206550187874e-01 -4.065618676307725110e-02 7.433296390571803025e-03 5.544678911025197748e-02 1.124691751325659211e-02 1.116478281670400113e-01 8.793908629284682976e-03 -9.559842453308242671e-02 -4.938402218807817767e-02 -7.449608282997631503e-02 -1.259418533617127911e-01
5.212401397196551184e-02 -1.211860026099202681e-02 1.722048642783126360e-02 -9.889951578443435809e-02 2.663605880122878883e-02 3.162882136163248231e-02 -1.118651956988438861e-02 4.488110024465449821e-02 8.141140993670239676e-03 -4.448112602388205991e-04 -5.915504765348541388e-02 1.368021824524263269e-02 -1.231731105125567424e-02 3.137321665006621851e-02 3.245276803484779815e-02 -4.572431348911901866e-02 -4.880039740641738816e-02 5.192359313167132541e-03 7.004534304346284913e-03 -2.377310836602181815e-02 1.381982699227958002e-02 2.813549339814059441e-02 -3.552644192451932109e-02 5.985220953292644253e-02 1.732613807631466080e-03 3.475861618895684929e-02 -7.058451151803962070e-03 3.429568950716085918e-02 -1.766488991283503935e-03 -2.041101542521064904e-02 6.284271201863238232e-02 -7.088382781946782341e-02 1.152935581386764843e-02 -2.702520809614416750e-02 -2.072166978553109315e-02 1.192428050833877189e-03 -6.925017224873084021e-03 -5.451756050405157095e-02 4.274447261907023121e-02 4.161262587210871715e-03 -5.180382356933557753e-02 2.547715465753146516e-02 -4.344575126129351927e-02 -3.769112302233910972e-02 1.014864311463366947e-01 4.396567295218249682e-02 -5.082250341915568737e-02 4.367456376309042376e-02 7.133519611324380671e-02 6.419079189875964708e-02 -2.365357940005850118e-02 -1.080785158071250439e-03 -8.622057934565952042e-02 -2.866210049514853267e-02 6.782034214817310447e-02 2.458220020437248965e-02 1.622484657771126534e-02 -3.912090472418412040e-02 -2.598746948736155912e-03 -4.879886378872140551e-02 -6.714125736595572339e-03 1.952975333125410787e-02 2.532693723161134544e-02 -1.257736104889295436e-02 -5.174674430156336186e-02 1.114217484015700248e-02 3.061622209320393330e-04 4.965772258367491705e-03 -3.022739753884942735e-03 7.722844187172246862e-03 5.367235682066145985e-02 -3.940045213123826578e-02 -3.283967992853416978e-02 2.040355614947551161e-02 4.495318066463980383e-02 -4.447270127921654909e-02 9.035114792686139984e-02 -1.347485164286844374e-02 4.432248692987941774e-02 -1.114061964026780496e-02 -6.956986283025841378e-02 -3.542557134705081462e-02 -2.156427923027750410e-02 8.511780341216938772e-02 1.692521488173686500e-02 4.656841191969780802e-02 -1.691338430073931545e-02 2.999253928923556120e-02 3.188030286509316302e-02 1.058688225529687624e-02 4.977721402221017832e-02 -1.357995756622724405e-02 -4.736994944314357886e-02 -1.205000780922743132e-02 9.159143211507690500e-04 -8.577217079057024296e-02 3.201537670379830253e-02 2.177058466260245462e-02 2.152827876939241228e-02 -5.559053579392626843e-02 -5.121288475151439257e-02 1.418021353286734454e-02 2.023468937957260960e-02 5.462866215973527506e-03 4.744351826912539261e-02 5.040149437453633058e-03 -1.936285092917752054e-02 -4.698714626236401293e-02 -2.954250510755605449e-02 -3.728029995385363088e-02 -1.468341717645032206e-02 5.392610304649045339e-02 1.953240856853677432e-02 2.154522409506604702e-02 -4.321965329158505842e-02 4.696180575198382473e-02 -5.484539485364366834e-03 4.163960164532080899e-02 6.404991021657133188e-02 -1.062942082454992887e-01 -6.601513548214048288e-02 -3.897259127856142480e-02 -3.172451349204975790e-02 1.118591537960888366e-01 -6.087644107888884326e-02 -3.899847288062773670e-02 -4.954563159092316427e-02 4.504363780326098299e-02 2.338716419584933870e-04 -1.439203819955394391e-02 1.017161123585041405e-01 7.354697039495679267e-02 -4.024282521313028715e-02 5.418338542214511111e-03 1.102994422003476804e-03 -9.414990043139379039e-03 3.094217777331693953e-02 -1.130280180734213706e-02 -1.329847872270564085e-02 2.007701175852150133e-02 -6.489111755818041671e-02 7.846351104020998085e-03 4.798447555326910974e-02 4.173542218566345108e-02
4.726535349629781280e-01 -1.302351801943894549e-01 8.211076170494173432e-02 9.973505328868809139e-02 -1.391997833068958912e-01 -6.784364322444932927e-02 -7.796074120215787384e-02 5.332361776034499901e-02 -1.281230170314407446e-01 -1.571209273417535635e-01 4.875946705823266253e-02 -3.403071011335780105e-02 1.233968063797521303e-02 4.191875258364391454e-01 -1.273595904971046022e-01 1.669487818376834687e-01 -6.447802402102546793e-02 1.231616049344350095e-01 -8.622359127558455738e-02 1.115666181443161070e-01 -1.174408028732224912e-01 -1.037890590298687354e-01 -1.179364538654668615e-01 -1.010115972756713554e-01 1.750528753894341205e-01 -9.081927164402156527e-02 4.827348819278075576e-01 1.972823176526175004e-01 1.499783424002849030e-01 -1.244450818891618959e-01 -5.761023500178712176e-02 -9.535049869755188312e-03 -1.702648582307317859e-01 -1.253378905112368102e-01 -3.851022427817746285e-02 -1.438297209459357129e-01 5.338472452399232321e-02 7.009233426457706084e-02 2.098956877353959360e-02 4.908156830355587807e-01 4.918464812900147365e-02 -2.351667449237801466e-03 2.684549211164313776e-02 -1.843016660967825709e-02 -1.184310561582493926e-01 -1.402345779448006258e-01 -1.690826460436029577e-01 -3.579105037505352777e-02 2.716436782937020275e-02 -9.054102227799301628e-02 -2.825231479416888056e-02 8.629572306300686835e-02 3.342423191546913808e-01 4.650780363651661753e-02 5.101884600291603511e-02 6.049482028670597616e-02 7.812586413919621331e-02 -1.898182762659281764e-01 -1.034825071974487115e-02 -1.663281085525323555e-01 -5.961945330006812593e-02 1.684839153275751178e-01 8.093664763116743821e-03 -2.271282873596807556e-02 -1.646446792424219874e-01 8.542326363043217796e-01 9.377762649281062846e-02 -9.087013014871314631e-02 -2.291720581865783202e-02 -3.184956374788659450e-01 -8.451513295288937133e-02 -1.502416568378401041e-01 -2.095714240159146646e-02 7.155342119751405272e-03 -1.100755159732948185e-01 3.051122175673670611e-02 1.232958224458626656e-01 -6.705297530291948194e-02 6.572888656550230913e-01 -5.440612680987819139e-02 1.456847411654372745e-02 -1.750984651006941006e-01 -5.523129525946919582e-02 -4.924095059414047154e-02 4.697153595614689259e-02 1.022892763663138804e-01 -1.695332670891379623e-01 1.108709070897075100e-01 1.898187289372481601e-01 -8.733572850093258844e-02 6.791025875595266270e-02 4.620708576142832924e-01 -7.291042951383774895e-02 -1.976990937163951578e-01 -1.860672436818325282e-01 2.031970441339074618e-02 3.928237890778285557e-03 -1.144485207309284963e-01 -1.775773218944161069e-01 6.520120407411879315e-03 1.352179792953290549e-01 4.260674617399387576e-02 5.657525530874357722e-02 4.838803188720017245e-02 4.916621217872329530e-01 -1.656052662408397935e-01 -5.350097795896366359e-02 -1.395226124096476950e-01 -1.214516011964661413e-02 4.307634779883748322e-02 -9.732861996925129544e-02 1.013530704680581790e-01 7.289577638566055451e-02 -1.536037238358442525e-01 -6.437359552908243632e-03 -6.161232535280820877e-02 -1.514133651827508920e-01 4.403266114738248471e-01 -1.174362599892492948e-01 -5.695055295833657827e-02 6.402110985057302139e-02 -1.304230207778047101e-01 -4.219126543633301696e-03 -1.383158017386772465e-01 -7.626166273799729611e-02 8.349413305161405841e-02 4.538682910875382892e-02 2.960747536315463946e-02 -6.774217682478603231e-02 -2.238038171528247966e-01 5.427960518965873060e-01 -1.158140375641106001e-01 1.225126613859712082e-01 -2.585948912464379468e-02 -1.818208579811845249e-01 9.737324083362774996e-02 -1.596922362443256582e-01 2.813752403323147716e-02 1.519168406881054451e-02 1.499361156697809339e-01 -3.328871936731898906e-02 -2.402858919297198026e-01 1.199118104024872802e-03 3.090957422545617117e-01
-9.298850457964513705e-02 2.336819956418370314e-01 2.286476345103491126e-01 1.591761101382358212e-01 -1.079517616149216486e-01 -4.102249146704940036e-02 1.220094769729548195e-02 -2.402789810384684810e-01 3.141019839491734356e-01 -1.889280188940980765e-01 -1.129453427153639389e-01 2.912544685942461756e-02 -2.167358444503354395e-02 1.219940764428320695e-01 5.296603863978184557e-02 6.352102826754754683e-02 -1.017981856583854428e-01 8.701912904804114113e-02 2.878369319705640500e-02 -1.092613248212901400e-01 4.000491768856442171e-02 4.800541708534601659e-02 -1.267321365698110547e-01 -6.432222288525114851e-03 2.617526465266886704e-02 6.987659194827161580e-02 1.632157904158282324e-01 7.951705827438637630e-02 -1.537600991899695790e-01 7.364668701268964335e-02 2.222866233562662344e-02 -1.495947936437109216e-01 1.420569448804977486e-01 -1.119278777991987162e-01 -5.048456467750892657e-02 -1.752919704443124671e-02 -9.341878393911474954e-02 2.945267032513435579e-01 7.366827318595148277e-02 1.801883518185777855e-01 -3.751170030600429334e-02 -7.746799229070823467e-02 -2.254803649006394128e-02 -1.616812940619860861e-01 1.650327586948865111e-01 -1.013299392105904972e-01 -9.072783217555716040e-02 5.679370347573419906e-04 6.597631271176497558e-03 1.085788332097913228e-01 1.879412158953325529e-01 1.177597227727400914e-01 -8.345157938443210910e-02 3.273471763520940242e-02 -3.871577184570031832e-02 -1.077568384867773205e-01 2.264089894194578345e-01 -1.807480599515864372e-01 -7.091888879219537811e-02 -5.774865791440089713e-02 -1.621740330450396617e-01 1.656725014677240815e-01 1.326788221990053418e-01 -2.582940283176891894e-02 -1.205160310554870794e-02 -1.136165544459714905e-02 1.275403279287473657e-01 -2.374061736298468672e-01 1.917564769674386937e-01 7.989158076603587733e-02 -9.608453531692352778e-02 -1.641907763524979788e-02 -8.596667067076063651e-02 1.358327183217892808e-01 3.128332201149586766e-01 7.604338393841041099e-02 -1.358986992703219709e-01 1.069247408993369425e-01 2.800157622923680339e-02 -1.627938993113367816e-01 2.468240220121622752e-01 -1.116714507328467887e-01 -1.755748457334414259e-01 8.150005981926791709e-03 5.584623195110687000e-02 4.813292592598879260e-02 1.084690400222481227e-01 6.685780552206696536e-02 -1.330695227170879402e-01 7.117241457270251370e-02 -1.997604602722685349e-02 -6.161792215861374572e-02 9.621163366624273239e-02 -9.243077673713402664e-02 -4.504419568980534000e-02 -2.240968188940409278e-02 -6.880621200410830252e-03 2.100326432910223917e-01 4.874021761307870126e-02 3.147610195169685543e-01 -9.467590425041269575e-02 -1.538146277327646222e-02 -5.902952274983996883e-03 -1.600579649869591226e-01 1.432325725694705842e-01 -1.617799508230260419e-01 -6.748733251887523155e-02 -9.482221619099276411e-02 1.332292736940005745e-02 1.985728310415062203e-02 1.429218662901187431e-01 1.243643662281673223e-01 -1.195769654021365674e-01 9.482856404932343830e-02 5.649983707579631087e-04 -5.723574465569436498e-02 1.151117669567716245e-01 -8.667230596820951760e-02 -9.679525355277013299e-02 -2.139021383607056515e-02 -4.952796498986324070e-02 2.186489251041079107e-01 1.119365211590523795e-01 3.089397376866658829e-01 -1.050631888591593843e-01 -2.647795932017434073e-02 2.382656398638377526e-02 -2.359285102163011238e-01 3.312603209809098503e-01 -1.675388269715797906e-01 -1.295522478344952599e-01 -1.236486120178009046e-01 -1.315741681922886208e-01 1.734654549799624357e-01 2.442907263036341314e-01 -4.657012089869437543e-02 1.125054456020144200e-01 7.079782616855569144e-02 -9.176391086001878250e-03 -1.620496370744850534e-01 1.252070066771434065e-01 -3.870826974537247556e-02 -1.896138784911790831e-01 3.868526672556119733e-02
-6.643275665410741659e-02 5.242518412673884132e-02 -3.299997658499252001e-02 9.586464396176729713e-03 2.952448933930681627e-02 2.831901690097851990e-02 2.392927088434937052e-02 1.209792575494960526e-02 -7.192418537096950670e-02 -3.519358686734015695e-02 3.368477019955815749e-02 4.566544807302687359e-02 -4.516699552340819324e-02 3.126272208379098083e-02 -2.848562221310465409e-02 3.004193375377607264e-02 -9.731336346251019329e-03 -2.131750796702243031e-02 -4.493896231601599706e-02 -1.644776717958577167e-04 1.735037817925893372e-02 2.792776833945851897e-02 3.678072552311429516e-02 4.054304705638171052e-02 8.698289442011410133e-02 -7.285788996163016298e-03 -7.980955424008400953e-03 -2.165367536272240490e-02 -5.029335487625637147e-02 1.273968750054379206e-01 2.576905068905645246e-02 -4.301280395510036908e-02 3.124958851834429285e-02 4.541394742272816115e-02 -4.527064918102657182e-02 -9.357256808364872169e-02 -5.776457837480667573e-02 -1.263034556870780423e-02 -3.612257031739366658e-02 -1.354782494686559285e-02 7.682993152930750469e-02 1.667321588106048663e-02 5.736174586181925356e-02 7.477406549871531798e-03 -7.811995751908483443e-02 -1.043226496262354697e-01 2.582671633529328228e-02 5.011155197282978618e-02 -9.105231017002061999e-02 5.353082425460437693e-02 -4.014808290805026159e-02 4.574614153094933716e-02 -2.163918607555084112e-02 -4.694935226489965903e-04 -4.689349355641694861e-02 -3.154259334395537184e-02 1.771492415796006165e-02 2.763338261131724830e-02 7.824216286326142467e-02 5.111791541101158576e-02 -6.609126297062063726e-02 4.209691723794827672e-02 -2.464102128191754653e-03 4.327232195214689853e-02 -8.362576811004988897e-03 -2.018839580110714030e-02 -3.684686078639402840e-02 3.154552801735688999e-02 -3.645452780161371337e-02 -1.393928541136391997e-03 6.866576323871674548e-02 1.796998304662360962e-02 1.360638549195600233e-01 -7.796311359898255855e-02 1.103766309822840075e-02 -6.283789782516709110e-02 4.792814632205372530e-03 4.040322188208231302e-02 3.602282806529225057e-02 -1.379289630935399621e-02 3.460308324374021527e-02 4.454281006878357818e-02 -8.452940698382618856e-02 -4.815876105586602146e-02 5.881267720824616407e-02 -2.285188409024771494e-02 4.091010704138910159e-02 -2.668062975018609811e-02 4.600291456695941583e-02 1.562444379627737738e-02 2.366814893985066254e-02 4.291265099163958652e-02 -3.498317831127572414e-02 -6.383089427812278782e-02 -7.607380742733273193e-02 -4.353772578752340694e-02 8.568713225124949262e-02 5.840576713506139689e-02 1.728897838030168943e-02 -3.853376851686268756e-02 3.118728590429497433e-02 -5.379098546468989023e-02 -1.000959713230658715e-01 2.798082329949505911e-02 5.055056130462474984e-02 -7.428328148853813317e-02 -2.561800505396855804e-03 -2.964535670835474757e-03 1.176053553572614652e-03 1.675934313570424244e-02 -2.587519422291517657e-03 3.563873805519340854e-03 -7.699094939524753212e-03 -4.246441795225763816e-02 -2.850224219182502516e-02 3.923969364326002074e-02 1.156329300858521814e-02 3.334564699715264480e-02 2.999747159847954148e-02 3.649988293781880611e-03 -8.895802537524095943e-02 5.468075644872622681e-02 -4.414787287718997810e-03 4.245028992354343833e-02 -6.798770855175301220e-03 1.004484344053499512e-02 -3.416737805764191033e-03 6.130232945690379520e-03 -3.943796853098487099e-02 -1.702425671317918388e-02 4.927305318628291686e-02 5.665332631688696496e-03 2.675656622099859688e-03 -3.929144247167122572e-02 -4.817147339549507357e-02 -5.411893952972492844e-02 3.307348595698379745e-02 -6.086149701228824038e-03 6.895440626638801862e-02 -2.855458990235157368e-02 7.026159408599866318e-02 4.474978274845144155e-02 -3.751001865992559248e-03 -3.113366178562138042e-02
6.819872822383636901e-01 -4.870340931231872950e-02 -8.909292809319670214e-02 7.963991042800870612e-02 2.455363109286318873e-02 -1.046025969913891018e-01 -4.126915882823967846e-02 -1.034476054473406903e-01 3.657645488291456221e-02 8.751182513825485343e-02 -1.001025172761281778e-01 -6.300456300062817760e-03 5.371274757447274534e-02 4.951853503376754673e-01 4.397822512390180821e-02 6.967267718878814020e-02 4.870818313204385019e-02 -7.630032840580053266e-02 3.174641263987075523e-02 -4.392092406483100869e-02 1.273533809770447389e-01 6.593687385507306098e-02 -4.386077037216878360e-01 -9.301536532723578277e-02 -1.075637586438042692e-01 -1.629249558254656227e-01 5.517445478089465505e-01 -1.432765736806459189e-01 3.911094819889680829e-02 1.558977442060646978e-01 1.045283929002606416e-01 4.182497414628942589e-02 -1.172901881892454007e-01 -2.766619512139076309e-02 -2.878232382980762116e-01 -6.408378454313451433e-02 1.619459218165508751e-01 9.763908104465029991e-02 -6.720203311371214516e-02 6.105019795544360806e-01 -1.362711807741524561e-01 -8.488644607502510153e-02 1.478540385605895888e-02 -4.395853080979651717e-02 -6.106780320612610613e-02 5.799569736473951520e-02 -1.013557177784145391e-01 -1.142244967853910387e-01 1.437764934095225045e-01 2.454830907691605765e-02 1.478318860058804030e-02 -1.272022118523173650e-01 4.236132338793484053e-01 -4.422599174866885530e-02 -1.230837983258207396e-02 -3.179183381734521086e-02 -8.271647069779845818e-02 6.804599963277654928e-02 -6.799952944021948886e-02 -1.546440609667252275e-01 -2.480305339397658251e-02 -1.442144965966814588e-02 7.689275352553329168e-02 -9.484490239813803125e-02 -1.009691070732486318e-01 5.717652187409110187e-01 -3.705133637398538848e-02 -2.563486448144235846e-02 -3.883440545585634118e-02 -2.780353057111403792e-02 -1.598822936780158743e-01 4.587533660723930318e-02 1.035000555817332801e-01 1.334011432094087402e-01 -5.555422968125449390e-02 5.887459336822652156e-02 -6.804421056527121259e-02 -2.094428539988746896e-01 3.237705158231866109e-01 -8.503903147366516369e-02 3.801070702006540403e-01 1.369138444029685542e-01 -2.305892443965870953e-01 -1.252129343061297584e-01 -1.288044723414275561e-01 2.159298140192847382e-02 -1.888696651187327102e-02 -1.655148450765089180e-02 -2.607765950189148141e-01 6.854399363624648356e-02 7.220992256904205930e-02 3.618955491943421365e-01 2.099606982176081826e-01 2.412683269655362950e-01 -1.836277482395538285e-01 -1.387004907658961061e-01 -3.802731936868716800e-02 9.832254626871338166e-02 -3.949176795428051973e-03 -1.937256636907647989e-01 -1.676707130216207320e-01 -5.555660873256135224e-02 1.387680806902843733e-01 1.384789898105118905e-02 5.738761732541575178e-01 -9.915931676757133717e-02 -3.329784058641838129e-02 -1.336459397921871406e-02 5.017025669136061794e-02 -1.165056591388513862e-01 4.160898698317812283e-02 -5.648547631706322958e-02 4.378659925493291749e-02 4.357012151908440378e-02 8.133562232201992093e-02 4.874851140727804594e-02 -1.856947427619294599e-01 5.603698096377720539e-01 -3.081709614465111269e-01 -2.757752824713055606e-02 9.117468693413902092e-02 -1.795558316819768907e-01 -6.330800631764250952e-02 -3.088162565708513219e-02 2.710431285712470301e-02 1.908543791181782634e-02 -6.607147749429718997e-02 -3.209093412358478281e-02 6.256857664790109463e-02 -5.264146506425274041e-03 4.163362054117157318e-01 -1.170799529131092420e-01 1.013843211814914325e-01 -1.210494330122089957e-01 1.075075903550542361e-02 -7.913998712429341775e-02 -1.723415416854251203e-01 9.780053760199827750e-02 2.133613246146812137e-02 -1.402024770213198823e-01 3.004296815775478469e-02 2.929957818627515476e-02 -3.259548586568091766e-01 6.367595527223586238e-01
1.676394113064896829e-01 -3.158853093023391428e-02 -3.288673452140974257e-02 -6.631860070946155039e-02 2.769983695927302064e-02 1.011610986364981507e-01 -1.431042125014859723e-01 2.563311953105253949e-01 -7.555509085794846758e-02 -2.175624001133089763e-02 -4.386095301124805224e-02 -1.023632285141597709e-01 7.779856196500628540e-02 -2.742895039014595082e-02 -4.221039736330757866e-03 -3.178460060644077573e-02 3.921603607583001166e-02 -1.228981782828642011e-02 1.363058233866324374e-02 9.802835701976431171e-02 -3.764387643842675990e-02 -5.196264863378740467e-02 -9.201901594128890360e-02 2.152776181824389914e-02 1.594662694426122462e-01 -4.789446300164681980e-02 -6.896326916652290029e-02 -9.981669053906942757e-02 1.085182040646580776e-01 -2.203334476453839858e-03 -1.025885405380912441e-01 2.857540633164603050e-01 -1.393967679588019315e-01 3.956991004120268690e-02 -1.430640282600190716e-01 -2.222196002043825419e-02 1.063406722725264847e-01 -8.915033023642407461e-02 -7.255957653533258445e-02 -8.215618792758594413e-02 1.895095088179048481e-01 -4.165785687288880990e-02 -1.438642289233689753e-01 2.971066541942203876e-01 -5.272459136914389721e-02 1.830718914334173927e-02 -1.977242522540363645e-02 -9.738800790067608792e-02 1.855971781179588109e-01 -6.189161130876347922e-02 -3.213153053922683522e-02 -1.063338280229049471e-01 -4.078510329075828861e-02 4.504211885393163972e-02 -4.659201212944815568e-02 1.699054168888501082e-01 -1.961004530052187084e-02 -4.395361576086908445e-02 -1.585613512361755927e-03 -1.818578456666804580e-02 1.164995224294903819e-01 -5.776041199728524506e-02 -8.176285016402308481e-02 -6.404390432765995345e-02 5.648038822116781960e-02 5.213927359172321890e-02 -1.021390611579235247e-01 3.059210432170190175e-01 -9.642110860589871157e-02 -3.306235771267759804e-02 -5.895807779486154226e-02 -5.803057219249091458e-02 1.521888587698255746e-01 -3.817379100570755107e-02 -8.487967042505839554e-02 -1.861391481584873664e-01 8.157318703451733877e-02 -4.014200688417769031e-02 -5.626309673955082191e-02 2.746504364412826193e-01 -1.140687111574290175e-01 2.910975544469183995e-02 -1.211662562978578356e-01 4.218117346684825686e-02 1.411715540000195168e-01 -2.093511750203103441e-02 -6.276891447543724023e-02 -1.156501877167056963e-01 3.806664909303612149e-02 5.516726873010020403e-04 -5.316461562199335106e-02 2.680639159871328614e-01 -1.205610628095417081e-01 1.300414085120511071e-02 -5.578219547554769120e-02 -5.836214721803166527e-02 1.174417950529943466e-01 -8.099418677384161158e-02 -3.171291665016828798e-02 -1.159161784902616038e-02 2.692090943569652728e-02 2.954000969506498375e-02 -5.561678794098796896e-02 1.193676336310431213e-01 -1.353499047641065767e-02 -6.114510860840901424e-02 -3.340638099518253301e-02 2.580593064433233524e-02 1.090492360186830767e-01 -5.761267096176424241e-02 4.642136835267254152e-02 4.247216193694003383e-02 1.014057512415917628e-01 1.001693906973260273e-01 -1.290474509576624573e-01 1.558055348776060389e-01 -5.606194986978570161e-02 -9.027971198710088574e-02 -7.634525189453011951e-02 -1.036157818441917899e-01 8.073681514469080445e-02 -4.112891597909545255e-02 2.706294761230458937e-02 2.330507511686473465e-02 5.665223870986499377e-02 3.343165641480608935e-02 -6.338147432551732852e-02 7.429051053299512430e-02 -3.072130405670972508e-02 -1.131781807082438140e-02 -9.886538177394893490e-02 -1.581900132565082495e-02 8.945502288492593324e-02 -1.709695243533062084e-02 -2.440952380312404191e-02 -2.822584068147473979e-02 3.274073862817414304e-02 5.577070904718640920e-02 -1.002541493585054067e-01 1.616244158921654739e-01 -7.280131498976669113e-02 2.191415477016805946e-02 -2.017115872421595957e-02 -7.244054641618036250e-02
7.716936267709319230e-02 5.960305470803884537e-02 1.353757886035266422e-01 -3.700564891958919855e-02 6.361088863895936196e-02 -7.564932055308934422e-02 -1.054611503249727050e-01 3.741405867251505757e-02 3.108733951604244691e-02 1.916760530967864719e-03 -6.112967409685718390e-02 -3.621819528618148987e-02 2.783727253179998570e-02 1.018488666858449465e-01 -5.039680869917032707e-02 1.441212042680109495e-01 -2.253208490766475322e-02 -8.461155036201785384e-02 3.472467619891428381e-02 -8.389508150289939903e-02 1.589876990597182543e-02 -1.578429517546286465e-01 9.982149292973419019e-02 -3.012131449283214982e-02 1.013910454721018636e-02 -1.391727317817407494e-01 1.064396075081398274e-01 1.765935073074366077e-02 1.520427797540778170e-01 -7.286115083521642333e-02 1.272592468156841759e-02 -1.165262028190129501e-01 2.716544356082035983e-02 1.306671549377588226e-01 -6.942574922154183537e-02 -6.713013541869585973e-03 2.078549691083874176e-02 3.897021292227063199e-02 1.454766730749310066e-02 3.083326735994880441e-02 -1.490973455423536681e-02 -9.913301097775154003e-02 4.127052986466477752e-02 -9.994994306749171997e-02 4.939469113239546710e-02 4.425749503422136966e-02 5.653630592719441003e-03 -3.798363658589280073e-02 -2.973711351333239647e-02 -9.107270735105024717e-02 -1.204286871006674496e-02 3.062560951063509479e-02 8.295087682953450336e-02 1.257145325705172692e-02 -4.331521874197044597e-02 -2.149563896661228421e-02 -1.401938799438133022e-02 1.101349878335537366e-02 3.270071284182091836e-02 5.248482192586713391e-02 -4.779987625561408354e-02 1.153704471360014333e-01 4.994901258411946904e-02 -7.517341848824204975e-02 -5.621588798152627603e-02 1.878749330161655004e-02 3.939468262118656777e-02 2.095469486356371994e-02 -1.322311847470918587e-02 -5.323697710777457182e-02 -2.083105409153832369e-02 6.319696255551811304e-02 -5.286534677919294684e-02 -5.906684405923819103e-02 -3.739393438705730655e-02 -6.676970574979740336e-02 -8.698200189874080723e-02 1.463813567038223518e-01 8.384067903224995399e-02 4.610438822122513158e-02 1.408876003585612414e-02 5.102772057318533117e-02 -4.669916951744939454e-02 8.931491254348802172e-03 -5.124996170834030668e-02 -6.396765386931518860e-02 -1.617208595715914909e-01 8.920427609516680401e-02 -4.940891514096815151e-02 -6.157282764943811104e-02 9.506246509823162993e-02 -4.578216295977734912e-02 4.364005344362409042e-03 1.272970006264911025e-01 -2.314749050955735785e-02 4.553883412508787781e-02 4.888478599408449532e-02 -4.938266422874154626e-02 -6.465439207561675394e-02 -6.039710416948704946e-03 9.380705866780829350e-02 9.377971388077398218e-02 -1.872748705402912939e-02 2.907604488912710755e-02 -6.543008278542489231e-02 -9.591010241274311454e-02 1.539066001612854340e-01 -6.065392918610259393e-02 -2.786909735638856689e-02 1.561970870649938836e-01 1.712711904198949836e-02 -1.012610537988398174e-02 -2.039265710289557831e-01 8.524784590361472736e-02 8.913785208167276930e-02 6.717022838214346814e-02 5.065771145172688616e-02 -1.211169347338337671e-01 -6.366839071655415461e-02 -1.134724699802262815e-02 3.576046690408044015e-02 -6.856712148038339449e-02 5.658171373742831162e-02 -2.602684427827532676e-02 8.340025449610143082e-02 6.157382677121082948e-02 -1.146507342749408798e-01 8.767210304668274223e-02 6.324956521044443336e-03 -1.177698835582186021e-02 -3.382200717177819005e-02 -9.234437765377828677e-03 3.848168730970979307e-02 6.240901063059291209e-02 -3.499321848494598916e-03 1.412091725299711130e-02 -4.733898313850911505e-02 -4.421721683276835096e-02 -1.864334736516391755e-02 4.872364131048168012e-02 3.452712224954206446e-03 7.215088288357751449e-03 -4.255307537997608802e-02 -4.453967945012668461e-03
7.258281961203660870e-01 2.804894634103386603e-02 6.488205802618959850e-02 1.677332406675360876e-02 1.434943612223525400e-01 -1.047592911870828675e-01 -1.084244473436906525e-01 -1.683384858880175028e-01 -2.727075320086529420e-01 -2.320020282894606767e-01 1.166310394653143068e-01 5.729189475495079925e-02 -1.597294499963160808e-01 3.136820650722762505e-01 -4.680219586010699040e-02 -6.276077174630191602e-02 3.687760673239135478e-01 2.183384844715536566e-01 -1.207338498544128641e-01 -3.618422671169234384e-02 -1.811002845258415928e-01 -4.656222246897662176e-02 1.112005604320093488e-01 -5.181425946340527389e-02 -4.612730498009251501e-02 -6.103283289704670989e-03 3.743646150116953231e-01 -2.514457436829839465e-02 5.062131805826285136e-02 -3.486489369418727113e-03 1.465573886028149475e-01 -7.935171569092133725e-02 -1.074116032890496258e-01 -1.501639489149677320e-01 1.882014068266129603e-01 -8.084286451416484998e-02 -8.974897307151280534e-02 -2.902830788461467984e-02 -1.601798698997351778e-02 5.309798964326900572e-01 3.377339365201276755e-01 1.491596892836283272e-01 -7.071936414140862770e-02 -6.327324126349898048e-02 -1.656404585396010765e-01 -3.941996332918158430e-01 1.200042716700401579e-01 -1.609760413735344953e-02 -1.209315577006314368e-01 3.031903295819381172e-02 -5.465735990168967690e-02 2.949296894740240788e-02 5.149559220929201819e-01 1.022571694012766458e-01 -1.223587028312910288e-02 1.111755698608569154e-01 -1.552681828956874732e-01 -2.268879052877665337e-01 1.990199868640632752e-01 -7.230546420628328197e-02 4.408279913391981164e-03 4.075468489121392146e-02 6.043813774171663544e-02 -1.766527225744434285e-02 3.577661744688054313e-01 5.687482629788659372e-01 -2.610031914781980600e-01 -1.128267533330233746e-01 -1.844676546222804858e-01 -1.370993116520932420e-01 6.537691041727404506e-02 6.842862128198703292e-03 2.462573669126305598e-02 6.812683982030075247e-02 1.514919152739236941e-01 -2.942389858927221824e-02 5.590478793152969805e-02 -5.555398567031136214e-02 4.665545455829371302e-01 1.939484897928632767e-01 -2.814443813979597420e-01 -3.048104122413433648e-01 1.901237341558199290e-01 -1.110002327027658636e-01 -1.929722766405521650e-01 -2.293658125399975281e-02 -4.058853556040970673e-02 -2.105745960562585561e-02 1.245664674535839761e-01 7.173901043540875655e-03 2.295291757474527128e-01 3.522537262477674624e-01 -2.684650235255703343e-02 -2.261373983104167373e-01 1.630962824231834141e-01 -1.165101803363176453e-01 -2.333977820091628075e-01 -1.755820047795322303e-01 -5.672636530212996075e-02 -6.985420302571353213e-02 3.071293274341860280e-01 3.000615630533774031e-02 -1.166020402794014504e-01 -1.215974472116954919e-01 4.712992485097222128e-01 -2.344732261434947229e-01 3.373172077567032634e-01 -2.851725261136082989e-02 -4.274235203676135519e-02 1.361270398798213321e-01 1.683983146614043136e-02 -2.532253978474149902e-01 3.050394894664759660e-01 9.775028755586512297e-02 -7.948279141587027974e-02 -5.929528655743866034e-02 -1.212390313796501973e-01 2.019066554044762207e-01 1.737150445865506265e-01 -9.974521866668431547e-02 -6.792893670755800750e-02 -5.837486737195626829e-03 1.194918416292141128e-01 -1.038941869149533070e-01 2.887001752902385032e-01 -5.579241047369025430e-02 -1.064201807474559336e-01 -1.940353284088946473e-01 -6.217972765929774548e-02 -2.623489374156059983e-01 7.817290231782051402e-01 -8.735444557713786806e-02 9.482657682138011246e-02 -5.294810692053308898e-02 8.702434140770186344e-02 -2.875923214106833325e-02 2.829416224543756520e-01 -4.923532085384275253e-02 -2.371898582378870746e-01 -1.464703958148365626e-01 -1.924654990486593942e-01 -2.218178137990349241e-01 9.303235620975425224e-02 5.995268043296018146e-01
4.881543088897812022e-02 7.589888075938787393e-02 -2.906321063325239748e-02 1.515507058364661333e-03 3.933349535680297909e-02 -4.419082537320166704e-02 -1.371098895512440699e-02 -3.986438459607593437e-02 5.552959690886627095e-03 -2.985250949968315873e-02 3.848009336499351278e-03 -2.290968912196304427e-02 2.628624379052443491e-02 8.134340970751044453e-02 -8.095730294523498238e-02 1.037300956572367525e-02 7.607498275293320122e-02 -3.640738275994517131e-02 -2.424558571236417465e-02 -2.750056122936711187e-02 -6.606204025542955494e-02 1.260386521871089544e-02 6.330324926886393699e-02 -4.199889815724229536e-02 1.274479202390674942e-02 -4.053463286917254743e-02 -1.347704035580640503e-01 1.435589263448769706e-02 9.113198629255107874e-02 2.303065478219515697e-02 -2.120929334673030478e-02 1.030434736572099635e-01 -5.663380724862656507e-02 -3.057400415716806166e-02 5.977100471225858108e-02 -2.200139234257186133e-02 -1.842356055238242307e-02 9.931223180723902644e-02 1.151200940407384882e-01 8.829854134095539708e-02 -2.741547095596355912e-02 -7.577785823133859067e-02 -6.130596249977728930e-03 -1.549632934087170066e-01 -4.308136351671581349e-02 -2.012856185500086492e-02 7.582368214588042221e-02 -3.074552651515560092e-02 8.307119077391240947e-03 -1.097119538186621876e-02 -3.906470492687873566e-03 1.678607690891959978e-02 -3.506701580798396445e-03 5.974520848979216620e-02 -3.001881575699414761e-04 1.080948134915086789e-01 -9.372733253274991017e-02 2.289894605161920879e-02 1.686898418518137377e-02 -6.028216419120932534e-02 1.820826144041366723e-02 1.063794316059662320e-02 -4.492372425032453709e-02 5.954190618845699168e-02 -2.524288802318379668e-02 2.844732098081488927e-02 -2.817276996530757027e-02 5.518045328295861918e-02 -1.440157977522708022e-01 7.692931791766897953e-02 1.074392424758381231e-01 -8.342994327031472146e-02 -5.491027506127996172e-03 5.410578653029163299e-02 1.916325951033126251e-01 3.397952542341409893e-02 -6.424861644252238824e-02 4.409335862044017236e-03 -5.066775995870422510e-03 -9.270350039384595009e-02 -2.815122278846209775e-02 2.239287047273658474e-02 -1.298961077331793959e-02 -3.962795660240973905e-02 -1.034658881934854419e-02 -7.888600601454076600e-02 2.464041484058267575e-02 3.773701161386542463e-02 -2.144310023354482897e-02 9.527218612084407956e-02 -3.430859300857955901e-02 -4.185333788053142989e-03 3.412658453862078833e-02 8.159412627734972945e-02 -7.915428988687830958e-02 -1.580549970129936643e-02 4.459159292089431847e-02 6.270345604424631958e-02 -4.332749388632656240e-02 -5.250946511691943763e-02 7.952745775877109735e-02 2.773083884706336461e-02 6.093038620599240673e-03 3.015926426504556002e-03 -5.752196024621053679e-03 3.547200999903789981e-02 -6.339391127743376764e-02 -6.330194435184277602e-02 3.394682731395014946e-02 1.543604622470766755e-02 4.608595470307159242e-02 7.001980128877215853e-03 -3.105947701341704725e-02 5.340783083339224746e-02 -4.005931968042435176e-02 -7.980803112199938432e-03 -1.347049568830215385e-02 5.210847558668474377e-02 -3.039709506554980067e-02 -4.114769040306261866e-02 -5.633493583473342392e-02 5.696592293182385636e-02 8.217232025472301360e-02 -1.901944696627259901e-02 5.070394056159915896e-02 3.998176948805051700e-02 -1.919516235067329768e-02 -6.516479899536556375e-02 6.127434079430336619e-03 -3.265281007379457201e-02 -6.309351363619232489e-02 5.309358499043894536e-02 -8.212683038191180562e-02 6.470698775262562208e-02 6.991214619564817268e-02 1.485551405223030363e-01 -1.561332174303774536e-02 -6.698492303470228448e-02 4.172026237492824224e-02 -1.155375504511334389e-01 -1.169633944139901738e-01 -6.060097182899369661e-03 1.040357120836661736e-01 -2.878467544198373002e-02
-6.220286951031093331e-02 5.576302810236306168e-02 1.365304943787584713e-01 -1.764135502559756666e-02 6.215933650835032964e-02 -4.384963955252313417e-02 -1.198165550135563973e-01 1.807635089349209773e-02 6.419004813596321246e-02 -2.330846443056504985e-02 -1.530469340109884974e-02 -1.078563769277037995e-02 5.434903715977210115e-02 2.307214582713038725e-02 7.458883170677618225e-03 -2.319756146317340090e-02 -5.206576371717217683e-02 -4.008487739034605202e-02 -8.743840840868251016e-03 3.119471781289888390e-02 -7.123833698551218507e-02 -5.830423869069831233e-02 9.299330469767835838e-02 2.095413447699987983e-02 1.222241856328339649e-01 -7.166917444050967256e-02 -1.796575980428786745e-01 -3.919362584350977868e-02 -3.484254083579889534e-03 -1.465658598690734726e-01 1.464019739687650312e-01 -5.755886033459069878e-02 -1.392470683241729124e-01 6.296830442608759848e-02 1.713062628748107663e-01 1.085653359507433302e-01 -9.207247083834697865e-02 6.266391213949154548e-02 1.392177127092712186e-01 -6.433225098731240599e-02 -6.472594358199298958e-02 1.156286250723285586e-01 -3.218321885950743977e-01 1.283845704390044196e-01 1.458134571899724063e-01 -3.831005330726787450e-02 8.831463580792889290e-02 -7.340263591019859091e-02 -3.487432570854037683e-02 -2.998342903788503086e-02 7.094159056790864948e-02 1.101887378213057822e-01 -1.307424588002092936e-01 -9.529374856712231889e-02 8.701984166858736658e-02 -9.132156027644265650e-02 -1.577758573099479400e-03 5.947418815343740589e-02 2.392114799313577872e-02 3.533516946512015727e-02 1.837442902965478464e-01 -1.048787850057584792e-01 -8.678219086711068397e-02 6.133340243900946460e-04 -3.788823268440063424e-02 3.463707722757296964e-02 1.093666256936588754e-01 -9.909588943631059132e-02 -5.323353908361548592e-02 7.978039218007040856e-02 -5.919437060637029041e-02 5.448645875980340225e-02 -1.211128062910259984e-01 1.466484336679765577e-01 -4.762280592658622511e-03 -7.468903673638269125e-02 5.590639363585567234e-02 3.191884659316369943e-02 -8.143263209936790759e-02 1.028173556614757900e-01 4.044857214036337578e-02 -2.759767203782593353e-02 2.312408087569421677e-02 -7.952878284322965896e-02 3.527892937536113160e-02 -6.452397923638673871e-02 1.482859095446547801e-02 8.432469651950090517e-02 1.202383144674083401e-02 2.271491724123733402e-01 -2.471193011197751407e-02 3.106845052295959669e-02 -3.049357780044142062e-03 3.260027577471596300e-02 -1.897473312512649446e-01 -7.035513181174246622e-02 3.400360697817023103e-02 4.774736073645460821e-02 -1.348194238967791170e-01 -4.187389016481352089e-02 8.929040022473717919e-02 8.425247085952647375e-02 2.055127183723309131e-02 3.243263329720053045e-03 3.226616549169503134e-03 4.669279006361126694e-02 -1.012811800852335686e-01 -3.038559618451321109e-02 3.042152134653992868e-02 -7.249857373393225890e-02 8.619063027424714307e-02 8.019690670839819957e-02 -7.699123464660860561e-02 -1.169272539190237131e-01 8.549672271801525558e-02 -5.659300113676492272e-02 -7.436534385746801368e-02 -9.124636042554068460e-02 1.172615244974509752e-01 7.272075020435334047e-02 6.682038264974779485e-02 -1.650104418737578793e-03 -6.074866708967449624e-02 -3.405803285572784819e-03 4.323231781509932758e-02 -4.421793288058028376e-02 -7.511249634233181649e-02 -2.292127697850036491e-02 2.509937834012315044e-02 -2.919150465828360130e-02 -2.447730602134479128e-02 1.058664936087977126e-01 -7.512805168016613300e-02 9.437195370634143821e-03 2.085209146688901324e-02 -1.313362780849816613e-02 1.711675681060749465e-02 -6.075682546437241593e-02 1.902375282028449521e-01 -8.321025344672806912e-02 4.486119385100295620e-02 -1.642096913489476950e-02 2.452340219329685045e-02 -2.296849001967338211e-02
3.118133397842269283e-01 -1.021249233206544538e-01 -6.410389071806467387e-02 9.439223048834868846e-02 1.292380728269150458e-01 2.501072728077768370e-01 7.158250810971109046e-02 2.194202730695879178e-01 -8.588847097011480247e-02 8.365026375879097698e-02 -2.544102898894776144e-01 -4.209620990536435681e-01 -2.218240634135616035e-02 3.746544910782874105e-01 -1.002660004713046282e-02 3.252635638200853524e-02 1.449165124886498957e-01 1.419992358986219005e-01 -1.893713539725844219e-02 1.707838391709738946e-01 -1.704043100669992428e-01 3.442821910398778662e-02 -6.178264801942821849e-02 -3.822551727947558486e-01 -1.831439668540411070e-01 -5.549471896977983126e-02 4.168897930153222520e-01 3.252438084480177571e-02 1.219930431855896918e-01 2.665885926689801066e-01 1.678706295280031902e-01 1.752309441106028598e-01 -1.937716311692283533e-01 7.596722013638486370e-02 -3.513045198279551307e-01 -2.439924747061866794e-01 -6.868559208696284335e-02 -1.884883421082283461e-01 -6.588043807356293302e-02 6.546585665156779976e-01 1.971742355353666987e-01 3.976561626411934114e-02 -3.274526457660521805e-02 2.049275204878707457e-01 -1.119456459252783781e-01 9.289420763952740967e-02 5.591785017108114042e-02 -3.980977670152726078e-01 8.694097123390642778e-05 -3.832739092258938968e-02 -5.975617527107388027e-03 1.778131215670192000e-01 5.971080784203838254e-01 9.895705637806409549e-02 -6.832103964790314787e-02 1.203875390903168668e-01 -2.179521073674779985e-01 5.323809488047880067e-02 -1.629135774891165289e-01 -2.291519789725331990e-01 4.930883057540351444e-02 -2.536392831701787115e-02 1.966100173328155232e-01 6.849906089106948259e-02 1.706507288582965187e-01 5.647981448154985040e-01 1.797769684830344272e-02 -5.163793277230022127e-02 -2.477423212001005626e-01 -3.015198350977835867e-02 -2.094952224020715514e-01 -2.654603358749657582e-01 -6.746180129266240999e-02 -7.191615025869438349e-02 1.748983449429822035e-01 5.208241383745110253e-02 8.247755565226469465e-02 2.388490924645913227e-01 3.440025486814221045e-01 2.620689749617787223e-01 -8.729622695906938401e-02 -4.914078572151772684e-03 -3.610893333881532996e-01 -3.564840377590909326e-01 -8.390454202559342878e-02 2.693010640815448470e-03 7.314963619390139893e-02 1.241864206850775143e-01 2.003199844837945387e-01 1.154208997162209371e-02 1.449193453459192982e-01 6.281226469808632862e-01 -1.912020563185594102e-01 -2.830899521221437801e-02 -3.426364405060079443e-01 -2.753716612394424557e-01 1.258427541399027016e-01 -1.347569833494573488e-01 -7.076237114430047881e-02 1.751944944024688144e-01 -2.792612880470859982e-02 3.670900706938597102e-02 8.820436053758431982e-02 1.321697372768820128e-02 4.310224291149779008e-01 4.798843684885269190e-02 -2.247107429400711509e-01 -2.750766386695011056e-01 -7.513836215666921947e-02 -7.031324671243603663e-02 4.958049514204117270e-02 1.532648883287686670e-01 1.935756806026515120e-01 9.566064275022223562e-02 6.605017279112591899e-03 -1.343248529194479221e-02 -1.393874289390453214e-01 5.263527228350766141e-01 -1.460456805821816473e-01 -3.109348721692533069e-01 1.651593213209520683e-02 -2.255740984779437686e-02 3.515569110636160288e-02 2.055471707024842942e-01 1.543983139746495925e-01 1.317279027158632931e-01 -1.296771110727568677e-01 -4.555151577134479435e-02 -1.970172816497257340e-01 -4.652412165343405848e-02 2.354889661266674761e-01 -1.215206046154814756e-01 -5.399653982281144016e-02 -1.083840986790849947e-01 1.643803968092838463e-01 8.779690425369211793e-02 1.544756664274066216e-01 1.139108526168270685e-01 -9.630666857500488898e-02 6.327167515384304886e-02 -1.986148274120064228e-01 -1.219591635929160034e-01 -9.272641938254495841e-02 2.757053839720704502e-01
-8.962750808086963894e-02 -2.614810710677322944e-02 1.404236081950592796e-01 2.735317562438534245e-02 2.023187905804725920e-02 -2.461068217090306431e-02 -3.885157330151075422e-02 -6.929636622892154652e-02 1.087644932656839786e-01 -5.534240928567413448e-04 -1.009028890604251882e-01 7.808471171573151681e-02 3.264100801285499398e-02 -1.872630140627032716e-02 7.803100219916452550e-03 1.999999136005145214e-03 2.276549261772386860e-03 -3.615252287959869887e-02 -2.066547080568186326e-02 -1.552930338890773886e-02 5.744575419951659934e-02 -6.932554210121011362e-03 -5.820313457868742102e-02 5.786823574929367275e-02 -1.237660307668907306e-01 7.486866463800524729e-02 2.183088495041439134e-02 2.615789770091756644e-02 5.238240307393609175e-04 -8.481889756394427049e-02 3.183323903906636748e-02 1.023217523656321792e-01 -1.003129669172670574e-03 4.993921383305043732e-02 -2.519027378715439983e-02 -2.961747493451951166e-02 1.549385924856799823e-02 -5.000875804191003832e-02 5.966933612242449059e-02 -1.288396206659207788e-02 3.584553926721409378e-02 1.537807981502970801e-02 -7.527580806769039456e-02 -3.682532597432104648e-02 3.359256428405491685e-02 -1.764562561624083079e-02 -3.103179240250368218e-02 6.795843040617741138e-02 -7.109357857383033497e-02 9.774061363451595763e-02 1.091623719110914187e-01 -4.113023426091338801e-03 2.658970010867108685e-02 -6.444997245093400662e-02 -1.193397338994480264e-02 -6.502581400930441090e-03 -6.931399865649975726e-03 1.220744770948030827e-01 -1.064224433358676586e-01 -5.477636470399242091e-02 -1.163562547953751886e-01 -1.541993963625696781e-02 1.694662683045727314e-01 6.052075469681715558e-02 7.450829416254273196e-02 -1.793567320817959776e-02 -7.374157804688052931e-02 -1.279996039614231598e-02 -6.104919069272594923e-03 -8.704987257628264696e-02 7.111087144470019591e-03 2.324384128546181164e-02 -3.841356078254620776e-02 5.853377158634943955e-02 1.371362402277651049e-01 -3.059954035743724099e-02 5.455752128071301305e-02 2.779649125014564681e-02 -8.868497436036375248e-02 -4.247548687046252824e-02 8.220716860976008677e-02 -1.374463476024735155e-02 -1.185746650875455221e-01 -1.753162137645883009e-02 -9.165103504648611232e-02 7.388555972020210971e-02 9.992577798393648125e-02 3.852828778711663710e-02 2.290900956912936617e-02 -8.753061385353672064e-02 1.849263402706478052e-03 -1.469208411457012878e-02 -2.620076442884290008e-02 3.570359681118314560e-02 -1.793571752967098795e-02 -2.328595486964970228e-03 6.074390251437183919e-02 -9.369099151356262423e-02 -2.597572027008880624e-02 1.642179552541997087e-02 -4.273961096153870015e-02 8.347493307048615974e-02 -1.183685168813995714e-02 -2.408223196166611041e-02 8.439476990718491889e-02 -1.232729550530096974e-01 3.273289181204502157e-02 1.025777422725652338e-02 -3.282686942660763968e-02 2.802614496680421591e-02 -1.504631467023235386e-02 -3.946595908790519885e-02 6.437556196047011792e-02 -3.243054579868900889e-02 3.226727754641215556e-02 -4.970054960963581070e-03 -1.844118168394989765e-02 1.276931777656031830e-01 -8.567806329234683993e-02 1.060261079855125826e-02 -1.000647700057324396e-01 3.337219228000620763e-02 5.725479833907179406e-02 4.688781555133772483e-02 1.076998375275641379e-01 -1.045322181734506667e-01 -1.870011520232977426e-02 3.378357767337601680e-02 -9.450345005912462459e-02 3.187900876078628154e-02 -2.246581729908617500e-02 7.078463207809956859e-02 -1.549430386112916891e-03 -9.755377477549029286e-02 5.744740399582379253e-03 1.541090745131171690e-02 2.048847985408579209e-02 5.589360417563277172e-03 1.055169682742614252e-02 -4.441263019381108679e-02 3.375562306905613430e-02 2.219773790673193470e-02 -3.691511097262357988e-02 6.835753229732992320e-02
1.672882431104945888e-01 1.637098659460267669e-02 2.367741633019413566e-02 2.074415779304098970e-02 -1.075865192803825317e-02 1.621505769641045855e-02 2.854616531335453858e-02 4.612472185249610196e-02 -4.735067077260149415e-02 6.222183264447637280e-02 -1.503419360386476777e-01 -1.816063427755335580e-01 -4.569887356480605706e-02 5.109756828500060938e-02 -1.501409430949909862e-01 4.861657673829734849e-02 -6.833249419329162633e-02 2.927271649869092260e-02 -1.828130790607577702e-02 -6.934483442842918899e-02 1.119937407587441175e-01 1.149332941631010449e-03 1.014808551849070289e-01 1.261098753994822907e-01 -4.543691432475408659e-02 -4.171305642397891283e-02 5.073226498868333052e-03 2.508845205596832093e-03 2.982805183830492674e-02 -2.335470340505601400e-02 1.082206586448863084e-01 -7.698933038270704132e-03 -1.565511346269178941e-02 -1.964334953697227312e-02 -1.170649234089373401e-02 2.494334340226926280e-02 -1.708089876673177937e-02 -5.525935084214220888e-02 -6.569990544421522131e-03 7.713813128883337256e-02 -5.805907304629556731e-02 1.045542172762138275e-02 -3.330113483798594065e-02 3.261849837292261217e-02 -3.540443992869200113e-02 -5.227242684378756790e-04 1.551901193470291498e-02 1.462255699157274935e-01 -9.448029612137811076e-03 4.332240537428848348e-02 4.021112633371109329e-02 -3.728996294931529593e-02 2.393580492214451502e-02 -1.353630807874981433e-02 -3.457821445294546880e-02 -6.075453733773426152e-02 7.640387815572212415e-02 -2.681636522904919800e-02 2.001276458162074001e-02 3.198831907657160439e-02 -1.145570015122043261e-01 -2.400072147267879805e-02 -3.052990927494017917e-02 1.122874604641032302e-02 -5.602633773722502653e-02 7.241141857255484204e-02 -4.171822809632126650e-02 7.938064695599995890e-02 1.653451835052678967e-02 9.152693887625364122e-02 9.946619093059495820e-02 -4.290239159164648854e-03 4.213230344030957641e-02 3.707430547150367822e-03 3.374025969563087396e-02 -6.905886347119703783e-02 6.718709394726901651e-02 -2.330382013816226922e-02 2.474833962451722727e-02 -8.484811698366703792e-02 3.674465075036574546e-02 -5.101450269015213312e-02 -5.240407607725820066e-02 5.070105282097878835e-02 -2.642557688151828468e-02 -1.367161394974592166e-02 6.853335228467272167e-02 -5.984405465246450673e-02 1.148081215629495194e-01 -1.486684333735590821e-02 1.051764144571527490e-02 -2.460263395396329253e-02 2.331484569604269554e-03 -2.099723588379297928e-02 -2.712430632634425451e-02 -2.040610379983015879e-02 3.431491915287444155e-02 -1.653687491893308936e-02 3.125276800028922719e-02 1.823032025910491932e-02 -1.789729314417632527e-02 -6.183886835669083482e-02 -3.918086672825918382e-02 1.013994150807926986e-01 -3.411821049748613166e-02 4.965991445439394900e-03 -1.526547540415763848e-03 -4.674404930117949386e-02 -4.734548984702896535e-02 4.761549335473125311e-02 -8.500590233672239426e-02 -1.605502377405093606e-02 -7.640570540562593993e-03 5.173913066620924872e-02 4.212417169226087554e-03 -3.244238910523056241e-04 1.005938631839186359e-01 1.947628272792907567e-02 7.271790866374139295e-03 -1.866893534877123173e-03 1.124877703308442556e-02 -4.276627548750064345e-03 6.075176117352347471e-02 9.121191174927595346e-02 3.919161993298010682e-03 4.817338767347627976e-02 8.520033366393904573e-04 -3.248401550607784433e-02 -6.593554474993114367e-02 -5.165299942093885821e-02 -5.891082939191034235e-02 2.727788733447422675e-03 8.375461499737182902e-02 1.196504251786907874e-03 -6.240157969930590354e-03 -3.199759801377427548e-02 -5.092038872403032573e-02 -4.663277894569731186e-02 -3.739732429068510361e-02 4.819737379280747414e-02 -9.947369820728996226e-02 2.545447344277772944e-02 8.351517297659842576e-02 -2.417924747515506206e-02
3.243224790779692945e-01 5.451601198798609882e-03 2.763684470001403701e-02 5.171244881767222967e-02 -8.201307914570635238e-02 -2.337674874224124066e-01 6.656497624051084527e-02 -1.080795937515633409e-01 4.149063737235493543e-02 6.409847390385520205e-02 -1.390574188985196913e-02 1.369294999143261943e-02 1.369471999340698687e-01 2.861238819728804117e-01 -6.981695321689283806e-02 -3.352050932759857022e-02 -1.077923918606203124e-01 1.296465271016822990e-02 -5.598759211557677307e-02 -9.934004809141919190e-02 -2.104274748527815847e-02 -7.230698552953750136e-02 -1.689214858432214542e-02 7.104172134152189622e-02 9.974573582537316074e-02 -6.693168087751685813e-02 3.918611517085514029e-01 -1.042259341818367879e-01 -1.014363757154658312e-02 -1.143043647681689645e-01 -1.665272870427728924e-01 -4.369288813816133571e-02 1.823615300213780877e-02 1.154125081332053881e-02 3.586982424680007497e-02 8.253161024083190481e-03 3.832698429693869036e-02 -7.838185270782838110e-02 -1.347024002630060335e-01 4.317728162929105884e-01 -7.480941076176647608e-02 -1.311854887755714849e-01 9.470524807086114216e-02 -1.223065172128381811e-01 3.612907999917810281e-02 1.296064266844430303e-02 2.632643934110861714e-02 5.434154131712150282e-02 -8.915623130468505741e-02 -8.691290928906190982e-02 6.071830145091022812e-03 7.125298813111891061e-02 3.848442699549375345e-01 -1.234961189436341034e-01 4.544145504185756468e-02 2.259186958258307260e-02 1.006512082642607719e-02 -1.851633455261635780e-02 -6.043458370382415179e-02 -1.308834630316761949e-01 -8.332813344994030591e-02 -1.808305292518212065e-02 -9.065236051874536738e-02 1.340139030273111709e-02 -8.935334282070206413e-02 5.149075659313832043e-01 -5.655770689456730838e-02 -3.995477038433845746e-02 -8.919099560991641806e-02 8.013929834829611187e-03 -6.820367934459649339e-02 -2.302621824470463263e-02 -5.708892705475472618e-02 -6.865274392845981122e-02 -1.237455453166510233e-01 1.459435939460720366e-01 -2.016089707533531838e-02 -1.387441877492969211e-01 5.533457583664351809e-01 -9.680480911629371632e-02 4.297483316305736323e-02 5.927181608255230327e-02 1.509822730428555387e-02 -1.116598028395648368e-01 -1.941195550799839145e-02 -1.589374702814666529e-01 -4.954342183377629522e-02 6.859937682587702486e-03 8.707953867590892405e-03 -1.256722993222925688e-01 -4.878215540777230269e-02 5.122934872037632204e-01 9.218465691902198722e-02 2.400979626035926184e-02 -1.428145514606504185e-01 -4.126328522959990530e-02 -1.195333501909801727e-02 -8.248920486366603799e-02 1.176100721248975536e-02 5.680553856354107062e-02 9.052925685529684963e-03 -1.342877271680722739e-01 -8.282188767314499489e-04 1.016457935181467875e-01 3.644880836642963584e-01 -6.224299877966853189e-02 5.296338006614761951e-03 -1.318534151032396129e-01 2.167277297827105778e-02 -9.172889216809104740e-02 -7.223702600283239683e-02 9.439314517832111950e-02 -6.248918692794886570e-02 -2.828860922060323635e-02 1.833025517784682146e-01 -7.379172355620640389e-03 1.208356709007228809e-02 2.308751007202651806e-01 -6.549299225991664364e-02 -8.395917984251992372e-02 -4.904138012816647296e-02 -9.008755168711468642e-02 6.053013933547491537e-02 1.422612839101859705e-01 -9.690608625488199290e-02 -1.253911712964707048e-01 1.310242390879045593e-01 -1.585729300103616013e-01 8.907900961091366754e-02 -8.387810240908931403e-02 4.929069107501380387e-01 -1.232353135196287003e-01 7.071551435453218848e-02 1.537008148800311433e-02 -8.529286930552551493e-02 8.435263244529248028e-02 -5.129520405822075857e-02 -2.465041584679400488e-02 -1.091833898509603357e-01 2.496732814545071788e-03 -5.550674972452715461e-02 -4.958113485835741185e-02 -1.114110165032737160e-01 3.061057432864040528e-01
-1.257005690509877815e-01 -4.452327578293883981e-02 -1.239218610410256806e-02 -3.495157628199292970e-03 -6.350215211744243693e-02 -2.892509861200351015e-02 8.355349378679001460e-02 6.579014164223873085e-02 3.843135083181335038e-02 1.697669496161491320e-02 -4.931030667695818909e-02 1.487871620015779051e-01 -1.376620407695740844e-01 1.280379371375998665e-01 -3.084690091228033462e-02 -1.135386357764844346e-02 1.268404348313802166e-01 -4.613561798717053658e-02 -3.507775198817125045e-02 1.101783058273830967e-01 -1.473681736245825713e-01 1.373272999025920704e-02 4.918487056465939422e-02 -3.737701870103952301e-02 -1.389534579989690766e-01 4.809291351666920844e-02 -8.994297426978364873e-02 6.217597006478631921e-02 1.355433500457603468e-01 -7.174369085047277439e-02 -6.761535704585755480e-02 1.249713510289796187e-01 -3.499656635443123415e-02 3.447967933664499579e-02 -7.927264882576219585e-02 5.554443351123984629e-02 -1.411969001156733461e-02 9.763022694253239986e-02 -8.421248910904018115e-02 -1.072333598268056520e-01 3.142694337490466866e-02 -2.028458440086805190e-02 6.456210176714383131e-02 8.234514346968735410e-02 -1.341916826277911035e-01 -4.421553970651966731e-02 4.808283687710748766e-02 8.451680282147736034e-02 -1.941911240256852245e-01 -1.613085336150786586e-01 7.986094611678838662e-02 1.861090420522213962e-01 8.306808759475828308e-02 3.652131187085370240e-02 -1.335707979390794164e-01 5.328006892517547083e-02 -3.236772190767454177e-02 1.001728541888722845e-01 1.263396884813672294e-02 -1.930165473275007038e-02 -1.061631267500348086e-01 -7.660511315567488863e-03 3.084396636094306754e-02 1.114586352233871459e-02 -9.291621364673884748e-03 2.075744901307833429e-02 -5.763373367256481757e-03 1.192190439228471739e-02 1.994845659528929685e-02 6.997576049339065962e-02 -1.047451154841984094e-03 -7.467647433570268230e-03 -1.039254108800639481e-01 -7.343293949493097383e-02 -9.693918957541241763e-03 3.602787354164523059e-02 6.374113708125153828e-03 2.254567130696890839e-02 3.040761950428824516e-03 4.564889665593217100e-02 2.802081182611928373e-02 -4.980297513266915277e-02 4.311467192583109259e-02 6.979347696920007449e-02 -1.175448959973127983e-01 6.297536594001568178e-02 7.615556521546951174e-02 -5.360089316959988637e-02 -8.894840075390431089e-03 -5.721572583104019699e-02 1.204160811727422176e-01 2.960397192244724335e-02 -1.244767516276001212e-01 9.257068918255147161e-02 -2.147129895536929040e-02 3.266388870669125616e-02 -1.137907988274750870e-01 -1.632681416224063264e-01 1.002826795306292762e-01 4.971432530599612098e-02 -4.567807872074631376e-02 3.960519693336525537e-02 -4.744638393795064246e-02 7.898882883059243909e-02 -3.835502967978818289e-02 4.904541684243192423e-02 2.205645845011497408e-02 1.004636152260610649e-01 -1.014386094981058750e-01 6.256239698536666949e-02 -5.715385369100633994e-02 9.327000633067000779e-02 5.339457383211219932e-02 -4.123967418550796016e-02 -4.631909725669297595e-02 4.768887256077888187e-02 2.259964123283511594e-02 2.127750882848668951e-02 -7.695060726619676328e-02 2.485108505570857856e-02 -1.453159359331544498e-01 -1.051002657629995229e-01 -4.082098998145849977e-03 9.440377744606495702e-02 3.173741780719243483e-02 5.656033972431541434e-02 -1.059634151398758661e-01 6.923628773108048140e-02 -1.107763925491495050e-02 4.321114887533260285e-02 4.990329959664990822e-02 2.936539812054281273e-02 -2.529939836017681132e-01 9.725466776986436968e-02 -1.891706446917251760e-02 1.034908642091286191e-01 2.636204875882069976e-02 -2.398896533677147280e-02 5.868855748163981367e-04 1.316247978550186271e-01 -8.105829053928600980e-02 1.648676184670340439e-02 7.532359339236405216e-03 5.954407291146587844e-03
-5.398846503313093487e-02 8.665457677505779277e-02 -2.118054845123866839e-02 1.616655152248513624e-02 5.873157430061364676e-02 -7.235405185509721782e-02 3.919298714239726616e-02 -1.754071048274906744e-02 3.099912914031543662e-02 2.908721873723392210e-03 -5.014824011143977078e-02 2.317336468062511368e-02 -8.019619611224805544e-02 -5.692225875506989191e-02 1.199938774684719128e-01 -5.016899299769279202e-02 9.194316718979370084e-02 -1.237746589511711931e-01 1.263404421694927782e-01 6.892922098322862290e-02 -6.931145163140375876e-03 -2.488335242528933247e-02 5.291383593926242586e-03 -1.136011055572445361e-01 4.699283471679986668e-02 -6.183455542302557922e-02 -7.668784290831026640e-02 6.723519081532386421e-02 3.139728681416671663e-02 8.408546646675198188e-02 3.258409158614251205e-02 4.213290338435064439e-03 -6.268713058239573643e-02 -1.930382011671611525e-02 -4.631625684316205416e-02 -2.873021833378836681e-02 1.978140248702890680e-02 -2.850836116260773920e-02 1.058096825240477379e-01 -7.790519846818705352e-02 -2.635120605575040111e-03 -8.723414321582563177e-03 -1.383704634801288247e-01 1.722148610749671752e-02 7.061775837313871707e-02 -8.661140226696857625e-02 1.091106266298439015e-01 3.326274147690139182e-02 -4.013557361304370685e-02 4.157415059248252553e-02 -7.799586313439756113e-02 -3.584927993030939068e-03 -1.014557999125276500e-01 9.476488633648086357e-02 5.605856952983230557e-02 -4.538558501917234339e-02 8.104909939936972424e-03 1.106803610191666037e-01 6.607618360344565123e-02 2.523777987306860537e-02 6.933942230222312798e-03 -3.432460563140916909e-02 -1.024199801234453450e-01 6.534383698117868233e-02 -2.841596704144939978e-02 6.350750863617070363e-02 5.096104393072136557e-02 -3.422961293914696806e-02 6.428147806353246008e-02 1.632054822088680260e-02 -7.045761998185783026e-02 7.271598737241037960e-03 2.210153406363735140e-02 -2.125146352122059615e-02 1.339673214786448602e-02 -7.737392904560956575e-03 -1.598152913153750784e-02 1.964726954314029161e-02 -3.107236859943215360e-03 -1.759210114343717074e-02 6.424134762985948821e-02 3.709203760565708721e-04 -3.304700395644959154e-02 -6.959190040670047706e-03 -4.940743814083626423e-02 -1.545185217875262931e-02 1.368105067527003449e-01 -3.075311154825784501e-02 7.247236891249631170e-03 3.987228306242713259e-03 8.068287083720116284e-03 -5.248144219160522789e-02 1.549194619475546472e-02 -1.097274632792399071e-03 4.683797577430962727e-02 -3.916368608091089221e-02 8.965313573349545373e-02 1.500487963799047031e-01 -6.629369046458666315e-03 -3.114379044685512687e-03 -5.318332576323889921e-02 -9.114584684748266996e-02 4.990233461548460731e-02 1.852459158458089061e-02 7.201814650965764064e-02 -5.253698238693559064e-02 -7.549621749235531365e-02 -1.299116792326791142e-02 3.851132134633332427e-03 -5.905669885665263547e-02 -8.450950638652185432e-03 2.687543334359433073e-03 1.114441456134392938e-01 -5.569526038660586181e-02 -3.812238052475445255e-02 -5.495578304311653228e-03 -1.219663886342884085e-01 1.078686937578780952e-01 -1.836431394259152583e-02 7.092236862542102005e-02 1.488637592015291944e-02 -4.587706008466227448e-02 -5.289603519343571980e-03 3.413383512089653016e-02 -2.123871537556029643e-02 2.007982392274501246e-02 -4.914550424797398120e-02 4.550424276277433705e-02 6.513071632891442864e-03 -4.588982313098181887e-02 1.475343035438707665e-02 -5.246499944576366731e-03 7.166702856744586181e-02 9.661903354460349425e-03 -6.442535184085074196e-02 5.666602271273568636e-02 -7.065668927859532211e-02 5.456382938906065294e-02 -4.431486240952349498e-02 -1.032810283180756947e-02 -3.924072955587867839e-02 1.474429243617327023e-02 1.702864918415913920e-02 3.745106046867916622e-02
3.563947967429343944e-01 5.682574501187928617e-02 -7.648000874456453713e-02 -4.877374095235784829e-03 -1.049641572457458150e-01 -5.760004169674008689e-02 1.256307305829545695e-01 -4.520524036776171067e-02 -1.285065199317579065e-01 2.281212930362303687e-02 5.936057069074986842e-03 -5.292636463353987686e-02 2.275812648787310655e-03 4.460384918961035616e-01 -4.156209120879240937e-02 -1.025467769347605460e-02 -4.428577985334200898e-03 2.875161368504217108e-02 -7.186610799236228808e-02 -4.366012266344564824e-02 3.241003860968276473e-02 7.686098072459954245e-02 2.531506812818987151e-02 -1.313877601685776719e-01 -4.483528862409447320e-03 7.263614349446374796e-02 4.234574670061882484e-01 9.655952033265977064e-02 -4.823559749436091143e-02 3.098664851042856605e-02 -1.483454312564642386e-01 -8.205450426190398494e-02 -5.740410121329783677e-02 -3.143388435155580751e-02 -1.677121158153847269e-01 -6.254111749896365535e-02 5.843526184877426664e-03 1.050764650008304962e-01 6.006978211060656769e-02 4.570535929685564658e-01 3.446969153765017113e-02 7.411815473514493657e-04 -7.545899131315639274e-02 -1.807064755334051032e-01 -1.421939461132216143e-01 -9.054604157690247790e-02 -6.205190534671360669e-02 -9.353156739379141216e-02 -3.448850256101358702e-02 1.308381023740464721e-01 -1.403358935050887935e-01 1.140586133291381435e-02 4.017925497809808899e-01 3.350033738423290053e-03 -7.486990798145730375e-02 -2.450002487257879613e-03 9.867574512205656845e-04 -1.646992268722083375e-01 4.652976126858819617e-02 -1.156388523904498117e-01 -1.446703684476841750e-02 9.150725123433012254e-02 -5.206692750482738025e-02 -1.689264786229283111e-02 1.575298596738421153e-02 3.925222894034343657e-01 -9.937578521928326636e-02 1.592729426849851665e-02 5.096200143939045440e-02 -4.672452100901648697e-02 -9.783717391435292621e-02 -1.682595991091891952e-01 1.325771263650607490e-01 -1.414670319305264337e-02 -6.760350769041008345e-02 -1.529920074911771989e-02 -7.079182262207110721e-02 -5.996602638937416352e-02 3.551783463607131042e-01 -5.026601178904757661e-02 -9.462570498281613895e-05 -2.160789807818438990e-02 1.627278108981693172e-02 -1.093988904264571460e-01 -4.810283778583236691e-02 1.495874398951851647e-01 -1.100743959123536564e-01 -7.847556384062591428e-02 5.557880803727602986e-02 1.693764349919449352e-01 -1.512362503193014351e-01 3.224962503263675284e-01 -5.344424318946103258e-02 8.183794082669958170e-02 -1.156612512406841181e-01 -1.276857391677406472e-01 -1.429494745008990653e-01 1.268561924518899209e-01 9.655196351672175326e-03 -1.708117221677523667e-01 4.610365038731703557e-02 4.998563580118998984e-02 -2.600768555014173339e-02 -1.217491634758795793e-01 5.437264731024833431e-01 -9.075194295304539471e-03 5.904973380081807166e-03 3.410804198838171541e-03 2.467202179179729671e-02 1.480454504966495499e-01 -3.546703509875601124e-02 -5.315900234739345809e-02 -1.107326567549270918e-01 -5.876739148405393798e-02 4.646987474472091817e-03 3.045985353878107732e-02 -5.931243599183563114e-02 3.346666807452456927e-01 -1.679787878420216374e-02 3.747484692688664992e-02 1.303992421359381759e-02 1.857694452839243615e-01 -1.538882325984743393e-01 9.431148173131342904e-03 1.095298465649527375e-01 -6.144044698314464481e-02 -1.308992229484368108e-02 -7.816047191157991791e-02 -4.521001465194084135e-02 -6.251544583221554929e-02 3.760522121454010214e-01 -9.200176303176788029e-02 2.965839211717405388e-02 -3.976200439199836095e-02 2.679366492487519902e-02 -8.303723403575467843e-02 -3.080251078295405745e-02 -7.556910025881299897e-02 -6.734914651645926287e-02 -8.552055387122312058e-02 4.425089171684321032e-02 1.037405425614383314e-01 -4.154459911381339077e-02 3.572304621094463117e-01
1.134245000378383134e-01 9.357937951491147877e-02 -1.390050518903042029e-02 -1.822347003547842015e-01 -2.320501622287721444e-01 -6.103963227658398827e-02 1.450341627615896190e-01 1.525842892418606267e-01 -1.417424639594174612e-02 2.568872118369310842e-01 1.716145164298139153e-02 -5.260974550686232237e-02 2.145646027433032454e-01 1.678109386832597749e-01 5.978162164689595354e-02 -6.641883446283873560e-02 -2.521194572778303611e-01 3.463437595901592420e-02 1.432548918759144092e-02 3.224017305335358935e-02 -1.066572637622043712e-01 1.977049379955470310e-01 -1.943186348240391950e-02 -1.080620692197437893e-01 9.839127946373220704e-03 -7.343536804532595219e-02 1.975091258096915020e-02 5.667837609831762784e-04 -1.132404861032590068e-02 5.716023657420695597e-02 -7.273472949980365476e-02 5.001787760800981836e-02 -1.396311068564818347e-01 1.954051336678782336e-01 -1.147180515208186813e-01 9.353715412946393692e-02 -6.511627812956194417e-02 -4.018007286224414831e-02 7.098474018071486424e-02 5.454202961869346333e-02 -1.119681327787691756e-02 2.777016613334021625e-02 -3.467618039385549078e-02 -3.072248929411761607e-03 -6.821306236372128018e-02 4.607913986401866030e-02 -7.616818268932262770e-02 9.795791329963350613e-02 5.586293470549349993e-02 -4.585497480488485988e-02 -6.392296911642152135e-02 -9.632888012266625777e-02 7.630924089501306407e-02 4.391993406167835068e-02 -2.759467256794732436e-03 2.463654187550255725e-03 -1.996669274395019775e-02 8.777635519381980778e-02 -5.889086894020903289e-03 5.662963542597375909e-03 1.984103223061450261e-01 1.956237469322805525e-02 7.561783408499456183e-02 -6.326088368038005998e-03 -1.898722918576619123e-01 2.094456387865188673e-02 1.369693057512854327e-02 5.652877069375841085e-02 -1.508378532495847912e-01 9.159700086583993928e-02 -6.705066165606866913e-02 -3.316641148954484891e-02 1.973723232557661744e-01 6.111558561814525031e-02 7.732947783332373703e-02 -5.719260987165663418e-02 -2.064836041773772668e-01 -2.340957288668908502e-03 3.422792857861387678e-02 -6.729001699851352297e-03 -1.565768160492239103e-01 1.414231173046650580e-01 -1.206972831491099664e-02 1.848483444267906214e-02 7.699919398120408376e-02 -9.787415099256027706e-02 -4.543713284744699960e-02 -3.364675618758846548e-02 -5.399432042994853354e-02 -1.145803073549059026e-01 1.723511875336742882e-01 8.491108510955236444e-02 -3.758824161980488243e-02 5.658485845391068164e-02 7.058535786840859638e-02 -1.873160167520325145e-02 1.574685948271510871e-01 -6.770548706052149923e-02 -5.165587435470311850e-03 -4.278840742582101786e-02 2.440439619806767518e-04 4.147723819214049756e-03 -2.922727749211431747e-02 8.643737039833190861e-02 -6.874503055705769028e-02 4.915919588335138091e-02 -4.403819370590331128e-02 -6.437117031917352628e-02 2.249291505908745936e-02 -8.479965229004246541e-02 3.227089447496613028e-02 9.871364345383512595e-02 9.872243825647719628e-02 1.030543121360884135e-01 -1.288233402526515470e-01 -4.174468094280057301e-02 -1.201602922694476883e-01 3.926992320456675761e-03 -7.980389013517541485e-02 2.606956296513721072e-02 1.268782303392534394e-01 6.016087497453950772e-02 8.812763487542019103e-02 -4.829386055769296915e-03 -1.593022704629874498e-01 3.581581107120965224e-02 -1.377920968512891253e-02 5.954417640607712059e-02 -5.767575028833188400e-02 1.126554727380361387e-01 -1.233599038819505611e-01 -7.220396959378107271e-02 1.747309631106847561e-01 4.973205528975926937e-03 1.291947817000255738e-01 -9.144286245716948258e-04 -1.057739847032916208e-01 -1.549727105274470718e-01 7.172733774379497218e-02 -2.336196379261579192e-03 -2.874701945521229707e-02 -2.956641197790837311e-02 5.656419275936436231e-02 -6.378638647494086489e-02
-1.156535476568815515e-02 -2.208117849760402387e-02 -6.400479967149770577e-03 4.730955470153593717e-02 3.878144260330177156e-03 2.763899179376999235e-02 -4.780670724323188292e-02 5.286191532886458377e-02 4.706810055245298774e-02 3.758947159148225137e-02 -5.470562401736869113e-02 -9.425885692231061874e-02 -2.534232484153751616e-02 5.469309400344334049e-02 -2.034555322408082567e-02 6.197041154544395691e-02 -9.260817112572182486e-02 -1.865860724516694644e-02 -5.542145365035663906e-02 1.133975425723707936e-02 -2.055005226894638867e-02 1.050163890398590621e-01 -4.772592013365195562e-02 7.527476239537239655e-02 -2.772183453122046767e-02 3.737674669669902722e-02 -7.720746146227894235e-02 -7.237034828453751956e-02 4.475796147986891432e-02 1.269718717379926358e-02 7.612618556706664957e-03 4.283287516970694236e-02 1.368468221369069926e-01 -1.926583838431256829e-02 -4.587910898548783201e-02 -3.449049569295977585e-02 -1.256103753247465524e-02 -4.442080150934783062e-02 5.312782868422297015e-03 -1.343652182034071191e-02 7.012697449529922689e-02 -4.186920964550279456e-02 4.825403089374552708e-03 -5.546269289318013929e-04 4.972086315491786902e-04 1.235122174683390278e-02 -5.177216677970533643e-02 6.919309903406994922e-02 -5.509873740347458193e-02 3.453041817479071685e-02 9.814053853564050356e-02 7.685371049672298262e-03 6.706659671730041961e-02 -6.277111177082470017e-02 5.196826486292094316e-02 -2.323526880521748286e-02 -2.540439025071235604e-02 8.730590735510352154e-03 1.575478971835097067e-02 -6.571419431313173243e-02 -1.421570951845737944e-02 -2.313811111213891214e-02 -1.483986898318595191e-02 2.003498181486977961e-02 -2.282876229176581881e-03 3.866711221042432728e-02 -2.411598662144903704e-02 -5.823877063994561953e-02 1.644584979261488888e-02 -2.946508347690823815e-02 7.860195799220928703e-02 4.386172106176418339e-02 8.347712220760747370e-02 -4.183587029419862796e-02 -1.864319674332572466e-02 9.912310301930578327e-03 8.075737572960546562e-03 -1.351012230706326832e-03 4.353115391401713406e-03 1.171377135247824580e-01 -7.644354849250405148e-02 -3.100553387222275067e-02 -9.346489519866317541e-02 1.970125797711030913e-02 1.623743973955544748e-02 3.908404203411467576e-02 3.851073046653009230e-02 3.794684244134553276e-03 -1.894582723716689218e-02 -8.968559023762230631e-02 6.558501850576310341e-04 -5.411676639110742787e-02 2.972578083688656378e-02 8.368855666666574072e-03 2.812058132006909836e-02 4.928671490690606644e-02 5.396741768690557078e-02 -5.887478347891984126e-02 1.288355712024321850e-02 -2.647446239216250455e-02 -1.361381790171289560e-02 3.594916553073494725e-02 8.385765676425586956e-02 -8.172231225197978954e-02 -2.413294174915493057e-02 2.007935984208902847e-02 3.947916644876401510e-02 -2.434354280680477156e-02 -1.961806244587749326e-03 -3.206738201607969851e-02 1.410486106149987096e-02 9.224739867073977750e-03 2.590913945297908250e-02 3.280512578894108355e-02 -7.241277042154908861e-02 6.354755976548055740e-02 -1.553544810783922224e-02 -2.369998975670793706e-02 -1.360600277437350181e-02 7.375139028863900159e-03 -1.002668943022082260e-02 7.920843318895481877e-02 -9.451369902566680858e-02 4.178199449609940053e-03 -1.814435931176685331e-03 2.121252149656505798e-02 5.230330150192638583e-02 -1.991313547169070580e-02 1.248221875270147385e-02 -7.122398351098344071e-02 3.785226842539092529e-02 1.806781554633726805e-02 3.774767514249571798e-02 -9.315147178924600146e-03 2.977268295311956414e-02 2.916283997385069049e-02 -2.315255867288449829e-02 -7.728407062809546091e-02 2.403744361906179003e-02 -5.621591465643786811e-02 4.837457841982004125e-02 4.276650202448489813e-02 1.006990503364835199e-03 -5.959794358604900144e-04
5.477038311434164752e-01 -1.011155296652276603e-01 1.631831424358487492e-01 -2.375826046876420850e-01 -3.748724015008030874e-01 -2.038587237865069068e-01 6.718918415442763636e-02 1.259503804434417562e-01 6.598444509670586822e-02 -4.198406313855198441e-02 1.617529622816068768e-01 8.806787438963634140e-02 3.353192496745058260e-02 3.787634196273260700e-01 9.443003820312804997e-02 -1.982175532954085634e-02 -7.093667809378530198e-02 -1.072675730273882772e-01 -1.052945875841650308e-01 7.067141950179606225e-02 -1.707557643385640700e-01 -7.760507721214776611e-02 -5.705884150001981625e-02 2.270775273547718798e-01 3.064963353079094288e-01 2.712321978383559068e-02 3.896664599727940326e-01 -1.279309529053906935e-02 -2.249539156206637469e-01 -6.291497774269079468e-02 -1.127329445605249475e-01 -2.542737368540387566e-02 -1.172986038071569398e-01 -1.233637661851585687e-01 -1.311750188433126463e-01 2.863404830945526225e-01 9.290705736068373410e-02 -2.305167515977192549e-02 8.483521881268361875e-02 4.932109367155742552e-01 -1.847699822660238411e-01 -1.012136635840102244e-01 -8.757688980829836378e-02 -3.688630184878109730e-02 1.496454743449668334e-02 -1.735773201972780622e-01 9.165427501151968137e-02 2.289144308972380221e-02 -9.205970791373485618e-02 -6.250530855045709211e-02 5.449545989069326524e-02 -2.276282072510686372e-01 1.423166184292257719e-01 -1.028642375229636419e-01 -1.907149602303363778e-01 1.481283796712452028e-01 1.256591808691252254e-01 -2.634794092565516388e-02 2.483406938315046442e-01 1.317386873304467743e-01 8.450957511034590253e-02 -8.843205276553148253e-02 6.182028266352515566e-03 -9.183700197769012474e-02 -1.686978549304617159e-01 2.942015066880016572e-01 4.364647420299619385e-02 1.146334131389824262e-02 -7.219715975772243721e-02 -7.167015306782750783e-02 -1.358532427628423855e-01 3.399394860288179609e-01 1.829560347895846928e-01 -8.778895790765950391e-02 -6.326311493874424430e-02 -6.095213438691349239e-03 -2.532218469663325977e-01 2.648110612967877198e-02 3.193761669628618627e-01 -1.238340560084162656e-01 2.568843999892665014e-02 -2.134835769319280013e-03 5.151883258840438129e-02 1.522795702311011690e-01 6.011160203183005257e-02 -4.613079442866933888e-02 4.492358177844978789e-02 -2.010236656486358298e-01 -1.927332311870480208e-01 -1.198588872429380003e-01 -2.164410464100910703e-01 4.716158777123418133e-01 1.101962495859382246e-01 -8.210251412585412023e-02 2.214174105742495735e-01 1.330529375070308995e-01 1.581194507040928898e-01 -2.389801214420775866e-01 4.069980519666752117e-02 -3.387489199786136718e-02 -1.591521286707995309e-01 -4.151513689336128188e-02 -6.880680920789503108e-02 5.177870865815423912e-02 3.559961908396458430e-01 -1.133054455691537010e-01 1.870036237502671617e-02 1.840094953560839908e-01 -2.836888442717244718e-02 -6.625141356096893308e-02 3.081925419746678330e-02 -3.580332732604952217e-01 -2.756935287503934351e-01 -1.422401947926944799e-01 3.535664242403378787e-02 8.641027718331767415e-02 1.109472350378752636e-01 5.388977523793512248e-01 2.241437592966930015e-01 1.295921879303527369e-01 -3.063944618223390925e-02 -1.097685149207268951e-01 5.457933584498540769e-02 -2.560017120511371425e-01 -1.674377574801968194e-01 -2.184532120560494783e-01 -6.233144189139956659e-02 1.595284048122480036e-01 1.363523269472139976e-01 7.696124724425756902e-02 6.153417441890076667e-01 4.539420361748898458e-02 7.089426271666425527e-02 -6.434253225417269073e-03 5.851643645977598618e-02 -2.100759078962093906e-01 -2.538365563778370304e-01 -3.386566788541370276e-02 -5.550957757282090621e-02 7.886097732571401009e-02 -2.106467387112465756e-02 -5.732075653913083074e-02 4.147911424656386403e-02 6.251747179765485551e-01
-9.521222088041904341e-02 -7.108768981150441479e-02 6.863181472686630605e-03 7.228644407542386685e-02 -2.002324242602479543e-03 5.134514325748842575e-03 7.738715286599398557e-02 6.515386469044197326e-03 5.869674852433227376e-03 -4.390363679633729754e-02 1.319810005802018460e-01 -6.484305165577151919e-02 -5.759200545369830976e-02 -7.771449659647167163e-02 -1.011886620516481809e-02 6.166276149640111809e-02 9.824765490555496805e-02 -3.973502370010762764e-03 -1.227878260468250882e-01 -4.514778001938207774e-02 1.437798204804248414e-01 1.265062321305105986e-01 -1.492519550504036729e-01 1.208766441119491983e-02 -1.268910994595101038e-01 -1.194318538511164596e-01 1.276671637525036117e-02 -1.395606711187576815e-02 8.011469736197993075e-02 -2.379790853593937577e-02 -6.216495182522308038e-02 -4.158515108597641424e-02 1.773691188153952991e-01 2.528153449437935477e-02 -1.024660256901960276e-01 1.398529450819475661e-01 -9.453621154949963176e-03 -2.382070537252743356e-02 -1.214095936701530161e-02 3.279200822745024363e-02 -1.646822552826174638e-02 5.022109677628681240e-02 4.128134114977140973e-02 1.546850420379426022e-02 -4.986018011558866758e-02 -3.990976884969314048e-02 6.344915083866752015e-02 -2.667678808142278854e-02 -2.134513860146385889e-01 -1.926228120807587652e-01 1.465956273954359054e-02 1.557421612273839351e-01 -2.755000868089238497e-01 9.750207253911705174e-02 1.300435805747301721e-01 5.157162075542353480e-02 -1.139294955253442911e-02 1.414317553666743221e-01 1.608253652924240829e-01 -1.260351138082596925e-02 -1.829053141229166068e-01 -1.774026206109260984e-01 9.265552714046793037e-02 1.035514857165898417e-01 -1.560896198733981444e-01 2.926753827918588541e-02 -3.908818605427637205e-02 5.639701092606932975e-02 1.063616160752989814e-01 2.020739510221207513e-01 -1.200677396510329599e-02 -2.893147568000342673e-02 -6.131182786108668736e-02 4.003965896730391633e-02 -8.447083445684332517e-03 3.572008161101337259e-02 -2.443271223764600097e-01 -3.774799512371249804e-02 2.106019167041242035e-01 5.196081465582658848e-02 -3.964831284881667472e-02 1.093312518331370914e-01 8.594273898926582667e-02 -6.064453812360474927e-02 -1.177366916471634245e-01 7.326388568359255837e-02 -8.460785316040599253e-04 -8.274790500115095093e-02 -8.467163629402632563e-02 -1.010321412120511464e-01 1.609489297912820027e-01 2.579542804016406871e-02 6.409403574251902602e-02 2.113620781867409440e-02 4.066143744096523821e-02 4.741301119205033193e-02 4.412360974555386284e-02 2.520352426112519584e-02 -1.250795978913331052e-01 -1.041178481154844682e-01 -2.241976956003495849e-02 -7.178352876892904466e-02 1.864214933621902159e-01 -3.705196870520213043e-02 8.103079344430606790e-02 -2.375698848663643226e-02 -3.860970010897729621e-02 1.039531765508008854e-01 -2.119693999635897941e-02 9.749258638040080027e-02 -2.878240620141012118e-04 1.112968431753816601e-01 1.076228446341862544e-01 -1.157285266689698638e-01 -1.329550520245854073e-01 -1.074953904041349856e-01 9.663797388496020435e-02 1.573855014871038682e-01 -1.900642692714926141e-01 9.593374733106993513e-03 -8.984538904482014532e-02 -8.107321611159290509e-03 -8.846602929965494133e-02 1.276387153806496366e-02 -1.597430455959326923e-01 1.348419875847266247e-03 2.989421487118563148e-01 9.025859073163972068e-03 -4.767157429771941290e-03 -1.714429469597324174e-02 1.278735466775188789e-01 -1.664794667739381839e-03 -9.532476301643336147e-02 -5.560257107039928703e-02 -1.507705773276285521e-02 2.695996675087870831e-02 -1.861387570956683779e-01 8.588965858073852044e-02 1.191446550244164154e-01 5.408865813117356980e-02 -8.592733413619242644e-02 1.912716628284324982e-02 1.378706654177984103e-01 3.825270978625711082e-02
-4.529640368288422730e-02 2.308252109313475506e-02 -5.075966859503735010e-03 -8.591453952031626040e-02 -1.710022042914843485e-02 2.805719019253789109e-02 5.130468293456486722e-02 1.815781006464341901e-02 4.557059003664485491e-02 -5.648717264412248668e-02 1.985531511202200811e-02 4.422444031983735480e-02 8.677748423867374244e-03 5.993645774260373399e-02 1.752947041001899631e-02 -4.376218653834417632e-02 5.041663337805105116e-03 1.451006588901284332e-02 6.663230740716255714e-03 -6.139402890180133826e-02 -2.878329936372233874e-02 -3.880983432968627706e-03 -7.337391871643133938e-03 4.919462732133147607e-04 -3.395751453202991432e-02 9.885933597598931671e-03 1.658355907174400429e-02 1.158068020074379256e-02 -1.415029543166963603e-02 4.747922434185432305e-02 -1.903208625133256254e-02 -3.183644630422120120e-02 -3.972583737988881827e-03 -2.942105955671540582e-02 3.928284353273071156e-02 4.990043410957632763e-02 -5.111574990973486582e-02 -6.267389891854829517e-03 -3.941266288797076051e-02 4.464089562319958210e-02 -1.883413581698577949e-02 -3.541777457089102105e-04 -1.126490015976092281e-02 5.141939501638843196e-02 -8.022347302983236228e-02 6.290401385572373660e-02 -4.767153702112125052e-03 8.101560219168268961e-02 8.254246574245869411e-04 -2.080025214352590815e-02 -8.828652597326222540e-03 2.169887974163911895e-02 2.392716851561163885e-02 -3.663035931400140249e-02 -2.166257605554423524e-02 5.918906996279148930e-02 1.963502599813344435e-02 3.474700006064321972e-02 -2.383981024272144311e-02 -1.119585904482424486e-03 7.073038883848072229e-03 1.448470529967426333e-02 -2.314673691381850459e-02 -1.237891503994809246e-02 3.872462598852467741e-02 3.295418039515357611e-02 -1.521139238994544335e-03 -5.093239686052496856e-02 4.526023033881692269e-03 3.167669520692071444e-02 5.232827906003931911e-02 -7.557292565801894402e-02 -2.510880169760831490e-02 -3.047799371570993759e-02 -3.517183872464114264e-02 -2.229263960225639357e-02 -6.611182660544506415e-03 1.879538067576229377e-02 -1.204720572923157276e-02 9.696218886817567495e-02 9.633988736934842589e-03 -3.229065253974285066e-02 2.302238143997419051e-02 6.158481041693661395e-02 5.919371185433226074e-02 -2.123476282162577514e-02 7.609140220558516243e-02 1.762844954315818252e-02 1.314840894237482259e-02 4.378903846423382040e-02 -5.354641835715251430e-02 -3.315679264160596718e-02 8.773863569086906566e-02 -7.407474446789234779e-02 3.376429587456785536e-02 -7.992244991476817051e-02 6.818433548374309983e-03 -1.313485317507538663e-02 -4.099442994276814023e-02 2.882324169083171073e-02 3.645325493932565636e-02 1.303084549128911973e-02 -9.299731474260300446e-02 2.720308157002421928e-02 -4.597406791892619249e-02 1.948311456346232817e-02 4.059760670062687038e-02 3.186136357985976109e-02 4.437773926698722338e-02 1.726927746170691530e-02 7.838075782451957296e-02 -1.008994592041968785e-02 -1.001372298764897223e-02 2.386650519365436651e-03 9.994279434234240589e-03 -1.826115107242507613e-02 1.709028435921712552e-02 -4.297987839411613470e-02 -3.807743827210730014e-02 -3.295754598110492428e-02 -1.019844145046935879e-02 3.825131836987193112e-02 -1.099354454060794128e-02 -3.530733375238498395e-02 -2.313929528273063474e-02 -6.342016008458478682e-02 6.229535362145012523e-02 4.973814085121540385e-02 -3.526371431728007877e-02 4.907700082839296096e-02 -1.045287553517327828e-01 5.156938773372301416e-02 1.194833110854963930e-02 -1.298851329845900071e-02 2.187965197521012789e-02 3.892136722351632883e-02 -1.450663084865601998e-02 -1.498567244537624132e-02 4.753894960615125814e-02 8.858771567415289760e-03 -2.516194982446037787e-02 2.921157428104045883e-02 -4.317225403895845470e-02 -2.759874991577551326e-02
7.111840318069537759e-01 -1.809972235672167584e-01 -2.034260843779105987e-01 -1.885372773454686568e-01 8.618311039767179160e-02 -3.592781223341057206e-04 -1.432308445690866350e-01 7.308307108677025710e-02 1.603314146919094796e-01 -1.835312295287271356e-01 1.598754498123568513e-01 -1.850126356733454158e-01 7.342823506080996265e-02 5.221948041644648431e-01 -2.623163356478784569e-02 -5.395156388968594396e-02 -1.302731969145458357e-01 -1.003936366517838852e-01 -5.107488332699305911e-05 1.589866647238575292e-01 8.255710031328128418e-02 -3.002886284820199259e-01 -7.742818125203193569e-02 -2.363598710208098530e-01 -9.941150884609251115e-02 -1.202678654698366711e-01 6.393263353511304814e-01 -5.321172429983599822e-02 -1.559275227744771897e-02 -1.555884982897552393e-01 -8.839121169265211353e-02 4.207324093619305150e-03 1.016858809199687186e-01 -1.217690258685147076e-01 3.523619462649821288e-02 9.523178334246119869e-02 -5.750535701569127467e-02 3.121510799657030433e-02 6.281887632550467448e-02 4.825780225384246336e-01 5.997624023681538685e-02 5.284872855421185456e-02 -1.055799827584017053e-01 8.446104109290308859e-02 -2.752839003963211684e-02 -2.561078923165687748e-01 -5.881338377148269403e-02 -2.681694093980997035e-02 1.667166174778678123e-02 -1.401200594965422985e-01 5.082837808037536653e-02 -4.545703898363036288e-02 8.099523273408557600e-01 -7.349287561432424343e-02 4.855976169598763548e-04 -3.411990787663722602e-02 -1.733796898791277463e-02 -2.240664259330013008e-01 -1.095577909629134594e-01 3.784347011889061668e-02 4.445787355080672854e-03 -1.573737891933384703e-01 -1.129827714003443367e-01 -1.640946227158567028e-02 -1.428247916832953712e-01 4.074571409128758814e-01 1.402655375572784968e-01 -1.369466470339318065e-01 2.459291803244528507e-01 -1.130239768214679891e-01 -6.593743790786360526e-02 3.308164275277631489e-02 -3.398059709862055744e-02 -1.270571420354925374e-01 -5.899797501229719909e-02 -7.477592811626185276e-02 1.602802742390539714e-01 8.495212811099070449e-02 3.895904892586163348e-01 8.209709317700349118e-02 -2.446649447870603844e-03 -3.104158847664971188e-01 5.999074898525540850e-02 -3.684242123513635503e-02 3.056974423518873940e-02 3.237781804220105086e-02 1.385659891871361682e-02 -5.588335120456033867e-02 -8.923288552934609263e-02 -2.367770288890976016e-01 1.138220586924652833e-01 4.704886706793438567e-01 1.190208786269013330e-01 -1.458179615110421767e-01 -5.439097499986536577e-02 -6.586377685644129176e-02 1.335240047277192754e-01 -7.192690202661146393e-02 3.124872814797233223e-02 -8.179917139996227549e-02 -4.634697872902089621e-02 2.400439126713328070e-02 -1.798129640051445710e-01 -9.332891010309374291e-04 4.221147649722506445e-01 -3.272569667532948534e-02 -1.711893458352259367e-01 1.070541959904660612e-01 7.666333876948419612e-02 -1.889446215703360632e-01 1.312274824788861038e-01 -1.179203904860184893e-01 -1.531408841041540236e-01 -7.624282402289159211e-02 -8.798935235875426919e-02 -6.337497125661595287e-02 1.933632215144175936e-01 4.010064657835878954e-01 -1.038613857646885352e-01 5.014890843082120409e-02 5.731423069857155550e-02 -8.453042090195722613e-02 7.305714776175267766e-02 -1.428741427117560803e-01 -4.417584630220261488e-02 1.102285748288499290e-02 -1.610848673237844642e-01 1.139532211162981867e-01 -4.509832429434281614e-02 -2.629532971626394877e-01 6.373454514725011011e-01 -7.471153697756471868e-05 6.923985075297667269e-02 -3.253665505174160311e-01 -1.550641259672283501e-02 -8.733322426201808875e-02 8.221463311241246352e-02 1.281953990671403643e-01 -1.009126058542449828e-01 4.279410652972742701e-02 2.355006972461887726e-01 -2.748969810863771124e-01 1.503019258940140601e-01 3.478523180002977000e-01
-8.545891767983654352e-02 1.186370075448114729e-02 3.495252354602766676e-02 -1.492000214188741493e-02 -2.274489748130180747e-02 4.193999693505906512e-02 -1.227193133265349310e-02 3.494322464237223369e-02 5.870950930362077436e-02 -1.177445934487413720e-01 -5.059267632600871617e-02 1.415331575314797141e-01 1.050642166286982516e-02 6.408469754990350764e-02 -4.135030418059217755e-02 2.250904050118058067e-02 3.160052285197258864e-02 9.885950374411796304e-02 -9.977576278767533169e-02 -5.663838302627334509e-02 8.020607190113689458e-03 -1.484467006098666615e-02 -1.159703074991270434e-02 -6.981255878941722802e-03 2.826791672833564931e-02 8.795020666215311311e-02 4.102094549128207368e-02 -1.218519727189479318e-02 3.539665827718804086e-02 6.039895285757834048e-02 -8.470955737240144778e-02 -9.798189221307856966e-02 -1.863036164886290938e-02 -1.775098731664532040e-02 -3.277282969529667772e-02 -1.108659390889885077e-02 -1.411014670248197066e-02 9.054589430278169038e-02 -6.260721130260916110e-03 -7.171610692218220728e-02 1.206792379425449327e-02 -3.867070591142044572e-02 1.891640624586884284e-02 3.604143703022379130e-02 4.989862224215268344e-02 4.776586424251544685e-03 -1.345784579348585641e-01 1.042287641625821298e-02 1.129222651543401734e-02 -5.443571518570329559e-02 1.252274342645777298e-02 1.316386970220608521e-01 -4.564355115594631064e-03 -4.563869100894497963e-04 -1.124899609187424328e-02 -5.372950079844576732e-03 -3.847866190505846995e-02 -1.524558678786592332e-03 -7.991681360522438771e-03 2.749322002141322413e-02 1.698600900483122553e-02 3.222164875571476711e-02 -3.706039724989158152e-02 -1.339490513952374361e-02 3.226617133510480129e-02 -5.247348478908716446e-02 1.408262778608232457e-02 -1.618555152443843306e-02 -4.377770978030162685e-02 8.142804827313392113e-02 3.889452377244052850e-02 -6.609673799298554364e-02 -8.532102397431920449e-03 -4.855192055684200148e-02 -2.628290406477698168e-02 2.255699061042025499e-02 -5.191496342897835648e-04 -2.371574707705961099e-02 4.973842546225073352e-02 2.113081454601610856e-02 -4.394131374136981544e-02 4.335500914697792280e-02 6.652829020570492913e-02 -2.414819621629887142e-02 -1.916810431219151747e-02 6.869010458590926738e-02 5.047038954290570395e-02 8.322625771494639169e-02 6.032534983849936056e-02 9.878089014473739882e-02 -1.837459087529588753e-01 -1.033197366363941827e-01 1.468049522065296118e-02 -7.323134883197633671e-02 3.861588753568365867e-02 2.226481392278115146e-02 -5.339777066214423246e-02 -4.565272092348111183e-02 6.824637499441585375e-02 -2.586005702089875374e-02 -3.415282550441869902e-02 -4.621359769716818638e-02 7.763400152754494632e-02 6.800495583959337287e-02 -7.906239698407396821e-03 -5.700297615316426286e-02 -4.155532356888001766e-03 7.780050384657345719e-02 -9.078766021607696801e-03 9.001163439272312494e-03 2.833446539410476583e-02 2.568315158455180408e-02 4.789611185550365219e-02 3.842638110395091289e-02 -4.656999039488449177e-02 -3.592559328487519160e-02 -9.145751850238548197e-02 -1.779517284741842509e-02 5.586966629229564441e-02 1.206328202885057453e-02 -1.879726222710999262e-02 5.255164104344711012e-02 4.167492949140250147e-02 7.261097866248596155e-02 5.407298021309756703e-02 6.829537414914652049e-02 -1.665194344896275269e-01 -6.898866578784748627e-02 -7.141503243517543370e-03 -7.023295958415901041e-02 4.898360160053870371e-02 4.578097261025512038e-02 -8.924320816175851379e-02 3.930759501678034173e-02 3.561894665032661750e-02 1.758986174481630069e-02 3.733938823478102215e-02 5.382171946722655309e-02 -9.148232355557159301e-02 -4.156682589253024585e-02 3.028351936640244838e-02 -8.708062655472298408e-02 7.356279395162582113e-02 6.863486815717778633e-02
2.190032555122636143e-02 4.904474904720984574e-02 -3.466515824617289604e-02 2.837307020569990179e-02 -4.825802719349985004e-02 -2.424490536410044833e-02 2.037655754478831169e-02 -1.710033629931824103e-02 2.803777487605237095e-02 -3.973800921373976669e-02 -1.718791367937426429e-02 3.145624372422219789e-02 -5.135702056625492812e-02 5.135122756537403160e-02 -2.791917357672001054e-03 1.409835255104548287e-03 -4.845051141576535436e-02 -6.542817539272136051e-02 1.276116804275953705e-02 3.045296904310625802e-02 -5.638561044080696305e-02 4.219848352053665735e-02 -1.174390267744904529e-02 7.422158341106135926e-02 -8.510060734536840921e-02 -7.607633494796157969e-02 1.332336316897546891e-01 4.858103689222883353e-02 -5.016140550228615630e-02 8.243267883796011330e-02 -8.469829124067743825e-03 3.557028501472109250e-02 -1.013416291994489044e-01 2.956015286928300942e-02 -7.251253437352403464e-02 1.744127846470965720e-02 3.740756226719191974e-02 -5.051508056214697867e-02 1.262144959242907788e-02 -2.904199835057983368e-03 8.340382181161062891e-02 1.662939799335689736e-02 2.970700774693040783e-03 -6.647324679016684834e-02 -1.048685410376036173e-02 5.920580630796708210e-02 5.100199562920113699e-02 -6.668893281629804937e-02 1.117839517219619966e-01 1.100844303778555633e-01 -9.940140455736873326e-02 7.269831473701116042e-02 -6.947689919922553359e-02 -3.596160410834001869e-02 -6.860736695906007043e-02 9.334654109599818325e-03 -9.952073933415956156e-03 -1.243541436685326185e-02 -3.571504322876181692e-02 1.368939166835857375e-02 -1.056328915197767837e-01 -1.268178061587275571e-02 8.643607431483191217e-02 4.722837676061224232e-02 9.239237685408865919e-03 -1.942068544655357627e-03 -2.124301123816527831e-02 1.775507871896222015e-02 -5.063361174752299687e-02 -4.313818274129899849e-02 1.592807354869258882e-02 1.534394903384558688e-02 -3.894546509781963983e-02 -2.465553808677529990e-02 2.509302638342324199e-02 -2.678852045642765578e-02 5.282374250730784149e-02 -1.568604267560810492e-02 2.519634112356468336e-02 -7.623878985186906612e-03 5.424742017718497955e-02 -6.266779623485226047e-02 9.200698124022103908e-02 -1.993793453306405214e-02 7.358472995871356837e-02 2.560989193291667715e-02 -7.217402072574298499e-02 5.273047143849660112e-02 -2.880087598508419486e-02 3.076368331306867862e-02 -6.599991189232354977e-03 1.945137770150987683e-02 2.317573272333126738e-02 -6.343346997881976757e-02 -1.172982843075305419e-02 3.869236697264345944e-03 -1.298171581193721669e-02 -5.200925188548505967e-02 6.080253150069859364e-02 1.086019583105633790e-02 2.138986827996784690e-02 7.695891546016249418e-02 -5.539352436173609895e-02 1.299440948815103192e-02 -1.875723177154564603e-03 -2.607880031440523716e-04 5.623859983708255628e-03 -5.314999425907480229e-02 4.340000575689464263e-02 4.285536593193250976e-02 -1.252964443576304321e-01 -2.091125876581840376e-02 6.392610304532142518e-03 2.497908909277879452e-02 -1.205466520159742538e-02 3.314457546912726038e-02 4.844402378916118357e-02 1.682456822391975582e-02 -2.123621023622737636e-02 2.571674895889160609e-02 1.503753943031684304e-01 6.900515472725821109e-02 -1.549349164458307948e-01 4.001627022623049923e-02 -2.334644251030204565e-02 -1.218074913092420664e-02 -1.343285348396389134e-02 9.831099809697586150e-03 7.368907561308021825e-02 -7.018864538454816504e-02 -4.619037698978589734e-03 4.567887024141174812e-03 -9.736417135287489533e-02 -1.919539500438779966e-02 6.543612069917476015e-02 -6.229735293107344085e-03 2.219732137158194479e-02 -2.383114326658495458e-02 -2.808453574032972536e-02 4.348537893687168254e-02 -5.983327693381557122e-03 4.309771517042634836e-03 -1.868223162776225243e-02 5.108658678315991519e-02
4.415403311578289247e-01 -9.881592938825387029e-03 -8.233009180699828178e-02 -1.246130328924740932e-01 8.261125841945049508e-03 5.269398361197150105e-03 -1.125942441971587438e-01 1.100216147609326400e-01 -2.218712138744341478e-01 -3.905794229913533977e-02 2.042382134969799035e-01 -7.423312332738547792e-02 -1.362298592893177451e-01 5.936896056353148099e-01 2.943110029918606999e-02 -2.828326220372705535e-01 -7.613593871432450255e-02 2.033232593211000694e-01 1.900375637855808084e-02 -1.704583314935539246e-02 -7.384155117753486708e-02 -1.914211113578250800e-01 2.586906881708057188e-03 -1.275528550890066837e-01 -1.760745283603779576e-01 5.984775787676681336e-02 4.516081492323439361e-01 -1.366537764445113767e-01 -3.143086625359586828e-03 1.357145458344057309e-01 -2.122167778554334694e-01 1.557305474021789538e-01 -3.163975759578528668e-02 -1.903869884953925395e-01 1.292849420719861808e-01 -2.799800712155225968e-01 -1.814518533587476667e-02 -2.269325439713221204e-01 6.278755488352642800e-02 4.056001268925012448e-01 -3.153189708150760245e-02 1.155108206332960963e-02 4.021539680767451802e-02 -4.159522752352114855e-02 -4.185816846189233109e-02 -5.106950910348437289e-02 -2.387095163234333878e-02 -1.930130513223394378e-02 -1.254030125971630077e-02 -2.571558388001823903e-02 -5.763141465791546403e-02 -1.379963631983667782e-01 4.967032692110989744e-01 1.511226529904027838e-01 1.044436749645413220e-01 -4.752770582067046556e-02 -2.728327843458627222e-01 -6.015678396903851449e-02 -4.168966760421020240e-02 3.943160945917714710e-02 -1.896539003115033095e-01 1.339079188863642189e-01 -8.963166743290168839e-03 -1.491532559064387975e-01 4.783505527609588359e-02 5.360894813762677735e-01 8.160461352404349555e-02 5.248489438476014457e-02 -1.286822280233775595e-01 -1.462864919543053754e-01 -8.002168667202143315e-02 -1.935830453008555857e-02 -1.264544156856578228e-01 -1.543527343458078738e-02 -1.516139361233685423e-01 -6.144665861810927332e-02 7.288140890896988022e-02 8.429123742538545405e-02 4.684714236521208552e-01 2.391573602732099124e-01 -1.137095472773820004e-01 -1.149455346384339188e-02 -4.623426074887590498e-02 -7.452968587819720769e-03 -1.830665569059793801e-02 -1.850579221696006527e-01 6.035307471028540649e-02 -1.852897332438923905e-01 -1.668972634683599243e-01 1.382005964715428414e-01 1.043493901339879459e-01 6.936547008385949287e-01 -1.736174539633383029e-01 1.594880261215705572e-02 1.405946264780111310e-01 -1.067278040078906143e-01 -1.356235822527579460e-01 -4.981081421195555914e-02 1.084440789470667299e-01 -9.256499260096225090e-02 -1.959968790364324531e-01 1.942781511728108867e-03 1.821290875699747847e-02 2.700521939869776622e-03 5.840503246963784090e-01 -1.304288976584826454e-01 1.197272021328911473e-02 -1.505533308850048879e-02 -1.127108682160248565e-01 -1.007651437806591083e-01 2.430024007326572755e-03 -1.283006148377646150e-01 -2.839105970647129440e-02 6.985592954541500199e-03 -3.135571732923345123e-02 1.684231818923059842e-01 -1.495301778544176619e-02 4.815263446518271429e-01 -4.454340614934268472e-02 -7.168827822130666161e-02 6.734665657595319266e-02 -1.992302270696638400e-01 4.250193916840187824e-02 -1.899724743126861640e-02 -6.332962471630661228e-02 4.920328013799231404e-02 2.255456942411057653e-02 1.641014420551082376e-01 -1.208487010489821545e-01 -1.143361870345798170e-01 4.357973996852007037e-01 -1.039683368891151094e-01 1.815838528229658799e-02 -1.516786525120218110e-01 -1.235678291997964195e-01 -1.606008653027549138e-02 1.785337030387779689e-01 1.281929639425675171e-01 -2.382327198776790222e-02 3.997587126300918003e-03 -1.207151060030663692e-01 -1.819612453229048007e-02 -6.602189026327823229e-02 3.277659282092508231e-01
2.181617453451578370e-01 4.330176457214986174e-02 -2.705939129431444434e-01 -1.666800203104529254e-01 -2.207501386796611731e-01 1.932977414050686960e-01 -7.602454850960278787e-02 -2.175456017325689585e-03 1.406624384331209010e-01 1.639032090334702485e-01 -3.329467137432707419e-02 2.390770836115692910e-01 4.443760492370388837e-01 3.337679653040930700e-02 -5.082584660704245749e-01 -3.446957883566671987e-01 -3.070279497064056229e-01 3.146253068201074754e-01 -2.512802631975410983e-01 7.796373695387798231e-02 3.917453391449803313e-01 2.796539004759214797e-01 -2.600118058448785407e-01 5.470447679034131649e-01 2.988723082707576140e-01 7.576656063743057723e-02 -3.333636170831625889e-01 -1.557608193465239155e-01 -4.071737277662061949e-01 2.696983150723336609e-01 7.003104143183048113e-04 9.429774632065275608e-02 2.038905357268662455e-01 9.703175575406947084e-02 -1.908199844686930546e-01 3.862847748315967333e-01 2.231672273044356669e-01 -5.643226444981568057e-02 -2.648856088990947932e-01 -8.479117594114206347e-02 -1.039872852686753030e-01 2.647173687180699453e-01 -1.994065770055097331e-01 6.288073291345155913e-02 1.428299266377368593e-01 1.946073785400430634e-01 -1.338675034875308201e-01 1.554085789279606999e-01 3.711405936306148567e-01 -3.617242354196548160e-02 -2.864762502657126064e-01 -1.081802061239936497e-01 -2.116267932379657102e-01 2.555395868267125170e-01 -6.742496719675590555e-02 1.381695041728475404e-01 2.299263555879662579e-01 1.391984167487499147e-01 -3.454148818675047972e-01 2.600144493995639738e-01 1.573297340362348196e-01 8.927717286355776882e-02 -3.457850617124226811e-01 -1.619988265282316098e-01 -2.839558028460076877e-01 2.321205928315338285e-01 -8.696516504462230290e-02 3.052984289258413308e-02 1.859355633787363737e-01 1.683584633288206789e-01 -3.940543821220884174e-02 3.080832594902229160e-01 2.420888172680110695e-01 1.703664196813623605e-02 -3.681368448308767194e-01 -2.391585756922127437e-01 -1.620504870413136678e-01 2.328054141043943148e-01 -1.915548374440664559e-01 8.716626250079399785e-02 2.297249337617026654e-01 2.236323797183151774e-01 -1.268773926772936711e-01 3.084883432641346568e-01 2.690780453249266846e-01 -5.458449125530681102e-03 -3.837025812791480806e-01 -1.794044444842904928e-01 -1.718985672173324875e-01 2.616951118297025092e-01 -1.734411616750238527e-01 4.467900024029404504e-02 2.776968902808343298e-01 2.505260796195807327e-01 -1.931412371704523956e-01 3.103085370463530279e-01 1.338045527958691416e-01 9.266582244559515291e-02 -3.269698353659836743e-01 -2.330616191480872346e-01 -1.207361155782176176e-01 1.077719264323241388e-01 -1.346928746035819802e-01 1.847970631768086625e-02 1.945677071964141136e-01 2.071392594009215660e-01 -2.096562605023225001e-02 2.824504639259482475e-01 1.870456041364675359e-01 1.741835276607819893e-02 -1.414415239903356603e-01 -8.203609438114001229e-02 -1.247166371486069236e-01 9.358790602776273504e-02 -6.665077882286220279e-02 -1.034188070793925530e-03 1.077401584812758967e-01 9.052147357604810318e-02 -9.731317294070976343e-02 1.922266967691587947e-01 3.009660440256042291e-01 6.872696456093466133e-02 -2.851158554047142357e-01 -1.748369849729229097e-01 -2.010762984622024296e-01 1.581731163914106286e-01 -7.135691207870489827e-02 -2.335649554268334760e-03 1.534717983637512995e-01 1.640361585243511611e-01 -8.420777035044980929e-02 2.230543378546866740e-01 1.947416969411894239e-01 7.238446876005000252e-03 -4.097644400217419491e-01 -2.407671564671251541e-01 -2.257394485397333783e-01 3.496987021806940987e-01 -2.767472658966830812e-01 5.401445257194999183e-03 2.108068127480408616e-01 2.587373343170706885e-01 5.243681148943798997e-02 3.055468152265585768e-01
-2.485162013048451343e-02 6.217345046259595276e-02 4.968099828834711407e-02 -1.576264765620997987e-02 7.515965737208205044e-02 4.282256761199862427e-02 2.671993894065624250e-02 -5.203193120696275598e-02 -2.295714658977607639e-02 -3.559344350826651460e-02 6.119174795918610327e-02 -1.817352815273001465e-01 -4.704249144130476235e-02 5.018701153772445189e-02 2.592703124640400453e-02 9.619071790363062369e-02 -1.004640892736283070e-01 6.402251676960603322e-02 -7.136424683683022241e-02 -1.746979325221640830e-02 -1.109707163601280633e-01 3.933898140126093623e-02 7.851284820398249376e-02 1.793746155749883359e-02 -6.641820141853027604e-02 -1.336001836472141546e-01 3.132279227371770336e-02 -3.517603046739096323e-02 2.550304167981557683e-03 -2.776330080976642523e-02 -2.195508073168356278e-02 5.398688906212550237e-02 7.585571804138308005e-02 3.660711450566634523e-02 -3.440287437768175388e-02 9.970979070369399844e-02 -3.996575073323453686e-02 -2.858544504366099942e-02 -3.114559394488947142e-02 -6.448775193913816595e-02 1.579986374551174411e-01 -2.113880040046646133e-02 -4.140206940917558198e-02 7.683989554283329748e-02 -4.504120278194777977e-02 -3.555008916103711419e-02 6.411573930836206303e-02 -2.770236709001025477e-02 7.951032479193704053e-03 -5.232976571588843218e-02 -3.694149126821882900e-02 2.824521651943244158e-02 1.998925418033438081e-02 -1.658516893506074841e-02 -1.369115146679211401e-02 1.716387056941113751e-02 1.299229560920256953e-02 7.136200251626309554e-02 -2.205635779410102318e-02 2.663099367923869865e-02 5.126356291549738486e-02 1.303133592859222478e-01 4.749301876892043223e-02 2.938883739121778485e-02 -4.748944065272532600e-02 -8.392335141664938880e-02 2.651801385340181796e-02 2.291800019206179095e-02 -4.441896041885003144e-02 -2.542309348543952616e-02 -2.892743464978670895e-02 -3.482447656961554228e-02 5.897232253973255789e-02 2.463725878623750781e-02 -3.791438651509096425e-02 -4.712115677753920401e-02 2.065913744880107372e-02 3.038132245766550152e-02 7.157910477376074054e-02 -3.732581481022993058e-02 8.595532863854195293e-02 2.852012732610469375e-03 -7.971461954884367929e-02 -1.076485413978175119e-02 1.945610225856880815e-02 4.489409199794378719e-02 -5.061285074681532575e-02 6.521635482476734191e-02 -6.391486765551983307e-02 6.314882243704565690e-02 1.771209516063800352e-02 -4.901736627299936588e-02 4.192296935344740072e-02 7.532906159662787135e-03 -1.592345832358202373e-02 -1.506276786940817167e-02 2.427309213628546167e-02 3.997212358202539839e-02 2.523202705091967535e-02 7.298313559809560536e-02 -2.557529256925550332e-02 -1.743214306493746923e-02 -2.820212277240004284e-02 2.694696214893644790e-02 -7.215436339928570086e-02 -8.584384141558390469e-02 2.414659555601553209e-02 1.813161387078537912e-02 -3.449870760207994491e-02 -1.211565231008482346e-02 5.821479679679558705e-02 2.736237425628657016e-02 -4.435553444269602075e-03 2.618434061366498034e-03 1.175102795302204739e-02 2.913392093348805834e-02 -3.911479498831119117e-02 -5.343784224906344971e-02 -2.168456823176921622e-02 1.166540443751806766e-02 -4.207509049442423321e-02 -6.766286085563913422e-02 -2.898714840926878283e-02 -1.048545011827172191e-01 -3.899386064787599415e-02 7.385706834805530474e-02 2.823553906844498279e-02 -1.199618621943694674e-02 2.629400242689215739e-02 5.391620245941006195e-02 4.223375373875293270e-03 9.874469776865185677e-02 1.019054187359595409e-01 4.314318240031034257e-03 -3.422344738032195854e-02 -5.849773584808520832e-02 4.943131571991163375e-02 -1.821353389529359323e-02 2.631145749669265566e-02 -1.201602598139964173e-02 6.036113965944044091e-02 -5.867396179504552611e-02 -6.533936086872225296e-03 4.049300557799617728e-03
4.367338371855652435e-01 4.199870061856262465e-02 6.872534399478413825e-02 -8.917638116203552290e-03 2.525644219519559974e-02 -1.047166422939077718e-01 -1.024932403908826034e-01 -1.025144762462600334e-01 2.415317773255430678e-02 -7.616219899199678720e-03 5.849416925419347046e-02 -8.918436033745995306e-02 -5.514436442901952951e-02 4.751490777256625053e-01 -1.295298848976594308e-01 -1.002476564651764851e-01 2.584050838302007214e-02 -1.345820508695719231e-01 -5.474794342347384657e-02 3.567531226699387215e-02 -1.954089154052618404e-02 1.078145911027341280e-01 4.070031371020271793e-02 6.499889453156720842e-02 7.417496805725609654e-02 -8.307843092274325159e-02 3.916554639831458795e-01 -1.166820091207065591e-01 -3.853301230841721381e-02 -3.890485103967145780e-02 3.260353576583586988e-02 -7.715417503422659917e-02 -1.340752513787356048e-01 1.481690590684849318e-01 -8.357123278036482361e-02 6.579222173215440450e-02 4.606835815261429989e-02 3.712763530749770002e-02 -3.527351982415548315e-02 3.906042312493904767e-01 -5.064174749615057980e-02 -9.775610584277362458e-02 6.019195394255136972e-02 4.395232783249296282e-02 9.392271649790898125e-02 -1.328285731997937980e-01 -1.507423261038904616e-01 -3.746443334131123459e-02 3.000029107634428691e-02 1.381224791032693022e-01 5.307205028159393823e-02 -1.820060239058607088e-01 3.331742607848173776e-01 -1.442976588735743748e-01 1.359218612711959318e-01 -2.070539477646344759e-02 -4.116322912620229424e-02 -1.984585209553295371e-03 -6.665912858071096347e-03 -1.333369137749760014e-01 -8.401473237872690569e-02 -7.334127904677768817e-02 6.946247874283635604e-02 -1.257190035574114739e-01 -7.499697667120679145e-02 3.400528894884070064e-01 8.788008613771991495e-02 1.787776714054942900e-02 -1.312628028826541005e-01 2.860027493328579085e-02 -1.533256057007876261e-01 1.444773213118886179e-01 -1.753992530890219892e-01 -2.053668846710371421e-02 1.773060600718327773e-02 -5.805140183466417358e-02 -4.374069202551511548e-04 -1.442839218921988520e-01 4.603430573986748153e-01 4.690584201689287913e-03 -1.211016026427624709e-01 9.426440163717475507e-02 3.257960355425053300e-02 -1.089603840201518875e-02 -5.566249626471439504e-02 9.529236200430075965e-02 -1.279426531496351827e-01 -1.044922964131652365e-01 3.475719985390271494e-02 -1.323790393193145787e-01 7.154204000251894457e-02 4.906332963871659070e-01 -1.459447805561613631e-01 -9.034821925613365640e-03 1.977524863155465454e-02 -1.089326213535544430e-01 -5.923294230009035211e-03 4.270434643060118385e-02 1.775359383810693609e-02 1.497673080695101008e-02 -1.198957841707331412e-02 -1.325834544024551975e-01 1.597611154941595835e-02 -1.487903731938961527e-01 3.821437089219689720e-01 -2.983244341821829695e-02 8.722695749551453992e-02 -3.169902900592307810e-02 1.248531715957887367e-03 9.311648478601369794e-02 1.089762944126645289e-01 -1.744528269397934150e-01 -7.938661119237384878e-02 -1.457393556082152153e-01 1.212980249639883518e-01 -1.315321353468028587e-01 -1.350732534584714872e-01 5.553549509258279837e-01 1.017699265715988205e-01 -1.269094430355677261e-01 -6.576189813050709043e-02 1.421029542549616387e-01 -1.140641313276642699e-01 -1.802375741418128507e-01 -4.822376289752405842e-02 -2.286293434266455926e-01 8.012585344736361526e-02 2.963980015515592717e-02 -1.775182941288899752e-02 7.074412398529672519e-02 3.870084383779894277e-01 4.776403029697870450e-02 -6.790199434223831432e-02 1.303698358241959787e-01 3.184002116842904462e-02 -1.368734878918356768e-01 -6.379615204858080091e-02 -3.040291955002175084e-02 9.218583047116476331e-03 -1.413310499649395591e-01 -1.452296102108487086e-02 -6.657486996975231497e-02 8.040521152804361305e-02 4.352839150459114625e-01
-1.043165959106712448e-01 3.717075919495390485e-02 -1.297503755065454109e-02 3.457122045721124776e-02 2.723724169264788234e-02 -2.251298166404683831e-01 4.437063468563154367e-02 1.757194447795880701e-02 6.449607785698761864e-02 -5.581138666157250267e-02 1.019568568727283880e-01 5.809114395303641154e-02 8.577033339346053220e-02 1.310958888200045580e-01 2.599771181795443656e-02 -4.318118909233808339e-02 5.578907763032813633e-02 -1.603132343864444379e-02 -6.094737347747106529e-03 -1.056339341026018841e-01 -6.105963714291035016e-02 -9.333400728032610616e-02 4.151781214875015225e-02 4.482170271745515577e-02 1.054800892705783644e-01 2.855232862214215558e-02 -9.160026921134047095e-02 -2.634408873969782544e-02 7.678871241373444456e-02 1.744008120399863082e-01 -5.221692995251252939e-02 -7.680978476624115980e-02 -3.427084550458123213e-02 -1.240159336070709335e-02 -1.107930429511883724e-01 1.338443970614846545e-01 1.941866948272603643e-01 -3.757084277795782329e-02 1.052528542208462300e-02 -3.867804886891408611e-02 -1.011808133210276295e-02 1.162787425300437251e-02 -1.918760020168045616e-02 -7.241799815535708562e-02 -1.987926703408423035e-01 8.566944470791237887e-02 2.771545679659942821e-02 8.033919187519185379e-02 1.519990379082863108e-01 4.797785289127417391e-02 4.716783154393818650e-02 -9.276521924033095945e-02 2.095616615137237126e-02 1.016513260475394309e-01 -5.395183470503382706e-02 2.540875880148758120e-02 -1.387806086326743849e-01 4.544910701932201869e-02 -1.230423239056650520e-01 1.365496933667455920e-02 1.655164630560431172e-01 -1.107186859140887186e-02 -9.877407202207527659e-02 -1.100775747778270502e-01 -7.281384304900706365e-03 1.825741179485300958e-01 -5.284390789814115419e-02 1.819781456761382643e-01 -1.828785261942960164e-02 -6.485560507071005953e-02 -1.839007875895745658e-02 -1.524606517252806437e-01 -4.174153059352207762e-02 1.374076208183792613e-01 1.123788353773456580e-02 1.161201391722363994e-02 8.857171723653840811e-02 -1.527241673205134154e-01 -5.131695465383283306e-02 -8.241096243425954926e-02 1.334082476930851906e-02 -1.430175237809787683e-02 7.052631627697423730e-03 1.393876883858189697e-01 1.655431978840878060e-01 -7.307286335696637491e-02 -3.467948182207726548e-02 -5.961531167050472535e-02 5.982337985527313995e-02 8.928395821972760771e-02 -5.307310531337797177e-02 -2.550592737872882376e-02 1.452330691284444038e-02 -7.935218220160347724e-02 8.619560688340044755e-03 3.334488259581641634e-02 5.785148993269738360e-02 1.554841650867819225e-02 -8.513639176526965890e-02 -2.095996773148625300e-02 -9.948752167235452859e-02 1.608914732067160958e-01 -1.139956564449463167e-01 4.254006652073843986e-03 -3.556757659857075204e-02 1.325154826576390166e-01 -4.200128252324714789e-02 8.803916629436102370e-02 2.034551781199080145e-01 -9.521004215594525144e-02 -9.316272894285443362e-02 -5.126342551312615403e-02 6.977272628735967097e-02 9.758296805185168177e-02 -8.434867716656802017e-03 -1.767424126627524517e-02 -2.004275040876717651e-01 7.128252687331057547e-02 -3.759705521009229501e-02 9.740409022751798929e-02 1.098612464852433135e-01 -1.654446745868025093e-01 -4.901305789573950217e-02 -3.849597052918252160e-02 -8.565363946659212968e-02 7.193331111268556899e-02 3.714793539905275610e-02 9.292620909726681533e-02 -3.794000427992852420e-02 9.718660385841883242e-03 5.300576564443409966e-02 -3.926865032231994374e-02 1.404565108682979402e-01 7.443759586599096867e-02 -1.338389402751316015e-01 -8.129232400533978331e-02 7.912682841824364433e-03 1.613142141029996757e-01 -1.042414270700654788e-01 -3.060026618680116578e-02 -6.078944936422150946e-03 8.676431014108310080e-03 2.309758097891320347e-03 6.092892042564956867e-02
-2.958134090640236399e-02 1.320018538121904561e-01 -6.300965942722917823e-02 1.990595339123410815e-02 5.519620539021891092e-02 -8.487704235158749499e-02 -1.557159806365080064e-02 -1.062030139627117148e-01 -3.396074459223895337e-02 5.398581281581491670e-02 1.050308643637794109e-01 -6.005187396664890542e-02 -2.704249196951947522e-03 3.292719800503572658e-03 7.282155039113550297e-03 -1.242165461652171808e-02 -1.216636933063271371e-02 2.434219025302343867e-02 -3.202815270582939217e-02 -9.963590249239977215e-03 3.535797401878809643e-02 1.443820021895658896e-02 7.042357477262704835e-02 -6.514261739835544573e-02 -2.059535887280250499e-02 3.835506872113057797e-02 -2.927713102863475567e-02 1.542198243939269658e-02 1.398177079013598716e-02 -3.508398914033507288e-02 -2.637299757474981937e-02 -8.973278111930128864e-02 -3.057096466663410117e-02 1.329586453057559070e-01 5.041442270656812386e-02 -3.578349539932901280e-02 -1.104245289148514907e-02 -7.874430496057827078e-02 1.722578186848888401e-02 2.447745662270651990e-02 -3.197914036235812579e-02 4.016705910540632751e-02 -2.715382434589131561e-02 8.986735336618950631e-02 -3.309652322437267591e-02 5.623768099009107679e-02 -3.335669857558334200e-02 5.118044458339522651e-02 -6.979781108866523441e-03 7.162629229704685352e-02 -1.358812997163463543e-01 3.332165799856803140e-02 -1.789271453059032221e-02 -8.608075495507402919e-02 1.273216498171203699e-02 -2.124886361812411764e-02 5.676432160828939061e-02 8.527507096084667448e-02 5.310355695056067499e-02 -3.032331568771697017e-02 -3.241086200161771066e-03 -2.763900733742409230e-02 -5.862117206094113152e-03 6.278763472528669544e-03 1.740407722558394649e-03 1.792375576400685386e-02 8.596521499404411251e-03 3.651143074483081258e-02 -2.265074121189270331e-02 -1.345117446102171016e-02 -3.003087091382758075e-02 6.611650942202480785e-02 1.725567991083236039e-02 -8.214492017986765870e-02 1.023835761629148799e-01 -4.122847348403603507e-02 1.481632819699931110e-02 6.567965907145070781e-02 4.485280382352538862e-03 2.964617678852713573e-02 5.504079417674696828e-02 -7.605853296850215162e-02 7.335467901756318083e-03 -7.646730405633188343e-02 -2.628940037474543356e-02 1.532181451830109606e-02 8.923726935212991651e-02 -5.263587297970122661e-03 1.075387777425091534e-01 1.648439291402126194e-02 6.142936388993888719e-02 -8.303536076586853776e-02 -3.049299103969489722e-02 -5.809966848277089979e-02 -2.673588810475943656e-02 -7.539936439616530539e-02 2.125940677004922730e-02 1.743392011869461522e-02 3.239534352455746002e-02 -5.924533412806259197e-02 1.189527578515045883e-02 6.092222867153918031e-02 -1.025469512390761451e-02 8.794490551863987093e-02 -1.844502061758765410e-02 -9.532352021428958100e-02 -7.651551444126492019e-02 3.526747650287603147e-02 1.291587308709846171e-03 -7.314049184504130274e-02 -3.104666189761003808e-02 3.556757809282543037e-02 1.297382377032592349e-02 6.110884579751077461e-02 1.484573688528152691e-02 1.028134649525121180e-01 1.901142627114291161e-02 -6.650318799045348839e-02 -2.445220215147006493e-02 3.067997438521943843e-02 8.924082194901659937e-02 -2.910682514381076821e-02 -1.331178258163020524e-02 -4.197247203588883729e-02 -9.975126336137699057e-02 -7.515802393408687818e-03 -2.445506655256289574e-02 -5.305008973704573860e-02 2.875696040367749576e-02 3.264731110174038525e-02 3.800822133624063431e-02 9.370528303660635716e-02 2.702273099984579818e-02 1.295713020720936082e-01 -2.768123211997119970e-02 -2.067717916380217708e-02 -4.837057572359658442e-02 -5.806066708451947805e-02 3.673141952467470078e-02 -9.855688647996681956e-03 -2.988853195931803070e-02 5.735260635924324668e-02 -7.412639793584623049e-02 1.805378168790665316e-02
5.378757865887768830e-01 -5.876904726906952148e-02 -5.854087847505315932e-03 6.031810686024136059e-02 -8.129510204513618055e-02 -8.016306641258925947e-02 1.253616746091906486e-01 1.478360577879253013e-01 -2.140975320971872514e-02 -2.809947072225725817e-01 6.717492860739051469e-03 -9.273616957664627958e-02 -2.894920421958177559e-01 4.022751949584267295e-01 9.594978264465632567e-02 2.676865324647723643e-01 -2.099612459451805913e-01 -3.205291219960522409e-02 1.600720649497557879e-01 2.126115022931510667e-01 7.806019556015149352e-02 -1.851115593423976469e-01 -1.145407103420449518e-01 -1.141653684602908503e-01 -1.245523070786972997e-01 9.702125386808241325e-02 5.607188501678767034e-01 1.219700025757176065e-01 -1.781966833764825620e-01 -1.423723408376223465e-01 1.806070960051160690e-01 7.169201222227732095e-02 -7.617085524695160759e-02 -2.177074115527618536e-01 -4.024393731572685484e-02 -8.538409588978046472e-02 -1.194513405882395851e-01 8.005845576451414702e-02 2.318271501546440017e-02 7.389161645360712294e-01 -1.819146588772980744e-01 -4.562162295497578651e-02 1.503475286488855922e-01 5.780573335877949026e-02 -9.035043730332376066e-02 -2.560153677530845329e-01 1.524282117635050032e-02 -5.278158290937320224e-02 -1.499795947480594971e-02 4.274306435443935015e-02 3.291829941054604663e-02 3.487002578167069933e-02 3.782375559685491884e-01 -1.108162639940709626e-01 8.860480153130882719e-02 9.543472026557672794e-02 -2.608736633117068188e-02 -2.339672561965466802e-01 -5.578397422012264240e-02 -5.959941587989819878e-02 -1.394556445637831210e-01 1.244772203989900905e-01 -1.377111140021075597e-01 1.145703642048059856e-01 -1.238727100841864187e-01 5.516225848764341189e-01 1.514978395056381100e-01 -6.845734263302385991e-02 -7.370569706137748700e-02 -8.667078988344098511e-02 -1.000569327886771109e-01 5.500757628431311719e-02 -3.584703289534554860e-02 6.013608344620664792e-02 2.656581926575928704e-02 1.594407720408169971e-01 -8.300213887512999933e-02 -1.044914525997764909e-01 4.715663146628259472e-01 -3.297706863803492178e-02 7.177450035682143847e-02 -2.819695331990709763e-01 -9.628785732392598773e-02 1.021113339262356284e-01 -1.887042334433838842e-02 1.192904942498786702e-01 2.162241005648657399e-03 1.289038201908306591e-01 -1.361414982857551692e-01 -1.210028170482687626e-01 -1.656317126739377532e-02 6.328032267933960675e-01 2.232987653193403005e-02 -2.445214634965383882e-01 -2.662108057194832733e-02 -1.010838457326883599e-01 -7.713588493296838489e-02 1.279929544455989943e-01 -9.221820968105254313e-02 2.689487163064814557e-02 -7.841176978679058329e-02 -8.772971669802315242e-02 8.533312168833262490e-02 -4.521001297272594921e-02 6.147507128114598762e-01 -2.319650534277748199e-01 -1.120235579888855942e-01 9.284412841504664782e-02 -4.843850694475947127e-02 1.170687145805878182e-01 -6.144118688683308793e-03 2.684824249226319681e-02 -2.214361806632407503e-02 1.671352135114912221e-02 1.965860787038346824e-02 2.996857182388708296e-02 6.115492220364694698e-02 1.114661980728461066e-01 -3.996617889876265262e-02 -9.979060368905262601e-02 -1.647010401666981760e-03 -1.653905320395560041e-02 7.339771317704073261e-02 1.845249420931649731e-01 -1.330316141486831416e-01 -7.012491057905131941e-02 1.301762860230944452e-01 9.725873238421889333e-02 1.473988792272426518e-02 -2.423922634463235304e-01 3.362437002284384135e-01 -1.183062327995929863e-01 -8.105848529372716715e-02 4.066231104861784545e-02 -6.869074966169862184e-02 1.707339296901290160e-01 -1.094577762491452527e-01 9.042851331366924539e-03 2.810237572134554607e-01 -4.299879869017687872e-02 1.146676211154381425e-01 -3.262465030959152967e-01 -1.444925909570698441e-01 4.261804147921418595e-01
-3.366338733649522352e-02 -9.934791968064578260e-02 -5.343227524944073326e-03 -6.358718248437855713e-02 7.361939513937178214e-02 -2.102905186450172020e-02 -2.944792217182639130e-02 5.478234224369734479e-02 7.301080064916562473e-02 -3.801363142450959326e-02 5.904652158943548418e-02 4.436710258769249737e-02 1.579446400113797278e-02 -3.765378895252467772e-02 2.968884338814893609e-02 3.029598968236426118e-02 4.142099499696326459e-02 -1.029801113793647332e-01 -4.059527899734115958e-02 -5.273186822893820291e-02 4.124237570120863755e-02 -3.320124700205287493e-02 2.085851153999165875e-02 8.625831613994153213e-02 -3.629380827285208413e-03 -1.259589937184453154e-02 5.643715393917388828e-03 2.723366311930828718e-02 1.673482058743926831e-02 -2.668347512031050625e-02 -5.772074567395953093e-02 -5.671438808228044387e-02 1.642468242982072224e-01 2.630317625673111483e-03 -5.510208430460714762e-02 1.697829881780872283e-02 1.927658796351862658e-01 6.049969455206678087e-02 2.774768006210333315e-02 7.436787400486651045e-02 1.722785936853940200e-02 -6.433174247455208938e-02 -1.910111647659738787e-01 -6.553652050556203756e-02 2.125079310238038310e-01 -1.163909289013628362e-01 -1.489406887919373645e-01 -1.001779004044291328e-02 -4.041649219044537306e-02 2.145725193291234123e-02 -1.414347878021427959e-02 5.841050591296618327e-02 -2.106944856943446590e-02 -1.847283516578621110e-02 4.245946833319351466e-03 -1.843647337300129488e-02 7.293227080950377694e-02 5.303043492967561556e-02 -2.324531919743789629e-02 -4.961776678006252911e-02 1.317526988592412386e-02 4.648968502475158554e-03 -1.302176893832220593e-02 -4.084384809127581534e-02 1.062280200005159408e-01 8.829645271064666401e-02 -5.976506937459633018e-02 2.632753705865949721e-03 3.099851910069251117e-03 -2.989955744677980781e-02 -1.097417302554804797e-01 2.669330680031914427e-02 -7.032585419513450939e-03 3.873917749176802178e-02 2.015602277460068134e-02 4.100030523934468374e-02 -3.220875305317684456e-02 -5.592847270414789268e-02 2.686786183405494993e-02 2.210483220961886441e-03 9.680634304255267275e-03 4.243432254079802790e-02 -8.318016187575109910e-02 5.636747539878842264e-03 1.580802991975538141e-01 1.159426013919158220e-02 2.632642652349682574e-02 4.407171275564106261e-02 -2.504989593717244206e-03 -3.354104662998315389e-02 -1.292485511856804603e-01 -1.508822683154924758e-02 1.400973155435765727e-01 -7.507030902345888934e-02 -5.275779582298943671e-02 -6.568967171836415098e-02 8.547898993045435767e-02 2.178222543738186912e-02 -9.781789355338527114e-02 -1.043063040598755237e-02 2.190642379683115926e-01 -6.787581558899846712e-02 -2.897896302159085891e-01 3.188555413428667551e-02 2.228758296245560155e-01 -2.037877960718288139e-01 -2.984928021437424639e-02 7.158854772698794444e-02 1.329417216795939979e-02 -5.449080652556964610e-02 3.092921597089706015e-02 -5.383152871362840985e-02 3.875714346203816552e-02 -5.356154375383529592e-02 -6.682531439761996150e-04 4.156857601149270554e-02 6.123999964128466755e-02 -4.514851088661397949e-02 -6.570988110694780948e-02 8.841343221031673638e-02 3.808174079724981759e-02 -4.621077494775829159e-02 -1.777297320669016245e-03 -6.387700151028312401e-02 4.262956277922232140e-02 7.340106173174268389e-02 8.833228807983199704e-02 -4.821055910809760037e-02 -5.159417480614263141e-02 2.229556336677412931e-02 -7.900835906298322997e-02 4.411618931810366850e-02 1.735165570416773856e-02 -3.877373411411889903e-02 3.242478786599144874e-02 7.825283304221074265e-03 3.989860936243506268e-02 -2.197761711357033160e-02 -3.555900479260834524e-02 2.561890270175502110e-02 1.144446443760049892e-01 -6.621100268360963215e-02 -3.671029853322088643e-02 -2.842676689795560485e-02
-7.508225027457171574e-02 3.529596969146295976e-02 -5.792872735297013159e-02 1.555258488067431388e-01 1.654176872772245704e-02 5.623516872072320885e-03 4.699349837648220986e-03 9.794263769025153554e-02 -1.041345936133561551e-01 3.040279918429902167e-02 -5.621112295858021746e-02 -1.102356753378230109e-02 -1.673489116784515271e-02 4.505498859690345442e-02 -1.007650092931008066e-02 -1.954688318603413008e-02 2.192344717979806748e-02 1.459685637218225904e-02 1.025048802679371235e-01 -7.586435024529387949e-02 1.722554719843210139e-02 4.007938107949665651e-02 -1.360663913677864767e-01 5.050621604325250535e-02 -2.040424160780111157e-02 -6.284018297643233567e-03 1.717717285075013190e-03 5.582446178161235700e-02 1.275530741501019472e-01 -4.626452822944051441e-02 -2.720719863136750356e-03 4.350115448138600072e-02 -3.945389108155129138e-02 -4.267271774693695563e-02 -5.097613995032702905e-03 -5.851980200080894590e-02 4.322619889913048574e-02 1.702860076980680995e-02 5.127447051493505548e-02 1.074376502963615698e-02 -3.496428594763516251e-02 -3.864191385395149281e-02 4.141183242112985580e-03 1.807458114812197578e-02 1.239207930768437653e-02 -2.280109836844601903e-02 -4.998867376951745363e-04 -4.741803573575789632e-02 -1.436084277397680492e-02 3.670896141946167895e-02 5.941237304494988158e-02 -2.669096955564523657e-02 5.614780298616797033e-02 -2.519052172198426101e-02 6.900297682495395990e-02 5.327792169351950029e-04 -1.262290130419675971e-01 9.921329891311943261e-02 -8.502021741928579568e-02 -2.498517834097655627e-02 -1.108465145677741820e-01 -1.037324123419507312e-02 1.013831580072568628e-01 -9.701622008871366165e-02 1.991554023298083495e-02 4.474921004850749423e-02 -7.953099270803128118e-02 -4.095901261597531540e-02 5.022952333705921896e-02 -6.785419152663933751e-02 4.629511033432655992e-02 9.222199499963071312e-02 8.399124999083773524e-02 2.444253441870950991e-02 4.644831335754420060e-02 -5.471441236239803912e-02 -9.257753002677959059e-03 -4.114484526789163876e-02 -6.826169034941491354e-02 -5.841739028859106730e-02 -3.682259326067904154e-02 2.769618119622625080e-02 9.581406776625693567e-02 -1.272099801587590027e-02 4.445748818508461070e-02 -4.236894810774359532e-02 -8.992374131988796482e-02 -3.753402143742853858e-02 -3.127692370129848271e-02 1.467730760421938341e-01 5.209322578750236708e-03 -3.794127722747146769e-02 1.101150245322544139e-03 7.950475802198476299e-03 3.989916719989006211e-02 3.538532463095409725e-02 6.711007985574735102e-02 -3.718803968326700460e-02 8.474806482170110788e-03 -7.406131198698420737e-02 -3.383704138170125220e-02 -7.868862435137860545e-03 -2.348885197797401236e-02 8.230535893493373667e-02 7.232647389706914343e-03 -9.251580062948672190e-02 5.566003175391559532e-02 4.932494298507840436e-02 -1.024643104021217416e-02 -4.621028693777154417e-02 -1.066443074591363893e-02 6.713061567776126837e-02 4.157442825267296249e-02 -7.081287001020272753e-02 2.190308983571392920e-02 -4.966827485702135503e-02 6.815434627744412777e-02 3.178415200245213179e-02 -1.771774364241773814e-02 -8.764116014996888027e-03 8.607163438650139442e-02 2.348432844315234691e-02 -1.141950787876255258e-01 2.140822100336042810e-02 -1.200846382608647123e-01 5.017750669151745113e-02 -2.271161381987851779e-02 -2.195894203333056960e-02 2.644743479609634740e-02 2.405843339063841457e-02 3.196102025309710548e-02 6.505280990068613989e-02 2.086169837382356729e-02 2.511565674819482563e-02 2.546200187379638047e-02 1.636819277988327270e-02 -8.323309159255415368e-03 -7.783416933592500475e-02 3.530090770142546575e-02 -3.480936407883340744e-02 3.613274642219205246e-02 3.701174139795029849e-02 -3.184513261702348608e-02 7.849860098551906390e-03
3.737196233230650755e-01 -1.078303904551072834e-01 9.703701632337979888e-02 1.201966021408506224e-01 3.120269833844019694e-02 -7.815509917080223912e-02 -1.947972839975373183e-02 -2.069088226855874540e-02 3.357612818422756745e-02 -8.929233039516200343e-02 3.129996057241859336e-02 -2.401747973674146219e-01 -6.904196750918395464e-02 3.969384130843354175e-01 -1.586712788704395249e-01 5.245040295187317764e-02 4.990944384047873300e-02 -5.930991762153885877e-02 -6.227409616936060988e-02 2.830702296942006965e-02 -3.664075179480793393e-02 -2.816837602763256829e-02 -7.554600586996085276e-03 -8.767893387542277650e-02 -6.854678476086768779e-02 -2.121266162098579544e-01 5.310919501847097823e-01 3.790759830856830354e-02 -9.950877125860183026e-02 -6.858003743722568268e-02 -1.766456392154995558e-03 -4.901582568396998379e-02 -8.561938757470641259e-02 2.190276560473699008e-01 -1.445716436348632936e-02 -1.156640106395609990e-01 -6.155025470929652298e-02 -4.713757321122848815e-02 1.368805866600591135e-02 4.460426384981737158e-01 -1.058048828265510666e-01 -4.837970881442096860e-03 -2.959820298765458366e-02 -1.134829431747689521e-01 -7.587161337013663409e-02 1.381824546221171179e-01 -1.914856860489672769e-02 -5.581940940200347256e-02 -9.766266199571296824e-02 -3.496176267718908992e-02 -1.184109568472089952e-01 -5.474323560500278518e-02 3.463075046425277415e-01 7.133667736228507805e-02 6.621444875604641511e-02 -3.202386056027097666e-02 2.055032876153767632e-03 7.945219373673215180e-02 -1.004148659601842297e-01 -6.105510102824576735e-02 -9.056243316485440564e-02 -7.119655044828382406e-02 -6.837098547718692410e-02 6.015901833912806751e-02 -2.124342898518543840e-02 5.003315327320301265e-01 -8.874184429421427822e-02 3.938780709581975181e-02 -6.762621967113728594e-02 6.250754409248232557e-02 -5.645977958278034642e-02 -1.480123704481107472e-01 2.572624197496725662e-02 -9.459398753666858894e-02 4.576921631591605172e-02 2.966200323785472825e-02 8.687228686337465644e-02 -1.374987314677230121e-01 3.357205431281636288e-01 -1.660656956680633956e-03 8.077952764191280444e-02 -3.472603040308515354e-02 -8.963255826453776776e-02 -1.268913571503405002e-01 -1.218118776844847873e-01 -3.261608892683012795e-02 -1.316340464754436196e-02 -1.182619524626568053e-01 -8.786108812957629799e-02 -1.661489978475048229e-02 -2.461829472389872459e-03 4.487609528420535288e-01 -3.090527473212349718e-02 2.965044550526300116e-01 1.082881296559183582e-02 -2.038359891858853024e-01 -8.129877363632839748e-02 -9.315417892279088952e-02 -7.724913858472867711e-02 -8.735961104698408697e-02 -1.110014338881503901e-02 -1.459049605335008271e-02 2.922805204820993347e-02 1.006608659092700364e-02 3.317681669881688555e-01 1.313896701279176349e-01 -6.213936867266871278e-02 1.614268454628516383e-02 -1.520760337415907881e-01 -1.243767215219432898e-01 5.814699338036012632e-02 1.526279277624278952e-02 -1.504106748099278690e-01 -1.965889562436795579e-02 -5.530075863639223599e-02 7.336226096792863860e-02 -6.868226848888579761e-02 7.856924241493435934e-01 -8.943049444412520810e-02 -1.393884670300399864e-01 -2.628615027477870444e-02 -2.746981525082270448e-02 -1.286909616164956006e-02 3.328381204371545082e-02 -7.160661203660137475e-02 -3.321828064384103885e-02 -1.896415296355168922e-01 5.442044868993263507e-02 -8.724208363884657091e-02 6.993913838708490371e-02 3.774320076067421148e-01 8.249758035263676792e-03 -1.918400366209489505e-01 -1.079498655512808880e-01 3.743146605629488199e-02 1.514924551495589085e-02 -6.224792713610190209e-02 -1.249095310410144322e-01 -3.574818332174086594e-02 -1.165605827236922132e-01 2.694635899407087781e-03 1.055668015180800112e-01 8.155258619883193338e-02 3.921716570252635758e-01
2.996616888954655930e-02 -6.206934329140400414e-02 -6.177598814349430367e-02 1.416308433802468403e-01 -8.919778263128995410e-02 8.502367169469086938e-02 -9.701462807930502988e-03 -2.301439390571781776e-02 7.480193254033741523e-02 -2.403548001531786299e-02 -7.234500151603147355e-02 2.240123760994325655e-02 -4.381101969017547892e-02 1.041342146937385277e-01 -1.207431552851691431e-01 -4.567553231350085508e-02 -1.416392135608647747e-02 -1.609337715637644203e-02 -1.005420534189856684e-02 1.340665832389237137e-02 -7.252206148796195607e-03 1.210007369048377718e-01 5.334672823555598048e-02 -1.451449688769332509e-02 -7.788914430327074923e-02 4.099532087027598498e-02 -1.390781703254636847e-01 -1.863523791980891409e-01 1.748491426960673278e-01 -1.052956600863424741e-01 -3.468548269042491528e-03 5.290149547671488262e-02 -9.298748989930374909e-02 6.513962093022859778e-02 9.781114281043498671e-02 1.578820835685932067e-01 6.591589028488120672e-02 -5.889023850601850935e-02 -6.325580553205581436e-02 -3.058194410057391704e-02 9.156276610381570980e-02 -2.776484771742366436e-02 -2.779515442781584165e-03 -1.138382315119277483e-02 -2.257870192084301952e-02 7.466528182001580527e-02 7.254479210090699487e-04 3.938082126216724439e-03 3.234036988141947983e-02 -7.650127567432294350e-03 6.352870465874400907e-02 -1.305871890444588318e-02 1.968137953432010090e-02 -8.544066930270742544e-02 5.012566460604021140e-02 -2.605286711018872312e-02 -3.941726554268148996e-02 -7.683427299048589676e-02 1.614352923230882586e-01 -1.906105354442650529e-02 8.812428213791660692e-02 2.090378850583917564e-02 -1.654511208994597082e-01 -5.000876283901812408e-02 -3.011044426542286087e-02 -7.236429689790678521e-02 -6.343471870265407486e-02 -1.902125826110333956e-02 8.986411340250266555e-02 1.129353636906858804e-01 4.788941497570328720e-02 7.192728783945731563e-02 -3.805019669017797868e-02 1.048948109558665853e-02 -1.135680627904852857e-01 1.223365458003966913e-02 1.214709630202219226e-01 -6.364123596094424518e-02 -6.146844344432437351e-02 4.607290533133816951e-02 -6.033569769806068628e-02 5.586943978941426433e-04 -1.376579700921740611e-02 1.299887030031823820e-01 1.572174728568117089e-02 5.460319274841304860e-02 3.621911784494983438e-02 6.339342589884984502e-02 1.004441642383447882e-03 -1.393571344369867182e-01 -5.957666950711087289e-02 6.942322419741581152e-02 -3.305400175054989259e-02 -1.075844789155871589e-01 5.703380557018356001e-02 4.814549950299697872e-02 6.585647220494787735e-02 2.119162394550790432e-02 -4.326948040577578702e-02 -5.410110784075559259e-02 5.948364436787999254e-02 -8.143046813482647528e-02 -3.327117899481824015e-02 1.175384866765629560e-02 -4.239076482872490559e-02 3.851794812860115380e-02 9.697313112045702344e-02 -6.414183435905367742e-03 -4.359113923645462074e-02 9.215356317037051714e-02 -1.965960468996093835e-01 -5.786708799395766378e-02 7.953880315937472689e-02 -7.993456947362062581e-02 -2.400826246937302899e-02 6.724319761933469919e-02 -7.073025612185850075e-02 5.949600700306036105e-02 9.780311473084926654e-02 9.036663740185316152e-02 -2.189262583522282729e-02 3.063488513473908159e-02 -2.485371896186532384e-02 -1.051431703300596820e-01 2.643178002260684889e-02 -1.591927716887695660e-02 2.770251779099729833e-02 7.108749651110701784e-02 7.314039884446547901e-02 -3.484739645883570131e-02 7.245945230492892297e-03 -6.538803229081451007e-03 -9.383261193536027167e-02 6.555448728967523675e-02 -1.077284256149176334e-01 6.110876157736997577e-02 -1.401537282559011943e-01 5.293102175957104666e-02 2.340017900728925265e-02 6.325047439699339746e-03 5.198371364503649728e-02 2.413005435752430677e-02 1.842079705977316129e-02 4.728103468310577290e-02
1.073220727994272927e-02 4.575693012525018644e-02 -1.065674534792463851e-01 1.020778660455515796e-01 -9.517245328953828631e-02 -9.748365393939106838e-02 -1.456349930928082376e-02 1.319128839255826746e-01 1.549898893197398063e-02 -2.382289065514516316e-02 7.989351931730373502e-02 -7.355333842954173140e-02 -4.205466241430041996e-02 -6.067507836322007242e-02 3.665014915681691354e-02 2.134416281792079692e-02 5.461048143713247843e-02 7.274854913284747870e-02 7.254844482681196971e-02 -3.346134514511106550e-02 -2.007862296910614339e-02 -2.847723269062444121e-02 -7.405303022929460299e-02 4.365023860501105152e-04 -2.899730384408203288e-03 4.230451902796005664e-02 -1.564034236304061645e-02 3.002561229191429149e-02 -4.227073150947814606e-02 1.599865917716855948e-02 1.316108170752745572e-03 1.836251543447770668e-02 -8.578005343721376019e-02 3.786036778945451459e-02 -2.109245149679970024e-02 4.103875326129652334e-02 -7.526972100936316079e-02 1.083667448993659577e-01 -1.735985009581217722e-02 7.966509867833644620e-02 3.183751980481600713e-02 -2.546230813100260060e-02 5.795104084048954829e-02 2.345709799336807844e-02 -5.568762379008169311e-02 -4.528265668506979008e-02 -3.622826106491420367e-02 -3.455795371084077056e-02 4.110376488574658815e-02 2.326528838158325660e-02 -7.323027439863939725e-02 -3.903270895852984507e-02 -1.648531092391777517e-02 2.645521204252179043e-02 -2.223574378007856650e-02 -3.860986153281950606e-02 1.422457679480220172e-01 -1.005186800664180369e-02 1.647247621084016803e-02 2.998347952069563976e-02 -1.757346954590262300e-02 -1.568301124686938552e-01 8.438827017558181431e-02 -6.296582261833622018e-02 -2.147713665518298336e-03 1.379874095818428570e-01 -3.896014487536107046e-02 2.179596782355336729e-02 -6.496163536676942407e-02 -1.647072823380379275e-02 1.016937623654711464e-01 -2.563721984557296857e-02 1.130565988778882251e-02 4.377128011554751869e-02 -1.954955857088321730e-02 -4.308332925105664429e-02 6.421024045150794455e-05 -5.286934221367001197e-02 4.540594148071097624e-02 -5.007756072249668761e-02 -9.083674609656106069e-02 4.875876353526243517e-02 9.155255945704017517e-02 5.682031522034008270e-02 6.146235857421287335e-02 -7.215953462356602954e-02 -8.673726479138367529e-02 2.018171318787447335e-02 -3.411879805479098998e-02 4.936062738680731948e-02 3.950378077971725826e-02 -1.837272115632932953e-02 6.166102888004704879e-02 3.697735142821162446e-02 -9.227475024451277374e-02 2.768925149577578654e-02 -2.907706818728154896e-02 -7.912343668624929882e-02 1.685628352008986253e-01 4.648637887512298283e-02 6.932563755383472359e-02 -3.160461635914879608e-02 -7.766372850549502216e-02 -6.581557866830542447e-02 5.870738915001968983e-02 -5.674983458581300301e-03 -6.269519610218092509e-02 1.141943584401494682e-01 -7.166510571593169565e-03 -6.034308844686444434e-04 5.037254565438276793e-02 -1.669290946158408229e-02 4.185826855319786655e-02 1.430750097263938300e-02 1.843922601038754105e-02 1.456162564668202208e-02 -3.022952398261585794e-02 -3.634464133027456856e-02 1.593221962394947289e-03 -2.836820196282317796e-02 1.245281654600732119e-01 6.957383908648999415e-02 -3.970101815392854117e-02 -6.336045420264865835e-02 -2.397682919142559224e-02 -7.802476142580430651e-02 -9.655089969357481816e-03 6.095667724633208051e-02 -2.487269067082642504e-02 -5.080857601205053531e-02 2.790022270024049983e-02 -3.122592155369358080e-02 -5.087256620550086039e-02 6.363883025978862851e-02 1.980110764902850984e-02 -9.554023152353416370e-03 -1.338997109818733551e-02 9.963783258580063973e-04 -5.009237182201229516e-03 -7.611311282505461850e-02 -1.471832865560507297e-02 7.648931889826297847e-02 5.136360563749667318e-02 2.582804354864734475e-02
3.245690188119662034e-01 -9.375108761081597103e-03 5.974889899599889614e-02 -5.797761318361072114e-02 -6.698831361625759429e-02 -6.506979619662112135e-02 -3.195563291545581996e-02 -7.201500518100656389e-02 -1.706160749254610753e-02 8.928958272551293374e-02 -1.159220516470347573e-01 -3.518463415135511529e-02 -9.517250124949104551e-03 3.698927032433714235e-01 5.178092343469622126e-03 2.618451126674790214e-02 3.004940819595791623e-03 -3.739593400261784217e-02 -1.188434618600257286e-01 -1.023944764599764579e-01 2.456484445102356806e-02 1.390284867440705341e-02 -4.052027217157277983e-02 -1.589018958018649508e-02 1.625347979300378193e-02 -5.337732951822234811e-02 3.353426233140470725e-01 6.223420931179873827e-02 -7.211067811704907626e-02 -1.035320272599514896e-01 8.274231053488867796e-03 -3.592388724205222705e-02 -8.545887147350450519e-02 1.091520933612115385e-01 -5.441729637844287121e-02 -1.227690221434735995e-01 -1.858109196955453069e-01 -5.225255606402667841e-02 8.180439020990692978e-02 3.975366041120800276e-01 -9.262943650165231246e-02 -1.838938075470324118e-02 -1.003021083323406559e-01 4.088208461549883849e-02 1.356606649412727891e-02 1.005618004412251881e-01 -9.546729434177485263e-02 -8.052195324184086012e-02 7.855272300649591977e-03 -4.782911931650521420e-02 5.914638889483230660e-02 -1.883800004016485119e-02 2.840467615205059526e-01 -5.065161087521868888e-02 -5.741099676061795637e-02 1.001893283852204296e-02 -2.858474641927076509e-02 -1.181313042671706948e-01 4.837981555401367484e-02 3.037449653917886211e-02 -1.168297811059105934e-01 -4.475517781055524114e-02 -6.011786681745547728e-02 3.462779993692268604e-02 -6.359423230353627998e-04 3.322067646385192807e-01 -5.484947828745975057e-02 -9.449972053861191434e-02 1.423769789905736105e-01 -4.865154658909247309e-02 -4.482018983969077164e-04 6.714126316240395798e-03 1.265422895851316815e-02 -1.843105022872819077e-01 9.044020091881424528e-02 -3.967212689979120188e-02 -1.781518955993468545e-01 -7.451947913933895662e-02 3.598954067644777322e-01 5.925840151403384548e-02 -7.126336281187871380e-02 1.790104280996659969e-02 -2.411813397056045485e-02 -2.424686314174744062e-02 -7.423269971629141428e-02 -1.576752366519660331e-01 1.577768248726850453e-02 1.106142504302065066e-01 -8.480782949956065797e-02 -1.421627083016867854e-01 2.938518652544859500e-03 2.463673867691013042e-01 5.243291518927519629e-03 -9.918908382502905630e-02 2.975511348971317943e-02 1.865332949735440116e-01 -5.891449853733703862e-02 -1.822757671550523373e-02 -7.143360483595437294e-02 4.908229754722462368e-02 -7.594876239733319712e-02 1.015753618815013193e-01 -8.930564325120748936e-02 -1.058012253851319112e-01 4.102972229190967601e-01 5.310035773991337443e-02 -1.136984396035323752e-01 2.179814564140435118e-02 -5.364110931637355861e-03 -1.015768218620051178e-01 6.959967896831863177e-02 7.320182627621416027e-02 -2.016958844173775689e-01 -1.036597687429717807e-01 -1.836300919891842298e-04 -1.095740554074508266e-01 -4.966429809066691403e-02 5.230308346896659355e-01 -8.260267431258014326e-02 -2.913020847432262056e-02 -1.107180732596766415e-01 -2.115253187972673463e-02 3.535666745480736672e-02 -1.689204679405388598e-02 -1.058060243023805497e-02 -1.640300192314547018e-02 -4.511185544536493869e-02 -2.956107342971588114e-02 -7.604432895093382605e-03 1.640225759243411560e-02 2.774367440000963247e-01 4.711191278310226938e-02 -7.738645638689163608e-02 -8.862154196183522070e-02 -2.727544956033493145e-02 -5.153544226598627542e-02 -4.110089239267869510e-02 -8.495936428974659727e-02 -4.232360738748049134e-02 1.071737593356682228e-02 3.762605256077672378e-02 -6.671988607322484888e-02 8.400876064665360743e-02 5.660111519635078192e-01
8.866364866999862371e-02 4.418570443292801214e-02 -1.152020030720747185e-01 -4.749812715702207006e-02 6.794280202804470203e-02 4.161724591192790534e-02 2.524251094964470865e-01 -2.618934002574239694e-01 4.582023449855198403e-03 9.190341269795532578e-03 -1.142756607539302111e-01 2.280165284713584484e-01 1.837474804679488649e-01 -2.794290927965953353e-02 -2.401894901758488965e-02 -1.719863069235998410e-01 6.120977687413976104e-02 -1.411910286205282361e-01 2.914539783877991841e-01 -9.291176559562998316e-02 4.681802402852529299e-02 -2.234885420673722312e-01 8.574751189536589102e-02 1.871202665553866606e-01 3.058087837308068879e-01 -4.442461344504438497e-02 -1.003466073529548364e-01 -5.121219211468048399e-02 7.495592992126236254e-02 8.441810358079751553e-02 2.132322295134206902e-01 -1.517451862034081660e-02 -8.726202436425065101e-02 -9.495602332800909262e-02 -2.173620614317453570e-01 -2.557100188426260703e-02 1.018502196986951491e-01 2.571249632045015041e-02 -3.999860224716208362e-02 -5.978626920414175511e-02 1.282031980513655411e-01 -2.421881773696909768e-01 2.957978016090394013e-01 -2.083742523765682586e-01 2.663733646489700041e-02 -1.540817236801766410e-01 1.651542119537037501e-01 2.306841937428935063e-01 -8.899870268748200086e-02 1.371459347935471140e-01 -1.482768509446972527e-01 -1.261432570855276249e-02 -8.028687148912735938e-02 -4.183439556624941880e-02 2.448857076522305554e-01 -3.783801173756393132e-02 -9.876167387217628379e-02 1.966985010518013666e-01 9.523787668880023122e-03 1.022970479564833460e-02 1.578169232292935265e-01 1.086000748061797250e-01 -2.038536970903989110e-01 -6.398711780940462279e-02 -1.973235938126249520e-02 -2.024284127186700300e-03 3.526622375559707034e-01 -6.595084429889584710e-02 -1.256411832777421800e-01 2.893989763524836261e-03 3.304894873498687158e-02 -7.523121910701698056e-02 -2.520930340206282635e-02 6.351651434020109607e-03 2.415760101770281741e-03 -4.416027299720379044e-03 1.130022063960456485e-01 -1.899377040200208311e-01 1.498469953978797398e-01 -1.188455125428216769e-01 3.342901379085114894e-02 -6.879586688191331734e-02 2.158341252179366010e-01 8.413576824057859838e-02 3.470412413451240408e-01 -9.587043652010761308e-02 -6.300652362992875677e-02 -1.670147665405948834e-01 1.508785501978363863e-01 -1.144655659971838824e-01 2.173678303678885648e-01 -2.400525688868110352e-02 1.163078450033910582e-01 -2.891664247652527830e-01 7.264656251713725796e-03 5.696184521814697671e-02 1.495323822798103053e-01 -2.413243827211573878e-02 -9.524725029024128098e-03 -2.440684845399719582e-01 -1.617762435252476094e-01 1.347164062862317435e-01 3.443415723875733470e-01 1.022097137807891076e-01 6.509782410422040866e-02 -2.296141657455570972e-01 7.596947544403191699e-02 -2.004896811285852842e-01 8.012761724586697776e-02 6.964461345429620587e-02 -6.429503095768041021e-02 -4.498318853397736961e-02 6.382873317424357651e-02 2.091835786413848153e-02 2.263382269254647916e-01 -1.558880403474739995e-01 -1.569315565250191391e-02 -1.919045554599593806e-02 -9.004596722339208714e-02 8.932737113337033130e-02 1.415227591940459995e-02 9.378227554954499112e-02 -5.626952148650921082e-02 -6.506470517071219484e-02 -1.725863368061519854e-02 3.076147120785660549e-02 1.171962797541010737e-01 -3.053857479302252848e-02 -5.585731291186214753e-02 1.077304599361957466e-01 -2.707330605912322552e-02 -5.139253701457469070e-02 1.570823433449371476e-01 -6.403341212173514763e-02 1.472403055949510486e-01 -1.085286958665990231e-01 1.000176722850321109e-01 -1.025500686224256608e-03 1.966949498543464903e-01 -6.952392925408371060e-02 -1.999907615584779058e-02 -1.859490759023415540e-01 -4.312888779405693596e-02 -6.047153985355380179e-03
3.155145295268169114e-02 -4.961253798849332708e-02 -6.929566768287657996e-02 -1.928700769834680584e-02 1.014901651379489095e-01 1.683905542780264608e-02 1.785444440379566067e-02 -1.571707139692132132e-02 9.594590078810448508e-02 -1.169125916398468419e-02 9.720772122455563187e-04 -8.111024676415844181e-02 -1.003648901311851860e-01 2.315460976591544179e-02 -5.146924096449084080e-02 -1.594490841019990598e-02 4.202834828285652996e-02 -2.384808909501780899e-02 2.806622871261735264e-02 7.596555816798225905e-03 -5.470800407085778944e-02 5.459908610580333638e-02 3.421686272331993239e-02 5.228887565555905698e-02 -4.128288854053201173e-02 9.393156206126051719e-03 -1.820172411037519755e-02 4.619294915447763605e-02 3.358921003691141272e-02 -2.723665083882846616e-02 -1.970594735290218460e-02 7.782657709990291328e-02 -1.918981458625775363e-02 -9.719385566512651897e-02 1.655118226590641950e-02 -1.220767583355531621e-03 6.276792943783052192e-02 -7.995399772609639716e-03 -6.259633457749777530e-02 3.933138726245971606e-02 -1.120020470578091988e-02 -4.758689601534635966e-02 4.626338551795978332e-02 3.910017619900014313e-02 -1.286585463858843335e-02 2.488866360628076355e-02 -5.254489917241186164e-02 2.044383524475696864e-02 -1.874363333692998998e-02 -7.630644748940863115e-03 3.164555050019569882e-02 2.315670884901259788e-02 -2.118673867597987547e-03 -2.174144810049324569e-02 8.344073344075135512e-02 -2.836361446547858850e-02 -1.147859906244523207e-02 4.579808427696177575e-02 -1.051817110577198816e-02 -7.246785496374157087e-02 8.839146066396133539e-02 1.388542286244828089e-02 -1.321095382192586688e-02 -5.444121322941433694e-03 -3.626784865658461837e-02 -3.130823662794463003e-02 -4.818151694422068143e-02 -8.102582390670888535e-02 3.968052329945971624e-02 3.564162539215130071e-02 2.138396556794160824e-02 5.053402169046349035e-02 -3.749521284440331809e-02 -3.856016842790688931e-02 -3.462344715167114950e-02 2.242272017443411314e-02 8.419349758528270333e-02 -4.399247061627498817e-02 1.871476221847954632e-02 2.079811150272580650e-02 -1.352503324299430057e-02 1.460685102369538128e-02 1.617491724021755811e-02 -6.326591111090585848e-03 -5.858670531640720186e-02 2.170446966639689654e-02 4.419194561294165907e-02 1.722863890625161553e-03 -2.463010511738821656e-02 2.013723252001756083e-03 -4.147786626063558468e-02 3.909429693244061838e-02 -3.747022462478759308e-02 -8.852810240800453381e-03 3.695851906981630075e-02 3.653551885366258106e-02 2.927962214212146558e-02 3.665861804251303868e-02 3.395500384334433630e-02 -4.040374017619064589e-02 -4.112388205924778078e-02 4.586745856806269395e-02 -4.756140205920984104e-02 -2.415282416869214688e-02 -8.880818399125002538e-03 -3.027576580814148738e-02 3.228446947646328863e-02 4.151642856903557666e-02 -5.821321646709145398e-03 1.120441912788504163e-01 7.040529177439154573e-02 1.869327384685738613e-02 -1.114531569476534395e-01 7.053934539184633645e-02 -4.142256710188697844e-02 -1.286372215110898054e-02 -1.503106146530971965e-02 -5.512960922397830421e-02 -2.899168394723319192e-02 3.574572754644206318e-03 -3.625570898633391492e-02 -3.463761229869216640e-04 4.259942784616568834e-03 -5.946598295751509555e-02 7.262452927407732350e-02 5.963345872666071107e-02 -1.985106195830280834e-02 -6.053314196604978048e-02 1.970940041891401651e-02 2.332855098365364810e-02 1.827968115811411803e-02 4.367447957000697434e-03 2.383844913611606747e-02 -2.362972257878657653e-02 6.734393924736291337e-02 -1.795969522507063695e-02 -1.824903164952261514e-02 3.606322025912640783e-02 1.946699773822785015e-02 4.172972922813106278e-02 -4.746826962414385509e-02 -1.414352420769582862e-02 -2.704169825076505745e-02 -4.173191103673902502e-03
4.047832855078550285e-01 3.336776614390507545e-02 -1.120561266412620494e-01 -6.106185391489271641e-03 4.672581318563483188e-03 4.184382712146866856e-02 9.621458798050488981e-02 5.051843672898622545e-03 -1.070387042495322127e-01 -9.670106443827140852e-02 1.810424729493688434e-02 -3.872668370260526349e-02 5.080036148520643280e-02 4.511875828741256367e-01 -9.073334910503196016e-02 -7.579853724646805346e-02 5.676903717669880972e-02 -1.348093152499754976e-01 4.591939345770478659e-02 -9.699152644411117297e-03 3.524587258615873714e-02 4.232398892259772033e-02 -2.045474534930154242e-01 -9.837927198828361197e-02 -9.121926943179593794e-02 -1.207393674195210015e-01 5.417611874627733526e-01 -1.060476453561648436e-01 -7.847698381665205170e-02 -4.558109530483582528e-02 4.588009576278304080e-02 1.397819128625964469e-01 7.591807708074038707e-02 -2.121605629344329447e-02 -1.326243937430145181e-01 -1.023553428252477748e-01 -5.165697404118233665e-02 -1.773110939408132636e-01 -4.275740827447258030e-02 5.726138691665824121e-01 2.331381792408071529e-02 1.485861853220527273e-01 -9.660095140627020238e-02 2.737900907806421064e-02 -5.384188566585754177e-02 -4.750919762032457250e-02 1.358062193642409210e-02 -1.245504201434774610e-01 -3.831610986513153683e-02 5.803466401033560013e-02 -1.959936682989348034e-02 6.224053314298909345e-02 3.618989057899149042e-01 -8.558141632967268542e-02 -7.468749008124855870e-02 1.070657767628619694e-01 -2.650211836352901057e-02 -2.549499133157003689e-02 -1.408458562071440157e-01 -2.700481294133568952e-02 9.365153680439899930e-02 -2.598691630532955488e-01 6.345510573297755141e-03 2.095487396311984107e-01 -7.065564923447587020e-02 5.008849457432362762e-01 -1.820508967426516800e-01 3.582398552916976620e-02 -1.424567981478386258e-03 3.998607009473445495e-02 -3.078391665227337565e-02 -1.137481062575422808e-01 1.136047284564232485e-01 -5.898657244052925297e-02 1.299409996693790537e-01 -5.883037953306469170e-02 -1.400595680122150577e-01 -6.878475096769243180e-02 4.334035860977588084e-01 1.290518373923658091e-01 -7.478438874313828033e-02 -1.361355868182861362e-01 -6.030949080615317232e-02 -4.226531495177004993e-02 3.180498644722182244e-03 -1.322393447150188028e-01 8.330821491476787799e-02 -4.848976989066509924e-02 5.824560941914559697e-02 -3.315389820619006611e-02 4.496306959040224926e-02 4.108475173764031263e-01 -6.678804867484405827e-02 1.525615558122280779e-01 -1.959136548326366745e-01 -8.331561066641246516e-02 -3.933420361914982677e-02 -6.311036565448416291e-02 1.103979733421014409e-01 -7.863525185917397131e-02 -4.868483963892096533e-02 -1.387419277147899921e-02 -7.018329370604464712e-02 2.075196837748564255e-02 5.574899104809951655e-01 1.881302718187118084e-02 -2.034430056404327447e-01 -8.318341021162589666e-02 -2.773286022554943137e-02 -1.517502621342618485e-01 9.067082800246339946e-02 -2.940862458788933570e-02 -1.156225081668917076e-02 6.776953783066397806e-03 -1.103556447612748792e-01 9.233171061620364106e-02 1.230383506360284082e-02 6.032701869151455565e-01 -6.662324002813097001e-02 -2.562132501721858246e-01 1.235954433882530956e-01 -2.821006799176509761e-01 -5.322933590781485369e-02 6.822577140333035972e-02 -1.328953867576364301e-02 -7.379948397104460489e-02 -1.310115770338641725e-02 -1.493196597126305314e-01 -1.453874042197289274e-01 1.598615339391989687e-01 4.841540193271213210e-01 4.923825891702784951e-02 -4.636075743259353982e-02 -2.941118669188935719e-02 2.226458961620908505e-02 -5.141750580120617309e-02 -4.308297907616778777e-02 -3.638164212214552162e-02 1.429490574406895587e-03 6.648122795437316768e-02 -6.008715578149151360e-03 -1.730034511006651177e-01 -5.054665807538589323e-02 4.727200017455463477e-01
4.477293022097735692e-02 -4.285614581071960777e-02 3.624857482192041236e-02 -6.916948999699136513e-02 4.022767749470283066e-02 7.916131103966979332e-02 5.805922975321017865e-02 7.174338832882153072e-02 -3.827353777286136155e-02 -4.258592984401234072e-02 -5.968644695156380409e-02 -4.465459155819168774e-02 3.616865276305771676e-02 -6.109407301222855025e-02 -3.072143917805826401e-03 9.681192463761092992e-02 7.114501701615395801e-02 -2.118044754892742521e-01 1.005134038102586252e-01 -4.943249989437469710e-02 2.276302894224825624e-02 3.000902360540131861e-02 9.270564333517034017e-02 -7.213584500108873032e-02 -2.125033194953758475e-01 -1.788808001199000963e-01 -1.588673352358448698e-01 3.556758846153546243e-03 2.417266067833951093e-01 -1.214263430335136423e-01 2.665020170721824622e-01 -8.307359799059932381e-02 1.173598810769367964e-02 1.259291972723844688e-01 3.920713271966192598e-02 1.849708226993371923e-02 1.038599649884353188e-01 -2.376912813834902716e-01 5.304766723461930289e-02 -5.777667529208432157e-02 1.504891231684560848e-01 -9.317422230243042891e-02 -1.571586843046432393e-03 -1.477821555580492996e-01 1.611130159849757659e-01 4.235689310246894962e-02 9.127938564866285021e-02 1.055840006640952622e-02 -8.242498656832032700e-02 -1.572684262390170451e-01 4.055087130183524652e-02 7.749722637536129999e-02 1.776504850366267263e-01 -1.707681232985642505e-01 9.307272045900627511e-02 -3.172127864927885149e-02 -4.937664235467125601e-02 2.950438652684782281e-02 7.464972418534328302e-02 2.259935986282681636e-02 7.826677263902800941e-02 -7.572729372599663888e-02 9.906078333919554613e-02 -8.355959654573300033e-02 1.063253116441506829e-01 4.044962520343125395e-02 5.048698399854960328e-02 -2.118293525429605986e-02 -2.185783987404396958e-02 -6.173787252886198812e-02 8.206665283527106447e-03 -7.536439007715807492e-02 -1.103877791814604145e-02 -1.782415301879224923e-01 1.352945719748821218e-01 -5.066883147059855937e-03 2.308808145769302711e-01 -1.647854083979566897e-01 5.399762644993753163e-02 3.001432474165166217e-02 -8.925057354993182201e-02 -1.498102539752038144e-02 1.448179846368350954e-01 -7.653930007264482527e-02 9.260001103629145192e-02 1.294890938429591187e-01 6.503167163175675725e-02 6.620437748363609820e-02 -1.481336772045188377e-01 -6.214633055119480470e-02 -3.383744024631195335e-02 1.066161968187594733e-01 -2.214587184902151035e-02 -6.160825911875070227e-02 3.244578517903258519e-02 -1.141957412384583814e-01 1.018445988943572633e-03 -1.925678715358353776e-01 5.730373845168106745e-02 1.068973242108486876e-02 2.181995734803180986e-01 -4.120897488686520171e-02 9.263097404199602258e-02 -7.490648330867100135e-02 -2.103812910561875249e-02 -3.839399871595924191e-02 -1.398612656900141693e-02 5.224726156481215855e-02 -5.169895119981020304e-02 -4.445500110561501073e-02 -1.037547809683933286e-01 2.271518671643650567e-02 9.056168821455433393e-02 -1.337542553768954479e-01 1.956370776999294681e-01 4.833809317399498373e-02 1.054651860617589199e-02 9.799546261103656009e-02 1.488457077695667236e-02 -1.477546742890467613e-01 2.085846370235419633e-02 4.228583880660551075e-02 8.639735313518970283e-02 1.061024649829555022e-01 8.574039655007141547e-02 -2.702804618048056107e-02 -5.688436460437890779e-03 1.149560690847413608e-01 -1.017121482675802657e-01 -1.698037942782363030e-01 -3.259933844004286874e-02 -7.356537051253003723e-02 -8.463358599003878435e-02 -2.213577360944080641e-01 2.139778767977471019e-02 -5.673008125769928023e-02 1.860017870719183897e-01 -3.588488622190980082e-03 8.593123819826750664e-02 -1.072259497166133668e-04 3.425282047587865225e-02 -5.022041652656969446e-02 7.880935570267753876e-02 2.219802457071487489e-02
-2.367003936440655390e-02 -3.887814378166302293e-02 4.774506048478748682e-02 -1.302088107853440792e-02 -5.580570281673331162e-02 8.427993005688486083e-02 -2.320042721424987048e-04 2.860265920736392367e-02 -4.514443576940934191e-03 2.533704319216892667e-02 -4.101373654381992861e-02 4.479931194120028576e-03 -6.215134357183766702e-03 -1.175805501041234796e-02 -2.170135318268224395e-02 1.875392885407999727e-02 8.622330762461749218e-03 2.465706969215223851e-02 -3.954018042512112002e-02 -1.059944548310487672e-03 9.681636405998050475e-04 7.572403336290452203e-03 4.705178045466416187e-02 -1.153619919306342334e-02 -1.022178145549602034e-02 -4.232056911456572729e-02 -3.514759725711524146e-02 -4.846129349796748226e-03 1.447969759606952764e-03 -5.214114021015955891e-02 8.139686531225959198e-03 -1.140847675183242517e-02 1.772912927864684837e-02 3.101133155004629979e-02 2.241256939985754662e-02 1.131253447955347380e-01 -9.628062453366153378e-03 -6.425314907302406842e-02 2.687748674120505124e-02 -2.248050914958333625e-03 1.534820264266856249e-02 -1.326978213341324306e-02 1.968966812394581933e-02 -3.206308458334335490e-03 -3.133279940740443803e-02 2.736579546433914184e-02 1.995093341079670970e-02 1.384116971903421277e-02 -3.561197018448683527e-02 -1.386608599641122111e-02 3.626413927950165178e-02 5.021975994071394347e-03 -5.604826094361855388e-02 4.482997053335453091e-02 7.620012823342790786e-02 3.579936061083684173e-02 -7.531184901594370484e-02 2.821494851396608161e-02 -5.652026490384619989e-02 2.020899024926266913e-02 4.752901198470035199e-02 -3.656591900096957393e-02 1.044066867566060229e-02 -5.451124851458975101e-02 -3.413198133666903861e-02 -1.622575117357276386e-02 -6.605329877519728818e-03 -1.890474209162026561e-02 1.027868339192737901e-01 1.389365798662078183e-02 -7.279371326145074247e-03 2.535374276101473243e-02 1.757248706304130950e-02 3.376449248956720633e-02 4.745857084840376071e-03 2.225736869058247622e-02 2.237447719813292352e-02 1.951928301411996747e-02 -4.978550720995131296e-02 -1.649327125808625408e-02 2.704397089714915756e-02 -3.586765156784231523e-02 -1.558089404915814248e-02 2.454710454435606037e-02 -4.567016114398571996e-02 2.763756229351572308e-02 3.742228567909135217e-02 -1.803823146194130124e-03 3.867769727648900230e-02 -1.895013144179815215e-02 5.485540752773079669e-03 1.533435221551483242e-02 1.374283125843742473e-02 3.048324690887965153e-03 -2.395277542946058075e-02 -4.705678506094700814e-02 1.871028132389614129e-02 -2.317973207403244834e-03 -2.786896118502962122e-02 -1.946369919121623826e-02 3.199841773475750606e-03 -6.001749658206639165e-02 2.778960583464820666e-02 2.119361625586882458e-02 5.929145860583210498e-02 1.373979507565517566e-02 1.310473113114819094e-02 -2.515284885720658892e-02 3.458541308526344449e-02 -4.180343871869592748e-02 2.453782938504452810e-03 -5.335544067528057155e-03 9.179617542666441976e-02 -2.931496489208768735e-02 -4.749073044574975144e-02 -2.093512659872333662e-02 -6.312038339869470438e-02 -5.518202570930115514e-03 1.030847562835062875e-01 2.521860847978563136e-02 -1.646172406270511590e-02 -1.244747330474091362e-02 -5.418580028142908067e-02 3.193011162297276773e-02 -5.494729224038556736e-02 1.443484965729155065e-02 5.096452430802909245e-02 1.347328463686238952e-02 5.215597215794312569e-02 -2.920086562313149378e-02 2.502971913949795721e-02 -1.481853592874774264e-02 3.546831722067374237e-02 9.904850183539407049e-02 2.154088108044202587e-02 3.167266464685300487e-02 2.028243322724374367e-02 -5.386584993478116257e-02 1.291600326990391748e-02 -2.810376493299225273e-02 -2.551997686734262805e-02 -3.780069069649058533e-02 -2.187988437383621421e-02 -4.600261193876087340e-02
7.098332514684810857e-01 1.029589024554193044e-01 -8.078777328172789818e-03 1.922623476240850893e-01 -3.450228506750521035e-02 8.240713674458169380e-02 -1.490190892668448730e-01 -1.070927298188012883e-01 -2.244328927916727778e-01 -1.952369651176676657e-01 -1.732620707803214921e-01 -1.181537067430589172e-01 4.778794200472768344e-02 5.416064788919938700e-01 -1.323146803295455198e-01 6.376880732607526081e-02 -1.391988340296980708e-01 2.077912475232934209e-01 -3.005496518099200903e-02 6.116626425910735854e-02 -2.481895187392121893e-01 -1.716262858509940425e-01 -3.167306875163079100e-02 3.721699339713177568e-02 2.302598593723789722e-02 -4.070662362152378810e-02 6.747133894874233206e-01 1.199002656210123030e-01 -2.079401540795899894e-02 1.129422447724394429e-01 -1.745712036091607577e-01 9.138411202709674497e-03 -1.559803844015758278e-01 -2.302310586011344085e-01 -9.000160782250288261e-02 9.914317774139567302e-03 5.353476046718250170e-02 7.949957947298205707e-02 5.181371704109025145e-02 7.671824884317445248e-01 -1.490190946401957484e-01 1.800931336898851653e-01 -9.120047308570977673e-02 -1.299370916520628805e-01 -2.390942003694961349e-01 -1.241874631471113211e-01 -2.542791070252754526e-01 -1.535784586330605217e-01 1.047584994620925913e-02 3.151477748778204468e-02 3.452954688159487473e-02 1.212391797297188156e-02 4.995384681541914507e-01 2.682944066651121728e-01 1.026937913491418330e-01 -1.267587627790347227e-01 -1.746964909264948074e-01 -1.671701204440918243e-01 -2.567389541709176326e-01 -1.526212753545556355e-01 -3.329847599901734206e-02 1.065354439554631188e-01 -1.171304731022288458e-02 7.006481926048985232e-02 -6.268231728226539290e-02 8.506066514317258687e-01 2.877563940442133192e-02 -1.238628786619169475e-01 -2.125410140588392671e-01 -2.168305050112826760e-01 -1.543749647424965121e-01 -1.597999309989588390e-01 1.919511907913453927e-02 1.242799386718447807e-01 -9.566098379312060196e-02 4.067286518656798577e-02 2.718927627796737315e-02 2.113898561727550196e-01 5.865673479941344581e-01 -1.029895147136253852e-01 -1.737319468554082147e-01 -2.517044171702100819e-01 -2.501403019544474748e-01 -2.015694176720264977e-02 6.801202987416246626e-02 1.132000501395448305e-01 3.850712445043347198e-02 3.779174289388922969e-02 -1.222181231898631371e-01 3.203788329923892841e-02 -1.394220161634587007e-01 6.207755490562075762e-01 -2.631265390343136001e-01 -1.934405409951685806e-01 9.781599709812435761e-02 -8.550584278715189779e-03 -3.297110935894684292e-02 1.254040056304828177e-02 2.951574010289459427e-02 7.987736191079596038e-02 -5.338029169998620427e-02 1.406740619210101184e-01 -3.583298257812619902e-02 -9.960876571925719736e-02 4.242743626442738725e-01 -1.840037857345507288e-01 -1.233369506382172992e-01 -5.240046666985020973e-02 5.467452376792747426e-02 7.478891725617606290e-02 -4.356614894951393868e-02 2.539242328033458618e-01 -5.051955430692891408e-02 2.026772552480486378e-01 -1.888670465265790410e-01 -1.090221463245894251e-01 -2.068004353388685490e-01 3.584257224768485628e-01 -2.685303218753781196e-01 -1.399826567491803120e-01 1.091251158404025687e-02 8.564716067751929063e-02 -3.087757200405234770e-02 1.459911229848894626e-02 -9.127750642381343704e-02 2.085003277881531392e-01 -5.650700700691180245e-02 4.180227611860910797e-02 -1.207971665404609790e-01 -2.386355111152466679e-01 5.775943584639688932e-01 -1.052983293275922411e-01 2.285944807581874461e-03 1.367420864770610422e-01 4.201901754336651029e-02 -4.081211286381974945e-03 -3.912917854095651626e-02 7.157604299273144510e-02 -2.282065998751026115e-03 -2.676093665634661500e-02 -1.565422695944773679e-01 -2.201148413345607457e-01 -1.819684854972865307e-01 6.047451303700041025e-01
1.141795866382946806e-01 2.148282458802791561e-02 -6.292509552649158677e-02 3.753783710541287039e-02 4.923170885915205061e-03 -1.526782710280227655e-02 1.649146909605573143e-03 -2.889950689995946995e-02 4.448359736168898404e-02 -1.807690694269547815e-01 1.086725323749629241e-01 -2.742663271919427298e-03 9.480855401987578479e-02 3.629375946982523610e-02 9.747433162910142113e-02 4.275462580874290347e-02 -5.579941839634913400e-03 -7.778964772010453499e-02 5.213888609461378443e-02 -7.642866073973064722e-02 9.326651834240609618e-02 -1.853303429473667219e-01 6.067547726112716699e-02 -7.445525500224411952e-02 4.347168111618718994e-02 8.837424571642756022e-02 4.401027945072041175e-02 -4.981549547386399102e-02 7.657255067444689554e-03 -3.852972762153063224e-02 2.056750297897334823e-02 -6.139982499801272670e-02 2.126552158584857008e-02 -4.297879701645942324e-02 5.281891169411212505e-02 -3.409341679244953099e-02 5.466229710326692137e-02 -3.585966180097475975e-02 1.158923361786593498e-01 -4.746506735647142150e-02 -1.891922953390635237e-02 -2.447106888025568638e-02 1.225451644347366753e-01 2.108418818694071661e-02 6.818024342421943884e-02 -8.727961979095107126e-02 -4.716696192710328334e-02 -9.250951466611395668e-02 8.480362268884375498e-02 7.584464193826362388e-02 8.632296003750843105e-02 7.998972592398138903e-02 -1.309185623360647685e-02 -1.678753661826317550e-02 -1.623853224723611002e-02 -1.068643329341045639e-01 1.841498134137650386e-02 -1.881417836448235348e-01 8.920869646566724487e-02 -5.049857213901746272e-02 8.708948893808668434e-02 -8.461681726008833671e-02 4.085430324183724274e-03 1.273647629099661505e-01 3.386889755833138310e-02 -1.009916182461506884e-01 2.634933891433028415e-03 -3.118897869306725204e-02 8.966711129636459332e-02 -1.894446576991836717e-01 8.792288807814827023e-02 1.156641077565257608e-02 7.427042688219272215e-02 -3.581975082261777688e-02 1.008538956925253416e-01 1.091654554124517756e-01 1.663612764054059334e-02 -5.978119117472032590e-02 3.992131768871166886e-02 -6.197412054928294611e-02 5.585282820207383703e-02 -2.282799317915622239e-01 9.991342453197861462e-02 -5.453935804966202061e-02 4.216407303356681235e-02 4.531658132676671946e-02 1.137429614208061018e-01 -5.783038825152306273e-02 1.603798889906803138e-02 -4.438794798180825674e-02 6.024895937609208579e-02 -2.662414837052959338e-02 1.688404157027755675e-02 -4.285500609417716017e-02 -2.410059328547574029e-02 -6.168840500659440729e-02 1.344128502793537627e-01 1.352287587639778299e-01 1.493661941473672927e-01 -9.464167626716032955e-02 1.302420919685820244e-01 -1.281007964255311271e-01 2.439909143733247701e-02 -9.375455404603946774e-02 -1.073624462279472447e-02 -1.647367968141170147e-01 2.287751964519309927e-02 -1.042920602319610812e-02 3.226860994335379457e-02 -2.825497495065193432e-02 1.436388173121999796e-02 1.013079067271236838e-01 8.631786999025656271e-03 3.346955369984444539e-03 -4.439294577494555527e-02 -2.344945978597394454e-02 7.167367644425559625e-02 -1.413737586124725054e-01 7.269728819690058491e-03 -1.713538908607641076e-03 4.416311000918044655e-02 8.056952914680282074e-02 1.427375270410931041e-01 2.125667946421531951e-02 3.876071420109744592e-02 6.660534087955943816e-03 -4.659922553717988497e-02 -8.650918498186530026e-02 5.037924096839355159e-03 -1.404826623525270435e-01 -1.956382751649942547e-02 -1.903787069147870603e-02 2.790161449805194510e-02 4.342516799449484821e-02 5.201279471551102651e-02 -1.267729524204070160e-02 -5.074802077701008607e-02 3.564015588973229454e-02 3.479641926126787743e-02 -4.026160694172951915e-02 3.195574120027089987e-02 -8.998113172651053815e-02 1.381013381192833234e-02 -1.516801585938983010e-02
4.931406436358558992e-02 4.479081159365828207e-02 -7.367661845069646553e-02 1.066735444536032022e-02 -8.462100188403577639e-02 4.944952445021493642e-02 3.126584026309025405e-02 2.149046365006931740e-03 3.861912024149378314e-02 -6.558993342860007254e-04 -6.603049330122472485e-03 -2.433207762886440209e-02 -2.477102131649636454e-02 2.936206128777190533e-02 2.645430383375656225e-02 -1.371959550288697968e-02 -5.110027359691461657e-02 2.711922780367066049e-02 2.934219741074657866e-03 5.782321424695553713e-02 -1.661301169561452129e-02 5.085848677455261091e-02 5.207447608557911473e-02 -1.118044945293854009e-01 -1.146663656240813796e-02 -5.070403308499294576e-02 -2.206621478687658885e-02 1.620151025730048584e-04 1.209342850003086445e-01 -3.916956604256107040e-03 1.044534645883746504e-01 1.629970963161532505e-02 2.540694987165681429e-02 -6.538091527979132678e-02 -3.729457459686304210e-02 -6.861961161512425411e-02 -1.068008964976259051e-01 2.919115756128839653e-02 -8.318025590842385159e-03 -4.703278704927206511e-02 7.303446007486602554e-02 -1.242203063641132837e-01 -9.709490576511518867e-02 2.860130464402919209e-02 7.507219644720447560e-02 -2.566730021814772611e-02 1.359350843894851224e-01 4.603591971750058132e-02 2.453206089750457336e-05 -1.018149088989315776e-01 -1.039811690491269751e-02 -8.670540387803566187e-03 1.620290920695646730e-02 -4.886022112012200491e-02 1.024627768962683566e-01 -1.299266257396614888e-01 5.258574016785960009e-02 -2.151782233230911667e-03 1.549127976075417024e-01 -2.932384571541719540e-02 1.052045810384117652e-01 -3.241371557584787899e-02 -5.484588984763224401e-02 -9.083732601617905411e-03 -3.653012244646933193e-02 2.476756583256818287e-02 -1.533760936151317977e-01 -1.750155037133634128e-02 5.813508215266120077e-02 -3.056341912199460136e-04 1.928588097063693371e-02 1.044219469858441995e-01 -1.534756948146403198e-02 7.329002022551139861e-02 7.826934536283401689e-02 -6.049681056240368421e-02 4.665049451951960337e-03 4.290222537185709589e-02 -8.274660701997400836e-03 3.657475517420354788e-02 7.474628421293358360e-03 -3.521998300344928324e-03 -6.723048988581434293e-02 -1.101565133161906337e-02 6.633659003806600951e-02 -5.913511372724048615e-02 -1.958853190806805755e-02 -4.594636232441035029e-02 -2.046086623588927803e-02 -2.261757460626015719e-03 4.643524494904639061e-02 -4.605533193561538868e-02 -3.948796515961409959e-02 9.244179518092313086e-02 4.446784713254576388e-02 1.649476761624917714e-02 -3.695521588423077847e-02 1.061867916568440262e-03 3.225951046508768877e-02 1.224380393457512595e-01 -5.421951198775840086e-02 -2.553705506933101610e-02 -1.066603776362272243e-01 1.163887580553320603e-02 -1.854684731464141534e-02 4.211622647528556751e-02 6.722539437498731285e-03 6.970030514254460519e-02 4.595990789910178731e-02 7.444661348880943219e-03 5.428751055877581444e-02 2.263283066526064480e-02 3.850449827014687521e-02 2.915420848383254437e-03 -1.865086849889913134e-02 3.934107544614151575e-02 -6.756527551475366433e-02 5.547167909792521945e-02 -1.327638120115448295e-01 -6.919602657382073474e-02 -1.385243024912788390e-01 1.285244146115437636e-01 -3.295361613790126487e-04 1.695209150342158466e-02 -2.550274745966751855e-03 6.523509061920174101e-03 1.064100328400129081e-01 1.336050547727697657e-01 -1.313501410354316612e-01 -6.605127104377246650e-02 -1.237910765267844215e-01 8.268682910981209333e-02 7.527821470116048685e-02 -6.496947141559572536e-02 1.326525948354748130e-02 4.116873222403671928e-04 7.919210871586221390e-02 -5.009913058233578242e-02 -2.914446345355257983e-02 -3.473249278128276440e-02 7.974205590653921094e-02 -8.293804890314199207e-02 -1.895449077680797303e-02 2.393013514668777472e-02
1.203475804916795677e-01 6.537452042514527509e-03 -4.693421244475022569e-02 4.725103966241944731e-02 -6.438350082660000695e-02 -1.711475879605160733e-02 8.631000271307102956e-02 -1.399775755489703066e-01 -6.554023083120072424e-03 4.708752632961361179e-02 3.031797677437431809e-03 6.990021615635493013e-03 -4.032062708981288823e-01 4.491269834056781374e-01 4.186000768144546025e-02 1.364379160106395372e-01 -5.849577538343927324e-02 -7.447684291782265265e-02 2.668999142168373626e-02 -1.381113259924147685e-01 1.544840287433389414e-01 1.536441145326874758e-01 1.870262479150622270e-01 -1.767377993758303401e-01 -2.911728918982132708e-01 1.130949552037643913e-01 5.027071460330827524e-01 3.732076114085502300e-02 4.033507611535322446e-02 -1.472475887650889076e-02 -9.178058226182692070e-02 -2.918132845166500622e-01 2.557459935713342347e-02 5.714919870435673788e-02 9.803117251358133000e-02 7.414925220979332043e-02 -1.772785112170106037e-01 2.047764528807700379e-01 -2.182640564187887308e-02 4.726817991449478451e-01 -1.668922971468137784e-01 5.834854309756309920e-02 7.370312582488421083e-02 -3.017582078832216075e-01 2.169919779698342155e-01 2.465243035324257009e-02 -6.557857137113580481e-02 -4.869862655182388700e-02 -3.822643353811980838e-01 1.270355959580073690e-01 6.703510054747610636e-02 2.863348269909242461e-02 2.470122762248134207e-01 -4.338441641507700952e-02 4.052494841679048221e-02 -1.609961676931012386e-01 2.379912935341857438e-01 7.489627301681042737e-02 4.062197604659849998e-02 -3.951190966865532339e-02 -2.635468125833292929e-01 8.375467584995740372e-03 -1.652585301586687386e-02 6.051264405175930255e-02 -1.434985972545748945e-01 4.076762025296380987e-01 8.416707485553520662e-02 -1.471953072964109210e-01 1.904816774927458878e-01 3.153468789864699584e-02 9.387000544137255598e-02 -3.037744796240830075e-02 -3.474466225108377437e-01 7.594674169162016208e-02 -7.268600126666086014e-02 8.318842922086933100e-02 -1.139154716442599691e-01 2.562854350763164868e-02 5.642281044822358149e-01 -2.762019806897358931e-01 9.233100529270482637e-05 1.070232943780471263e-01 1.399997231957487154e-01 3.013075271665299759e-02 -1.893291309892011220e-01 1.055026239200383131e-01 -1.123460845213348491e-01 -1.242165891850328108e-01 3.920637546525879841e-02 -6.050667683273051878e-02 1.153232458611095773e-01 3.477945027248686705e-01 -5.534584183336367647e-02 -1.548330623085060476e-02 6.985454545850942887e-02 -5.288811653293071929e-02 -3.124810905940585415e-01 8.343938114910401382e-02 3.552786582537435095e-02 1.534820759352329977e-01 8.359687210823783798e-02 1.520370093812472012e-01 -6.572058636432889789e-02 -2.529495400370166958e-01 5.210277380778012279e-01 2.246894222058279378e-02 -1.244762378904741562e-02 -1.089227199029557253e-01 -2.445816475989542882e-01 2.155526864618176330e-01 2.261665436544463281e-03 -2.062659546385689491e-02 -5.216624677655367498e-02 -8.862368641888904164e-02 7.456712866681176888e-02 -2.555197351675855821e-01 -2.440111790660690755e-02 4.394995811706026712e-01 8.245287667683709465e-02 8.757324751817029129e-03 -2.871442245717578112e-01 1.451478559640846377e-01 2.675974797459095000e-02 -4.960589529714810875e-02 -1.342469974301101765e-01 8.616563035145211047e-02 1.221521358556970915e-01 -9.239929283745934585e-02 1.618073013610607513e-02 8.313608356312243708e-03 4.615435888676374665e-01 -7.439151817535522015e-02 -1.962019444161437753e-01 -7.954578824338140453e-02 7.847613456716522051e-02 6.702468841020939316e-02 -1.328583647265645096e-02 4.630185473958030318e-02 1.737050011802953875e-01 -2.330978403433175417e-01 -4.117774345689052123e-02 1.598052616950623728e-02 2.386214785932112836e-02 3.249163439102992212e-01
-2.569995835048662428e-02 -2.072249284113346010e-02 -1.122675484620616615e-01 -9.303525982357808977e-02 -1.661139103552419435e-02 4.937747808360217622e-02 6.377526283692268316e-02 -1.665305079718742282e-02 9.971665583709818370e-02 8.343786900209504420e-02 -4.790732149877445500e-02 7.382660483599531170e-03 1.737112195325006547e-02 7.328228687186202905e-02 -1.527988556581524882e-01 -1.223299193211498243e-01 -8.845498400659279614e-02 9.661770146195963749e-02 -4.064709461335331599e-03 -5.952940227456740563e-02 1.100247411772137945e-01 1.340130780997304261e-01 -1.733067029954840632e-01 1.439562226551583946e-01 -5.784604952205534001e-02 1.786620090446254805e-01 -3.268692170241473821e-02 -2.450115408970960640e-01 -2.296347733395034119e-01 6.920305275296717573e-02 2.900497327315766302e-02 3.214105649957169769e-02 1.860252395552548788e-01 4.809755626786724192e-02 -1.937017041245905624e-01 1.979088732024972541e-01 1.829506802427562605e-03 8.643381889683524055e-02 3.542478803858167824e-02 -9.299601497375742376e-02 -3.863766879480956193e-03 3.434602237558551791e-02 7.010319185091934717e-04 4.900188466714092139e-02 3.901115032445854475e-02 -4.975266151459899200e-02 -7.897898510300921382e-02 -4.655210431965990658e-03 2.266860826490363010e-02 1.983270955269686442e-01 -7.040168865859953995e-02 -2.566283522001011619e-01 3.107844038058520802e-02 2.236509029400342990e-02 -7.682892485624966128e-02 -6.354999256036389377e-02 7.314464645134599596e-02 4.331213343748973460e-02 -1.153798688882654577e-01 1.774148678643946986e-01 1.230679153567318940e-01 1.320453885537534455e-01 -2.199797193333419831e-01 -1.088731027954255581e-01 5.457784225850546844e-02 1.900336970860110270e-03 4.134353604800621029e-02 -8.502498642696047770e-02 4.590787948162623061e-02 4.758344224101157538e-02 -1.338436365108277848e-01 4.710243487508843779e-02 -4.168725302500236526e-03 1.647431833059087858e-01 -1.916594367384951703e-01 -2.215919300278632598e-01 -1.771129061486867162e-01 1.189206299620786805e-01 -8.732156349316641530e-02 -1.627607169480680960e-01 1.295024876049123974e-01 2.399463186176448992e-01 -7.436179534679007719e-02 2.618212122481491377e-01 3.547966848936477680e-02 1.947542565551512173e-01 -4.902095787959868944e-02 -1.846569457672397330e-01 -5.671864434966392143e-02 2.569850921634169588e-02 -6.261912705267812240e-02 -4.515639780713315288e-02 8.900500232615478347e-02 -2.013536038838580587e-03 -1.091518030935923617e-01 1.566042316656273414e-01 -6.068574209933352837e-02 9.359053019999669099e-02 -6.096969990126477335e-02 -1.396334878891900000e-01 -1.760344456481510722e-01 1.474433569148135836e-01 -1.487539040767593690e-02 -4.833678694043899021e-02 8.952438757694736182e-02 1.467819285283605835e-01 -6.929896715143202268e-02 1.088684547224624266e-01 9.631324512812344807e-02 4.189897075817465844e-01 -1.295155507280261187e-01 -3.152082008567094751e-01 -2.267259340186775773e-01 6.404045766393851036e-02 -2.225654236602614411e-02 -2.140704438531535470e-01 8.039010577678240566e-02 7.179699286675789160e-02 -1.452876144630910749e-01 2.659297621324464012e-01 -1.863496528669389418e-01 1.168989131413172011e-01 8.815909633737406548e-03 -1.584942597881996984e-01 -2.108675293351512936e-01 1.930912609768688504e-01 -1.164278626403985051e-01 7.388959006317061262e-02 1.737082367722810883e-01 1.260953907111302952e-01 -8.278787348263771939e-02 1.239079541168024434e-01 -2.100658269122188671e-01 3.866224562219752747e-02 -1.508242007967607323e-01 -2.437835982909526966e-01 -1.763799382143385053e-01 1.513472041394767764e-01 -8.320752535784947668e-02 1.253315874223283888e-01 3.180717066373243140e-01 2.194464467794269846e-01 -2.203879734487632636e-01 2.508388090852060603e-01
6.963206934590285280e-02 -1.932026630590871763e-02 1.527745023786939056e-02 6.655867886073996154e-02 -2.295487195992095084e-03 3.323128074909504487e-02 -8.717378551002566422e-02 -6.741135599361793365e-03 3.652156861230405893e-02 -3.969057652293419419e-02 2.369677481120513376e-03 -3.333176698257923204e-02 6.928329961218734380e-03 -3.104530849331589917e-02 8.083142082776269971e-03 -1.488432699979988071e-03 6.838910400223978392e-02 -4.162282813143226151e-02 -4.411963470009212795e-02 -1.522122365647145606e-02 5.046777578941490094e-02 -7.604473987813270552e-02 2.375986717799849490e-02 6.025963702010204287e-02 -1.493701844102924559e-01 6.446519590208345252e-02 -3.058848067787726596e-02 2.151325663396057644e-02 4.160410376444915841e-03 -6.271296762932380975e-02 4.265931819116228207e-02 3.864436695120897908e-02 7.627566585527698062e-02 -1.014409116254515707e-02 9.531905945291371807e-02 -3.048243905083144328e-02 7.125559638129514567e-03 2.063347587371214265e-02 -5.576832201483757773e-02 -7.151776541508303442e-02 1.851999638738972137e-02 8.036121313722856263e-02 3.592424040527802259e-02 -5.326818274603487002e-02 -9.797522800258409714e-02 1.176909805122029334e-01 -2.080194510418016327e-02 1.265754173342106305e-02 -3.159903801263623524e-03 -2.229245323377892704e-02 2.967524497167555245e-02 4.940515789346344722e-02 -6.809952986604420055e-02 -5.274655828262594937e-02 4.755843363348296465e-02 -3.470017603163979419e-03 9.938738043756106810e-02 6.569613542307180254e-02 -1.237934508952880965e-02 -1.032269426824504732e-01 2.033572224494960973e-02 -5.232618700167244313e-02 1.370160716439085616e-02 1.146898568886687772e-02 5.007493191914672709e-02 -6.507604850687297160e-02 2.539107311833229894e-02 2.120041922936384896e-03 -3.352303971856146481e-02 -5.170908498413083259e-04 -5.845060899259163674e-04 3.286483662047387511e-02 4.240021505587830697e-02 5.642930515599615948e-02 3.590472446129699263e-02 1.467184175082689515e-02 -5.310955168346664229e-02 -2.380783051502357445e-02 4.567959206489261015e-02 3.406526622766782586e-02 -2.388265902290574727e-02 -2.463104510257084490e-02 -6.090230139058236403e-02 -9.710173158016411482e-03 2.570929599413794564e-02 -2.410241096379396684e-03 -5.570764970057747595e-02 6.043083379867585786e-02 -2.568455457902649175e-02 1.540878717870953346e-02 -4.517499769500169654e-02 2.734751877329925571e-02 2.284065112713300899e-02 4.889738128692771441e-02 -2.772462527300589754e-03 -3.286138529066072456e-02 1.658756841719913333e-02 9.717567573282363813e-02 -1.457826274451462512e-02 2.115493863585577589e-02 -2.836761369461424445e-02 2.629030111188583249e-02 2.292773279207244858e-02 3.881169249870392024e-03 -7.648839503460555522e-02 3.881199484071641559e-02 -2.768689673095955234e-02 -2.052649771088095598e-02 -3.031203442917466268e-03 -7.667442651339920201e-02 4.887246797422566125e-02 2.219318092873567849e-02 -1.201353272163071563e-02 2.790030060838222248e-02 -5.998587451422655176e-02 9.263262721458312421e-02 -6.503681594901428165e-02 -1.004486749280601721e-01 1.553536515692661296e-02 3.471514504021760289e-02 3.955897171677736496e-02 3.477349428373027740e-02 6.698654605493989389e-02 -6.974314131530498506e-02 1.520678309943358439e-02 -8.475805360873098215e-03 7.085549228027673840e-02 -4.709444297328863049e-02 -1.038182382461783071e-02 -4.358795258778455639e-02 -4.650167741263721427e-02 3.788796042217480731e-02 -7.351237130396121033e-03 -3.640118212661455632e-02 -4.186867527625269536e-02 -9.801202782021314897e-02 2.837312620411230890e-02 7.807919003660096502e-02 -1.982594672352908094e-02 -2.758018885161239719e-02 1.534210844480254909e-02 2.384313463333403993e-02 -2.617338396752044716e-03 9.152796232797610898e-02
2.901506199284444310e-01 5.139654086959306173e-02 -2.095983848542888606e-01 -1.711519268710098018e-01 3.249855100232674349e-02 -7.334624388006638629e-02 -2.668422770487961088e-02 -8.679743242177626050e-02 -4.485047025369742063e-02 1.626095694718062146e-01 2.004257584412638959e-01 -4.444531651215646861e-02 -1.122852464699872765e-01 4.304373059071705532e-01 7.186317892343774272e-02 -1.282193658233179989e-01 5.434697375563051630e-02 -8.226949795796921483e-02 -4.768336867772632326e-02 -7.473439377304946785e-02 1.057049033760711770e-02 9.493786345178079067e-02 5.261387044611049411e-03 -3.907037261989197013e-02 -2.370260921013971345e-01 2.470764675696289769e-01 4.415309488685405515e-01 -1.242345315967718355e-01 -6.733020568700769093e-02 -5.265804251541979925e-02 -1.956704822625938422e-01 -4.921244719194373812e-02 7.316645752797910907e-02 1.427639423140775743e-01 2.164745353075669954e-02 -1.067031512543960281e-02 1.126523615584518884e-02 -7.829448630587376723e-02 7.181923682431499978e-02 5.403111428512453740e-01 -4.301321318863933485e-02 1.662323141199089083e-01 -6.984200847519661526e-02 -2.570448557994787220e-01 -4.872467008193079319e-02 -1.705215207121543730e-01 -3.389272319552578960e-02 -6.245612003526464923e-03 -2.001164932436046984e-01 3.164951583130626300e-01 -1.316380034348746397e-01 -2.792625834679698937e-01 4.793458893800787157e-01 -1.640336615436184808e-01 2.357071462318515442e-01 4.385546243141638656e-02 6.961472928993477083e-02 1.672605686758296684e-01 -3.183232341930957721e-01 -8.912177373693654092e-02 -1.067542213048855715e-01 -1.386657297647804488e-02 -8.344802329863189316e-02 -7.212110658721018752e-02 9.604578602503599516e-02 3.202574305755506168e-01 1.711971549174855778e-01 -1.239060605008649452e-01 1.848023420879148920e-02 -5.929869871837703532e-03 -1.107083397211913733e-01 2.622287270945092980e-02 8.653624659031244892e-03 -8.253572446942109009e-02 -2.025896705078818194e-01 1.129423998212955582e-02 7.569327831856606514e-02 2.036368342089194539e-01 3.443177280416672703e-01 -2.177248147968637859e-01 1.989762634591010770e-02 -1.401710263419906344e-01 8.448897211183824252e-02 -5.187160598310466830e-02 -2.169627617174577638e-01 2.482898945871219731e-01 -5.315398694872486285e-02 -2.814449186998875807e-01 6.722637912891345213e-02 -1.913163918294816246e-01 8.093324012637434506e-02 4.708456636083279689e-01 4.147627860443224568e-03 1.298022723095297870e-01 -1.207122746092485627e-01 -5.202750418303814239e-02 -2.112959561619842386e-01 1.247223628134133677e-01 4.941265390620134396e-02 -1.324663927617309167e-01 6.222130511011150777e-02 3.576405582340796280e-02 3.482311904156511900e-02 -5.029847233864399858e-02 2.740311461531315107e-01 -1.138442624580501827e-01 9.375090350027379116e-02 -5.667219471058657088e-02 -6.505528242471370071e-02 1.093371364745995694e-01 5.772147919853656828e-02 -1.627496649206762180e-01 3.554528708836657280e-03 -2.564375736215473642e-02 -1.735142447091142515e-01 -7.545910946245276696e-02 -4.521654666314331439e-02 5.063111167697820214e-01 3.052262807392325250e-02 4.198347381183079735e-02 7.357683244455839877e-02 -1.684913265636784827e-02 -7.004294676002936759e-02 -2.061265070374062591e-01 -1.743299459785193073e-01 2.037558859355296029e-02 -1.240185728946419097e-01 -1.927257239592597426e-01 1.082667836443445275e-01 1.123915094761110400e-01 6.164155036227707551e-01 -4.581793505314124548e-03 2.855354273614038596e-03 -7.084061306457190010e-02 1.309105451807461851e-01 1.589236441081827433e-01 -1.419584604985875131e-01 2.238629489809482176e-01 -2.862600777243129446e-01 -3.409442070689348014e-01 -9.978228229826968665e-03 2.177768333680976665e-02 2.242056193072150816e-01 2.266013913975154781e-01
7.087539211256022043e-02 -7.649691832674726522e-02 -9.854256644060626485e-03 1.990416955114676367e-01 -2.630806150064864471e-02 7.474176807291849599e-03 1.777355855214560534e-02 1.690671763637169034e-01 -1.606472518698760787e-01 2.732057288416208166e-02 9.898551067755095856e-02 -2.109424643839840074e-01 2.467528273617490553e-01 -1.905164911170713626e-01 2.248204729525279943e-01 2.241589483095811908e-01 1.267261590006591998e-01 -5.177539701636810904e-02 -9.445145159276695235e-02 -1.468604093806774591e-01 3.634347235264991094e-02 -6.112131297380788558e-02 1.720211059549283869e-02 -2.062723233084917673e-01 -3.147573119876562533e-03 -1.083332242104944818e-02 1.608933845970007548e-01 8.269397540311237971e-02 4.540760863412272863e-02 1.262696353768830437e-01 -1.215484508953302845e-01 -1.497543455107824828e-01 2.424807023435449418e-02 9.945680461404517170e-03 -3.008101593740392099e-02 -6.787456192939728128e-02 -1.064842754777863970e-01 -7.663607805689762187e-02 -5.786494094877112082e-02 -8.487676537567659385e-02 2.201941538647593510e-02 2.623765247687103244e-02 3.430482954632355086e-02 2.124972909204192739e-01 -8.629287708704309889e-02 -8.867584785240241463e-02 4.768716662175503246e-02 1.692543031430871203e-01 1.095892845915420327e-01 -1.685696939628890667e-01 -4.061554243786107826e-02 1.856572308371902402e-01 -1.325730638023461436e-04 -7.516040611824846562e-02 6.293274891770540835e-02 2.179258209251524470e-01 -1.816835750649006265e-01 3.236627495559184220e-02 8.750994125550619340e-02 -1.297253706377337057e-01 -5.418619282036246654e-02 7.550807093645435508e-02 5.317887639201874378e-02 1.759561156410369490e-02 -2.678983363315306718e-02 1.292695279137537900e-01 -4.233653918948670353e-02 -6.033539175946518035e-02 -4.287818843256761825e-02 7.076256338427604903e-03 8.386785527040151178e-02 -1.181288124985272192e-01 3.718086377846615415e-02 -9.673925877247827043e-02 1.366194391775104461e-02 -9.571131034120870795e-02 1.122294349153227788e-01 -8.554099546296266288e-02 1.416435738333856331e-01 -2.155981807158291116e-02 -1.251496884019492051e-01 3.835043480521829057e-02 -8.587859121373383336e-03 7.635878631183880272e-02 -1.676090036858323210e-02 9.937747112988010167e-02 -8.811915236539549778e-02 3.051466683358455834e-02 -6.300050234516742231e-02 -1.324722411618634021e-02 1.717936512751144784e-02 9.888614467451448120e-02 -3.255198284976300316e-02 -1.950993737447995202e-02 2.069647074850121046e-02 -2.799189624589841843e-02 -2.544476619710671350e-02 5.441742062838847427e-02 3.859036481267014151e-02 7.902322132817918288e-02 -4.433477160642101955e-03 1.428270694781308414e-02 5.995625651405322998e-02 -6.567179859994057289e-02 -1.180205947813744438e-01 1.325283990188655669e-01 3.546510607069230936e-03 -1.388804268605826064e-01 1.061351822978356257e-01 -1.986286509918436943e-02 3.591791934274116138e-02 2.329157324551109909e-01 7.510714577283673921e-03 -2.598693044822864007e-02 -5.883282726182700872e-02 -2.768557016937754633e-03 6.532259395553553782e-03 8.715347256616629013e-03 2.447588677046882294e-02 -2.026626722809264647e-01 2.400450572315082631e-03 -4.272908671934044778e-02 3.826494768777224942e-02 -4.613829035107571558e-02 3.778498094190514689e-02 5.032964828870591795e-02 -2.184630837853900054e-02 7.531270087776389954e-03 -1.281337385879058322e-02 -7.419659304249333343e-02 5.234371694120699969e-02 2.546299883786364363e-02 1.218235407925425812e-01 -6.893164110525254462e-02 2.782900525117650709e-02 1.168388862563093378e-01 4.616798655603382429e-02 -8.976702718524853797e-02 -3.157039726428863269e-02 -6.418069210254911949e-02 6.515431678660696391e-02 1.252466337332301671e-02 -1.926415082461330197e-04 -8.846323946580522679e-02
-1.317744361578329811e-02 4.560335099684478116e-02 1.208088275287438722e-02 -1.961921250188583543e-02 1.803814472845027481e-02 3.129767222227970713e-02 2.339933386970544787e-02 -3.328364937431368964e-02 -1.055811239228102161e-02 -5.526060280000010330e-03 -3.895530459733420603e-02 -1.587889531589471367e-02 -1.069741047625657505e-02 -3.359357957962261915e-02 -1.172324275171637842e-02 3.913549634800733701e-02 1.107613964846172402e-02 7.550896128885861702e-03 -4.859649106569853376e-03 1.709819236943672244e-02 -1.422329177440827437e-02 2.025225228450871703e-02 1.671783926774280532e-02 2.103305430895203391e-03 -3.642384336930846317e-02 -3.099692871891746720e-02 1.053261953757542342e-02 2.613482492246524402e-02 2.133544893703536241e-02 -3.330837012204417719e-02 -3.902321200299356529e-02 5.249860746939266631e-02 5.494241134772241686e-02 -2.090381635643044980e-02 9.443792713075870385e-03 -3.704919304962115550e-03 -1.824336388428195524e-02 3.802205867310628346e-02 -3.560209391627862374e-02 5.846234788140518626e-03 -3.340469917588085452e-02 1.204802648601661398e-02 1.604869232289602571e-02 -2.909817462943102562e-02 6.730469924289754491e-02 -7.478342819523020428e-03 -7.492865032331296957e-03 -1.987796091322833678e-02 -6.097787304670181791e-03 -3.853800116268267691e-03 1.223309580836655017e-02 -2.761299979988821041e-03 6.163601168916507667e-02 1.917542064894434475e-02 -1.318463019161523510e-02 -1.676653627606845831e-02 -1.356253845520637331e-02 -1.731498893032179173e-02 -2.051551721601177491e-02 -4.697842073005944422e-04 1.028781675413329225e-02 5.291971157770359842e-04 -4.596099145146483739e-02 3.458198425907228757e-02 -6.707729031644762974e-02 -1.111500905580232491e-02 1.859219229337987639e-02 1.142787332253633083e-02 5.403827627427582048e-02 7.954048013936907205e-03 5.293350745917634048e-02 -1.417488897769095257e-02 4.131900570663221521e-03 5.413193596456372658e-02 2.406675252148647234e-02 -2.340469499150450716e-02 2.662601713851037513e-02 3.347420924026346667e-02 2.129174401174370370e-03 -6.095822014283162199e-02 -3.007034897734255866e-03 -1.365394003031227639e-03 -5.325502008748866228e-02 -8.003583573336270698e-03 8.381136175505655983e-03 -4.978060637918418213e-02 2.348847810568608155e-02 1.923578636807802070e-02 3.377640910619437303e-02 -8.251429388355038461e-03 -3.474984179107627746e-02 1.193546428408925539e-02 -1.377660779058332077e-02 -2.295517836673199863e-02 1.579064587081504753e-02 2.082783607697567124e-02 2.404065468100837627e-02 -2.134777420174415949e-02 -8.268620086445827022e-03 1.535807261878373298e-02 -2.374813569398322166e-02 -1.302365743818410110e-02 2.244334646594264848e-03 3.036707464846340881e-02 -3.028784026338299934e-02 8.621702773535619424e-03 4.036564221631259997e-02 1.142936635252484769e-02 -1.718105135221929293e-03 5.191215204297443958e-02 -1.976880934386699221e-02 -7.490905901550402000e-03 -5.387074646923353805e-03 2.598372410371210112e-02 2.911706329971570223e-02 -5.306429434637176257e-02 3.113506863849443973e-02 -2.398745186727693941e-03 -1.171882583144851636e-02 -1.942488044359639426e-02 2.372259993727852956e-02 -4.999669975707794062e-02 -2.705266581231166242e-02 1.863564323783914803e-02 -1.354527134053933046e-02 -7.688153009850222722e-03 2.471962354218481400e-02 4.361319197968196310e-04 1.074272958809047857e-02 -3.754434541178366946e-04 3.764898791609570111e-02 -1.533435579545383218e-02 -7.570977865345031310e-03 4.991756115180186193e-02 3.641369837199640719e-02 -4.424814599833629125e-02 2.821341669520051332e-02 1.474549581414092911e-02 4.066072797253524919e-03 -9.291210163877731965e-03 -4.906648713263585260e-02 3.334720904161907890e-03 -5.011656764266264608e-02 8.033291651348134846e-03
5.011282658524186528e-01 -5.565300584326975109e-02 1.851743485270656298e-01 -2.735944698299542788e-01 1.763989931423898261e-01 -8.634916389513641599e-02 -1.041946241732456119e-01 2.179044702120143673e-01 1.734750540766385185e-01 -1.667994735888307101e-01 -2.929654541957241731e-01 3.450656918111612292e-02 3.466288556035368451e-03 4.820282969268243622e-01 1.082456284908327460e-01 -1.925577858384769359e-01 1.135182507903933630e-01 -2.582178433126592898e-01 -1.240534295633640566e-01 2.736984160973688907e-01 -2.134950963390472300e-01 2.467809267153994734e-02 9.220439724783924262e-03 1.679016639025488755e-01 -9.850171281848313365e-03 -1.776069174819973895e-01 7.461649102069700668e-01 -1.779813026275829657e-01 5.893676445862472413e-03 -2.120403765635049953e-01 -2.347027747884475324e-01 4.663262623891711867e-02 9.505375710526967059e-02 2.354735062888962949e-01 -1.686571659702798820e-01 2.841285321738926117e-01 -1.152736635525001274e-01 -7.062652563274607331e-02 9.520004212709129443e-02 5.034338483516109797e-01 8.096583611055653551e-02 -1.592497165451151608e-01 -1.525487766593239536e-01 2.017506596727438317e-01 -5.828173357479664307e-02 1.013941500407252241e-02 -2.415820076375641001e-01 1.794076964410978303e-01 -1.371014534141021812e-01 -1.220862192044681604e-01 -4.473423920015184851e-02 -2.135107837628342220e-01 6.694319866455384904e-01 -2.439894121121051751e-01 -7.540825967441963651e-02 3.364960251054165408e-01 1.965847884493902020e-01 6.095835634857885155e-02 -6.104916692513542853e-02 1.145449292739918468e-01 -1.083803150672278948e-01 -3.253561270583181231e-01 -5.508234821929897107e-02 -2.268332800969050655e-01 2.776342820531928560e-02 5.219790923818217188e-01 -3.556939881191373831e-01 3.174535766819427951e-01 1.297563433947091227e-01 1.966539438820200103e-01 -3.080550205979998291e-01 3.534095881495957214e-01 -3.064307546993622067e-02 -2.643851877524151517e-01 -1.355937312132508010e-01 -2.119407432962955862e-01 1.650164230563454237e-01 -3.464012507996581114e-01 3.439628521503328984e-01 2.214911460031319113e-01 3.329724751524205661e-01 2.003513758513866538e-01 -2.231551385131619880e-01 3.640083438932572024e-01 -2.140907491173343891e-02 -4.514234409397313574e-02 -9.140459996020253164e-02 -1.393752928461574336e-01 9.285958428840843104e-02 -9.249520729328966628e-02 -1.270721694679927127e-01 7.459380644640312141e-01 -2.438342488100975897e-02 1.842961383997070435e-01 -2.200463768392571517e-01 1.944401929163893095e-01 7.007477256656670372e-02 -2.744073798794809393e-01 1.789162008622556532e-01 -3.179215876245038430e-01 1.935552079282857885e-01 -1.616825546093833554e-01 -8.894700209898076526e-02 9.415130931025395000e-02 5.211682989614184747e-01 5.595090551256490935e-02 -1.013302463568835077e-01 1.963676034465121623e-01 -2.424857682809795079e-01 -1.584767126612205423e-01 2.902807048160278569e-01 -3.595524563864574974e-01 1.356124563922005422e-01 -1.285872827775110250e-01 -7.212609830338631567e-02 3.495301221705177097e-01 3.027570648297228662e-02 7.082454621886328239e-01 -1.006938548855652871e-01 -2.167271969558920430e-02 -2.039667609929405601e-01 5.745195260388635816e-03 9.685390998248800953e-02 -2.748977235493877402e-01 1.674470030282054489e-01 -1.502136642507539421e-01 -2.013388556947960650e-01 8.935634329681574339e-02 8.783695782902881111e-02 2.246181817330847319e-02 5.608712366810417738e-01 1.699853595107826132e-01 -1.555052201699030912e-01 -1.931063644290468839e-01 -1.564653014545613896e-03 -1.473770881314223624e-01 1.200261859488981342e-01 -2.375648611765829310e-01 -2.999178810979103438e-01 1.817890267432809570e-01 3.091049488550144386e-01 2.157889693253270402e-02 -1.563740491899322238e-01 1.057220347754006529e+00
-6.289219734378766191e-02 6.018423263357421116e-02 -1.244001398905967594e-02 5.780313133120715957e-02 -3.669654617981501360e-02 -5.822329053069880828e-02 -8.727987467424515311e-02 4.270568655032027511e-02 2.730694104016841983e-01 -1.761280364354202502e-02 -5.256639198500787091e-02 -5.037455570867965110e-02 4.422935423267298355e-02 3.511599788908549569e-02 1.058040716259757985e-01 -5.136494230255647664e-02 3.823416018459025595e-02 1.938852900178741900e-03 -2.153598181683943902e-02 3.777542728108580772e-02 -2.448675729778540099e-03 -8.013574359589402396e-02 5.596908908608599215e-02 -8.625633630412589403e-02 -5.111089516485394640e-02 2.333382269076876570e-02 4.716733340653141149e-02 5.475238776430965681e-02 1.026904488587563301e-02 -9.024040803691513180e-04 -7.521268317973105189e-02 -3.433931269057519087e-04 2.112438269332288232e-01 -6.297608151185030145e-02 3.310724808368470384e-02 -9.416550501408926799e-02 -3.533497390907841540e-02 6.077903717019369177e-03 -3.984754684827386539e-02 4.089496414677602776e-02 -1.934180630864587580e-02 -1.983348396032778849e-02 -1.134536864688479897e-02 4.406853843651113017e-02 8.633632891465831127e-02 -1.392244753601241600e-02 5.224774680439644471e-03 -7.930804785937552517e-03 -4.491166183303837989e-02 -1.115145502174178654e-03 7.446898886301414611e-02 6.536888227370576954e-02 -4.165305837741618833e-02 -1.304397261782630491e-02 -3.093331769727517347e-03 9.961566617263339224e-03 2.123646459572358369e-01 -8.514193616544128707e-02 5.251176246419275023e-02 -1.350740434884517838e-01 -7.739249345935646229e-02 4.471955761541386576e-02 1.305997857972994274e-02 1.158597654955074441e-01 -9.307796861002302913e-02 -4.167119339255448418e-02 -1.030190185649937536e-02 -1.345628198450830176e-02 2.428811268622421971e-01 -2.040496801810453079e-02 1.873005807811411322e-02 -1.018648633221856531e-01 -4.956065607394083417e-02 3.793771801193728671e-02 -3.666483222682949406e-02 1.514729773484012679e-02 -8.060233801383029362e-02 1.386707072939662600e-03 8.331983608706926498e-04 2.999503489150557797e-02 2.035311671590354574e-02 3.489229988657895076e-02 -4.969920099212678938e-02 5.559525466206356736e-02 8.712682764607468724e-03 4.434225082511539240e-02 3.845962832531564513e-02 -8.369750745333210534e-03 -6.379432130467539534e-03 3.235502436537517068e-02 -4.909177102976795826e-02 -3.797581296040016680e-02 -2.981333414066774865e-02 1.500541396178192190e-02 4.949252147603891427e-02 -8.782008211697315062e-03 4.765249417500180829e-02 7.860378987732938305e-03 5.800486839546094286e-02 1.719000523961639049e-02 2.254948809131529508e-02 4.951881044200065474e-02 -4.660296119603247328e-02 -6.008290524260100074e-02 9.225304292017343089e-02 -5.962377731465558911e-02 1.325858341084280023e-01 -1.157327631244910449e-01 2.107506798114227795e-02 9.187041803776845039e-02 -3.294702783086192466e-02 2.085016163471821796e-02 -1.037472210215571733e-01 -6.053212242618233319e-04 -6.296741256599178160e-02 -3.212998115184591275e-02 1.189468435200655982e-01 4.827225980925146931e-02 1.750299955981492184e-02 -8.586688239279882673e-03 -5.179690797397253077e-02 6.500597243447342466e-03 9.055878532486599797e-02 2.667723316762605351e-02 -3.308856774826028635e-02 -1.229476469424270468e-02 1.758294807398070453e-02 6.828933347395824138e-02 9.779161472075627304e-02 -8.404810438959607610e-02 -1.818102121908138358e-03 -7.948967801651767029e-02 -6.367674561804333166e-02 6.816846271020662873e-02 -1.884553102237877462e-02 7.766601858119442925e-02 -6.319374178781421436e-02 1.611455559449372077e-02 -5.553932925605799265e-02 -3.758696524307465064e-02 1.805962507247364790e-01 -6.884064892942465264e-05 3.305999912236136373e-02 -4.728065259427297051e-02
-1.083823718756465188e-02 1.256678159709027735e-02 -1.886954622936763415e-01 -1.635239102289725854e-01 8.814932898034824604e-02 1.334035783007413434e-01 6.599769742834851738e-02 2.117433915891447221e-02 -1.159182799177652240e-01 5.343571277566311166e-03 1.512361009968251901e-01 -2.394239461639833047e-02 9.322042875138035825e-03 1.529288695738869122e-02 -2.799972297102954269e-02 -1.273247844708138600e-02 -1.647634595657672396e-02 3.227021946908822242e-02 -2.123387482751371708e-02 1.926592694742794085e-02 -1.079297310811301071e-02 -4.128517027285521016e-03 4.333420978894796799e-02 -1.317443758927014028e-02 -3.851723463896979810e-02 9.505271181993193985e-02 3.449300650621878878e-02 4.783502094294125699e-03 -2.980460713006350196e-02 -1.561610708538664107e-03 -8.339358925861737812e-03 -7.547519340793114317e-02 9.110582353947080381e-02 -6.898044423661192637e-02 2.275735892183853096e-02 -2.154659449703684448e-02 -1.578887481738011286e-02 -4.948956900479480753e-02 2.312103102640188645e-01 1.692158618707838014e-01 -5.003482792843980814e-02 -1.753845069314760863e-01 -7.431090198358585031e-02 1.973456523457163200e-03 1.234622844367190969e-01 6.628815372395983896e-02 -2.080583822238872005e-01 4.744658703548564754e-02 3.473047168187496508e-02 4.513610720374262864e-02 -1.333737511866734358e-02 9.046773023233837738e-03 -5.344880908583471424e-02 -2.852859997773781256e-03 4.407169553466374484e-02 5.540082864349099231e-03 -2.213720877167597162e-02 4.492911881130088464e-02 2.846757494514983236e-02 -3.868140538840857123e-02 1.818504088095888524e-02 -2.610253739575402188e-02 9.729239131720054945e-02 8.145299440631002807e-02 -4.844035907314625522e-02 -6.374679536051020001e-02 -3.724721701391529166e-02 7.992713330192843801e-03 2.920568381948613138e-02 7.536193209091367196e-02 -6.485459563366054170e-02 -1.462775551333373759e-02 -2.058531021805792144e-02 -5.991362741145075249e-02 1.785433975009962856e-02 2.039877914954237731e-02 2.360375124203967917e-02 -4.123800639417523478e-02 4.350092016493898456e-02 2.767109603886882749e-02 -9.633863391123750897e-03 9.754793668370288773e-02 -4.923315837008478829e-02 -8.564303905801489911e-03 1.178714226065262355e-01 2.327229416104126258e-02 -1.464947111457705065e-01 7.483866012618037300e-03 -1.601467993411970214e-02 1.046514404855408975e-01 -6.787896632573811595e-02 4.700928045459038668e-02 -1.079978424205912113e-01 -3.800565909145791482e-02 6.656448221590194336e-02 1.288511446161969866e-02 1.016176124124446023e-02 1.547911522684186289e-02 -1.625583612882906814e-02 3.536602479049856529e-02 -3.934430951885929673e-02 1.656731221420589678e-02 -4.800979850681648398e-02 2.529841003845559322e-02 -4.803311253337960718e-02 5.555423248530092645e-02 3.200283861247837230e-02 -1.428753623357408714e-02 9.773499957868858612e-03 2.652673782721381990e-03 8.779187516767539279e-03 -3.878705235948798347e-02 1.614188592378074105e-02 2.224410118155883964e-02 1.744427258041506001e-02 -6.287855825087906858e-02 3.939852561054180136e-02 -8.655285189536032764e-02 1.516391946753381514e-02 4.276536644567818790e-02 -2.578080138905958218e-02 -1.272121420033023309e-02 -2.198363362388815467e-01 -1.322682225289995017e-01 1.092369616916538666e-01 1.789666902553288530e-01 2.847987538351839931e-02 -1.695590322134921113e-02 -1.008533032016596387e-01 -3.690437139216640183e-02 1.521904338267463519e-01 5.766090424653258495e-03 -7.260961642447741338e-02 -5.633608683387632265e-02 1.781485085006829783e-01 7.054541220441962190e-02 8.230114924797915510e-04 -1.118435673275011699e-01 3.074977583291274574e-02 -3.784509144428827021e-02 8.046628186954721262e-02 -2.920503702423182801e-02 -1.039429678542815316e-01 5.632325498236845362e-02
5.805764921609979368e-01 5.003750412582309154e-02 -7.979760991134804415e-02 -7.176466885882973323e-02 1.913134245496946606e-01 -1.468931345062661764e-01 -1.427318732903311016e-01 -1.477778029969970264e-01 1.473734881870741864e-01 9.737291726651992052e-02 -7.981405277304547130e-02 -4.128748648230093909e-01 -6.602490283730397258e-02 6.485680578409358521e-01 1.555451684940012402e-02 -8.560283560679368686e-02 1.813626087044546142e-01 -1.808819496678169547e-01 -1.346371395658421954e-01 -1.305693617767475501e-01 -1.331837541665187030e-01 9.594210191321056458e-02 -1.294941395234860682e-01 -1.339238836139512723e-01 -1.441585294276490625e-01 -6.516757931715957963e-02 4.172072246297014453e-01 -2.324569841696085271e-01 2.273385753765331807e-01 1.583692777569814525e-01 -3.116554341153526808e-02 -1.220097248611738128e-01 -1.889373851354839706e-01 1.856346001647478094e-01 8.205915911866171197e-02 -3.087972547126223710e-01 -1.158022165042622842e-02 -4.920594511631123935e-02 -1.913915686996033386e-03 6.286921314798070703e-01 7.629743817155287822e-02 -1.456326420970359692e-01 1.260463858223765943e-01 -1.435176510124197558e-02 -1.111327686715860574e-01 -5.976167744062679116e-02 -5.121845544952530194e-02 -2.334481511474361670e-01 4.296294742913844833e-02 1.046925362216445249e-01 1.159917014228158683e-01 -1.826369131873734064e-02 7.904922843669766053e-01 -3.446875274092894847e-01 -7.378107712477806335e-02 -5.246034824412015851e-02 9.682669526209161659e-02 -8.413782167124506106e-02 -2.178854863266357356e-01 -3.508148143717602085e-01 4.958955525447973633e-02 -1.291472781971743089e-01 2.089606993286341474e-02 -5.799968486473910251e-02 -1.928379227486868436e-02 6.032555781990299737e-01 -8.320296181801770108e-02 -7.154555745360172136e-02 5.379643230567887624e-03 2.648139395213294778e-02 -1.688946389039181484e-01 -2.332908987957214297e-01 -2.549461356735412132e-02 -2.385960296632427813e-02 5.669974776208147604e-03 1.370274276782202927e-01 1.701821391816624174e-02 -1.873897104872380703e-01 5.812723884235286853e-01 -3.205659730689883191e-03 5.950183304624723224e-02 -3.616208100355940147e-02 -1.552084144501277574e-01 -1.744738691821812460e-01 -5.498371425774545990e-02 -4.719095635500445557e-02 -2.661039006222679082e-02 -4.373627716176467506e-02 1.557513292043365832e-02 -8.198015655237665678e-02 9.434626782297230244e-03 6.458424598757412927e-01 6.941453488856594300e-02 5.821312579932228642e-02 -6.637919568164989126e-02 -1.086413325839596933e-01 1.250792165733699002e-01 -1.540183496430049814e-01 -8.634915377360685707e-02 -1.580244007921863258e-01 4.512832791680473910e-02 -2.927201160183937056e-02 -3.231784082336926212e-02 -1.052811687526021556e-02 6.673107413011717393e-01 -4.123225082535339481e-02 -7.147712167646333437e-02 -1.082965605071659621e-01 1.140468432999458409e-01 -1.374492455192483087e-02 1.577002867784503548e-02 -1.728417153669086215e-01 3.824630519392240025e-02 -1.519526373867603752e-01 -5.837322322541733943e-02 2.284621252606838793e-02 -4.492835353978624074e-02 6.056568048738322219e-01 -4.527619436630741373e-02 -6.238319718085386101e-02 -4.546279537514098801e-02 -5.367512384512976992e-02 2.075917309577946651e-02 3.945163084597444469e-02 2.581103914714327763e-02 -1.592628515502818587e-01 -3.363396006498420299e-02 -7.965846642574114789e-02 -3.072573065774716894e-02 6.114879769271590326e-02 5.232427252597617873e-01 -2.197787270615486621e-01 -1.551185156823281786e-01 1.416090371043897678e-01 -7.651258440972905084e-02 -2.506135303769461975e-02 -6.125482729973583118e-03 -1.978984113189949101e-01 -1.063245130150650419e-01 3.551520455574935786e-02 8.067384105769864755e-02 1.086677655007450283e-01 -7.012812252084096865e-02 4.379331229615071597e-01
-1.867043104776385520e-01 5.032483921932288246e-02 -7.816518129349554755e-02 4.698083600761849415e-02 6.116696885279217927e-02 1.718903994808494012e-02 -8.301811560733439455e-02 -1.006443414077179931e-02 9.571734431937085896e-02 1.215276273165185605e-01 9.709804272010109927e-02 -9.766125779366721660e-02 -8.444025180703096378e-02 3.591393499326204358e-02 -3.271072281554374302e-03 -1.335735428694623424e-03 2.819181070871273551e-02 -2.202320853834611319e-02 -4.317111047970797338e-02 1.240622527769889016e-01 -1.372309560776648757e-02 5.960729254981052272e-02 1.038454691308801220e-01 -1.202521833047164729e-01 -7.579470005044794401e-02 -8.217259792637477550e-03 2.327739501949771528e-02 -1.018074451068087249e-01 4.216814178579102179e-02 -4.082748984174336404e-02 3.644677002542530408e-02 8.902201466754378067e-02 -4.797847170945555156e-02 1.191067122909767045e-01 1.583749064915790372e-01 -1.418156788253934208e-01 -6.693227243386737357e-02 -8.003330342841750988e-03 6.175014123271110877e-02 -8.128980962049182912e-02 6.753038140058162386e-02 -3.212682209638781372e-02 5.548911951790980179e-02 4.820062275534016394e-02 -2.130419074294998341e-02 2.024636094888688023e-02 4.517145502212649433e-02 -4.146233911434778208e-02 -1.041096869223485100e-01 -9.153045834739308162e-02 9.837113896202481778e-02 -1.636608107742392459e-01 1.104673741561586348e-01 -6.116779606174799211e-02 8.537769715139105486e-02 7.656044570967966700e-02 -8.150587126259430104e-02 1.044142728461120162e-01 1.599910854507947400e-01 -7.770962201284668802e-02 -6.152615507775788251e-02 3.755612398968713461e-02 -2.983333622739511165e-02 -2.723590296861648150e-02 1.259100839321840824e-02 6.954865851241120306e-03 1.237413947532832632e-02 4.764181118677808524e-02 -2.532118037739853472e-02 9.587832176243407667e-02 6.090075266646373386e-02 -9.154187125444475381e-02 -1.038614883622634016e-01 -3.322061551431687576e-02 4.824873715158826265e-02 -5.129590773368182532e-02 5.584667973941691288e-02 -3.053332457140192635e-03 8.072869068378230040e-02 -2.045444353249082844e-02 -7.311033725326807065e-03 1.000379713846976243e-01 2.476867678466629710e-02 -3.662386586662209897e-02 -5.397780960595534305e-02 -5.105651221047786265e-02 6.104691609438989836e-02 -3.715082182079220557e-02 4.049797778167129464e-02 -3.592958650088214079e-02 -1.780370668503799408e-02 8.299913498069354245e-02 -2.302081240367225695e-02 3.641029822113721337e-02 1.062115928200477871e-01 -2.078111642285464938e-02 -1.701462016562357016e-01 -8.662949859299762939e-03 -4.323050760689020611e-02 -4.827253479387160623e-02 4.725136886762616034e-02 -1.191769833172950932e-02 -1.187131702084919666e-02 4.570818766012955947e-02 1.868234425236231511e-03 2.400092311459106620e-01 1.923894000916689384e-01 -1.809781047997336689e-01 -2.244506977834317962e-02 -3.894189671665784086e-02 4.718540133433304223e-02 -1.711440092084264702e-02 1.104244168576122564e-02 -1.067741333979124740e-02 -1.903438326613520609e-02 7.138544504368558863e-02 -5.476571721289009986e-02 3.811445133834644172e-02 1.010364079438297591e-01 -4.048775180741291668e-02 -1.267680483397313485e-01 1.185259418702473422e-01 -7.708508724587434524e-02 3.465426446655132248e-02 1.421658514829454711e-02 4.297663186391560697e-02 -3.063150788111544329e-02 1.654503724533010894e-02 5.495682852811732688e-02 1.102098603801890120e-01 1.606163435646630611e-02 -1.531840438346953048e-01 -1.425741955210161616e-01 -8.972914730660391802e-02 7.345106342812365852e-02 -9.882843015280567966e-02 1.053109921518849412e-01 -2.085348308791790117e-02 5.147738158299486333e-02 1.103570761328431515e-01 -1.063347482846216940e-01 1.603603259815516990e-01 1.446077037163747692e-01 -9.466770743778461783e-02
1.301301267677326123e-01 1.752627635470623280e-01 -1.426506952199249612e-02 -2.480552566336485451e-02 -5.453525968595610701e-02 -1.050111749404433886e-01 -1.393229958504645927e-01 -1.074406099741255505e-01 7.327790522547569796e-02 1.118868350695838704e-01 2.331973508501802156e-02 -3.799750900057563552e-02 2.400373238858668351e-02 1.128965645338324275e-01 -5.075869091401458144e-02 4.903647148321101622e-03 -9.061062331103288126e-02 2.873041573071098004e-02 -4.560230107865329008e-02 -2.433451531075713284e-02 -3.074950865532002572e-02 1.170504611887475122e-01 -3.542716320701015664e-02 2.352774375569007329e-02 -5.451377899277065620e-02 4.107562280035034069e-02 -2.549236398761167179e-03 -1.250626844079708311e-01 1.144154091888537755e-01 1.176381280463108109e-01 -7.210739018161108072e-02 9.184774103954974900e-02 -7.874322211328993459e-02 -1.333135956775768037e-03 8.248195624106907653e-02 -6.112001946954273568e-02 2.112510038891233025e-02 6.845858738629283409e-03 3.806045195750937943e-02 5.079693295332417258e-02 -2.277998541655116768e-02 4.737552350328165518e-02 -6.473948822759771626e-02 -3.453608818852246798e-02 1.565226340929389004e-02 -2.777148425257757944e-02 1.323470954394542591e-02 1.053275928240708821e-02 4.747009484825134851e-02 6.521726410048797606e-02 7.031574630261613890e-02 8.028029691272479951e-02 -5.540839724658508381e-02 -1.241230981628149536e-02 -2.529745756014237928e-02 -3.324959023084968213e-02 6.205960076155915550e-02 -1.219161267196410547e-01 -7.058384687022484227e-02 -6.504683300949131754e-03 -1.068849456987642187e-02 -9.174994283495897796e-02 9.184619387214720820e-02 -4.734761432976190842e-02 -7.735883195997955708e-02 -2.598688151858778439e-01 3.118721343138302488e-02 5.888994862965761523e-02 1.764710987388466712e-01 1.835057996629162885e-02 1.695643408480140488e-02 1.076228765751524319e-01 -8.062326719891751980e-02 -8.492982561865104751e-02 -1.888002543794329857e-01 9.562506772603211747e-02 1.060798115602901298e-01 1.769029037696305262e-01 1.533280961690771382e-01 -5.621554748660741174e-02 -1.181501879506380165e-01 -7.584764851108682926e-02 9.663754368874961920e-02 -6.879089315521742798e-02 5.195250995257787163e-02 1.008874995759348331e-01 -3.510848020070889142e-02 5.333400172228250358e-02 -3.169467809983970291e-02 -7.736913609082929355e-02 -1.670367228929412959e-02 -4.783009294294280483e-02 -3.372849084463947801e-03 1.544344285263996724e-02 6.960663599042683780e-02 -3.278273696286731348e-02 2.246492148822071266e-02 -2.282423915652729077e-02 2.611479451964762721e-02 -5.208234210237423778e-03 6.196888447799064198e-02 2.316285695309169834e-02 -3.424978800879672353e-02 -2.766561240069160404e-02 5.311713782499786346e-04 -1.183707561444363732e-02 2.993734798891339866e-03 -5.257015463804443067e-03 1.128699032069924169e-02 -7.482576315755967711e-03 1.142775388525571478e-02 -1.047279605796608282e-01 -3.553040999580495130e-02 1.250226079054463646e-01 -7.083763176615837098e-02 1.175741446941152291e-01 1.491819775991456987e-03 4.444632741768868994e-02 -9.075533009605921131e-02 -2.039155340191822763e-02 -9.084018777001018341e-02 -7.817954248845071508e-03 7.888636722397313061e-02 4.794248326202898980e-03 -3.939807373378390043e-02 -2.550277348650265008e-03 -2.689829341663446671e-02 8.666053011077956558e-02 7.906614058556807323e-02 -4.430103918502220628e-02 -9.604642245834657532e-02 8.904974465382071991e-02 -1.014331118997114367e-01 -1.967835156824150611e-01 -1.067963887058832051e-01 5.743696104121015500e-02 2.080903888010474101e-02 -1.504696748179845667e-02 2.317548736969775036e-01 2.853903918118243579e-02 -5.208219017239794357e-02 1.639120229380210819e-02 4.195294782573522063e-02 2.885607151760988254e-02
5.956535849744803990e-01 -1.319754698277719740e-01 3.726023746130696090e-01 2.229024514762056874e-02 -1.005144739216872474e-01 3.921129603089446025e-02 -7.803471139593683159e-02 -5.457243545252488115e-02 -2.036286358905988747e-01 -5.856846631611973414e-04 -1.951896731614073122e-01 4.776863923783795929e-02 -7.257271828443309647e-03 4.026009808495263353e-01 -8.664415815580570057e-02 5.630734349053009152e-02 -4.184617782860781260e-03 5.827366447558483820e-02 -1.023705238390636846e-01 5.824033678416482007e-03 -6.025264769412616572e-02 -8.348451832621166246e-02 -4.075308031393391761e-02 8.661964244918306244e-02 8.155925019606569126e-02 -2.305817235065927284e-01 5.984415033427379349e-01 1.577224892719039651e-01 -7.009402969455971744e-02 5.155271724265313854e-02 -1.166184929080513744e-01 -1.351700998922850949e-01 -4.703821080505894703e-02 6.040630741003322896e-03 -6.285330883771329813e-02 9.518337713970116687e-02 -3.777902443794026177e-02 2.427124383481901737e-03 2.196825292460029555e-01 5.141719188513549366e-01 2.440493496621690822e-02 8.603571102317401909e-03 -1.113448376181007948e-01 -2.328340913022953346e-02 -9.928691430060265777e-02 1.872646782188612177e-02 -1.325225158463948505e-01 -6.024216866593462560e-03 -4.782679037940522349e-02 -1.186896077773870600e-01 1.799523239309733791e-01 1.563040170014912689e-01 5.182775554956531305e-01 -4.085165922573455455e-02 -1.500155189729355520e-01 -1.692187006682508987e-01 -4.722109252877659813e-02 -1.922842940262965705e-02 -1.156699650574585791e-01 1.075620717992517295e-01 7.206354818732266243e-02 -1.569103769981465002e-01 2.864711041156012827e-01 8.742441460516311991e-02 -1.194720126966160451e-01 3.855609862543155630e-01 -1.434891179914097037e-01 -1.688234855228963049e-01 -3.956539556263950763e-02 1.036959811934018080e-02 -4.261375816769592817e-02 1.400491361422329106e-01 1.550140599880616560e-02 8.736622046084438487e-02 7.475291258271993255e-02 -1.388712746327132666e-02 -7.166587801794918611e-02 3.658217185039706887e-02 1.650426101935397738e-01 -1.091557042004223377e-01 -1.638613433897216920e-01 1.942017956858322833e-02 -2.972954611640388906e-02 1.145009065189535880e-01 8.511231301128974192e-02 3.173456964041601602e-02 -5.549504343177123766e-02 7.117304227077921042e-02 -1.214493035167702184e-01 4.069305291127502805e-02 -1.945513405847789645e-01 3.664695987510522279e-01 -8.373392392840836584e-03 -3.185041681336191893e-02 -1.727610487623342655e-02 5.175056260300913563e-02 -2.007776146728909028e-01 -6.769876184883241721e-02 9.869005454098160601e-02 1.557940085831510113e-01 5.081836084176480361e-02 1.214513141785946160e-01 -2.337664032564992778e-01 -1.253888590718459373e-01 3.146373078573679871e-01 1.878716743146835455e-01 -1.984527584324464189e-01 6.045201417446277592e-02 4.955359857746675922e-02 -2.020430185115605626e-01 1.550609293007646217e-01 1.147712184754652864e-01 -1.433975445684586569e-01 6.860883619762059293e-02 -1.382341407651520027e-01 -1.681255200225580393e-01 7.457156705681296238e-02 4.950476747655873644e-01 -1.186076768158228212e-01 1.036140608939400964e-02 -1.060508499890467915e-01 7.733851620575035724e-03 1.362374195334136173e-01 -2.075311595954428684e-02 -3.681340834560294095e-02 1.194650919338688666e-01 -9.185218504452521970e-02 -8.267042988522305125e-02 -1.930854648918572669e-01 -7.183114491107298050e-02 3.873002883155448606e-01 1.706774662611764692e-01 8.542313699363188184e-03 -7.702464619275606328e-02 1.539139812166232524e-01 4.514388848603975712e-02 -1.299878925667501406e-01 6.457476330221212368e-02 -1.351814235325773661e-01 -1.914124402819010473e-01 -5.092559237682092038e-02 -7.464177590506160254e-02 -2.479135217943390090e-02 6.891868378609820045e-01
0.000000000000000000e+00 0.000000000000000000e+00 0.000000000000000000e+00 0.000000000000000000e+00 0.000000000000000000e+00 0.000000000000000000e+00 0.000000000000000000e+00 0.000000000000000000e+00 0.000000000000000000e+00 0.000000000000000000e+00 0.000000000000000000e+00 0.000000000000000000e+00 0.000000000000000000e+00 0.000000000000000000e+00 0.000000000000000000e+00 0.000000000000000000e+00 0.000000000000000000e+00 0.000000000000000000e+00 0.000000000000000000e+00 0.000000000000000000e+00 0.000000000000000000e+00 0.000000000000000000e+00 0.000000000000000000e+00 0.000000000000000000e+00 0.000000000000000000e+00 0.000000000000000000e+00 0.000000000000000000e+00 0.000000000000000000e+00 0.000000000000000000e+00 0.000000000000000000e+00 0.000000000000000000e+00 0.000000000000000000e+00 0.000000000000000000e+00 0.000000000000000000e+00 0.000000000000000000e+00 0.000000000000000000e+00 0.000000000000000000e+00 0.000000000000000000e+00 0.000000000000000000e+00 0.000000000000000000e+00 0.000000000000000000e+00 0.000000000000000000e+00 0.000000000000000000e+00 0.000000000000000000e+00 0.000000000000000000e+00 0.000000000000000000e+00 0.000000000000000000e+00 0.000000000000000000e+00 0.000000000000000000e+00 0.000000000000000000e+00 0.000000000000000000e+00 0.000000000000000000e+00 0.000000000000000000e+00 0.000000000000000000e+00 0.000000000000000000e+00 0.000000000000000000e+00 0.000000000000000000e+00 0.000000000000000000e+00 0.000000000000000000e+00 0.000000000000000000e+00 0.000000000000000000e+00 0.000000000000000000e+00 0.000000000000000000e+00 0.000000000000000000e+00 0.000000000000000000e+00 0.000000000000000000e+00 0.000000000000000000e+00 0.000000000000000000e+00 0.000000000000000000e+00 0.000000000000000000e+00 0.000000000000000000e+00 0.000000000000000000e+00 0.000000000000000000e+00 0.000000000000000000e+00 0.000000000000000000e+00 0.000000000000000000e+00 0.000000000000000000e+00 0.000000000000000000e+00 0.000000000000000000e+00 0.000000000000000000e+00 0.000000000000000000e+00 0.000000000000000000e+00 0.000000000000000000e+00 0.000000000000000000e+00 0.000000000000000000e+00 0.000000000000000000e+00 0.000000000000000000e+00 0.000000000000000000e+00 0.000000000000000000e+00 0.000000000000000000e+00 0.000000000000000000e+00 0.000000000000000000e+00 0.000000000000000000e+00 0.000000000000000000e+00 0.000000000000000000e+00 0.000000000000000000e+00 0.000000000000000000e+00 0.000000000000000000e+00 0.000000000000000000e+00 0.000000000000000000e+00 0.000000000000000000e+00 0.000000000000000000e+00 0.000000000000000000e+00 0.000000000000000000e+00 0.000000000000000000e+00 0.000000000000000000e+00 0.000000000000000000e+00 0.000000000000000000e+00 0.000000000000000000e+00 0.000000000000000000e+00 0.000000000000000000e+00 0.000000000000000000e+00 0.000000000000000000e+00 0.000000000000000000e+00 0.000000000000000000e+00 0.000000000000000000e+00 0.000000000000000000e+00 0.000000000000000000e+00 0.000000000000000000e+00 0.000000000000000000e+00 0.000000000000000000e+00 0.000000000000000000e+00 0.000000000000000000e+00 0.000000000000000000e+00 0.000000000000000000e+00 0.000000000000000000e+00 0.000000000000000000e+00 0.000000000000000000e+00 0.000000000000000000e+00 0.000000000000000000e+00 0.000000000000000000e+00 0.000000000000000000e+00 0.000000000000000000e+00 0.000000000000000000e+00 0.000000000000000000e+00 0.000000000000000000e+00 0.000000000000000000e+00 0.000000000000000000e+00 0.000000000000000000e+00 0.000000000000000000e+00 0.000000000000000000e+00 0.000000000000000000e+00 0.000000000000000000e+00 0.000000000000000000e+00
-1.406312315464386120e-01 9.248733635243673937e-03 1.147073400565874340e-01 8.097279419536662637e-02 -1.237480268501641029e-01 3.341539774359914700e-02 3.636174309531655345e-03 -5.458879716186310072e-02 1.203157241428461262e-02 7.724851090070296300e-02 1.694976816953187512e-02 -6.315611299045793825e-02 7.520889873404377687e-03 -4.778176976500571327e-02 2.023650312465449450e-02 9.417642823469865587e-02 -1.214460079501187423e-01 1.000106236229915957e-01 5.802749592892761377e-02 -9.877588611398747942e-02 -5.807050211120479838e-02 5.154309684701583773e-03 8.271301425097801752e-02 -7.715143601858696909e-02 -6.801984599988623870e-02 -2.567884603291487045e-02 7.602509061537390117e-03 6.483430081478258264e-03 6.714168222928759699e-02 -7.398238775740365036e-02 -6.698367227622507858e-03 7.307221860241298883e-02 -4.286135417252193158e-02 4.338429932008593809e-02 1.205329969920022892e-02 5.237055545885514057e-02 4.691908046923769227e-02 9.515256470444427572e-02 1.821693479287897141e-02 -9.714433580470993590e-02 -4.390176993407398504e-02 -1.416160761342199212e-03 -2.393459431298448556e-02 -1.352085909608891946e-02 -1.885997280920326258e-02 5.238221140286625568e-03 -8.636760533596963760e-03 6.404676725902924694e-02 8.956084752652375761e-03 -1.958267979366004954e-02 -1.523204853442168029e-02 3.331463901273292588e-02 7.477304764086661892e-02 1.965309121821377444e-02 -2.320272439125847797e-02 3.040086080110844524e-02 -5.787703240944567368e-02 -5.202306866329007434e-02 -3.844606115210207758e-02 6.510832648860273575e-02 -4.266830778716615424e-02 -1.970347828476521138e-02 -1.045221022178983517e-03 -4.481389701736205461e-02 -5.181711310488350958e-02 -8.015260532955001405e-02 2.955528345714910146e-02 1.071810168752201746e-02 -4.260522027327286188e-02 6.115615961737135703e-02 1.328916791540391551e-01 3.312668879199986288e-02 -3.787038138404685839e-02 -1.703742331099037353e-03 2.011318197669438243e-02 6.339897341800035391e-02 -7.606330608743262778e-02 -1.113004072503210803e-02 1.157359249047227312e-01 -7.698565753062508454e-02 -1.780735782882089321e-02 1.332293505965633298e-02 1.029604435122849840e-02 -3.342318824673840699e-02 -4.895098371469976117e-02 6.715104327182165600e-02 -1.642991706645584651e-02 -5.840763408939128598e-02 4.708185422704867784e-02 4.298366114169963059e-03 -9.692912996492535072e-02 1.070148284335927513e-01 1.740411656776350013e-02 -3.795044054864647048e-02 -4.573042247526819953e-02 1.119827374299313671e-01 4.868435340004980544e-02 -3.364739963142469870e-02 -3.313224761764727022e-02 1.307992654449889602e-02 2.624461682762256609e-02 -4.883029558888538763e-02 7.224402315172526179e-02 3.062726939687955563e-02 6.747336304369538906e-02 -3.083513427240237859e-02 2.569244456785693687e-02 -1.157900297288734365e-01 3.981337530283443615e-02 -5.046318266705988181e-02 -6.145428432334582025e-02 -4.773493381585702799e-02 8.361770954070965600e-03 6.663750340298126018e-02 1.748053710934821536e-02 -3.529219000751469826e-02 1.155994089168553424e-01 -7.505185319129833998e-02 5.641781008655200047e-02 -1.472603806855458941e-02 4.257998955596886681e-02 3.458501427306936993e-02 6.441854503813448929e-02 -4.710742599654439700e-02 8.267299053354854044e-02 2.052491062125208487e-02 -8.836233908958299188e-02 7.715118057732384127e-02 3.110689381175160695e-02 2.700723370388601746e-02 -1.255900722055855734e-01 -1.641268813338941923e-02 1.356391775053700233e-01 -7.478428395375957827e-02 -9.622973535646608956e-02 1.842137105745331183e-02 4.339998194758552807e-02 7.912459458318707450e-02 3.329290038336746305e-02 3.696916365754915335e-02 -1.801418694087773137e-02 -1.006488812808894462e-01 -1.940798263371777688e-02 -1.301347263676631838e-02
2.239845172818879793e-01 -2.569382987252264230e-02 2.043985869361953506e-02 -1.455308992498956511e-01 -9.340379416949871547e-03 1.505714338687473564e-01 -3.188993286655921605e-02 -1.052316029905129707e-01 4.379062705012808088e-02 -1.319851764404134445e-02 -2.319737820941256828e-02 7.227254360456918450e-03 -3.934578339143963294e-02 8.119808212296093786e-02 3.236418580151096541e-02 -6.756041275487083275e-02 -5.345456720803273831e-02 2.388225977062614636e-01 -2.201075924499058256e-01 2.704262673720207039e-02 1.016174987351607106e-01 -3.551215300420496046e-02 -3.453478778984941499e-03 3.883747450779154176e-02 -1.011551273699832221e-01 1.498780949966912329e-02 1.822442365364981831e-01 -4.060716362484826508e-02 7.550694287634149293e-02 1.544879656296040960e-01 -1.193853059705458908e-01 -1.696380802190183557e-01 3.307678589080962905e-01 2.458322481140279292e-02 -1.354298959989554962e-01 -6.379588138364560013e-02 -6.339109929812281052e-02 -2.609070257019126954e-02 -5.653171214384736763e-03 9.981148785301008353e-02 -7.861266855934348138e-03 2.171526903047188151e-01 -2.026841737631606202e-02 -3.623103694654743884e-02 5.354316854617953425e-02 -9.135723001418476208e-02 -5.780992423038378708e-02 1.923294896836592882e-02 -8.690665947330948604e-02 -2.084677831878653520e-02 7.423395854520119241e-02 2.812730185051967244e-02 1.302721318104853032e-01 9.645569213473925707e-02 -3.860882592163376176e-02 -9.029649601735098563e-02 2.027861395997636595e-01 -3.951617808397945436e-02 -1.525106107333098759e-01 8.884636167391730260e-03 1.320050667190652031e-03 2.497717190059521933e-02 3.818432086411499126e-03 1.327720086591666591e-02 -1.426826006582988804e-01 4.798140410791691401e-01 -1.714237212874818450e-01 -7.937690526163204696e-02 5.298130049044286194e-02 -1.073916820870154942e-01 -3.547564159787344046e-02 8.416908819230380090e-02 9.092837306733896063e-02 -1.044854399020393176e-01 2.929325397017453272e-02 3.992283669663725804e-02 5.475380152365440234e-02 6.514041658446725891e-02 1.612286576028978125e-01 -1.744488391836129804e-01 3.651261321723553444e-02 -3.078386863088094713e-02 -1.139699538060518491e-01 5.906468637418231700e-03 -2.242884679067426099e-02 3.342411155303053744e-02 -3.969591042541211617e-03 -3.543837309559399323e-02 1.210574227087457631e-03 4.772524456201932691e-02 -1.317616811721918912e-01 1.448249000353499516e-01 -2.707452195368665812e-02 -3.382889727681571718e-03 1.439155590149333690e-02 3.442178456083819921e-02 3.605890495419278308e-02 1.888395019325060653e-02 1.713746835043344630e-01 -1.798601365617392422e-01 1.250762043838973270e-01 8.253219801015075630e-02 -1.126352058401104556e-01 -2.245628688439429976e-01 4.054166681459452914e-01 3.815657882322709415e-02 -1.111075560333642381e-01 -9.212262056048220460e-02 7.133794800109702350e-02 8.915391550105719598e-03 1.613871716759318065e-01 -1.207552772571935801e-01 -1.247319886947038242e-02 3.713008006901255542e-02 -9.305542311415582191e-02 -4.434691723405295716e-02 -5.273373042391829232e-03 1.452045548115925566e-01 -1.095163292880619033e-01 4.045394830523427188e-02 -2.332243529513022828e-02 4.165647648230381972e-02 -3.908545374275290696e-02 -1.235581428708679499e-02 -9.070056117013597374e-02 2.964267822683077647e-01 -1.442094727177781477e-01 -3.374341801226780901e-02 1.889119537912876956e-01 -1.190904061860542096e-01 1.219879140058833106e-01 -9.283044507323257033e-02 5.097148246965482743e-02 -2.127115948060031431e-02 1.097513345939063190e-01 -8.806212176314455464e-02 6.668688835647179625e-02 2.002118772791294521e-01 -7.403053913567746169e-02 -1.455240992678409340e-01 9.626454191397848525e-02 -6.777721968277666820e-03 -2.062164170204328906e-01 1.548916432239267893e-01
0.000000000000000000e+00 0.000000000000000000e+00 0.000000000000000000e+00 0.000000000000000000e+00 0.000000000000000000e+00 0.000000000000000000e+00 0.000000000000000000e+00 0.000000000000000000e+00 0.000000000000000000e+00 0.000000000000000000e+00 0.000000000000000000e+00 0.000000000000000000e+00 0.000000000000000000e+00 0.000000000000000000e+00 0.000000000000000000e+00 0.000000000000000000e+00 0.000000000000000000e+00 0.000000000000000000e+00 0.000000000000000000e+00 0.000000000000000000e+00 0.000000000000000000e+00 0.000000000000000000e+00 0.000000000000000000e+00 0.000000000000000000e+00 0.000000000000000000e+00 0.000000000000000000e+00 0.000000000000000000e+00 0.000000000000000000e+00 0.000000000000000000e+00 0.000000000000000000e+00 0.000000000000000000e+00 0.000000000000000000e+00 0.000000000000000000e+00 0.000000000000000000e+00 0.000000000000000000e+00 0.000000000000000000e+00 0.000000000000000000e+00 0.000000000000000000e+00 0.000000000000000000e+00 0.000000000000000000e+00 0.000000000000000000e+00 0.000000000000000000e+00 0.000000000000000000e+00 0.000000000000000000e+00 0.000000000000000000e+00 0.000000000000000000e+00 0.000000000000000000e+00 0.000000000000000000e+00 0.000000000000000000e+00 0.000000000000000000e+00 0.000000000000000000e+00 0.000000000000000000e+00 0.000000000000000000e+00 0.000000000000000000e+00 0.000000000000000000e+00 0.000000000000000000e+00 0.000000000000000000e+00 0.000000000000000000e+00 0.000000000000000000e+00 0.000000000000000000e+00 0.000000000000000000e+00 0.000000000000000000e+00 0.000000000000000000e+00 0.000000000000000000e+00 0.000000000000000000e+00 0.000000000000000000e+00 0.000000000000000000e+00 0.000000000000000000e+00 0.000000000000000000e+00 0.000000000000000000e+00 0.000000000000000000e+00 0.000000000000000000e+00 0.000000000000000000e+00 0.000000000000000000e+00 0.000000000000000000e+00 0.000000000000000000e+00 0.000000000000000000e+00 0.000000000000000000e+00 0.000000000000000000e+00 0.000000000000000000e+00 0.000000000000000000e+00 0.000000000000000000e+00 0.000000000000000000e+00 0.000000000000000000e+00 0.000000000000000000e+00 0.000000000000000000e+00 0.000000000000000000e+00 0.000000000000000000e+00 0.000000000000000000e+00 0.000000000000000000e+00 0.000000000000000000e+00 0.000000000000000000e+00 0.000000000000000000e+00 0.000000000000000000e+00 0.000000000000000000e+00 0.000000000000000000e+00 0.000000000000000000e+00 0.000000000000000000e+00 0.000000000000000000e+00 0.000000000000000000e+00 0.000000000000000000e+00 0.000000000000000000e+00 0.000000000000000000e+00 0.000000000000000000e+00 0.000000000000000000e+00 0.000000000000000000e+00 0.000000000000000000e+00 0.000000000000000000e+00 0.000000000000000000e+00 0.000000000000000000e+00 0.000000000000000000e+00 0.000000000000000000e+00 0.000000000000000000e+00 0.000000000000000000e+00 0.000000000000000000e+00 0.000000000000000000e+00 0.000000000000000000e+00 0.000000000000000000e+00 0.000000000000000000e+00 0.000000000000000000e+00 0.000000000000000000e+00 0.000000000000000000e+00 0.000000000000000000e+00 0.000000000000000000e+00 0.000000000000000000e+00 0.000000000000000000e+00 0.000000000000000000e+00 0.000000000000000000e+00 0.000000000000000000e+00 0.000000000000000000e+00 0.000000000000000000e+00 0.000000000000000000e+00 0.000000000000000000e+00 0.000000000000000000e+00 0.000000000000000000e+00 0.000000000000000000e+00 0.000000000000000000e+00 0.000000000000000000e+00 0.000000000000000000e+00 0.000000000000000000e+00 0.000000000000000000e+00 0.000000000000000000e+00 0.000000000000000000e+00 0.000000000000000000e+00
