0.000000000000000000e+00 0.000000000000000000e+00 0.000000000000000000e+00 0.000000000000000000e+00 0.000000000000000000e+00 0.000000000000000000e+00 0.000000000000000000e+00 0.000000000000000000e+00 0.000000000000000000e+00 0.000000000000000000e+00 0.000000000000000000e+00 0.000000000000000000e+00 0.000000000000000000e+00 0.000000000000000000e+00 0.000000000000000000e+00 0.000000000000000000e+00 0.000000000000000000e+00 0.000000000000000000e+00 0.000000000000000000e+00 0.000000000000000000e+00 0.000000000000000000e+00 0.000000000000000000e+00 0.000000000000000000e+00 0.000000000000000000e+00 0.000000000000000000e+00 0.000000000000000000e+00 0.000000000000000000e+00 0.000000000000000000e+00 0.000000000000000000e+00 0.000000000000000000e+00 0.000000000000000000e+00 0.000000000000000000e+00 0.000000000000000000e+00 0.000000000000000000e+00 0.000000000000000000e+00 0.000000000000000000e+00 0.000000000000000000e+00 0.000000000000000000e+00 0.000000000000000000e+00 0.000000000000000000e+00 0.000000000000000000e+00 0.000000000000000000e+00 0.000000000000000000e+00 0.000000000000000000e+00 0.000000000000000000e+00 0.000000000000000000e+00 0.000000000000000000e+00 0.000000000000000000e+00 0.000000000000000000e+00 0.000000000000000000e+00 0.000000000000000000e+00 0.000000000000000000e+00 0.000000000000000000e+00 0.000000000000000000e+00 0.000000000000000000e+00 0.000000000000000000e+00 0.000000000000000000e+00 0.000000000000000000e+00 0.000000000000000000e+00 0.000000000000000000e+00 0.000000000000000000e+00 0.000000000000000000e+00 0.000000000000000000e+00 0.000000000000000000e+00 0.000000000000000000e+00 0.000000000000000000e+00 0.000000000000000000e+00 0.000000000000000000e+00 0.000000000000000000e+00 0.000000000000000000e+00 0.000000000000000000e+00 0.000000000000000000e+00 0.000000000000000000e+00 0.000000000000000000e+00 0.000000000000000000e+00 0.000000000000000000e+00 0.000000000000000000e+00 0.000000000000000000e+00 0.000000000000000000e+00 0.000000000000000000e+00 0.000000000000000000e+00 0.000000000000000000e+00 0.000000000000000000e+00 0.000000000000000000e+00 0.000000000000000000e+00 0.000000000000000000e+00 0.000000000000000000e+00 0.000000000000000000e+00 0.000000000000000000e+00 0.000000000000000000e+00 0.000000000000000000e+00 0.000000000000000000e+00 0.000000000000000000e+00 0.000000000000000000e+00 0.000000000000000000e+00 0.000000000000000000e+00 0.000000000000000000e+00 0.000000000000000000e+00 0.000000000000000000e+00 0.000000000000000000e+00 0.000000000000000000e+00 0.000000000000000000e+00 0.000000000000000000e+00 0.000000000000000000e+00 0.000000000000000000e+00 0.000000000000000000e+00 0.000000000000000000e+00 0.000000000000000000e+00 0.000000000000000000e+00 0.000000000000000000e+00 0.000000000000000000e+00 0.000000000000000000e+00 0.000000000000000000e+00 0.000000000000000000e+00 0.000000000000000000e+00 0.000000000000000000e+00 0.000000000000000000e+00 0.000000000000000000e+00 0.000000000000000000e+00 0.000000000000000000e+00 0.000000000000000000e+00 0.000000000000000000e+00 0.000000000000000000e+00 0.000000000000000000e+00 0.000000000000000000e+00 0.000000000000000000e+00 0.000000000000000000e+00 0.000000000000000000e+00 0.000000000000000000e+00 0.000000000000000000e+00 0.000000000000000000e+00 0.000000000000000000e+00 0.000000000000000000e+00 0.000000000000000000e+00 0.000000000000000000e+00 0.000000000000000000e+00 0.000000000000000000e+00 0.000000000000000000e+00 0.000000000000000000e+00 0.000000000000000000e+00 0.000000000000000000e+00 0.000000000000000000e+00 0.000000000000000000e+00 0.000000000000000000e+00
6.118993618060827977e+00 -4.243764964964523934e+00 4.937341674450611562e-01 -1.278943438086817307e-03 2.478414236528887926e+00 -1.597461491535284495e+00 -7.502388576002064768e-01 3.172107797781100746e+00 -4.625676301809070523e+00 1.425888489704104201e+00 4.872120302124812063e+00 -6.121798466883912049e+00 -4.243764964964523934e+00 6.909439834371156053e+00 -2.795023048047262648e+00 1.136086931910250675e+00 -3.365779541003474318e+00 1.252127952124816090e+00 1.278992461253584123e+00 -4.210077735013289413e+00 7.121399211879136715e+00 -2.820503354479980906e+00 -7.995709961214428674e+00 1.018196615136800354e+01 4.937341674450596574e-01 -2.795023048047262648e+00 5.554592588693788358e+00 -5.018039974088409627e-01 1.712378769834591807e+00 -7.522174468640174805e-01 -1.795357812880441939e+00 2.386405721974401040e+00 -2.791468587545323121e+00 1.120435373168402249e+00 4.452829281162115294e+00 -4.801380503999418181e+00 -1.278943438087734108e-03 1.136086931910251785e+00 -5.018039974088417399e-01 4.909981958915271782e+00 -1.952963410727213356e+00 1.002179696211806359e+00 -1.308903916534338574e-01 -1.332419624734869190e+00 1.738308154683964490e+00 -1.013006029538779273e+00 -2.145754863617974184e+00 2.892886017990641268e+00 2.478414236528888370e+00 -3.365779541003474762e+00 1.712378769834592251e+00 -1.952963410727212246e+00 5.408491909199677039e+00 -9.263384617764350848e-01 -3.322930209355559605e-01 4.543809710215093389e+00 -4.372000085697731464e+00 3.052626257590807413e+00 5.756048777216494550e+00 -7.402209546431772758e+00 -1.597461491535284273e+00 1.252127952124815868e+00 -7.522174468640181466e-01 1.002179696211806359e+00 -9.263384617764355289e-01 3.371246991152967443e+00 1.205249339245662021e+00 -1.874127009966192636e+00 1.944792041359421964e+00 3.228875183919355796e-01 -1.649916319389457264e+00 1.720079026609864892e+00 -7.502388576002056997e-01 1.278992461253583235e+00 -1.795357812880441495e+00 -1.308903916534341350e-01 -3.322930209355556275e-01 1.205249339245661799e+00 3.492449069759059999e+00 -1.867364107789885486e+00 2.347454192625535896e+00 -5.194919051194619719e-01 -1.090848892167240347e+00 2.501089230151789966e+00 3.172107797781097638e+00 -4.210077735013288525e+00 2.386405721974402372e+00 -1.332419624734867414e+00 4.543809710215091613e+00 -1.874127009966191304e+00 -1.867364107789885708e+00 1.039610323839924177e+01 -9.025459668216363696e+00 3.330801075368026609e+00 9.558090740642702698e+00 -1.162077718720768083e+01 -4.625676301809069635e+00 7.121399211879139379e+00 -2.791468587545327562e+00 1.738308154683963824e+00 -4.372000085697734129e+00 1.944792041359422408e+00 2.347454192625538116e+00 -9.025459668216369025e+00 1.492359112244947461e+01 -4.593353239743613869e+00 -1.294573350332104766e+01 1.691888219920727110e+01 1.425888489704103534e+00 -2.820503354479980906e+00 1.120435373168402471e+00 -1.013006029538778607e+00 3.052626257590807413e+00 3.228875183919359126e-01 -5.194919051194623050e-01 3.330801075368027053e+00 -4.593353239743612093e+00 4.746666377752428723e+00 4.531821755666953777e+00 -7.396975701343453835e+00 4.872120302124808511e+00 -7.995709961214427786e+00 4.452829281162117070e+00 -2.145754863617972408e+00 5.756048777216493662e+00 -1.649916319389456820e+00 -1.090848892167241235e+00 9.558090740642706251e+00 -1.294573350332104233e+01 4.531821755666954665e+00 1.703938092265105197e+01 -1.797965625616498997e+01 -6.121798466883909384e+00 1.018196615136800531e+01 -4.801380503999421734e+00 2.892886017990639491e+00 -7.402209546431772758e+00 1.720079026609864226e+00 2.501089230151791298e+00 -1.162077718720768083e+01 1.691888219920726399e+01 -7.396975701343452947e+00 -1.797965625616498997e+01 2.493105928829936957e+01
9.612037033575508982e-01 -6.206436561496967208e+00 -5.051136086638979839e-01 -6.217526405326361250e+00 4.663913861507975045e-01 -2.698114656563610936e+00 -1.031617086781983605e+00 1.548388844114708007e+00 -1.094490957286070909e+01 1.657453382432727995e+00 8.269420219478501366e+00 -1.314959754585683527e+01 5.416334104671022942e+00 -1.087322274416599122e+01 4.215096864393967913e+00 -4.492211904089836061e+00 3.186837898724931950e+00 -3.286159382480109414e+00 -3.817691512718497826e+00 7.844308400833367223e+00 -1.901007279029219532e+01 5.436211566377388671e+00 1.558160658736040105e+01 -2.336155949278600374e+01 4.778409809929849317e+00 -8.394354918756215866e+00 2.023304991007245590e+00 -5.487011098444081192e+00 3.743181640349674044e+00 -3.998908102709788359e+00 -2.703210566186026398e+00 9.098606775672640978e+00 -1.756231949404845949e+01 3.268612224182645853e+00 1.461995288784428126e+01 -2.010720300759989954e+01 -4.406816273012115204e+00 2.107171202334942262e+00 -1.800526446182695750e+00 -2.887856738233474108e+00 -4.778364273912146132e+00 -1.254559409884266730e+00 -1.250741120622483438e+00 -5.835109446022753943e+00 3.051778011778830901e+00 -2.054237734740478771e+00 -7.484551370961312955e+00 5.077851900287893017e+00 -2.773521698553764181e-01 -2.945873264305659767e+00 7.865128120456963412e-01 -3.450082776968983023e+00 -8.880017336535426242e-01 -4.199559352239550236e+00 -3.060782248166656228e+00 8.774634040961872827e-01 -6.778553431283580011e+00 -1.447819805804150928e+00 2.664780471002452522e+00 -4.956067246754289002e+00 9.831896789575641504e-01 -4.640623654223335670e+00 3.162254983962871524e+00 -4.438633946410917908e+00 8.680212215415421539e-01 -4.204128698917842577e+00 -4.791066937328818831e+00 4.851774305377254848e+00 -9.651318209188261221e+00 8.171759967739523622e-01 6.090014579404173567e+00 -9.398901834494731489e+00 -1.371934661378249709e+00 2.715389205001383921e+00 -6.485174859606829045e+00 -1.412807473273365089e+00 -7.711410312835651482e+00 -1.537549430782235049e+00 -5.352177170891294633e-01 -8.857622803807890577e+00 3.547072129366630300e+00 -6.123733700619579778e+00 -1.169245128996070981e+01 1.091413031865004513e+01 9.449396773875169686e-02 -1.259882543371965147e+00 -2.689017242222470738e+00 -1.017547047949292960e+00 -1.588494590900482839e+00 -1.418644896203533623e+00 -3.237392547187094571e+00 6.890092398483351754e-01 -5.641980266998644744e+00 9.650536756146541606e-01 -1.469410103323554040e+00 -4.148669587604308262e+00 -2.422890997812271241e+00 5.063293551884325838e-01 -4.739811927628718169e-01 2.497843498323772393e-01 -4.084608591398323441e+00 -9.963035723069274541e-01 -3.075017013903840191e+00 -4.585692464200232799e+00 1.550312247113962982e-01 -1.499133769292779306e+00 -5.326632488600087534e+00 2.746433829615898325e+00 5.234136002298180657e+00 -8.095180186566688363e+00 5.139190553105233983e-01 -3.318593297359603067e+00 2.879688499186855211e+00 -3.401994446174175124e+00 -3.103112550626695221e+00 3.777564070443796940e+00 -1.158871421560776227e+01 4.043490792946118795e+00 6.670087326229038993e+00 -1.484447521390573321e+01 -6.666071624834208897e-01 -5.310086379982372762e+00 2.209693501097886870e+00 -4.937238407961212161e+00 8.321926528494713038e-01 -1.115190294317056185e+00 -2.662521417350641517e+00 3.529572718598379844e+00 -1.138115355457505373e+01 3.197906038227464887e+00 7.547118093096472080e+00 -1.361149075672867781e+01 -4.843115944063299594e+00 5.268075244535516788e+00 -3.311275009269564418e+00 -1.891670954354997214e+00 -7.532618629836040469e+00 -2.522567701294589515e+00 -2.103614541022575057e+00 -8.199215708291003324e+00 6.526046996350584273e+00 -5.613851119190839789e+00 -1.308413815232964339e+01 1.306739573451863556e+01
9.612037033575508982e-01 5.416334104671022942e+00 4.778409809929849317e+00 -4.406816273012115204e+00 -2.773521698553764181e-01 9.831896789575641504e-01 -1.371934661378249709e+00 9.449396773875169686e-02 -2.422890997812271241e+00 5.234136002298180657e+00 -6.666071624834208897e-01 -4.843115944063299594e+00 -6.206436561496967208e+00 -1.087322274416599122e+01 -8.394354918756215866e+00 2.107171202334942262e+00 -2.945873264305659767e+00 -4.640623654223335670e+00 2.715389205001383921e+00 -1.259882543371965147e+00 5.063293551884325838e-01 -8.095180186566688363e+00 -5.310086379982372762e+00 5.268075244535516788e+00 -5.051136086638979839e-01 4.215096864393967913e+00 2.023304991007245590e+00 -1.800526446182695750e+00 7.865128120456963412e-01 3.162254983962871524e+00 -6.485174859606829045e+00 -2.689017242222470738e+00 -4.739811927628718169e-01 5.139190553105233983e-01 2.209693501097886870e+00 -3.311275009269564418e+00 -6.217526405326361250e+00 -4.492211904089836061e+00 -5.487011098444081192e+00 -2.887856738233474108e+00 -3.450082776968983023e+00 -4.438633946410917908e+00 -1.412807473273365089e+00 -1.017547047949292960e+00 2.497843498323772393e-01 -3.318593297359603067e+00 -4.937238407961212161e+00 -1.891670954354997214e+00 4.663913861507975045e-01 3.186837898724931950e+00 3.743181640349674044e+00 -4.778364273912146132e+00 -8.880017336535426242e-01 8.680212215415421539e-01 -7.711410312835651482e+00 -1.588494590900482839e+00 -4.084608591398323441e+00 2.879688499186855211e+00 8.321926528494713038e-01 -7.532618629836040469e+00 -2.698114656563610936e+00 -3.286159382480109414e+00 -3.998908102709788359e+00 -1.254559409884266730e+00 -4.199559352239550236e+00 -4.204128698917842577e+00 -1.537549430782235049e+00 -1.418644896203533623e+00 -9.963035723069274541e-01 -3.401994446174175124e+00 -1.115190294317056185e+00 -2.522567701294589515e+00 -1.031617086781983605e+00 -3.817691512718497826e+00 -2.703210566186026398e+00 -1.250741120622483438e+00 -3.060782248166656228e+00 -4.791066937328818831e+00 -5.352177170891294633e-01 -3.237392547187094571e+00 -3.075017013903840191e+00 -3.103112550626695221e+00 -2.662521417350641517e+00 -2.103614541022575057e+00 1.548388844114708007e+00 7.844308400833367223e+00 9.098606775672640978e+00 -5.835109446022753943e+00 8.774634040961872827e-01 4.851774305377254848e+00 -8.857622803807890577e+00 6.890092398483351754e-01 -4.585692464200232799e+00 3.777564070443796940e+00 3.529572718598379844e+00 -8.199215708291003324e+00 -1.094490957286070909e+01 -1.901007279029219532e+01 -1.756231949404845949e+01 3.051778011778830901e+00 -6.778553431283580011e+00 -9.651318209188261221e+00 3.547072129366630300e+00 -5.641980266998644744e+00 1.550312247113962982e-01 -1.158871421560776227e+01 -1.138115355457505373e+01 6.526046996350584273e+00 1.657453382432727995e+00 5.436211566377388671e+00 3.268612224182645853e+00 -2.054237734740478771e+00 -1.447819805804150928e+00 8.171759967739523622e-01 -6.123733700619579778e+00 9.650536756146541606e-01 -1.499133769292779306e+00 4.043490792946118795e+00 3.197906038227464887e+00 -5.613851119190839789e+00 8.269420219478501366e+00 1.558160658736040105e+01 1.461995288784428126e+01 -7.484551370961312955e+00 2.664780471002452522e+00 6.090014579404173567e+00 -1.169245128996070981e+01 -1.469410103323554040e+00 -5.326632488600087534e+00 6.670087326229038993e+00 7.547118093096472080e+00 -1.308413815232964339e+01 -1.314959754585683527e+01 -2.336155949278600374e+01 -2.010720300759989954e+01 5.077851900287893017e+00 -4.956067246754289002e+00 -9.398901834494731489e+00 1.091413031865004513e+01 -4.148669587604308262e+00 2.746433829615898325e+00 -1.484447521390573321e+01 -1.361149075672867781e+01 1.306739573451863556e+01
3.124475239601865795e+01 2.595992225039202239e+01 2.269230210426662353e+01 1.217830316034150151e+01 1.830392110473882283e+01 1.645900199645549478e+01 1.406623972471723683e+01 1.300395823209005464e+01 9.142979646652655390e+00 1.877449264616949876e+01 2.194009423018725613e+01 8.933332756280245590e+00 2.595992225039201884e+01 4.121019739429799245e+01 3.041914035568956010e+01 7.676284094555870574e+00 1.922717261431846936e+01 2.312177290785862027e+01 6.930775287842164900e+00 1.516909413269377360e+01 8.801207900223797509e+00 2.550313549990525175e+01 2.640477185874414090e+01 1.088847198037052877e+00 2.269230210426662353e+01 3.041914035568956365e+01 3.100531314409871442e+01 3.976116334168799948e+00 1.683586584684719867e+01 1.836131168180912709e+01 6.426083552390340792e+00 1.134283464893142224e+01 5.047241258470583247e+00 1.964629111428308761e+01 2.050320436601640495e+01 1.106335618821658429e+00 1.217830316034150862e+01 7.676284094555876791e+00 3.976116334168807054e+00 2.115755605536135775e+01 1.335679653001353273e+01 9.802420484659259969e+00 1.852004698878503675e+01 1.119877533919084378e+01 1.386546148725461514e+01 9.723512007182096184e+00 1.276696163916081517e+01 1.698298869763884511e+01 1.830392110473881573e+01 1.922717261431847646e+01 1.683586584684719867e+01 1.335679653001352385e+01 2.099438595253030115e+01 1.648018314802967410e+01 1.487518933327429593e+01 1.161534395315906565e+01 1.196343613498441982e+01 1.446742711421281236e+01 1.688905716943780178e+01 1.207262368900178906e+01 1.645900199645549122e+01 2.312177290785862027e+01 1.836131168180912354e+01 9.802420484659258193e+00 1.648018314802967410e+01 2.317432823028264721e+01 1.038844182916078474e+01 1.208445274248775192e+01 9.592339183985318485e+00 1.496110982671377698e+01 1.704105907319558355e+01 9.426661228743389742e+00 1.406623972471724571e+01 6.930775287842177335e+00 6.426083552390357667e+00 1.852004698878502609e+01 1.487518933327430481e+01 1.038844182916079362e+01 3.407210631928312239e+01 1.446904975665183635e+01 1.549700227324232849e+01 1.024743871067228440e+01 8.360315334950501054e+00 2.332066313025320881e+01 1.300395823209005819e+01 1.516909413269378426e+01 1.134283464893142757e+01 1.119877533919083845e+01 1.161534395315906742e+01 1.208445274248775547e+01 1.446904975665183457e+01 1.712836890863222905e+01 1.023482714813769157e+01 1.351211615625793172e+01 1.338434744340931459e+01 1.064187020500684433e+01 9.142979646652655390e+00 8.801207900223797509e+00 5.047241258470587688e+00 1.386546148725461158e+01 1.196343613498442338e+01 9.592339183985323814e+00 1.549700227324233026e+01 1.023482714813768979e+01 1.754994400099604945e+01 9.860038250735193799e+00 1.187472937466776912e+01 1.371669304808041723e+01 1.877449264616949876e+01 2.550313549990525530e+01 1.964629111428308761e+01 9.723512007182087302e+00 1.446742711421281413e+01 1.496110982671377698e+01 1.024743871067227197e+01 1.351211615625792462e+01 9.860038250735193799e+00 2.531745176679364562e+01 1.794237338144914418e+01 4.381920820383523818e+00 2.194009423018725258e+01 2.640477185874413735e+01 2.050320436601640495e+01 1.276696163916080806e+01 1.688905716943780178e+01 1.704105907319558710e+01 8.360315334950490396e+00 1.338434744340930926e+01 1.187472937466776735e+01 1.794237338144914418e+01 2.641194348776874889e+01 5.698637928809437092e+00 8.933332756280247366e+00 1.088847198037064423e+00 1.106335618821669975e+00 1.698298869763884156e+01 1.207262368900179617e+01 9.426661228743396848e+00 2.332066313025321591e+01 1.064187020500684611e+01 1.371669304808041900e+01 4.381920820383530923e+00 5.698637928809444197e+00 2.763433330906071461e+01
-1.077846588678474049e+00 4.190914445540294686e-01 -6.765427008229233374e-01 -1.845439222476381813e+00 -1.911383942153000781e+00 3.761960190618118816e-01 -1.736093942681877333e+00 -4.998058485874478096e-01 -2.433133037115507769e+00 -4.493871015103207966e-01 -1.764950629108924085e+00 1.271637626760764306e-01 -1.263493428757020975e+00 -1.805199503168176456e+00 2.544180851732822379e-01 -1.367417708179806457e+00 -8.606410580226204754e-01 -3.311570988033963880e-01 -1.352575893075559810e+00 -2.105510599639325964e+00 1.198392950232252341e+00 -5.376278516232668725e-01 -6.945598220152369162e-01 7.479691973929536442e-01 -6.197197448388732655e-01 1.478065048449249019e+00 8.983640837235049581e-01 -3.760913935896104565e+00 -2.891689787474368778e+00 1.838018620180220442e+00 -3.742007402759349177e-01 2.013819268444838329e-01 -3.219367424614677287e+00 -2.110431279823752337e+00 -3.162487259400552198e+00 1.753249185593686255e+00 -1.764467595052379378e+00 3.996631197519946999e-01 -1.125226889221011994e+00 -1.190504013835955721e+00 -1.516861730168828970e+00 8.939894049161944967e-01 -1.980624370605957196e+00 -2.498842389618280424e-01 -3.079261003598232627e+00 2.621334468928023798e-01 -1.990962766885252089e+00 1.278920171621591884e+00 -8.425179588335300895e-01 -1.524063280824802469e+00 -1.527394732333288374e+00 -1.524876005306345095e-01 -1.050695846973230818e+00 -2.555877928883658168e+00 -5.270877046425496149e-01 -5.789627078136218019e-01 6.587817058189522346e-01 5.654994195179352534e-02 4.243792179432844813e-01 -1.602159070654585626e+00 -2.292515051509735002e+00 -4.068657205054705406e-01 2.244369919858113793e-01 -1.405510709553515980e+00 -6.275161813330429883e-01 -5.708328832116302959e-02 -7.882658812248976021e-01 -7.008406056593877720e-01 -4.444291978507772800e-01 -6.644940971669778262e-01 -4.418718541986995652e-01 -2.141227960882116643e-01 -1.318100541796997094e+00 2.970043751649033004e-01 8.145463477806809127e-01 -2.653441482406081242e+00 -1.512670159618948240e+00 1.000254198287751306e+00 -1.112045783640717989e-01 1.568337942783672515e-02 -8.314894720634117276e-01 -7.105056647429723871e-01 -1.523734639178477845e+00 2.778145751770673133e-01 9.902260629132704217e-01 6.981244607491760013e-01 -1.098226151862190303e+00 -1.212097168467247688e+00 -1.364471587766683314e+00 -5.820719573514220313e-01 -1.586584663741416712e+00 -3.359975956454714918e-01 -3.653319011135027772e+00 -9.415835178899744085e-01 -2.478942196356017202e+00 1.443899322134845287e+00 6.041254383954183238e-01 -9.916475956841821482e-01 -6.756123988676581149e-01 -1.553097253088034480e+00 -1.129578737475263273e+00 -4.793877550285675082e-01 -1.159268723923781552e+00 2.241242803903924496e-01 -1.397998261267957121e+00 -1.747027554168687491e+00 -1.755430020849761408e-01 -6.487802434187874834e-01 -5.929131695050429141e-01 -4.780774966007949045e-01 2.247930853222695757e-01 -1.877308970124135445e+00 2.429657486115648635e-01 -1.717531105782539536e+00 -1.422529439117942163e+00 -1.230617861030174343e+00 4.114110050786586870e-01 -2.202308132915092309e-01 -7.169618423776998872e-01 -8.567706887934611881e-01 1.222673172876474590e+00 -1.561846740740333139e+00 -1.163433640806862401e+00 -8.258531335406121832e-01 9.574807599908326250e-02 -2.275469313275774397e+00 -3.546358070185423039e-01 -8.704838486783061935e-01 -1.464021685523419158e+00 -1.937544395326959545e+00 -5.742797118379640020e-01 -8.481279730075299561e-01 4.645517987143308880e-01 -2.198347929338598128e+00 -1.966066127320138524e-01 -1.364900072333768088e+00 -7.887559700283165443e-01 -2.414313379223712808e+00 -4.376258916250835851e-01 -1.327916340570609810e+00 1.221187728400910277e+00 -7.648051861261802031e-01 4.326183212577887072e-01 -3.758835615893875715e-01
-1.077846588678474049e+00 -1.263493428757020975e+00 -6.197197448388732655e-01 -1.764467595052379378e+00 -8.425179588335300895e-01 -2.292515051509735002e+00 -1.318100541796997094e+00 9.902260629132704217e-01 6.041254383954183238e-01 -5.929131695050429141e-01 1.222673172876474590e+00 4.645517987143308880e-01 4.190914445540294686e-01 -1.805199503168176456e+00 1.478065048449249019e+00 3.996631197519946999e-01 -1.524063280824802469e+00 -4.068657205054705406e-01 2.970043751649033004e-01 6.981244607491760013e-01 -9.916475956841821482e-01 -4.780774966007949045e-01 -1.561846740740333139e+00 -2.198347929338598128e+00 -6.765427008229233374e-01 2.544180851732822379e-01 8.983640837235049581e-01 -1.125226889221011994e+00 -1.527394732333288374e+00 2.244369919858113793e-01 8.145463477806809127e-01 -1.098226151862190303e+00 -6.756123988676581149e-01 2.247930853222695757e-01 -1.163433640806862401e+00 -1.966066127320138524e-01 -1.845439222476381813e+00 -1.367417708179806457e+00 -3.760913935896104565e+00 -1.190504013835955721e+00 -1.524876005306345095e-01 -1.405510709553515980e+00 -2.653441482406081242e+00 -1.212097168467247688e+00 -1.553097253088034480e+00 -1.877308970124135445e+00 -8.258531335406121832e-01 -1.364900072333768088e+00 -1.911383942153000781e+00 -8.606410580226204754e-01 -2.891689787474368778e+00 -1.516861730168828970e+00 -1.050695846973230818e+00 -6.275161813330429883e-01 -1.512670159618948240e+00 -1.364471587766683314e+00 -1.129578737475263273e+00 2.429657486115648635e-01 9.574807599908326250e-02 -7.887559700283165443e-01 3.761960190618118816e-01 -3.311570988033963880e-01 1.838018620180220442e+00 8.939894049161944967e-01 -2.555877928883658168e+00 -5.708328832116302959e-02 1.000254198287751306e+00 -5.820719573514220313e-01 -4.793877550285675082e-01 -1.717531105782539536e+00 -2.275469313275774397e+00 -2.414313379223712808e+00 -1.736093942681877333e+00 -1.352575893075559810e+00 -3.742007402759349177e-01 -1.980624370605957196e+00 -5.270877046425496149e-01 -7.882658812248976021e-01 -1.112045783640717989e-01 -1.586584663741416712e+00 -1.159268723923781552e+00 -1.422529439117942163e+00 -3.546358070185423039e-01 -4.376258916250835851e-01 -4.998058485874478096e-01 -2.105510599639325964e+00 2.013819268444838329e-01 -2.498842389618280424e-01 -5.789627078136218019e-01 -7.008406056593877720e-01 1.568337942783672515e-02 -3.359975956454714918e-01 2.241242803903924496e-01 -1.230617861030174343e+00 -8.704838486783061935e-01 -1.327916340570609810e+00 -2.433133037115507769e+00 1.198392950232252341e+00 -3.219367424614677287e+00 -3.079261003598232627e+00 6.587817058189522346e-01 -4.444291978507772800e-01 -8.314894720634117276e-01 -3.653319011135027772e+00 -1.397998261267957121e+00 4.114110050786586870e-01 -1.464021685523419158e+00 1.221187728400910277e+00 -4.493871015103207966e-01 -5.376278516232668725e-01 -2.110431279823752337e+00 2.621334468928023798e-01 5.654994195179352534e-02 -6.644940971669778262e-01 -7.105056647429723871e-01 -9.415835178899744085e-01 -1.747027554168687491e+00 -2.202308132915092309e-01 -1.937544395326959545e+00 -7.648051861261802031e-01 -1.764950629108924085e+00 -6.945598220152369162e-01 -3.162487259400552198e+00 -1.990962766885252089e+00 4.243792179432844813e-01 -4.418718541986995652e-01 -1.523734639178477845e+00 -2.478942196356017202e+00 -1.755430020849761408e-01 -7.169618423776998872e-01 -5.742797118379640020e-01 4.326183212577887072e-01 1.271637626760764306e-01 7.479691973929536442e-01 1.753249185593686255e+00 1.278920171621591884e+00 -1.602159070654585626e+00 -2.141227960882116643e-01 2.778145751770673133e-01 1.443899322134845287e+00 -6.487802434187874834e-01 -8.567706887934611881e-01 -8.481279730075299561e-01 -3.758835615893875715e-01
1.634044992748788516e+01 8.213014706367687268e+00 1.472198592880354262e+00 7.891867013813723908e+00 2.019509760934354858e+00 7.313332145083544233e+00 3.778406654437631573e+00 7.399038093553521378e+00 4.893388515719092169e+00 2.710324781890080192e+00 8.359210826379708692e+00 -5.211191683987390633e-01 8.213014706367683715e+00 1.503669872801547314e+01 -4.067238833970265866e+00 6.477462759057978303e+00 -1.879040734744532593e-01 7.861781017902307767e+00 -4.846846059096012738e-01 1.082014658086745129e+00 3.364870325257371952e-01 3.497391451473594870e-01 7.464041679933649753e+00 -2.387387662074305084e+00 1.472198592880358703e+00 -4.067238833970268530e+00 2.524133148599300824e+01 3.376635421309130969e+00 7.414133630249205353e+00 6.534985225302865075e-01 1.177137993717326125e+01 1.057037829689835817e+01 9.299141896505126681e+00 9.010393471321201275e+00 -1.766783691913064835e+00 1.191268249681118796e+01 7.891867013813716802e+00 6.477462759057972086e+00 3.376635421309142959e+00 1.738451903009391586e+01 3.287987085294309608e+00 4.928135963829177513e+00 6.712249835501604700e-01 5.395676563474272491e+00 -2.066103300365105255e-01 2.151559619571097315e-01 7.610334827582368789e+00 -2.652626852468069174e+00 2.019509760934354414e+00 -1.879040734744554797e-01 7.414133630249210682e+00 3.287987085294305167e+00 1.197225181169429931e+01 1.655374724171961187e+00 4.805561858021230037e+00 4.072498685298222121e+00 4.960759775516053516e+00 5.629532443818408005e+00 4.160738918484185866e+00 8.892209222246377109e+00 7.313332145083542457e+00 7.861781017902311319e+00 6.534985225302842871e-01 4.928135963829181954e+00 1.655374724171962075e+00 8.956306253101416814e+00 2.233142009397345085e+00 2.325222340474801808e+00 3.617619231684648717e+00 2.536805462738287886e+00 5.224411599885100621e+00 6.853740241972761105e-01 3.778406654437633350e+00 -4.846846059095999415e-01 1.177137993717325415e+01 6.712249835501573614e-01 4.805561858021226485e+00 2.233142009397345529e+00 1.082952601576733542e+01 5.505722022260782111e+00 5.588269333689893870e+00 6.039934879673122481e+00 7.580011245447351165e-01 7.455982660055788358e+00 7.399038093553523154e+00 1.082014658086746461e+00 1.057037829689835284e+01 5.395676563474270715e+00 4.072498685298218568e+00 2.325222340474803140e+00 5.505722022260780335e+00 1.249067886243468806e+01 6.614999061814192061e+00 5.505254163755913588e+00 4.463097191706424383e+00 5.406964329392051738e+00 4.893388515719096610e+00 3.364870325257411920e-01 9.299141896505123128e+00 -2.066103300365149664e-01 4.960759775516049963e+00 3.617619231684653158e+00 5.588269333689893870e+00 6.614999061814192061e+00 1.186550140863421632e+01 7.234859970120925965e+00 2.398912600296949194e+00 9.171870549356793134e+00 2.710324781890083745e+00 3.497391451473625956e-01 9.010393471321197723e+00 2.151559619571052906e-01 5.629532443818403564e+00 2.536805462738290551e+00 6.039934879673123369e+00 5.505254163755914476e+00 7.234859970120925965e+00 1.221404915546364833e+01 8.246886468813880988e-01 9.167923587346251679e+00 8.359210826379705139e+00 7.464041679933646201e+00 -1.766783691913058618e+00 7.610334827582375006e+00 4.160738918484190307e+00 5.224411599885097957e+00 7.580011245447360047e-01 4.463097191706424383e+00 2.398912600296949194e+00 8.246886468813894311e-01 1.464061121576983560e+01 6.613078648235202195e-01 -5.211191683987350665e-01 -2.387387662074309524e+00 1.191268249681118974e+01 -2.652626852468077612e+00 8.892209222246373557e+00 6.853740241972769986e-01 7.455982660055791911e+00 5.406964329392057067e+00 9.171870549356796687e+00 9.167923587346255232e+00 6.613078648235157786e-01 1.640513829258995315e+01
6.043310957637057612e+00 9.225677364806385228e+00 -1.299647167917201962e+01 3.627276225461038450e+00 -6.078986325704441640e+00 3.506593890696275029e+00 -7.084820749662307016e+00 -3.569308913372088998e+00 -5.528872617233229647e+00 -6.365010996877890292e+00 4.742072707984304358e+00 -1.208223147112666851e+01 6.125507520060471833e+00 1.037510594963229771e+01 -1.654600039249925558e+01 4.872690519787677310e+00 -7.116863840359359372e+00 5.061253387921882840e+00 -9.409243253915569483e+00 -5.421857910593843144e+00 -7.170383999456744206e+00 -8.376856902560525953e+00 6.227655982242667143e+00 -1.364938160477849394e+01 3.840507369625080436e+00 1.020703112823652781e+01 -1.534198287619135925e+01 8.299830947850047380e+00 -5.320938051052653606e+00 3.878272426935328809e+00 -8.641165505375916212e+00 -4.562942473666835141e+00 -7.221022066982096810e+00 -8.591836215717439273e+00 7.274379822653805228e+00 -1.386515449128652122e+01 8.512476004401762220e-01 5.057383798263535013e+00 -7.538893431182716931e+00 3.136889352416132315e+00 -3.072646962853143648e+00 2.549129108937685739e+00 -4.824944555229635057e+00 -2.812451298552292478e+00 -4.177243889414027578e+00 -3.826681060270021195e+00 2.975417785301498697e+00 -7.770062925802224463e+00 -7.132935363686766506e-01 1.001122318778895792e+00 -2.188433039031032035e+00 2.487235136234514921e-01 -9.875447408414986805e-01 6.854036587285576854e-01 -3.255142385883597722e+00 -1.422125951845899738e+00 -4.693409185652421822e-01 -3.925915708256408898e-01 -8.160578150186064139e-01 -1.539446597608131295e+00 4.103322005774121983e+00 7.212917959788370581e+00 -1.134079618045526772e+01 7.161928705386768179e+00 -3.576460018658899287e+00 1.052251223753863485e+00 -5.569783071225784532e+00 -4.806424816404811118e+00 -8.624110740183338564e+00 -7.948181025012828194e+00 7.506632437407578351e+00 -1.228115474269680618e+01 5.010016065859867140e+00 6.482942707206431621e+00 -9.453706386414509666e+00 4.640043975107422392e-01 -4.514170943315191309e+00 2.416015284656457318e+00 -4.376654698674342647e+00 -1.867093431771725154e+00 -3.047621130050947702e+00 -4.818870741720042261e+00 2.874255211770021745e+00 -7.198679537020932884e+00 4.743082139900721472e+00 1.058910747053484869e+01 -1.551680187139116107e+01 6.772429600072822353e+00 -6.914578791833923432e+00 3.664137230897400954e+00 -8.564752960030437734e+00 -4.491381838317400010e+00 -7.796384765683732176e+00 -8.294192255286743531e+00 7.864971438377477142e+00 -1.428880546705727284e+01 7.420976285928616356e+00 1.296590086827280786e+01 -2.097155728122097429e+01 1.081931598411036610e+01 -8.034273725897483232e+00 5.746300675564349980e+00 -1.243130157157930427e+01 -6.769438621965017333e+00 -1.022130158263163935e+01 -1.089680044890699584e+01 9.874522277035026718e+00 -1.780739083774013665e+01 -1.708686803518793873e+00 2.019891274798266689e+00 -4.767534751638264012e+00 7.172141585607312742e+00 5.462898076464731134e-02 -4.819326475606449667e-01 -4.669865634726149572e+00 -3.903713721753932386e+00 -7.129480906140633678e+00 -6.306907297904873033e+00 4.826149345462066975e+00 -6.561031660361990703e+00 1.136157064679379269e+00 5.331523802390557565e-01 -3.182053755233773540e+00 2.144022456124780263e+00 -2.293746979876657655e+00 -2.006862877296298198e-01 -1.568501322543462306e+00 -9.615802751197098930e-01 -3.174823389288240261e+00 -1.051082523687181691e+00 1.602374473781812414e+00 -4.497175922623872779e+00 7.297484050617941698e+00 8.449592583437336657e+00 -1.756014737960872907e+01 8.629922890462358609e+00 -5.083160456325661158e+00 2.861918162387564912e+00 -8.212210648340949604e+00 -5.660724133502781363e+00 -9.533389650397726456e+00 -1.073242252568402577e+01 9.161480918107988813e+00 -1.359249639562657208e+01
6.043310957637057612e+00 6.125507520060471833e+00 3.840507369625080436e+00 8.512476004401762220e-01 -7.132935363686766506e-01 4.103322005774121983e+00 5.010016065859867140e+00 4.743082139900721472e+00 7.420976285928616356e+00 -1.708686803518793873e+00 1.136157064679379269e+00 7.297484050617941698e+00 9.225677364806385228e+00 1.037510594963229771e+01 1.020703112823652781e+01 5.057383798263535013e+00 1.001122318778895792e+00 7.212917959788370581e+00 6.482942707206431621e+00 1.058910747053484869e+01 1.296590086827280786e+01 2.019891274798266689e+00 5.331523802390557565e-01 8.449592583437336657e+00 -1.299647167917201962e+01 -1.654600039249925558e+01 -1.534198287619135925e+01 -7.538893431182716931e+00 -2.188433039031032035e+00 -1.134079618045526772e+01 -9.453706386414509666e+00 -1.551680187139116107e+01 -2.097155728122097429e+01 -4.767534751638264012e+00 -3.182053755233773540e+00 -1.756014737960872907e+01 3.627276225461038450e+00 4.872690519787677310e+00 8.299830947850047380e+00 3.136889352416132315e+00 2.487235136234514921e-01 7.161928705386768179e+00 4.640043975107422392e-01 6.772429600072822353e+00 1.081931598411036610e+01 7.172141585607312742e+00 2.144022456124780263e+00 8.629922890462358609e+00 -6.078986325704441640e+00 -7.116863840359359372e+00 -5.320938051052653606e+00 -3.072646962853143648e+00 -9.875447408414986805e-01 -3.576460018658899287e+00 -4.514170943315191309e+00 -6.914578791833923432e+00 -8.034273725897483232e+00 5.462898076464731134e-02 -2.293746979876657655e+00 -5.083160456325661158e+00 3.506593890696275029e+00 5.061253387921882840e+00 3.878272426935328809e+00 2.549129108937685739e+00 6.854036587285576854e-01 1.052251223753863485e+00 2.416015284656457318e+00 3.664137230897400954e+00 5.746300675564349980e+00 -4.819326475606449667e-01 -2.006862877296298198e-01 2.861918162387564912e+00 -7.084820749662307016e+00 -9.409243253915569483e+00 -8.641165505375916212e+00 -4.824944555229635057e+00 -3.255142385883597722e+00 -5.569783071225784532e+00 -4.376654698674342647e+00 -8.564752960030437734e+00 -1.243130157157930427e+01 -4.669865634726149572e+00 -1.568501322543462306e+00 -8.212210648340949604e+00 -3.569308913372088998e+00 -5.421857910593843144e+00 -4.562942473666835141e+00 -2.812451298552292478e+00 -1.422125951845899738e+00 -4.806424816404811118e+00 -1.867093431771725154e+00 -4.491381838317400010e+00 -6.769438621965017333e+00 -3.903713721753932386e+00 -9.615802751197098930e-01 -5.660724133502781363e+00 -5.528872617233229647e+00 -7.170383999456744206e+00 -7.221022066982096810e+00 -4.177243889414027578e+00 -4.693409185652421822e-01 -8.624110740183338564e+00 -3.047621130050947702e+00 -7.796384765683732176e+00 -1.022130158263163935e+01 -7.129480906140633678e+00 -3.174823389288240261e+00 -9.533389650397726456e+00 -6.365010996877890292e+00 -8.376856902560525953e+00 -8.591836215717439273e+00 -3.826681060270021195e+00 -3.925915708256408898e-01 -7.948181025012828194e+00 -4.818870741720042261e+00 -8.294192255286743531e+00 -1.089680044890699584e+01 -6.306907297904873033e+00 -1.051082523687181691e+00 -1.073242252568402577e+01 4.742072707984304358e+00 6.227655982242667143e+00 7.274379822653805228e+00 2.975417785301498697e+00 -8.160578150186064139e-01 7.506632437407578351e+00 2.874255211770021745e+00 7.864971438377477142e+00 9.874522277035026718e+00 4.826149345462066975e+00 1.602374473781812414e+00 9.161480918107988813e+00 -1.208223147112666851e+01 -1.364938160477849394e+01 -1.386515449128652122e+01 -7.770062925802224463e+00 -1.539446597608131295e+00 -1.228115474269680618e+01 -7.198679537020932884e+00 -1.428880546705727284e+01 -1.780739083774013665e+01 -6.561031660361990703e+00 -4.497175922623872779e+00 -1.359249639562657208e+01
2.003818635990450403e+01 2.233833766820479028e+01 1.880521762574902667e+01 1.169637971956961664e+01 5.011504058716107046e+00 1.656635974153781632e+01 1.259244292056251346e+01 2.051420111252875955e+01 2.555424748119849099e+01 9.964026937819150831e+00 6.800780617794790928e+00 2.047969510075591870e+01 2.233833766820478672e+01 3.124449928180940717e+01 2.408938866536897550e+01 1.594248810644805303e+01 8.590649450139723697e+00 2.099561716468789996e+01 1.556503705880406585e+01 2.585259146440403555e+01 3.396167857259655420e+01 1.511750084008851047e+01 8.650865443124226672e+00 2.796322513682547140e+01 1.880521762574901601e+01 2.408938866536896484e+01 2.597210797668700621e+01 1.396695087264920865e+01 5.640272773777116555e+00 1.958149508977658471e+01 1.213122376154279181e+01 2.401304772576627045e+01 3.074790911102864399e+01 1.438642061533911232e+01 6.695590591942387704e+00 2.388429388225683070e+01 1.169637971956961664e+01 1.594248810644804948e+01 1.396695087264921575e+01 1.168948377553149243e+01 5.462915052423601203e+00 1.186662885046245464e+01 7.662227097183801128e+00 1.460422070621239676e+01 1.806078837731241649e+01 1.017000175327054201e+01 5.460651142439478356e+00 1.347101605549427106e+01 5.011504058716107046e+00 8.590649450139723697e+00 5.640272773777116555e+00 5.462915052423600315e+00 7.292795396962629795e+00 4.056085596879367650e+00 3.665266992617210562e+00 5.524427779423149332e+00 8.283147564234674576e+00 5.335058324259493112e+00 2.434523030349656558e+00 5.637086420040946955e+00 1.656635974153780566e+01 2.099561716468789285e+01 1.958149508977658471e+01 1.186662885046244931e+01 4.056085596879367650e+00 2.273206567595489958e+01 1.035559592545528851e+01 2.090641576826178749e+01 2.631957563602804484e+01 1.603288458467765665e+01 8.358798439610465536e+00 2.370644938152352310e+01 1.259244292056251879e+01 1.556503705880406940e+01 1.213122376154279891e+01 7.662227097183802016e+00 3.665266992617212782e+00 1.035559592545529739e+01 1.159704055711922521e+01 1.372534770386143066e+01 1.663135880641190312e+01 5.670030377538634703e+00 4.002849870755258443e+00 1.398710820369344177e+01 2.051420111252874889e+01 2.585259146440402134e+01 2.401304772576627045e+01 1.460422070621238966e+01 5.524427779423146667e+00 2.090641576826179460e+01 1.372534770386142178e+01 2.742151965904320932e+01 3.142575653380404788e+01 1.514958438533254004e+01 8.290754628792038616e+00 2.497490717520273407e+01 2.555424748119848388e+01 3.396167857259653999e+01 3.074790911102864044e+01 1.806078837731240938e+01 8.283147564234672799e+00 2.631957563602804839e+01 1.663135880641188891e+01 3.142575653380404077e+01 4.462677133959059717e+01 1.873026982164969212e+01 1.002971994694352986e+01 3.490105700923414389e+01 9.964026937819134844e+00 1.511750084008849804e+01 1.438642061533909811e+01 1.017000175327052958e+01 5.335058324259487783e+00 1.603288458467764599e+01 5.670030377538621380e+00 1.514958438533252583e+01 1.873026982164967436e+01 2.005189809377060683e+01 6.686510764916092420e+00 1.782179262260812891e+01 6.800780617794790928e+00 8.650865443124230225e+00 6.695590591942398362e+00 5.460651142439478356e+00 2.434523030349657891e+00 8.358798439610470865e+00 4.002849870755260220e+00 8.290754628792043945e+00 1.002971994694353697e+01 6.686510764916098637e+00 7.935076825957953162e+00 9.327997430409832091e+00 2.047969510075591515e+01 2.796322513682546784e+01 2.388429388225683425e+01 1.347101605549426750e+01 5.637086420040946066e+00 2.370644938152353021e+01 1.398710820369343288e+01 2.497490717520273051e+01 3.490105700923414389e+01 1.782179262260814312e+01 9.327997430409830315e+00 3.488320663800936927e+01
-5.162483876939722993e-01 -6.598067376461954625e-01 -7.289381773113516871e-01 -6.544823899511330589e-01 3.540711381502429367e-01 -1.123407602911577152e+00 -6.845044965990357833e-01 -6.319496631374583728e-01 -3.647987408578379220e-02 -4.749452858005121514e-01 -9.533088773726368093e-01 -6.261436154717611169e-01 -5.862291785858018967e-02 -1.558028600186897872e-01 -1.531896173025607988e+00 -1.354105536334244242e+00 -9.650434179673085255e-01 -6.053178022650390622e-01 -1.630733966045944339e+00 -3.029159579310091166e-01 -2.675875283694656437e-02 -1.123856713391735873e+00 1.574172082344921231e-02 3.737249303506756659e-01 -1.211886538026040849e+00 -7.702817827129360140e-01 2.005666782771063084e-01 -6.149213056357477614e-01 3.705634710343532756e-01 -2.023427967552083873e-01 -7.374390677003085370e-01 -1.000954251006647810e+00 -8.085128724795027921e-02 -5.101210643259730393e-01 -1.216136533354627902e+00 -9.363778420349534448e-01 -7.599228291966775295e-01 -9.289814774663651339e-03 -8.853058725416498298e-01 -4.983044442681360264e-01 8.779111642821540995e-02 -5.119705302724322227e-01 -1.536919946784580215e+00 -1.145474894333432969e+00 -7.106631825606182229e-01 -7.630277577998341165e-01 -8.762978737484189429e-01 -1.240620287829077295e+00 -3.528667750910783329e-01 -1.285136491774019341e-01 -5.881066501072655939e-01 9.872685501715053324e-02 -1.754648476405337443e-01 -6.959008269126722990e-01 -3.692559968363428591e-01 -2.097405491700559954e-01 -7.082235738143450865e-01 -8.611834398236537513e-01 -7.530619921285496288e-01 -3.584606211666629960e-01 -4.371773572259826657e-01 1.633342208688004227e-01 -1.038395529926837035e+00 -7.273675203632202768e-01 -4.050490909626429208e-03 -9.383632802298629283e-01 -1.578494089893166530e+00 -7.811588295982019314e-01 -7.590243701709294966e-01 -4.730427424526117974e-01 -1.096195297071515196e+00 5.098624943820015409e-02 -9.530155193472070185e-02 -1.270425524175907983e-01 -7.218440552067010296e-01 -1.383706334541829897e+00 -1.002201678049558398e+00 -3.219312814160166930e-02 -6.285182194714444837e-01 -5.033778081951799654e-01 -7.427992203327030696e-01 -6.025659822450152303e-01 -6.184622320785713168e-01 5.437811430186599848e-01 -1.212533654245972148e+00 -8.404665019166465134e-01 5.868575531414201712e-02 -3.998589227139351387e-01 2.149040200229606623e-01 -1.271487547740698110e-01 -7.798268653236490877e-01 -1.183892928163875480e+00 -3.034946879564086597e-01 -2.907558439409532181e-01 -4.459205785865487659e-01 -1.693172974170868317e+00 -1.774184054023096035e-01 -3.564238205298372875e-01 -3.996265768886764769e-01 -6.699905922158857496e-01 -6.208296767256283877e-01 -2.692120910921538823e-01 -5.989469497053507840e-01 -3.712879242750936060e-01 -9.435250915102049163e-01 -1.036890856804725036e+00 -4.766788796931236694e-01 -1.019949832255629074e+00 -3.427911118366923637e-01 -1.026589195562589207e+00 -2.621322872615414745e-01 -5.796292519375413343e-01 1.564815851614925757e-01 8.696212947391748771e-02 -1.044268985982172993e+00 -1.126355491262943431e+00 -5.942505563400449775e-01 -9.711437556051911724e-01 -1.447031378934838575e+00 -1.120748499667109987e+00 -7.945915161834068430e-01 -5.413285306070485525e-01 -6.711018454988394444e-01 -1.808493505584504168e-01 -1.010967245200162928e-01 -6.840627291708217816e-01 -1.761305267291340404e-01 -4.798168277911795121e-01 -3.907785296754368587e-01 -5.982246548089485971e-01 -1.233341192461411273e+00 -2.547284899149472870e-01 -1.388738489940793963e+00 -2.434137452183747774e-01 -5.394712839602255894e-01 4.432046912339495659e-01 4.021646876821687866e-01 -1.110598333265902626e+00 -7.188486393373805239e-02 7.466398253463986737e-03 -8.211792436901071968e-02 -9.075612879428754942e-01 -1.242988966255313077e+00 -1.924331338803972891e+00
-5.162483876939722993e-01 -5.862291785858018967e-02 -1.211886538026040849e+00 -7.599228291966775295e-01 -3.528667750910783329e-01 -4.371773572259826657e-01 -9.530155193472070185e-02 -1.212533654245972148e+00 -1.774184054023096035e-01 -3.427911118366923637e-01 -7.945915161834068430e-01 -1.388738489940793963e+00 -6.598067376461954625e-01 -1.558028600186897872e-01 -7.702817827129360140e-01 -9.289814774663651339e-03 -1.285136491774019341e-01 1.633342208688004227e-01 -1.270425524175907983e-01 -8.404665019166465134e-01 -3.564238205298372875e-01 -1.026589195562589207e+00 -5.413285306070485525e-01 -2.434137452183747774e-01 -7.289381773113516871e-01 -1.531896173025607988e+00 2.005666782771063084e-01 -8.853058725416498298e-01 -5.881066501072655939e-01 -1.038395529926837035e+00 -7.218440552067010296e-01 5.868575531414201712e-02 -3.996265768886764769e-01 -2.621322872615414745e-01 -6.711018454988394444e-01 -5.394712839602255894e-01 -6.544823899511330589e-01 -1.354105536334244242e+00 -6.149213056357477614e-01 -4.983044442681360264e-01 9.872685501715053324e-02 -7.273675203632202768e-01 -1.383706334541829897e+00 -3.998589227139351387e-01 -6.699905922158857496e-01 -5.796292519375413343e-01 -1.808493505584504168e-01 4.432046912339495659e-01 3.540711381502429367e-01 -9.650434179673085255e-01 3.705634710343532756e-01 8.779111642821540995e-02 -1.754648476405337443e-01 -4.050490909626429208e-03 -1.002201678049558398e+00 2.149040200229606623e-01 -6.208296767256283877e-01 1.564815851614925757e-01 -1.010967245200162928e-01 4.021646876821687866e-01 -1.123407602911577152e+00 -6.053178022650390622e-01 -2.023427967552083873e-01 -5.119705302724322227e-01 -6.959008269126722990e-01 -9.383632802298629283e-01 -3.219312814160166930e-02 -1.271487547740698110e-01 -2.692120910921538823e-01 8.696212947391748771e-02 -6.840627291708217816e-01 -1.110598333265902626e+00 -6.845044965990357833e-01 -1.630733966045944339e+00 -7.374390677003085370e-01 -1.536919946784580215e+00 -3.692559968363428591e-01 -1.578494089893166530e+00 -6.285182194714444837e-01 -7.798268653236490877e-01 -5.989469497053507840e-01 -1.044268985982172993e+00 -1.761305267291340404e-01 -7.188486393373805239e-02 -6.319496631374583728e-01 -3.029159579310091166e-01 -1.000954251006647810e+00 -1.145474894333432969e+00 -2.097405491700559954e-01 -7.811588295982019314e-01 -5.033778081951799654e-01 -1.183892928163875480e+00 -3.712879242750936060e-01 -1.126355491262943431e+00 -4.798168277911795121e-01 7.466398253463986737e-03 -3.647987408578379220e-02 -2.675875283694656437e-02 -8.085128724795027921e-02 -7.106631825606182229e-01 -7.082235738143450865e-01 -7.590243701709294966e-01 -7.427992203327030696e-01 -3.034946879564086597e-01 -9.435250915102049163e-01 -5.942505563400449775e-01 -3.907785296754368587e-01 -8.211792436901071968e-02 -4.749452858005121514e-01 -1.123856713391735873e+00 -5.101210643259730393e-01 -7.630277577998341165e-01 -8.611834398236537513e-01 -4.730427424526117974e-01 -6.025659822450152303e-01 -2.907558439409532181e-01 -1.036890856804725036e+00 -9.711437556051911724e-01 -5.982246548089485971e-01 -9.075612879428754942e-01 -9.533088773726368093e-01 1.574172082344921231e-02 -1.216136533354627902e+00 -8.762978737484189429e-01 -7.530619921285496288e-01 -1.096195297071515196e+00 -6.184622320785713168e-01 -4.459205785865487659e-01 -4.766788796931236694e-01 -1.447031378934838575e+00 -1.233341192461411273e+00 -1.242988966255313077e+00 -6.261436154717611169e-01 3.737249303506756659e-01 -9.363778420349534448e-01 -1.240620287829077295e+00 -3.584606211666629960e-01 5.098624943820015409e-02 5.437811430186599848e-01 -1.693172974170868317e+00 -1.019949832255629074e+00 -1.120748499667109987e+00 -2.547284899149472870e-01 -1.924331338803972891e+00
6.237037649061099032e+00 3.777299256383382708e+00 2.741790765417953413e+00 4.126896830991626963e+00 2.781766005498883754e+00 4.523648743291960983e+00 1.648434323296157578e+00 3.816280245609073418e+00 2.611899143183805450e+00 4.841839872900528974e+00 2.325421050090780817e+00 4.547183957487317407e+00 3.777299256383383153e+00 1.043035077607891736e+01 1.645209234870695703e+00 5.444807272078152849e+00 3.324852758222278215e+00 6.896219163582017586e+00 2.609374720243484269e+00 3.210473616270046016e+00 2.799073806220012450e+00 6.512383772561517681e+00 1.046747264352922313e+00 4.074682093103868752e+00 2.741790765417953413e+00 1.645209234870695925e+00 9.091721926144508359e+00 6.817435272684344127e+00 1.098771442029734979e+00 3.798259031348667492e+00 4.590427723798892856e+00 4.673576806033952202e+00 5.085731311396237686e+00 2.622272670019601293e+00 6.800387098629278704e+00 3.224780061063422298e+00 4.126896830991626075e+00 5.444807272078151072e+00 6.817435272684344127e+00 1.279400635825251520e+01 2.179941548215786007e+00 6.979991016794569347e+00 4.642050031634529894e+00 5.749082845949910592e+00 6.273602308323613208e+00 4.570229720312407373e+00 6.583442638820912407e+00 3.882007263214316328e+00 2.781766005498884198e+00 3.324852758222278659e+00 1.098771442029734535e+00 2.179941548215786007e+00 4.999969454805550662e+00 3.996827535927966579e+00 1.465791897009289801e+00 2.317346320765681256e+00 1.708059233688965950e+00 4.964050083877407538e+00 5.925823492444726170e-01 4.360799203855765249e+00 4.523648743291960983e+00 6.896219163582017586e+00 3.798259031348667047e+00 6.979991016794569347e+00 3.996827535927965691e+00 1.127082445350934492e+01 2.743166282069399831e+00 4.318645801608756329e+00 2.705746559558098063e+00 8.036558694208835618e+00 1.902553788257045131e+00 7.097504692064839027e+00 1.648434323296158022e+00 2.609374720243485601e+00 4.590427723798891968e+00 4.642050031634529894e+00 1.465791897009290912e+00 2.743166282069399387e+00 7.413705701782097535e+00 1.937772161910860325e+00 5.052691142404762026e+00 1.158256297208365648e+00 4.845127445166228952e+00 2.647041387400923540e-01 3.816280245609072974e+00 3.210473616270045127e+00 4.673576806033953090e+00 5.749082845949911480e+00 2.317346320765680812e+00 4.318645801608755441e+00 1.937772161910860103e+00 7.982953397650988769e+00 3.234954598431370343e+00 6.050058248066162214e+00 3.038139155595473095e+00 4.399982982128165965e+00 2.611899143183805005e+00 2.799073806220010674e+00 5.085731311396237686e+00 6.273602308323612320e+00 1.708059233688966172e+00 2.705746559558098507e+00 5.052691142404762026e+00 3.234954598431370343e+00 8.015933475062343661e+00 1.583736932176381895e+00 6.115599644653913813e+00 1.724411881804920110e+00 4.841839872900528086e+00 6.512383772561516793e+00 2.622272670019600849e+00 4.570229720312408261e+00 4.964050083877406649e+00 8.036558694208835618e+00 1.158256297208365204e+00 6.050058248066163102e+00 1.583736932176382339e+00 1.319455463332798217e+01 -5.237110023730080499e-01 7.513453373578961703e+00 2.325421050090779929e+00 1.046747264352922091e+00 6.800387098629279592e+00 6.583442638820911519e+00 5.925823492444721730e-01 1.902553788257044243e+00 4.845127445166230729e+00 3.038139155595472651e+00 6.115599644653914702e+00 -5.237110023730098263e-01 1.051509047040054057e+01 1.209158317492682322e+00 4.547183957487317407e+00 4.074682093103868752e+00 3.224780061063421854e+00 3.882007263214316772e+00 4.360799203855764361e+00 7.097504692064840803e+00 2.647041387400914658e-01 4.399982982128165965e+00 1.724411881804920776e+00 7.513453373578961703e+00 1.209158317492683654e+00 1.173120273590819451e+01
-2.696791988317202016e-01 -1.619731631204461841e-01 -3.119817242373432276e+00 -3.638572272039748423e+00 1.271317410251276536e+00 1.402703435907415086e+00 -2.412139183803521103e+00 -1.028193404461895222e+00 -3.745802862129219424e+00 2.716463816818914800e+00 -5.118235055262267963e+00 2.284092200887814617e+00 -4.231645444842958015e-01 2.002900893333284249e-01 -2.686357975591914027e+00 -1.786487339998036772e+00 -1.759185644002053961e-01 -1.141000259427024988e+00 -3.353846717428792257e+00 -1.150808196538796180e-01 -3.697235571670108634e+00 2.344690098973017278e+00 -4.132912120478230200e+00 6.699917401807420347e-02 -8.373883739406878801e-01 5.940201565147122664e-02 -4.066886051878167763e+00 4.441579308925330122e-02 1.955570995766865161e-01 -2.231621518248559255e+00 -2.573231442781861222e+00 -7.122648586059313613e-01 -2.368797566048990610e+00 8.975116331631225464e-01 -3.634444379137570458e+00 -3.318529510912370029e+00 -8.207359266416204557e-02 2.894216468237884032e-01 -3.141731862844105549e+00 -6.498310495412402688e-01 -1.165721375582690067e+00 -1.098718967468749419e+00 -2.564851193378930194e+00 -1.667841081588846253e+00 -1.615105345979508833e+00 -8.034388532655079018e-01 -1.433472921166603520e+00 -1.189718212620158866e+00 -1.621723835566918348e+00 -7.985007608095978648e-01 -1.317767669687696097e+00 7.428203367516468258e-01 -6.173566570302549961e-01 -1.230777598625377500e+00 1.905764164983546061e-01 -9.292307255548885037e-01 -4.609293916952914572e-01 -1.799652836158083247e+00 -6.065260453303453758e-01 -2.849420085942914405e+00 -1.168067935138367153e+00 4.784448259137937809e-01 -2.588033215069245330e+00 4.165154686451498223e-01 -7.130520404580237281e-01 -2.488945072640881495e+00 -1.867764064172827032e+00 -5.603645572300006705e-01 -1.273400072214637468e+00 -1.186728964451045698e+00 -1.902860515779424055e+00 -3.083102461572771347e+00 3.739323335612603216e-01 5.055222025286930654e-01 -4.189457918351355836e+00 -1.342337667687473424e+00 -8.993076059605257244e-01 -1.245008377744006633e+00 -4.137944015583427060e+00 -5.345822270989750713e-01 -2.695276054702710145e+00 1.523322570132085385e+00 -2.347029629294205666e+00 -2.248340632286044638e+00 4.133551140352970665e-01 9.659596981883789013e-01 -4.321098695156734948e+00 -2.112868506156890813e+00 1.322993848114872417e+00 1.433878862209413407e+00 -3.059839970635551687e+00 -1.149284318301893260e+00 -4.466611387665553323e+00 2.961767887846001202e+00 -6.446102288709778527e+00 1.966375924487964610e+00 3.744511275222613400e-01 -9.381106098385986192e-01 -2.037009443793174057e+00 4.275663416209163903e-01 -1.277348032613123463e+00 -1.113228148479731505e+00 -2.378425212371785946e+00 -5.751359749973836699e-01 -3.804932974000045931e-01 -9.892505075022750560e-01 -6.523673328153174467e-01 -1.085002916961988362e+00 -1.105654728695347533e+00 5.258292736436610548e-01 -2.627703773156647049e+00 -1.484968672010682944e+00 -3.614925605532964270e-01 -2.245499747905779220e+00 -1.007509278446692802e+00 -3.239850557083702176e-01 -1.334739328867927899e+00 -4.363221191755339845e-01 -1.508769300089305432e+00 -1.845702095240092877e+00 1.166251637363259652e+00 1.406108457093044661e+00 -5.998808850870432252e+00 -3.517179451532616685e+00 1.535227526246534469e+00 7.913346160694235687e-01 -4.992593822673532244e+00 -1.634118540229792860e+00 -4.613971764456662683e+00 3.356922770660220046e+00 -6.438518473365776984e+00 7.200616252408140738e-01 6.794147672566630547e-01 2.524621608630781555e-01 -3.372350020384636604e+00 -2.197464845807894029e+00 2.071622931853955851e-01 -8.348671581737554526e-01 -3.596067893820381389e+00 -1.727398426670514187e-01 -2.861890316878762164e+00 2.341300901792477962e+00 -4.016012931083318804e+00 -3.674245751280524885e-02
-2.696791988317202016e-01 -4.231645444842958015e-01 -8.373883739406878801e-01 -8.207359266416204557e-02 -1.621723835566918348e+00 -1.168067935138367153e+00 3.739323335612603216e-01 4.133551140352970665e-01 3.744511275222613400e-01 -1.105654728695347533e+00 1.166251637363259652e+00 6.794147672566630547e-01 -1.619731631204461841e-01 2.002900893333284249e-01 5.940201565147122664e-02 2.894216468237884032e-01 -7.985007608095978648e-01 4.784448259137937809e-01 5.055222025286930654e-01 9.659596981883789013e-01 -9.381106098385986192e-01 5.258292736436610548e-01 1.406108457093044661e+00 2.524621608630781555e-01 -3.119817242373432276e+00 -2.686357975591914027e+00 -4.066886051878167763e+00 -3.141731862844105549e+00 -1.317767669687696097e+00 -2.588033215069245330e+00 -4.189457918351355836e+00 -4.321098695156734948e+00 -2.037009443793174057e+00 -2.627703773156647049e+00 -5.998808850870432252e+00 -3.372350020384636604e+00 -3.638572272039748423e+00 -1.786487339998036772e+00 4.441579308925330122e-02 -6.498310495412402688e-01 7.428203367516468258e-01 4.165154686451498223e-01 -1.342337667687473424e+00 -2.112868506156890813e+00 4.275663416209163903e-01 -1.484968672010682944e+00 -3.517179451532616685e+00 -2.197464845807894029e+00 1.271317410251276536e+00 -1.759185644002053961e-01 1.955570995766865161e-01 -1.165721375582690067e+00 -6.173566570302549961e-01 -7.130520404580237281e-01 -8.993076059605257244e-01 1.322993848114872417e+00 -1.277348032613123463e+00 -3.614925605532964270e-01 1.535227526246534469e+00 2.071622931853955851e-01 1.402703435907415086e+00 -1.141000259427024988e+00 -2.231621518248559255e+00 -1.098718967468749419e+00 -1.230777598625377500e+00 -2.488945072640881495e+00 -1.245008377744006633e+00 1.433878862209413407e+00 -1.113228148479731505e+00 -2.245499747905779220e+00 7.913346160694235687e-01 -8.348671581737554526e-01 -2.412139183803521103e+00 -3.353846717428792257e+00 -2.573231442781861222e+00 -2.564851193378930194e+00 1.905764164983546061e-01 -1.867764064172827032e+00 -4.137944015583427060e+00 -3.059839970635551687e+00 -2.378425212371785946e+00 -1.007509278446692802e+00 -4.992593822673532244e+00 -3.596067893820381389e+00 -1.028193404461895222e+00 -1.150808196538796180e-01 -7.122648586059313613e-01 -1.667841081588846253e+00 -9.292307255548885037e-01 -5.603645572300006705e-01 -5.345822270989750713e-01 -1.149284318301893260e+00 -5.751359749973836699e-01 -3.239850557083702176e-01 -1.634118540229792860e+00 -1.727398426670514187e-01 -3.745802862129219424e+00 -3.697235571670108634e+00 -2.368797566048990610e+00 -1.615105345979508833e+00 -4.609293916952914572e-01 -1.273400072214637468e+00 -2.695276054702710145e+00 -4.466611387665553323e+00 -3.804932974000045931e-01 -1.334739328867927899e+00 -4.613971764456662683e+00 -2.861890316878762164e+00 2.716463816818914800e+00 2.344690098973017278e+00 8.975116331631225464e-01 -8.034388532655079018e-01 -1.799652836158083247e+00 -1.186728964451045698e+00 1.523322570132085385e+00 2.961767887846001202e+00 -9.892505075022750560e-01 -4.363221191755339845e-01 3.356922770660220046e+00 2.341300901792477962e+00 -5.118235055262267963e+00 -4.132912120478230200e+00 -3.634444379137570458e+00 -1.433472921166603520e+00 -6.065260453303453758e-01 -1.902860515779424055e+00 -2.347029629294205666e+00 -6.446102288709778527e+00 -6.523673328153174467e-01 -1.508769300089305432e+00 -6.438518473365776984e+00 -4.016012931083318804e+00 2.284092200887814617e+00 6.699917401807420347e-02 -3.318529510912370029e+00 -1.189718212620158866e+00 -2.849420085942914405e+00 -3.083102461572771347e+00 -2.248340632286044638e+00 1.966375924487964610e+00 -1.085002916961988362e+00 -1.845702095240092877e+00 7.200616252408140738e-01 -3.674245751280524885e-02
1.201357556281258354e+01 1.183989636453099159e+01 1.195406736026811956e+01 1.091320183121427156e+01 4.571836761982279285e+00 7.245504287414329170e+00 8.352989778506783480e+00 1.023230140316078618e+01 4.289613082765152186e+00 7.711084008817223889e+00 1.446537748149415314e+01 1.157547308310106793e+01 1.183989636453098804e+01 4.464224414499126681e+01 4.752968021352063488e+01 4.371446161409824072e+01 7.236348185336852090e+00 2.504715047017128882e+01 2.024211343298928512e+01 1.459118235143657039e+01 1.134833321033976006e+01 2.185507562650784052e+01 3.659086777194276863e+01 4.511289504084521695e+01 1.195406736026811600e+01 4.752968021352063488e+01 5.945752462132892902e+01 5.082342281298282671e+01 1.128423591511242741e+01 3.109397518097029689e+01 2.431960778027614367e+01 1.658168084096166339e+01 1.380406335034882304e+01 2.626895565011118805e+01 4.219732163036287176e+01 5.078145434624116916e+01 1.091320183121426624e+01 4.371446161409823361e+01 5.082342281298283382e+01 5.192581300570430614e+01 8.476542078251805279e+00 2.749690821551658715e+01 2.177177621196186408e+01 1.467864991936959385e+01 1.343952988027051632e+01 2.350428841379727629e+01 4.010498780922799256e+01 4.741050331770181003e+01 4.571836761982281061e+00 7.236348185336851202e+00 1.128423591511242918e+01 8.476542078251807055e+00 8.829159827718152442e+00 9.238780801406470289e+00 7.024558771626930209e+00 5.260409891339184796e+00 4.579348876699834925e+00 7.846864781599894201e+00 7.686591498710653170e+00 6.466901431577086967e+00 7.245504287414328282e+00 2.504715047017129592e+01 3.109397518097030400e+01 2.749690821551658715e+01 9.238780801406470289e+00 2.200210718386593811e+01 1.566307652859185495e+01 1.014096623099905514e+01 9.655811251365204129e+00 1.706605169599945881e+01 2.289434325128119951e+01 2.561649212376861584e+01 8.352989778506781704e+00 2.024211343298927801e+01 2.431960778027614367e+01 2.177177621196185697e+01 7.024558771626929321e+00 1.566307652859185140e+01 1.950348093317002096e+01 9.676095604040098053e+00 9.703208725920902111e+00 1.418882164535429169e+01 2.123051858583479401e+01 2.152156812018551690e+01 1.023230140316078618e+01 1.459118235143657571e+01 1.658168084096166695e+01 1.467864991936959917e+01 5.260409891339183019e+00 1.014096623099905692e+01 9.676095604040103382e+00 1.390849599310238993e+01 5.645343784490316708e+00 8.592384311457205825e+00 1.787969836990123795e+01 1.464514633678961175e+01 4.289613082765153074e+00 1.134833321033976361e+01 1.380406335034882304e+01 1.343952988027051632e+01 4.579348876699834925e+00 9.655811251365204129e+00 9.703208725920902111e+00 5.645343784490316708e+00 9.239723325582556157e+00 7.726716252894444636e+00 1.179534904274241214e+01 1.228601615086230936e+01 7.711084008817223889e+00 2.185507562650784052e+01 2.626895565011118094e+01 2.350428841379727274e+01 7.846864781599890648e+00 1.706605169599945881e+01 1.418882164535429347e+01 8.592384311457205825e+00 7.726716252894442860e+00 1.815003165120700146e+01 1.975812105278429698e+01 2.271753479284009813e+01 1.446537748149415137e+01 3.659086777194278284e+01 4.219732163036287886e+01 4.010498780922799966e+01 7.686591498710654058e+00 2.289434325128119951e+01 2.123051858583480112e+01 1.787969836990123440e+01 1.179534904274241214e+01 1.975812105278430408e+01 3.998006907862745152e+01 3.978534370053774438e+01 1.157547308310106260e+01 4.511289504084521695e+01 5.078145434624116916e+01 4.741050331770181003e+01 6.466901431577085191e+00 2.561649212376861229e+01 2.152156812018552046e+01 1.464514633678960465e+01 1.228601615086230758e+01 2.271753479284009813e+01 3.978534370053773728e+01 5.033704173012577598e+01
-1.076175994391977753e+01 -8.871873890062386181e+01 -1.005077776346797975e+02 -9.800476966500750109e+01 -6.571280447792590351e+00 -4.386782443553397570e+01 -2.688098226570402716e+01 -1.877473330790993700e+01 -1.600578105031333109e+01 -3.753903424698692959e+01 -7.177587128101845337e+01 -9.741407071643230609e+01 -1.120104564709335015e+01 -9.488407858517403781e+01 -1.074107278956337126e+02 -1.061406461074568455e+02 -6.829680743838591361e+00 -4.779722345930808558e+01 -2.845558022740588555e+01 -2.062409300967294001e+01 -1.746534062448744606e+01 -3.978686557652986977e+01 -7.597042642270633905e+01 -1.045287334583119616e+02 -1.204085160801534471e+01 -9.847075799419017983e+01 -1.109042553648607878e+02 -1.088353841602419152e+02 -6.625032005384964506e+00 -4.924113696094523362e+01 -2.971665484041197658e+01 -2.171135222408689103e+01 -1.699701168993188105e+01 -4.123825630556440558e+01 -7.963690232748352571e+01 -1.081586729265736153e+02 -1.249309991786801888e+01 -1.032356246565096143e+02 -1.172405916268118631e+02 -1.166823754218459328e+02 -7.520329717143343196e+00 -5.327811075057341128e+01 -3.138520598603824752e+01 -2.195944219326311497e+01 -1.986463974971221091e+01 -4.431400365616222814e+01 -8.382060653022249141e+01 -1.144515483762070858e+02 -1.609905814137484725e+01 -1.329946204627799204e+02 -1.519316188314772091e+02 -1.489806914300649510e+02 -8.048842732385773857e+00 -6.702623486045045809e+01 -4.008841052582939568e+01 -2.868702324353444411e+01 -2.454303587208147164e+01 -5.512224677817247454e+01 -1.076815661971040612e+02 -1.470249172313610018e+02 -1.253468985048800910e+01 -9.462371441129886307e+01 -1.087484778482739500e+02 -1.052430797784320617e+02 -7.127588598038606449e+00 -4.711163042979465843e+01 -2.837045122381184115e+01 -1.962742143273550255e+01 -1.697391575571373323e+01 -4.080107661402166741e+01 -7.604655508464881564e+01 -1.057479483021648434e+02 -1.524747482820068711e+01 -1.264810134837321982e+02 -1.442099312134485274e+02 -1.414568814711564926e+02 -8.280548891215360641e+00 -6.334594656709435867e+01 -3.764503017158619258e+01 -2.749566623854327929e+01 -2.271344032328249796e+01 -5.301742117633211393e+01 -1.011965050087526521e+02 -1.399377640845708584e+02 -1.668896120973708364e+01 -1.352861986804716423e+02 -1.541610639458485821e+02 -1.498063394813223965e+02 -9.091396589926118210e+00 -6.703112474527578968e+01 -4.102524660589349992e+01 -2.862494526769741654e+01 -2.356980549158665639e+01 -5.687483625846643065e+01 -1.083564401529299772e+02 -1.494923352276190371e+02 -1.645474380073370924e+01 -1.340991336093979385e+02 -1.524986354023618844e+02 -1.477914123024313824e+02 -9.127293255370556579e+00 -6.611552973423938795e+01 -3.966001706456656706e+01 -2.745561542628281515e+01 -2.456816440496517728e+01 -5.632029475844326782e+01 -1.072199503276005288e+02 -1.483429584635237006e+02 -1.074456667328409765e+01 -8.759578093235384699e+01 -1.004283079562816852e+02 -9.857344088304053287e+01 -5.378759722636211826e+00 -4.445957608126673932e+01 -2.679406726129407446e+01 -1.868725672797323867e+01 -1.678494745386649711e+01 -3.659827898062000884e+01 -7.191059369264709744e+01 -9.698064731875540190e+01 -1.685625305676711250e+01 -1.314974134757956392e+02 -1.496800541390709327e+02 -1.458355836709683331e+02 -8.281359168259449177e+00 -6.473694653744058769e+01 -3.942758182848280057e+01 -2.853787136688888637e+01 -2.272373534993714728e+01 -5.545564618327814799e+01 -1.061819051436612540e+02 -1.454757264382687083e+02 -1.494516607224980120e+01 -1.191931051919749649e+02 -1.348317664186517106e+02 -1.329512804312083460e+02 -8.202118796126464773e+00 -5.923397304880899128e+01 -3.565955162236634379e+01 -2.547882196984343040e+01 -2.101385819289300727e+01 -4.981544085853681736e+01 -9.608422720090635494e+01 -1.315222891163980989e+02
-1.076175994391977753e+01 -1.120104564709335015e+01 -1.204085160801534471e+01 -1.249309991786801888e+01 -1.609905814137484725e+01 -1.253468985048800910e+01 -1.524747482820068711e+01 -1.668896120973708364e+01 -1.645474380073370924e+01 -1.074456667328409765e+01 -1.685625305676711250e+01 -1.494516607224980120e+01 -8.871873890062386181e+01 -9.488407858517403781e+01 -9.847075799419017983e+01 -1.032356246565096143e+02 -1.329946204627799204e+02 -9.462371441129886307e+01 -1.264810134837321982e+02 -1.352861986804716423e+02 -1.340991336093979385e+02 -8.759578093235384699e+01 -1.314974134757956392e+02 -1.191931051919749649e+02 -1.005077776346797975e+02 -1.074107278956337126e+02 -1.109042553648607878e+02 -1.172405916268118631e+02 -1.519316188314772091e+02 -1.087484778482739500e+02 -1.442099312134485274e+02 -1.541610639458485821e+02 -1.524986354023618844e+02 -1.004283079562816852e+02 -1.496800541390709327e+02 -1.348317664186517106e+02 -9.800476966500750109e+01 -1.061406461074568455e+02 -1.088353841602419152e+02 -1.166823754218459328e+02 -1.489806914300649510e+02 -1.052430797784320617e+02 -1.414568814711564926e+02 -1.498063394813223965e+02 -1.477914123024313824e+02 -9.857344088304053287e+01 -1.458355836709683331e+02 -1.329512804312083460e+02 -6.571280447792590351e+00 -6.829680743838591361e+00 -6.625032005384964506e+00 -7.520329717143343196e+00 -8.048842732385773857e+00 -7.127588598038606449e+00 -8.280548891215360641e+00 -9.091396589926118210e+00 -9.127293255370556579e+00 -5.378759722636211826e+00 -8.281359168259449177e+00 -8.202118796126464773e+00 -4.386782443553397570e+01 -4.779722345930808558e+01 -4.924113696094523362e+01 -5.327811075057341128e+01 -6.702623486045045809e+01 -4.711163042979465843e+01 -6.334594656709435867e+01 -6.703112474527578968e+01 -6.611552973423938795e+01 -4.445957608126673932e+01 -6.473694653744058769e+01 -5.923397304880899128e+01 -2.688098226570402716e+01 -2.845558022740588555e+01 -2.971665484041197658e+01 -3.138520598603824752e+01 -4.008841052582939568e+01 -2.837045122381184115e+01 -3.764503017158619258e+01 -4.102524660589349992e+01 -3.966001706456656706e+01 -2.679406726129407446e+01 -3.942758182848280057e+01 -3.565955162236634379e+01 -1.877473330790993700e+01 -2.062409300967294001e+01 -2.171135222408689103e+01 -2.195944219326311497e+01 -2.868702324353444411e+01 -1.962742143273550255e+01 -2.749566623854327929e+01 -2.862494526769741654e+01 -2.745561542628281515e+01 -1.868725672797323867e+01 -2.853787136688888637e+01 -2.547882196984343040e+01 -1.600578105031333109e+01 -1.746534062448744606e+01 -1.699701168993188105e+01 -1.986463974971221091e+01 -2.454303587208147164e+01 -1.697391575571373323e+01 -2.271344032328249796e+01 -2.356980549158665639e+01 -2.456816440496517728e+01 -1.678494745386649711e+01 -2.272373534993714728e+01 -2.101385819289300727e+01 -3.753903424698692959e+01 -3.978686557652986977e+01 -4.123825630556440558e+01 -4.431400365616222814e+01 -5.512224677817247454e+01 -4.080107661402166741e+01 -5.301742117633211393e+01 -5.687483625846643065e+01 -5.632029475844326782e+01 -3.659827898062000884e+01 -5.545564618327814799e+01 -4.981544085853681736e+01 -7.177587128101845337e+01 -7.597042642270633905e+01 -7.963690232748352571e+01 -8.382060653022249141e+01 -1.076815661971040612e+02 -7.604655508464881564e+01 -1.011965050087526521e+02 -1.083564401529299772e+02 -1.072199503276005288e+02 -7.191059369264709744e+01 -1.061819051436612540e+02 -9.608422720090635494e+01 -9.741407071643230609e+01 -1.045287334583119616e+02 -1.081586729265736153e+02 -1.144515483762070858e+02 -1.470249172313610018e+02 -1.057479483021648434e+02 -1.399377640845708584e+02 -1.494923352276190371e+02 -1.483429584635237006e+02 -9.698064731875540190e+01 -1.454757264382687083e+02 -1.315222891163980989e+02
2.534087771295708933e+02 2.629546214991561328e+02 2.741931270356542996e+02 2.909665428071259043e+02 3.730075319737194945e+02 2.624779778005485582e+02 3.508673711686464571e+02 3.743622577060256731e+02 3.700676190781940136e+02 2.431487216661264483e+02 3.644902340743021227e+02 3.312826949690057745e+02 2.629546214991560760e+02 2.888713667466205948e+02 2.941416858105144456e+02 3.120889063475219132e+02 3.969771410728590695e+02 2.852921247687954747e+02 3.783180541462601241e+02 4.009268947158350898e+02 3.982122935801523909e+02 2.627089603612888595e+02 3.905095245815863905e+02 3.552193655276050777e+02 2.741931270356543564e+02 2.941416858105145025e+02 3.093071708445365289e+02 3.226156943586436796e+02 4.113753159849555914e+02 2.929324420016495765e+02 3.918059866794290542e+02 4.157200285201944325e+02 4.081377919821805449e+02 2.715091229885384791e+02 4.071798399077778754e+02 3.683880354587386137e+02 2.909665428071259612e+02 3.120889063475219132e+02 3.226156943586436796e+02 3.496167718709909877e+02 4.388902793799576330e+02 3.134636943227910137e+02 4.155506522679162345e+02 4.418554938289904044e+02 4.347556419814424089e+02 2.883386573950407978e+02 4.295087713255861672e+02 3.892396504690424877e+02 3.730075319737195514e+02 3.969771410728590126e+02 4.113753159849555914e+02 4.388902793799576898e+02 5.654927147401118646e+02 3.969931258565882217e+02 5.304895719422754610e+02 5.634831360833217104e+02 5.562502808692809140e+02 3.681891310165210598e+02 5.499081255985000780e+02 4.968975637651506645e+02 2.624779778005485582e+02 2.852921247687954747e+02 2.929324420016495765e+02 3.134636943227909569e+02 3.969931258565882786e+02 2.918299892073598585e+02 3.781330175272807992e+02 4.040129961092306417e+02 4.011874922376782706e+02 2.629499159016239105e+02 3.929198062093404360e+02 3.548529228585711621e+02 3.508673711686464571e+02 3.783180541462601241e+02 3.918059866794290542e+02 4.155506522679162345e+02 5.304895719422754610e+02 3.781330175272808560e+02 5.067526293092944911e+02 5.354337501839485185e+02 5.271698582772312420e+02 3.492402100390170858e+02 5.227815698515265694e+02 4.724656467353224230e+02 3.743622577060257299e+02 4.009268947158352034e+02 4.157200285201943757e+02 4.418554938289903475e+02 5.634831360833217104e+02 4.040129961092306417e+02 5.354337501839486322e+02 5.741640666936784783e+02 5.640227066244056005e+02 3.722471866887871670e+02 5.561707016966137189e+02 5.031113999310813369e+02 3.700676190781939567e+02 3.982122935801524477e+02 4.081377919821805449e+02 4.347556419814423521e+02 5.562502808692810277e+02 4.011874922376782706e+02 5.271698582772311283e+02 5.640227066244054868e+02 5.656823700398070969e+02 3.683343835459047000e+02 5.473521163780143297e+02 4.959333499428875029e+02 2.431487216661265052e+02 2.627089603612889164e+02 2.715091229885384791e+02 2.883386573950407978e+02 3.681891310165211166e+02 2.629499159016239673e+02 3.492402100390171427e+02 3.722471866887871670e+02 3.683343835459047000e+02 2.479643434149777477e+02 3.620971207539537886e+02 3.287494646371587237e+02 3.644902340743021227e+02 3.905095245815864473e+02 4.071798399077778186e+02 4.295087713255860535e+02 5.499081255985000780e+02 3.929198062093404360e+02 5.227815698515265694e+02 5.561707016966136052e+02 5.473521163780143297e+02 3.620971207539537886e+02 5.457801162478398282e+02 4.902291993819240474e+02 3.312826949690057745e+02 3.552193655276050777e+02 3.683880354587386137e+02 3.892396504690424877e+02 4.968975637651506077e+02 3.548529228585712758e+02 4.724656467353225366e+02 5.031113999310812801e+02 4.959333499428875029e+02 3.287494646371587805e+02 4.902291993819240474e+02 4.472297787515070127e+02
-2.908220190951212647e+00 -1.379717180122900011e+00 -1.602523944382086452e+00 -2.119077348540931549e+00 -3.277014957719659005e+00 -2.295685505701555051e+00 -3.488810407778583089e-01 -1.290130990264675148e+00 -2.154876002746795471e+00 -1.124650162560063338e+00 -1.359515573944500844e+00 -1.836445410036618542e+00 -7.393380993095738374e-01 -9.030303633631311389e-01 6.165670053348832891e-01 -3.448805603827033828e+00 -3.845339419311810225e+00 -3.798579168476322376e+00 -1.516616538114544888e+00 -1.222995086344138116e+00 -4.496047295673943012e+00 -9.722248241408276703e-01 -2.227083456285458229e+00 7.051861911285846052e-01 -1.108360560610182288e+00 -2.484884725658322857e+00 1.613566483764126813e+00 -3.200494669060704567e+00 -1.220127825802312493e+00 -4.579257008132215923e+00 5.269308962998952017e-01 -3.034002478350134258e+00 -5.844022725684016706e+00 -1.596122573949346979e+00 1.143975558389004554e+00 -4.654905081827807045e-01 1.309213752241662920e+00 -1.628776347254548451e+00 -1.866063576236753341e-01 -1.772830001815317136e+00 3.205526097182971323e-01 -3.202014663616382428e+00 -3.205869392897585102e-01 -2.428530376673440738e+00 -3.185017634676607479e+00 -2.321214695542625162e+00 -2.863005677116998715e-01 5.946308476616949529e-02 -5.109195353332068201e+00 1.017008837957874695e-01 1.633695683728829395e-01 -4.623304721966398745e+00 -6.617897434360302533e+00 -1.885876397628004186e+00 -1.686708123932145531e+00 -2.204926093077189009e+00 -2.283930506882903444e+00 6.318746941496433678e-01 -1.830979697285120444e+00 -8.651331559281552064e-01 -3.669941925766858848e+00 -1.796020048395927882e+00 -2.372010565234161927e-01 -3.221222657852579552e+00 -4.994851561808516749e+00 -1.869403995840436927e+00 -8.243795183101861879e-01 -9.768232206059337397e-01 -3.082842448196685403e+00 -5.881866427862725288e-02 -1.752842427645784351e+00 -1.932071520572458401e-01 -7.369735670871510713e+00 -7.328242452808615415e-01 1.065354773979111158e+00 -4.094960941990666292e+00 -8.835509098308792275e+00 -3.054403391144209223e-01 -1.354498409155800331e+00 -3.813428388998728602e-01 -4.882675590939680177e+00 1.840809939527745298e+00 -8.774727080014552705e-01 7.062443005202165835e-01 -3.016462944614632047e+00 -3.629150796508487264e+00 -7.401485470798021549e-01 -1.502791360557909295e+00 -1.740197999617448810e+00 -2.364479899667909280e+00 -1.099219424909572140e+00 7.384966358806406561e-02 -5.152551884595917286e+00 -3.056908425351417824e-01 4.843582533412216229e-02 -6.468637633334727299e-01 2.538937961450967951e+00 -2.529120151416218043e+00 6.739251924813074446e-01 -3.077418746559287044e+00 -8.130408903991911407e-01 -5.190194062032712274e+00 -5.762263320671896505e-01 -2.894872640365544925e+00 -3.607254849933295482e+00 -2.463372516883640451e+00 -1.893400451872805590e+00 8.928329133430532583e-01 -4.439341564569634357e+00 -7.399852931403706757e-02 -7.255779515168739868e-01 -2.426466240136777142e+00 -3.278632010653159234e+00 -1.437818231563391391e+00 -2.759118925551837798e-01 -1.276471126697445113e+00 -1.978202937320735044e+00 -1.252581576542810771e+00 1.561430752381394171e-01 -1.551037097453128233e+00 -1.574132204870883900e+00 -7.657733224911857928e-01 1.119176445963188549e+00 -5.015382362860965060e+00 -6.224253911347794599e+00 -3.938491288134379431e+00 -1.133484115125923841e+00 -2.670105845440869707e+00 -2.831805972659910076e+00 -1.192400150715142715e-01 -2.739969822498176111e+00 1.175515529116188063e+00 -2.082802328760126276e+00 -2.107372444431477643e+00 -8.741451545258807077e-01 -5.177747875985148074e-01 -1.826036687874413866e+00 -6.626565569367793840e-01 -6.266776325583339746e-01 2.484981551118104967e-02 -3.638875382281120618e+00 -5.599547041305724671e-01 -1.276424499442132099e+00 -1.528878576351248908e+00
-2.908220190951212647e+00 -7.393380993095738374e-01 -1.108360560610182288e+00 1.309213752241662920e+00 -5.109195353332068201e+00 -3.669941925766858848e+00 -7.369735670871510713e+00 -3.016462944614632047e+00 2.538937961450967951e+00 -4.439341564569634357e+00 -1.574132204870883900e+00 -2.082802328760126276e+00 -1.379717180122900011e+00 -9.030303633631311389e-01 -2.484884725658322857e+00 -1.628776347254548451e+00 1.017008837957874695e-01 -1.796020048395927882e+00 -7.328242452808615415e-01 -3.629150796508487264e+00 -2.529120151416218043e+00 -7.399852931403706757e-02 -7.657733224911857928e-01 -2.107372444431477643e+00 -1.602523944382086452e+00 6.165670053348832891e-01 1.613566483764126813e+00 -1.866063576236753341e-01 1.633695683728829395e-01 -2.372010565234161927e-01 1.065354773979111158e+00 -7.401485470798021549e-01 6.739251924813074446e-01 -7.255779515168739868e-01 1.119176445963188549e+00 -8.741451545258807077e-01 -2.119077348540931549e+00 -3.448805603827033828e+00 -3.200494669060704567e+00 -1.772830001815317136e+00 -4.623304721966398745e+00 -3.221222657852579552e+00 -4.094960941990666292e+00 -1.502791360557909295e+00 -3.077418746559287044e+00 -2.426466240136777142e+00 -5.015382362860965060e+00 -5.177747875985148074e-01 -3.277014957719659005e+00 -3.845339419311810225e+00 -1.220127825802312493e+00 3.205526097182971323e-01 -6.617897434360302533e+00 -4.994851561808516749e+00 -8.835509098308792275e+00 -1.740197999617448810e+00 -8.130408903991911407e-01 -3.278632010653159234e+00 -6.224253911347794599e+00 -1.826036687874413866e+00 -2.295685505701555051e+00 -3.798579168476322376e+00 -4.579257008132215923e+00 -3.202014663616382428e+00 -1.885876397628004186e+00 -1.869403995840436927e+00 -3.054403391144209223e-01 -2.364479899667909280e+00 -5.190194062032712274e+00 -1.437818231563391391e+00 -3.938491288134379431e+00 -6.626565569367793840e-01 -3.488810407778583089e-01 -1.516616538114544888e+00 5.269308962998952017e-01 -3.205869392897585102e-01 -1.686708123932145531e+00 -8.243795183101861879e-01 -1.354498409155800331e+00 -1.099219424909572140e+00 -5.762263320671896505e-01 -2.759118925551837798e-01 -1.133484115125923841e+00 -6.266776325583339746e-01 -1.290130990264675148e+00 -1.222995086344138116e+00 -3.034002478350134258e+00 -2.428530376673440738e+00 -2.204926093077189009e+00 -9.768232206059337397e-01 -3.813428388998728602e-01 7.384966358806406561e-02 -2.894872640365544925e+00 -1.276471126697445113e+00 -2.670105845440869707e+00 2.484981551118104967e-02 -2.154876002746795471e+00 -4.496047295673943012e+00 -5.844022725684016706e+00 -3.185017634676607479e+00 -2.283930506882903444e+00 -3.082842448196685403e+00 -4.882675590939680177e+00 -5.152551884595917286e+00 -3.607254849933295482e+00 -1.978202937320735044e+00 -2.831805972659910076e+00 -3.638875382281120618e+00 -1.124650162560063338e+00 -9.722248241408276703e-01 -1.596122573949346979e+00 -2.321214695542625162e+00 6.318746941496433678e-01 -5.881866427862725288e-02 1.840809939527745298e+00 -3.056908425351417824e-01 -2.463372516883640451e+00 -1.252581576542810771e+00 -1.192400150715142715e-01 -5.599547041305724671e-01 -1.359515573944500844e+00 -2.227083456285458229e+00 1.143975558389004554e+00 -2.863005677116998715e-01 -1.830979697285120444e+00 -1.752842427645784351e+00 -8.774727080014552705e-01 4.843582533412216229e-02 -1.893400451872805590e+00 1.561430752381394171e-01 -2.739969822498176111e+00 -1.276424499442132099e+00 -1.836445410036618542e+00 7.051861911285846052e-01 -4.654905081827807045e-01 5.946308476616949529e-02 -8.651331559281552064e-01 -1.932071520572458401e-01 7.062443005202165835e-01 -6.468637633334727299e-01 8.928329133430532583e-01 -1.551037097453128233e+00 1.175515529116188063e+00 -1.528878576351248908e+00
4.187736369724434837e+01 2.171999436031288155e+01 1.318480315935190106e+01 1.168595094241473298e+01 2.275720959485588679e+01 -1.015511888303581323e+01 1.392383814792085950e+01 9.316542933544438299e+00 8.361005238888397528e+00 -1.846918245464321373e+00 -8.485326484443939776e+00 1.644655711856967528e+01 2.171999436031288155e+01 2.078611986927610644e+01 1.191289886502137207e+01 9.444030735592955139e+00 1.751200245091244767e+01 2.416304850410961436e+00 1.343087184362874353e+01 8.882914603750229787e+00 1.070345550727412309e+01 3.136022783274125203e+00 5.324559336144012889e+00 1.143676851476989675e+01 1.318480315935190106e+01 1.191289886502137030e+01 1.641720389817237447e+01 1.003561384728166495e+01 1.231271487616345439e+01 7.914559310558043848e+00 1.026391684865672715e+01 9.777176345018443016e+00 1.272805050062410537e+01 8.424025341831448799e+00 1.010148924315105390e+01 7.768293713057353500e+00 1.168595094241473298e+01 9.444030735592955139e+00 1.003561384728166495e+01 1.211591854755304887e+01 8.185410701854824111e+00 5.251853714082741043e+00 5.698744562910351696e+00 6.455950069952494097e+00 1.189783302819873079e+01 4.903357095014662548e+00 8.077746748711199132e+00 5.527177499983661590e+00 2.275720959485589034e+01 1.751200245091244767e+01 1.231271487616345617e+01 8.185410701854824111e+00 2.290140181407984699e+01 6.691199659819660361e+00 1.807407545404596760e+01 1.061236580750179925e+01 9.985925102071218973e+00 7.231713765564177443e+00 8.556082859427961651e+00 1.148767221886637024e+01 -1.015511888303582566e+01 2.416304850410959659e+00 7.914559310558048288e+00 5.251853714082740154e+00 6.691199659819665690e+00 3.362058808001074794e+01 1.290393205929013831e+01 1.130305625930045466e+01 1.391138230558997435e+01 2.058843290729589626e+01 3.249584260446316364e+01 1.519408330551124564e+00 1.392383814792085950e+01 1.343087184362874709e+01 1.026391684865672715e+01 5.698744562910350808e+00 1.807407545404596405e+01 1.290393205929013476e+01 2.407873258449147258e+01 1.182202475388730001e+01 8.076789465831199166e+00 9.524176634148895815e+00 1.396346754668192247e+01 9.615765308006105627e+00 9.316542933544438299e+00 8.882914603750231564e+00 9.777176345018444792e+00 6.455950069952494985e+00 1.061236580750180103e+01 1.130305625930045110e+01 1.182202475388730001e+01 1.395462781036600575e+01 8.661119257519168002e+00 8.933139442071908576e+00 1.048715252316076807e+01 8.102794214265699679e+00 8.361005238888399305e+00 1.070345550727412487e+01 1.272805050062410537e+01 1.189783302819873079e+01 9.985925102071217196e+00 1.391138230558997257e+01 8.076789465831199166e+00 8.661119257519168002e+00 2.006029632464417745e+01 8.869500011123339078e+00 1.789218257340672835e+01 5.454583764213996488e+00 -1.846918245464326702e+00 3.136022783274125203e+00 8.424025341831452351e+00 4.903357095014662548e+00 7.231713765564176555e+00 2.058843290729589626e+01 9.524176634148894038e+00 8.933139442071910352e+00 8.869500011123340855e+00 1.966573344373967558e+01 2.089524395252986011e+01 2.324771838807123459e+00 -8.485326484443943329e+00 5.324559336144016441e+00 1.010148924315105567e+01 8.077746748711202684e+00 8.556082859427959875e+00 3.249584260446315653e+01 1.396346754668192602e+01 1.048715252316076274e+01 1.789218257340673190e+01 2.089524395252985300e+01 4.011676636897509240e+01 3.268937515047385389e-01 1.644655711856967883e+01 1.143676851476990031e+01 7.768293713057355276e+00 5.527177499983661590e+00 1.148767221886637202e+01 1.519408330551121900e+00 9.615765308006109180e+00 8.102794214265699679e+00 5.454583764213996488e+00 2.324771838807125235e+00 3.268937515047358744e-01 1.189276545822346698e+01
-1.056698114783665332e+01 -6.690598302496127303e+00 -1.756597941006910135e+00 -2.168138200445178576e+00 -4.683390006816037676e+00 6.785501442451145060e+00 -1.543204438988964533e+00 3.314033472590834917e-01 1.230141225528321725e+00 3.011052628314731194e+00 7.716646239383182504e+00 -4.867777291621075975e+00 -5.505900969645975529e+00 -3.689923707149030285e+00 -1.042044393586665674e+00 -2.721783227496595625e+00 -2.998736095580542216e+00 2.480504175619850482e+00 -8.786974134806074810e-01 1.239916028861098168e-01 -2.587079327837907838e-01 7.994063290384894049e-01 1.377977629542753268e+00 -1.668241939766315962e+00 6.841825244306281917e+00 2.284306464726644226e+00 3.623958238359985540e-01 -3.009589161023604742e-01 2.024930425777367038e+00 -8.993310451973059116e+00 -6.219799152233097539e-01 -9.440609449877015447e-01 -2.494376592076612997e+00 -5.602217892477866279e+00 -9.303731137342591495e+00 2.016275728961328895e+00 1.062475439618372519e+01 3.123480745039826090e+00 2.150309499101558941e-01 -1.054490615372807305e+00 2.715055480648517428e+00 -1.053640704293449026e+01 6.206569631081893662e-02 -5.236720520425511838e-01 -3.368302855156809272e+00 -7.211193701318163285e+00 -1.185923687761498613e+01 2.503804648221853224e+00 6.333188406598566189e+00 1.291932898721195988e+00 1.462144784653166274e-01 -1.483780656604139381e+00 1.947217026683898622e+00 -7.153778748070758198e+00 1.692731252833308553e-02 -7.703440439890402169e-01 -1.016864787264850190e+00 -5.695834527552490201e+00 -8.524159091846144065e+00 1.889615265107701170e+00 2.968754028115387911e+01 1.278187555404719511e+01 2.625374361004763291e+00 6.728246679940431685e-01 1.040633542663344890e+01 -2.821842362906483359e+01 9.726511632808266805e-01 -2.354584051191840999e+00 -4.595147808319898886e+00 -1.736639599295794767e+01 -2.902226819749786912e+01 8.453719507183649284e+00 -8.408386819590516481e+00 -4.520443329778257358e+00 -1.850919286745139836e+00 -1.466770977837937195e+00 -4.328560277574730719e+00 5.182165465174106700e+00 -1.571540933387648220e+00 -1.236826985509171584e+00 -4.851472597146720689e-02 1.704273982403713195e+00 4.656697436261964640e+00 -3.129487889920940180e+00 -7.049604139312364737e+00 -3.815951927195248672e+00 -1.379917152408425052e+00 -1.719560732180862805e+00 -3.413430714466882954e+00 3.436048163733601335e+00 -1.295605584523863207e+00 -4.451656903765453532e-01 -8.233109609429197784e-01 8.803420612202090823e-01 4.231827506612401812e+00 -3.307438649224779592e+00 2.284856474723053310e+01 9.578621001906912014e+00 2.117865568431989143e+00 9.342324071794010365e-01 6.690562518672796166e+00 -2.268718327562597281e+01 9.784550433200854824e-01 -2.311103129970832448e+00 -5.259386738460950284e+00 -1.243415976975471793e+01 -2.126702142528312578e+01 6.697826617865390908e+00 -1.182865891504522615e+01 -4.592330990868701335e+00 -1.491368582155773836e+00 -2.779083020217885558e+00 -4.604825253444155386e+00 7.566753363914338948e+00 -1.994143722600014046e+00 -1.293152856491992742e+00 6.021312565040464193e-01 3.520639796988948689e+00 5.445057601093834521e+00 -4.475422623152112145e+00 2.266957288261059134e+00 9.449895420390225231e-01 -7.507736298063183433e-02 -1.019660505812332918e+00 2.991456742007027048e-01 -5.082602382746956415e+00 -8.064194542645142239e-01 -1.026861023623993230e+00 -2.015102600927862309e+00 -4.237433536867785122e+00 -5.423505833931193010e+00 5.003479447736012276e-01 -5.648848998389460974e+00 -2.939771063743964685e+00 -1.970648951790481052e+00 -7.183652834300718881e-01 -3.183942098703105295e+00 1.224782445067198244e+00 -1.697609378401067071e+00 -1.668256247339134912e+00 -3.514383962166991449e-01 -1.139669924689927782e-01 9.015893321597943100e-01 -3.279381365850462693e+00
-1.056698114783665332e+01 -5.505900969645975529e+00 6.841825244306281917e+00 1.062475439618372519e+01 6.333188406598566189e+00 2.968754028115387911e+01 -8.408386819590516481e+00 -7.049604139312364737e+00 2.284856474723053310e+01 -1.182865891504522615e+01 2.266957288261059134e+00 -5.648848998389460974e+00 -6.690598302496127303e+00 -3.689923707149030285e+00 2.284306464726644226e+00 3.123480745039826090e+00 1.291932898721195988e+00 1.278187555404719511e+01 -4.520443329778257358e+00 -3.815951927195248672e+00 9.578621001906912014e+00 -4.592330990868701335e+00 9.449895420390225231e-01 -2.939771063743964685e+00 -1.756597941006910135e+00 -1.042044393586665674e+00 3.623958238359985540e-01 2.150309499101558941e-01 1.462144784653166274e-01 2.625374361004763291e+00 -1.850919286745139836e+00 -1.379917152408425052e+00 2.117865568431989143e+00 -1.491368582155773836e+00 -7.507736298063183433e-02 -1.970648951790481052e+00 -2.168138200445178576e+00 -2.721783227496595625e+00 -3.009589161023604742e-01 -1.054490615372807305e+00 -1.483780656604139381e+00 6.728246679940431685e-01 -1.466770977837937195e+00 -1.719560732180862805e+00 9.342324071794010365e-01 -2.779083020217885558e+00 -1.019660505812332918e+00 -7.183652834300718881e-01 -4.683390006816037676e+00 -2.998736095580542216e+00 2.024930425777367038e+00 2.715055480648517428e+00 1.947217026683898622e+00 1.040633542663344890e+01 -4.328560277574730719e+00 -3.413430714466882954e+00 6.690562518672796166e+00 -4.604825253444155386e+00 2.991456742007027048e-01 -3.183942098703105295e+00 6.785501442451145060e+00 2.480504175619850482e+00 -8.993310451973059116e+00 -1.053640704293449026e+01 -7.153778748070758198e+00 -2.821842362906483359e+01 5.182165465174106700e+00 3.436048163733601335e+00 -2.268718327562597281e+01 7.566753363914338948e+00 -5.082602382746956415e+00 1.224782445067198244e+00 -1.543204438988964533e+00 -8.786974134806074810e-01 -6.219799152233097539e-01 6.206569631081893662e-02 1.692731252833308553e-02 9.726511632808266805e-01 -1.571540933387648220e+00 -1.295605584523863207e+00 9.784550433200854824e-01 -1.994143722600014046e+00 -8.064194542645142239e-01 -1.697609378401067071e+00 3.314033472590834917e-01 1.239916028861098168e-01 -9.440609449877015447e-01 -5.236720520425511838e-01 -7.703440439890402169e-01 -2.354584051191840999e+00 -1.236826985509171584e+00 -4.451656903765453532e-01 -2.311103129970832448e+00 -1.293152856491992742e+00 -1.026861023623993230e+00 -1.668256247339134912e+00 1.230141225528321725e+00 -2.587079327837907838e-01 -2.494376592076612997e+00 -3.368302855156809272e+00 -1.016864787264850190e+00 -4.595147808319898886e+00 -4.851472597146720689e-02 -8.233109609429197784e-01 -5.259386738460950284e+00 6.021312565040464193e-01 -2.015102600927862309e+00 -3.514383962166991449e-01 3.011052628314731194e+00 7.994063290384894049e-01 -5.602217892477866279e+00 -7.211193701318163285e+00 -5.695834527552490201e+00 -1.736639599295794767e+01 1.704273982403713195e+00 8.803420612202090823e-01 -1.243415976975471793e+01 3.520639796988948689e+00 -4.237433536867785122e+00 -1.139669924689927782e-01 7.716646239383182504e+00 1.377977629542753268e+00 -9.303731137342591495e+00 -1.185923687761498613e+01 -8.524159091846144065e+00 -2.902226819749786912e+01 4.656697436261964640e+00 4.231827506612401812e+00 -2.126702142528312578e+01 5.445057601093834521e+00 -5.423505833931193010e+00 9.015893321597943100e-01 -4.867777291621075975e+00 -1.668241939766315962e+00 2.016275728961328895e+00 2.503804648221853224e+00 1.889615265107701170e+00 8.453719507183649284e+00 -3.129487889920940180e+00 -3.307438649224779592e+00 6.697826617865390908e+00 -4.475422623152112145e+00 5.003479447736012276e-01 -3.279381365850462693e+00
2.089262764910261083e+01 5.784355620029810297e+00 2.648725626885329643e+00 9.623200677004044579e-01 1.660388397790199644e+00 -2.932416067559304729e+00 6.108989038052319742e+00 1.375897056037219457e+01 -6.588174257264896916e+00 4.771978490525248695e+00 1.225101030247389566e+01 1.012562783034208458e+01 5.784355620029814737e+00 1.275122819951162256e+01 7.041249056444935484e+00 7.221927983126349204e+00 8.431203886215831389e+00 2.412996063294078120e+00 1.062835368445497508e+01 6.541026062006649155e+00 4.602874457591285662e+00 1.182270938854838960e+01 5.433866291481096233e+00 1.035549048229022695e+01 2.648725626885330531e+00 7.041249056444931931e+00 1.420586659677800867e+01 8.692402675601284656e+00 9.347781553356224293e+00 1.657292778206961259e+01 5.855967205310411927e+00 5.340298029568103289e+00 1.469316839922002771e+01 5.450268016573208030e+00 1.106240517904583953e+01 1.049496871072892823e+01 9.623200677003995729e-01 7.221927983126343875e+00 8.692402675601281103e+00 2.602328377612317922e+01 1.375669672815145006e+01 2.816649262489145400e+01 4.258907112385116100e+00 3.675860210837869069e+00 2.263428079493331424e+01 4.406730703824631057e+00 5.873471929649154433e+00 2.681209854794109226e+00 1.660388397790200532e+00 8.431203886215826060e+00 9.347781553356224293e+00 1.375669672815145006e+01 1.376830578345561307e+01 1.820170810188526644e+01 6.492521213839700600e+00 3.509958955682319193e+00 1.505210113243101944e+01 6.827681387372532384e+00 6.463106998860878250e+00 6.919805094438860493e+00 -2.932416067559303841e+00 2.412996063294074123e+00 1.657292778206961970e+01 2.816649262489145400e+01 1.820170810188525934e+01 5.466281020133523327e+01 -2.769310132758011633e+00 1.267841150221959978e+00 3.879935049604875275e+01 -3.822177164784427816e+00 1.430714138928393808e+01 2.391860339432619220e+00 6.108989038052313525e+00 1.062835368445497508e+01 5.855967205310403045e+00 4.258907112385111660e+00 6.492521213839699712e+00 -2.769310132758016962e+00 1.411320160322364536e+01 7.404250847014653303e+00 1.403905341020880826e+00 1.372057868237985367e+01 4.417434054453988068e+00 1.239525283602935701e+01 1.375897056037219990e+01 6.541026062006647379e+00 5.340298029568102400e+00 3.675860210837878839e+00 3.509958955682323634e+00 1.267841150221967084e+00 7.404250847014655079e+00 1.324005602447209107e+01 -2.330231410492356048e-01 6.854217625977469197e+00 1.134834421587061826e+01 1.056180452033268935e+01 -6.588174257264899580e+00 4.602874457591282109e+00 1.469316839922002771e+01 2.263428079493332135e+01 1.505210113243101766e+01 3.879935049604875275e+01 1.403905341020884157e+00 -2.330231410492449307e-01 3.559863607314338196e+01 4.293866305403521988e-01 8.598254678484577695e+00 3.899081019873346321e+00 4.771978490525256689e+00 1.182270938854839315e+01 5.450268016573216023e+00 4.406730703824636386e+00 6.827681387372541266e+00 -3.822177164784423375e+00 1.372057868237986256e+01 6.854217625977474526e+00 4.293866305403621908e-01 1.974039469048000939e+01 2.792099899879919356e+00 1.302986906094319508e+01 1.225101030247390099e+01 5.433866291481091793e+00 1.106240517904583953e+01 5.873471929649169532e+00 6.463106998860878250e+00 1.430714138928395762e+01 4.417434054453990733e+00 1.134834421587062181e+01 8.598254678484588354e+00 2.792099899879914027e+00 1.948931852632514961e+01 1.148744091977765791e+01 1.012562783034208636e+01 1.035549048229022695e+01 1.049496871072892823e+01 2.681209854794117220e+00 6.919805094438862270e+00 2.391860339432627658e+00 1.239525283602936234e+01 1.056180452033268757e+01 3.899081019873347653e+00 1.302986906094318975e+01 1.148744091977765613e+01 1.927828615199339168e+01
4.368012208183389866e+00 -2.746108089364886151e+00 -3.775226712230510540e-01 -5.472584472982181758e+00 -2.605346087093635798e+00 -2.168478577752453784e+00 -2.657600201243875748e+00 1.954016670594932004e+00 -4.059771819650342728e+00 -3.073667700115567669e+00 4.852251007265086180e+00 1.126904713916275780e+00 -1.065926398686208199e+00 -3.835798494126655966e-01 -8.532514003562677862e-01 -2.248109352718006271e+00 -1.473745583656802083e+00 -2.548823699670633491e+00 -1.542837090494880159e-01 -7.711607430022322518e-01 -1.445892327335242422e+00 1.441560690085469942e-01 -5.729099232094858607e-03 -1.694703169789057995e-02 -3.108664269193214036e+00 7.472653245023616053e-01 1.351111587509015832e+00 -5.524075625562869796e+00 -1.246759423667120892e+00 -4.428403007885280296e+00 9.271907961582245283e-01 -2.079867908342664773e+00 -1.918478938883052987e+00 2.005867141100195372e+00 -8.628738481730224841e-01 1.627400287960395486e+00 -3.924608374682772904e+00 1.045354632627006453e+00 3.020141918094934042e+00 -1.048188487433666261e+01 -1.277136826355197208e+00 -8.384672879544542212e+00 1.989822995750356149e+00 -2.081553462886547301e+00 -5.070740774452960231e+00 2.346656388941448679e+00 -1.839669545822895103e-01 5.070247548902552914e+00 4.982783123424547433e+00 -2.507653931936959069e+00 1.074567668112377916e+00 -8.035989591495166451e+00 -3.884634240046145770e+00 -4.738753085852177804e+00 -2.038944320306840474e+00 3.076508638473784085e+00 -5.978957447492245336e+00 -4.277808428823739462e+00 6.342784174662902785e+00 2.911423687009878858e+00 1.538009241235479996e+00 -2.060782360348503151e+00 -1.627859994944563349e+00 -4.601888224445918052e-01 -1.840312478184813028e+00 -3.482807713456355092e-01 -2.003390562727302537e+00 5.917910934539493129e-01 -2.162330017913102420e+00 -1.379551019310026883e+00 -2.868775969465027220e-01 -2.012325149551586367e+00 -1.107807145167696383e+01 2.877213328827363359e+00 4.976391865624260058e-01 -2.590388359405403129e+00 2.363853205305133542e+00 -7.422800930351036719e+00 5.130549173997464685e+00 -6.715726779889246600e+00 -5.635047557093475490e-02 7.678561358396919445e+00 -9.584982770104538474e+00 2.099869587596878251e+00 -7.806726659805367952e+00 1.526899706355161923e+00 -2.778559547803637120e+00 4.708078214116576454e+00 2.934653263436215465e+00 -2.226767905772948364e-01 1.628021132268423710e+00 -5.172744156100371526e+00 2.113755639952305199e+00 4.149494971287154499e+00 -9.142995954665275704e+00 -3.497286846698400176e+00 -1.771738194917182874e+00 -7.387310322193449963e-01 7.332653514378795201e-01 -4.887033994096346312e+00 -1.782513325871646348e+00 -3.839763503825333935e+00 7.269104432396458204e-01 -9.916050340634239291e-01 -2.435460135002005977e+00 -1.746413011244229985e-01 4.070302053801304609e-01 4.683180968669750643e-01 4.290464340693604939e+00 -3.677609755039890516e+00 -1.645185107965641658e+00 -2.609563438005309433e+00 -2.036492132039613878e+00 -2.459192223700255309e-01 -2.447796458154071875e+00 2.507246867944500135e+00 -4.016190194059426233e+00 -4.726999881173965079e+00 3.725298632093935858e+00 -1.556258527680745463e+00 -7.487676122976954396e+00 1.986388216965379705e+00 1.633530536726730542e+00 -7.675319037004970646e+00 6.816876702138806310e-02 -8.383054766178029027e+00 3.945260710558477601e+00 -4.381205506849258136e+00 -3.250064019249902625e+00 5.321392844335290917e+00 -4.439327768254253570e+00 3.298687017278318478e+00 2.852482850002885026e-02 -4.793168607718609198e-01 1.056399243283188571e+00 -6.825387463890906226e+00 -2.949787304007513100e+00 -5.598536389389080270e+00 2.858168031021637301e-01 5.851890495058723607e-01 -5.165680376474524493e+00 -1.241932231877763915e+00 7.519466953849445190e-01 2.887566945370238614e+00
4.368012208183389866e+00 -1.065926398686208199e+00 -3.108664269193214036e+00 -3.924608374682772904e+00 4.982783123424547433e+00 1.538009241235479996e+00 -1.107807145167696383e+01 -7.806726659805367952e+00 -1.771738194917182874e+00 4.290464340693604939e+00 -7.487676122976954396e+00 2.852482850002885026e-02 -2.746108089364886151e+00 -3.835798494126655966e-01 7.472653245023616053e-01 1.045354632627006453e+00 -2.507653931936959069e+00 -2.060782360348503151e+00 2.877213328827363359e+00 1.526899706355161923e+00 -7.387310322193449963e-01 -3.677609755039890516e+00 1.986388216965379705e+00 -4.793168607718609198e-01 -3.775226712230510540e-01 -8.532514003562677862e-01 1.351111587509015832e+00 3.020141918094934042e+00 1.074567668112377916e+00 -1.627859994944563349e+00 4.976391865624260058e-01 -2.778559547803637120e+00 7.332653514378795201e-01 -1.645185107965641658e+00 1.633530536726730542e+00 1.056399243283188571e+00 -5.472584472982181758e+00 -2.248109352718006271e+00 -5.524075625562869796e+00 -1.048188487433666261e+01 -8.035989591495166451e+00 -4.601888224445918052e-01 -2.590388359405403129e+00 4.708078214116576454e+00 -4.887033994096346312e+00 -2.609563438005309433e+00 -7.675319037004970646e+00 -6.825387463890906226e+00 -2.605346087093635798e+00 -1.473745583656802083e+00 -1.246759423667120892e+00 -1.277136826355197208e+00 -3.884634240046145770e+00 -1.840312478184813028e+00 2.363853205305133542e+00 2.934653263436215465e+00 -1.782513325871646348e+00 -2.036492132039613878e+00 6.816876702138806310e-02 -2.949787304007513100e+00 -2.168478577752453784e+00 -2.548823699670633491e+00 -4.428403007885280296e+00 -8.384672879544542212e+00 -4.738753085852177804e+00 -3.482807713456355092e-01 -7.422800930351036719e+00 -2.226767905772948364e-01 -3.839763503825333935e+00 -2.459192223700255309e-01 -8.383054766178029027e+00 -5.598536389389080270e+00 -2.657600201243875748e+00 -1.542837090494880159e-01 9.271907961582245283e-01 1.989822995750356149e+00 -2.038944320306840474e+00 -2.003390562727302537e+00 5.130549173997464685e+00 1.628021132268423710e+00 7.269104432396458204e-01 -2.447796458154071875e+00 3.945260710558477601e+00 2.858168031021637301e-01 1.954016670594932004e+00 -7.711607430022322518e-01 -2.079867908342664773e+00 -2.081553462886547301e+00 3.076508638473784085e+00 5.917910934539493129e-01 -6.715726779889246600e+00 -5.172744156100371526e+00 -9.916050340634239291e-01 2.507246867944500135e+00 -4.381205506849258136e+00 5.851890495058723607e-01 -4.059771819650342728e+00 -1.445892327335242422e+00 -1.918478938883052987e+00 -5.070740774452960231e+00 -5.978957447492245336e+00 -2.162330017913102420e+00 -5.635047557093475490e-02 2.113755639952305199e+00 -2.435460135002005977e+00 -4.016190194059426233e+00 -3.250064019249902625e+00 -5.165680376474524493e+00 -3.073667700115567669e+00 1.441560690085469942e-01 2.005867141100195372e+00 2.346656388941448679e+00 -4.277808428823739462e+00 -1.379551019310026883e+00 7.678561358396919445e+00 4.149494971287154499e+00 -1.746413011244229985e-01 -4.726999881173965079e+00 5.321392844335290917e+00 -1.241932231877763915e+00 4.852251007265086180e+00 -5.729099232094858607e-03 -8.628738481730224841e-01 -1.839669545822895103e-01 6.342784174662902785e+00 -2.868775969465027220e-01 -9.584982770104538474e+00 -9.142995954665275704e+00 4.070302053801304609e-01 3.725298632093935858e+00 -4.439327768254253570e+00 7.519466953849445190e-01 1.126904713916275780e+00 -1.694703169789057995e-02 1.627400287960395486e+00 5.070247548902552914e+00 2.911423687009878858e+00 -2.012325149551586367e+00 2.099869587596878251e+00 -3.497286846698400176e+00 4.683180968669750643e-01 -1.556258527680745463e+00 3.298687017278318478e+00 2.887566945370238614e+00
1.043210346825708790e+01 8.807172327902833331e+00 6.077983920373227100e+00 8.295565971952155948e+00 1.375462139690091234e+01 7.711021863573606971e+00 5.808829692872398809e+00 3.568148684171239537e+00 5.108855650314982455e+00 1.150581445229128086e+01 7.448520206279486189e+00 1.038546265384175094e+01 8.807172327902833331e+00 3.570214915081327689e+01 1.763658653144955224e+01 2.232285596745724732e+01 3.625631439331672112e+01 2.002143277892315609e+01 3.972697094867962164e+01 2.952637552675044219e+01 7.414625770290232509e+00 2.802203750035672414e+01 2.796793163499384249e+01 3.161862459819441185e+01 6.077983920373227100e+00 1.763658653144955224e+01 1.513000638440242973e+01 1.805146941194836430e+01 1.802005037160816059e+01 1.014740629687019080e+01 2.399100255956596328e+01 1.542664923968031587e+01 8.145974439804659184e+00 1.280909426367639981e+01 2.046463108896577410e+01 1.781636899931098483e+01 8.295565971952155948e+00 2.232285596745724376e+01 1.805146941194836430e+01 2.947342062382889694e+01 2.665215140130151994e+01 1.190473857029340543e+01 3.392159902843188490e+01 1.868350875435280400e+01 1.063458944484968605e+01 1.717310575274273887e+01 2.973812725103917387e+01 2.603786582217972523e+01 1.375462139690091234e+01 3.625631439331672112e+01 1.802005037160816059e+01 2.665215140130151283e+01 4.838836104845360353e+01 2.158374374455483036e+01 3.724631121264904010e+01 2.405511815534367415e+01 8.009795397083404822e+00 3.429136370578351745e+01 2.784341610902730224e+01 3.788547194844330335e+01 7.711021863573608748e+00 2.002143277892315609e+01 1.014740629687019258e+01 1.190473857029340365e+01 2.158374374455482680e+01 1.763934627051982318e+01 2.139587051799749773e+01 1.909389070206389505e+01 5.729920936481766702e+00 1.982365274178859949e+01 1.524244796781974465e+01 1.949611772118532116e+01 5.808829692872399697e+00 3.972697094867962164e+01 2.399100255956595973e+01 3.392159902843188490e+01 3.724631121264904721e+01 2.139587051799749773e+01 6.545223902722077014e+01 4.411685146399352675e+01 1.012971783164520545e+01 2.792718429677596959e+01 4.472910498606051988e+01 3.847551399839503716e+01 3.568148684171239093e+00 2.952637552675044219e+01 1.542664923968031587e+01 1.868350875435280756e+01 2.405511815534367770e+01 1.909389070206389505e+01 4.411685146399353386e+01 3.926435485858311125e+01 6.265086905695297581e+00 2.267931855452128076e+01 2.844317942713348302e+01 2.554863942754823114e+01 5.108855650314982455e+00 7.414625770290233397e+00 8.145974439804657408e+00 1.063458944484968782e+01 8.009795397083403046e+00 5.729920936481764926e+00 1.012971783164520723e+01 6.265086905695297581e+00 1.014411213193217876e+01 7.363175731480994912e+00 1.162775733664853739e+01 9.253972625628994919e+00 1.150581445229128086e+01 2.802203750035672414e+01 1.280909426367639981e+01 1.717310575274273887e+01 3.429136370578351745e+01 1.982365274178859949e+01 2.792718429677596959e+01 2.267931855452128076e+01 7.363175731480996689e+00 3.217924049189917923e+01 2.007841779456781595e+01 2.780184153353226151e+01 7.448520206279488853e+00 2.796793163499384605e+01 2.046463108896577410e+01 2.973812725103917387e+01 2.784341610902730935e+01 1.524244796781974642e+01 4.472910498606053409e+01 2.844317942713348302e+01 1.162775733664853917e+01 2.007841779456781595e+01 3.719795316560917087e+01 2.945202009427761070e+01 1.038546265384175094e+01 3.161862459819441185e+01 1.781636899931098128e+01 2.603786582217972523e+01 3.788547194844330335e+01 1.949611772118532471e+01 3.847551399839504427e+01 2.554863942754823469e+01 9.253972625628998472e+00 2.780184153353226861e+01 2.945202009427761070e+01 3.658965487064682520e+01
-1.058241730679810866e+00 -6.645108430619454110e-01 -1.539222750026864706e+00 -2.147738044025253035e-01 -1.930772542172264072e-01 -4.977472223714973776e-01 -6.639709733889436194e-01 -1.081106854159456843e+00 -8.449996893042708290e-01 -1.313834764426569990e+00 -1.140958700366787149e+00 -9.512127394761253907e-01 4.599770868460772988e-02 -5.536083732356607001e-01 -1.433091045411622744e-01 -1.302334310148986152e+00 -7.518632120803971919e-01 -1.024915289329576984e+00 -1.411722599560273794e+00 -1.102926189189685102e+00 -1.223819583509401676e+00 -2.149814679547286111e-01 -1.218302409139273346e+00 -7.354073010670576505e-01 -2.772411918218782856e-01 -6.132133054603275957e-01 -1.230844475013887829e+00 -8.158873823140228021e-01 -1.248239878817339887e+00 -5.875268804203960249e-01 -1.743944586002888375e+00 -1.427293207592315927e+00 -5.624867700364056811e-01 -2.451060060163425813e-01 -6.610793533929132382e-01 -4.106282927217849155e-01 -2.846228106707366368e-01 -9.600979313174327068e-01 -7.155820337846203749e-01 -1.791791290885256238e+00 -1.257259087447613499e+00 -3.292335336473531382e-01 -1.526726858914999818e+00 -8.742298300293352975e-01 -1.508152645582022000e+00 -5.402865021206928464e-01 -1.221706782970816363e+00 -6.121053820464096296e-01 -1.288275059013799018e+00 -9.826521647000006077e-01 -1.241009930540099671e+00 -1.450261663161639181e+00 -5.864892975036261058e-01 -3.585707934451813350e-01 -1.379456110464334584e+00 -5.441608294200963591e-01 -8.598356611697541840e-01 -5.450592850858607674e-01 -6.348091860282849552e-01 -2.330697784324195776e-01 -1.844922081765475175e-01 -1.500042898521914414e-01 -7.931159802361804623e-01 -8.306243552933872953e-01 -9.683026778744781016e-01 -3.957093098179773061e-01 -1.264456125554244359e+00 -4.929249527335194392e-01 -1.126638336826873754e+00 -7.598388404402226515e-01 -7.228266930480120589e-01 -2.227333053552938147e-01 -8.396688214086028834e-01 -1.020884469006496431e+00 -7.635707595289790151e-01 -6.316954827279011031e-01 -1.514281658700715294e+00 -4.194050343705844064e-01 -1.704123679426604865e-01 -1.092050709769040839e+00 -8.501393581937146671e-01 -2.780575895651670737e-01 -9.516424036941590892e-01 -1.500423845489553321e+00 -1.598810093664684073e+00 1.132597751597388680e-01 -3.755749729770774814e-01 -6.943929594988108855e-02 -1.372537885908889699e+00 -2.100010914514880145e-01 -1.618312714773094241e+00 -2.171678810748327859e-01 -1.801846259282341711e-01 -7.952414882982925537e-01 -5.031849365234632998e-01 -4.815590253301184065e-01 -7.771207638419204144e-01 -1.675902353710897019e+00 -5.878276466341195716e-01 -8.122186668895557959e-01 -1.618222054645632735e+00 -5.898815152743221990e-01 -3.038882593488212436e-01 -1.401644598177975709e+00 -1.192825272839741046e+00 -2.658152961610064091e-01 -1.579896035415536026e+00 -5.128729764981517780e-01 -4.976082530244649305e-01 -2.516531785908600050e-01 -1.102123539875522473e+00 -1.903337575663017089e+00 -1.322099530009200663e+00 -1.065547179790930610e+00 -1.162859353488991943e+00 -3.056725776307194220e-01 -1.199396875498933479e+00 -6.764280095297551254e-01 -1.341816774255852662e+00 -5.218100966929689610e-01 -4.793886188744308496e-01 -8.930229117883209389e-01 -1.746510366276616821e+00 -1.393475546490715589e+00 -1.460220319623295904e+00 -7.483579742385000344e-01 -3.495070434074009635e-01 -3.927246380288542116e-01 -4.581531813820339805e-01 -1.461259077938923179e+00 -6.968235417371426710e-01 -1.312520711375139371e+00 -4.338825491867067119e-01 -8.326580637212569469e-01 -9.621975689684865163e-01 -1.569754830465029394e-01 -4.262905774754511823e-01 -9.813910690705719420e-01 -1.161850035161995365e+00 -1.080292222242227984e+00 -1.228441938249838827e+00 -9.821203407355408865e-01 -1.487159939659116636e+00 -5.444792189685492279e-01
-1.058241730679810866e+00 4.599770868460772988e-02 -2.772411918218782856e-01 -2.846228106707366368e-01 -1.288275059013799018e+00 -1.844922081765475175e-01 -8.396688214086028834e-01 -1.598810093664684073e+00 -7.771207638419204144e-01 -4.976082530244649305e-01 -4.793886188744308496e-01 -4.338825491867067119e-01 -6.645108430619454110e-01 -5.536083732356607001e-01 -6.132133054603275957e-01 -9.600979313174327068e-01 -9.826521647000006077e-01 -1.500042898521914414e-01 -1.020884469006496431e+00 1.132597751597388680e-01 -1.675902353710897019e+00 -2.516531785908600050e-01 -8.930229117883209389e-01 -8.326580637212569469e-01 -1.539222750026864706e+00 -1.433091045411622744e-01 -1.230844475013887829e+00 -7.155820337846203749e-01 -1.241009930540099671e+00 -7.931159802361804623e-01 -7.635707595289790151e-01 -3.755749729770774814e-01 -5.878276466341195716e-01 -1.102123539875522473e+00 -1.746510366276616821e+00 -9.621975689684865163e-01 -2.147738044025253035e-01 -1.302334310148986152e+00 -8.158873823140228021e-01 -1.791791290885256238e+00 -1.450261663161639181e+00 -8.306243552933872953e-01 -6.316954827279011031e-01 -6.943929594988108855e-02 -8.122186668895557959e-01 -1.903337575663017089e+00 -1.393475546490715589e+00 -1.569754830465029394e-01 -1.930772542172264072e-01 -7.518632120803971919e-01 -1.248239878817339887e+00 -1.257259087447613499e+00 -5.864892975036261058e-01 -9.683026778744781016e-01 -1.514281658700715294e+00 -1.372537885908889699e+00 -1.618222054645632735e+00 -1.322099530009200663e+00 -1.460220319623295904e+00 -4.262905774754511823e-01 -4.977472223714973776e-01 -1.024915289329576984e+00 -5.875268804203960249e-01 -3.292335336473531382e-01 -3.585707934451813350e-01 -3.957093098179773061e-01 -4.194050343705844064e-01 -2.100010914514880145e-01 -5.898815152743221990e-01 -1.065547179790930610e+00 -7.483579742385000344e-01 -9.813910690705719420e-01 -6.639709733889436194e-01 -1.411722599560273794e+00 -1.743944586002888375e+00 -1.526726858914999818e+00 -1.379456110464334584e+00 -1.264456125554244359e+00 -1.704123679426604865e-01 -1.618312714773094241e+00 -3.038882593488212436e-01 -1.162859353488991943e+00 -3.495070434074009635e-01 -1.161850035161995365e+00 -1.081106854159456843e+00 -1.102926189189685102e+00 -1.427293207592315927e+00 -8.742298300293352975e-01 -5.441608294200963591e-01 -4.929249527335194392e-01 -1.092050709769040839e+00 -2.171678810748327859e-01 -1.401644598177975709e+00 -3.056725776307194220e-01 -3.927246380288542116e-01 -1.080292222242227984e+00 -8.449996893042708290e-01 -1.223819583509401676e+00 -5.624867700364056811e-01 -1.508152645582022000e+00 -8.598356611697541840e-01 -1.126638336826873754e+00 -8.501393581937146671e-01 -1.801846259282341711e-01 -1.192825272839741046e+00 -1.199396875498933479e+00 -4.581531813820339805e-01 -1.228441938249838827e+00 -1.313834764426569990e+00 -2.149814679547286111e-01 -2.451060060163425813e-01 -5.402865021206928464e-01 -5.450592850858607674e-01 -7.598388404402226515e-01 -2.780575895651670737e-01 -7.952414882982925537e-01 -2.658152961610064091e-01 -6.764280095297551254e-01 -1.461259077938923179e+00 -9.821203407355408865e-01 -1.140958700366787149e+00 -1.218302409139273346e+00 -6.610793533929132382e-01 -1.221706782970816363e+00 -6.348091860282849552e-01 -7.228266930480120589e-01 -9.516424036941590892e-01 -5.031849365234632998e-01 -1.579896035415536026e+00 -1.341816774255852662e+00 -6.968235417371426710e-01 -1.487159939659116636e+00 -9.512127394761253907e-01 -7.354073010670576505e-01 -4.106282927217849155e-01 -6.121053820464096296e-01 -2.330697784324195776e-01 -2.227333053552938147e-01 -1.500423845489553321e+00 -4.815590253301184065e-01 -5.128729764981517780e-01 -5.218100966929689610e-01 -1.312520711375139371e+00 -5.444792189685492279e-01
1.405663163504787505e+01 1.647022487726269802e+00 5.007855832762150960e+00 1.019797237154951297e+01 5.703937020930966106e+00 5.418900148828549312e-01 2.832646240288160477e+00 7.977792913809075515e+00 5.740281883222444925e+00 8.769023673643500771e+00 3.579565677533607992e+00 9.654813329820264300e-01 1.647022487726269802e+00 1.100164243960983868e+01 5.399781361624382825e+00 3.640306974300193232e+00 3.736616840253672578e+00 6.722796016841975586e+00 9.604693032975980316e+00 1.742931839047711762e+00 4.976846810519552022e+00 5.488082596010446679e+00 6.424446248952784266e+00 8.454585377003715152e+00 5.007855832762150072e+00 5.399781361624383713e+00 8.520977372649419124e+00 6.429096345108333388e+00 5.335859723569615021e+00 4.714923060826083479e+00 5.591039049328015764e+00 4.501047420125923182e+00 5.221168910036888100e+00 6.212067799862047934e+00 4.967994020698498048e+00 5.418318454705294052e+00 1.019797237154951119e+01 3.640306974300193232e+00 6.429096345108333388e+00 1.434528607717731674e+01 6.606097204011765811e+00 2.605330993748608215e+00 3.422057544004280416e+00 7.907645440807407944e+00 7.641982304552836780e+00 1.018982591354557599e+01 3.872323956205864448e+00 1.936554441574485974e+00 5.703937020930965218e+00 3.736616840253671690e+00 5.335859723569615021e+00 6.606097204011763147e+00 8.703457287245358387e+00 2.906157660500724660e+00 3.822786509059934001e+00 4.354495448112433387e+00 5.204196148316349912e+00 6.373001837180463980e+00 4.821417993799611779e+00 3.997981802444027011e+00 5.418900148828553753e-01 6.722796016841977362e+00 4.714923060826082590e+00 2.605330993748607327e+00 2.906157660500725992e+00 8.524542302480199396e+00 7.256265520779759726e+00 1.380104964235006060e+00 3.848691990822278530e+00 3.638262458184933212e+00 5.838468369333718044e+00 7.862125463224899136e+00 2.832646240288162254e+00 9.604693032975980316e+00 5.591039049328014876e+00 3.422057544004279528e+00 3.822786509059934446e+00 7.256265520779759726e+00 1.587797340822441683e+01 3.405134604869156423e+00 5.759847768924626799e+00 6.164561799200571457e+00 8.379239032188552372e+00 9.529889096476750865e+00 7.977792913809073738e+00 1.742931839047711540e+00 4.501047420125924958e+00 7.907645440807408832e+00 4.354495448112432499e+00 1.380104964235006060e+00 3.405134604869155091e+00 1.037434643010124091e+01 4.176690451223228351e+00 7.166738600741043186e+00 2.568617258016640648e+00 7.648468996045973967e-01 5.740281883222444037e+00 4.976846810519552022e+00 5.221168910036887212e+00 7.641982304552836780e+00 5.204196148316350801e+00 3.848691990822278530e+00 5.759847768924626799e+00 4.176690451223228351e+00 9.999216062630113200e+00 6.505467573325354635e+00 5.159006759640386797e+00 4.916252009218346153e+00 8.769023673643502548e+00 5.488082596010446679e+00 6.212067799862049711e+00 1.018982591354557776e+01 6.373001837180463980e+00 3.638262458184932768e+00 6.164561799200572345e+00 7.166738600741043186e+00 6.505467573325354635e+00 1.260007331020428722e+01 5.149900023156441797e+00 4.023336096503952852e+00 3.579565677533607992e+00 6.424446248952783378e+00 4.967994020698497160e+00 3.872323956205864448e+00 4.821417993799610890e+00 5.838468369333718044e+00 8.379239032188552372e+00 2.568617258016641092e+00 5.159006759640386797e+00 5.149900023156442685e+00 1.099292397268672161e+01 6.954316727746551408e+00 9.654813329820290946e-01 8.454585377003715152e+00 5.418318454705293163e+00 1.936554441574484642e+00 3.997981802444028787e+00 7.862125463224898247e+00 9.529889096476754418e+00 7.648468996045978407e-01 4.916252009218347041e+00 4.023336096503952852e+00 6.954316727746553184e+00 1.296116156513342865e+01
-8.314796072125896220e-01 -1.916723439303277265e+00 -1.687080507320811051e+00 -9.023220273943556302e-01 -9.374753260874405525e-01 -2.560795289043477307e+00 -1.300445918608799545e+00 -7.080624275101153609e-02 -4.014997667312095730e-01 1.695354497363394941e-01 -1.352073121904201924e+00 -2.090385976099784937e+00 1.511363674078873176e+00 -1.675046802118344669e+00 -5.202194962388536625e-01 1.971296204704448274e-01 -7.717390400797566885e-01 -2.094989385478172039e+00 -3.411303397883797661e+00 -4.129545465664758996e-01 -4.763637596280979047e-01 -1.180580879786397031e-01 -2.368889789398610723e+00 -2.953559512583151747e+00 -3.969317516511993382e+00 9.264364399960755003e-01 -4.352970540511700848e-01 -2.897636111017406702e+00 -1.176239387760759758e+00 1.368671108164226657e+00 2.438049746414625574e+00 -3.283826976028419331e+00 -1.939952578113896431e+00 -1.874180754341205457e+00 6.188010694550077906e-02 2.544662702055163539e+00 1.712377512560274262e+00 -3.923241729420652746e+00 -1.199084260255103729e+00 7.122324364502974348e-01 -2.399445639594289803e-01 -4.768213887821609376e+00 -3.932115723630062565e+00 6.955113348037600396e-01 -6.537676076979794804e-01 -5.252361319676392970e-01 -3.120978578162113770e+00 -5.047413608307310895e+00 -4.082487720370350459e+00 1.901161260926001351e+00 -1.528980383589800596e+00 -4.604911390620613609e+00 -1.879641363760993000e+00 5.860725798901105232e-01 3.141060467473610895e+00 -2.830330237469580901e+00 -2.021488350311880122e+00 -2.059508699646451557e+00 -2.586138216442068760e-02 2.402297736178032217e+00 -2.525221419125112665e-01 -9.545717447814776602e-01 -1.798078876929262604e+00 -1.297046973564124350e+00 -1.146443659055555786e+00 -1.994630511071246337e+00 -1.076920121216427662e+00 -1.256317561631908664e+00 -8.338529811377275447e-01 -4.699169820441416734e-01 -1.122952885150660496e+00 -5.996416594497957497e-01 7.471123355434772240e-01 -2.552889220772797785e+00 -1.814234284444843581e+00 1.247260379889630011e+00 -4.872194644639776806e-01 -1.869072719988614795e+00 -1.848234502091865572e+00 -8.297717926451389503e-02 -9.699719456296342912e-01 3.597888440216023831e-02 -1.144600798419276089e+00 -2.398506294942990724e+00 -3.819381166346495604e+00 1.648915510878474988e+00 -1.040673387006102013e+00 -3.791859208014754401e+00 -1.563134134771379635e+00 -1.927593599751435682e-01 1.980230117123418232e+00 -2.509684168935657489e+00 -1.841057261910613807e+00 -2.238419985839100512e+00 9.347182123816634158e-01 8.180717446037575336e-01 -2.124879545610041665e-01 -3.240510701841368579e+00 -9.341597378097478144e-01 -1.166272801939354994e-02 -1.020927311727801268e+00 -1.938855373424118733e+00 -3.216466154316645731e+00 -1.055589875117897369e+00 6.194182717440255281e-02 -3.740448128336790745e-01 -2.199809142163104081e+00 -1.808684292076475408e+00 6.593197450667680037e+00 -7.296811212638914412e+00 -4.993316750469726784e-01 5.137113119869602507e+00 1.109651561595153879e+00 -7.157764083150636836e+00 -9.406273233003243917e+00 2.638625368173745933e+00 6.488939749890247632e-02 2.107323491748706257e+00 -5.203593855628982467e+00 -7.454735887299133168e+00 -5.962592924378020243e+00 1.775690579530091684e+00 -9.632682485012237228e-01 -5.102863646238571249e+00 -2.820016447350688793e+00 3.249511752522954655e+00 4.343856267825366935e+00 -2.748427279106998800e+00 -1.467082201845067990e+00 -3.726581861512133109e+00 6.611606756978306576e-01 4.575218557222091142e+00 4.330474029848390138e+00 -4.334542507221619267e+00 -1.261667230727731015e+00 2.459167669057399142e+00 -1.566899308887791831e+00 -4.647554502891446226e+00 -5.762372150595177267e+00 2.457996177032206297e+00 1.539074460851112824e-01 -2.942502156913384681e-02 -3.731187551458891249e+00 -6.366102147679053580e+00
-8.314796072125896220e-01 1.511363674078873176e+00 -3.969317516511993382e+00 1.712377512560274262e+00 -4.082487720370350459e+00 -2.525221419125112665e-01 7.471123355434772240e-01 -3.819381166346495604e+00 -2.124879545610041665e-01 6.593197450667680037e+00 -5.962592924378020243e+00 4.330474029848390138e+00 -1.916723439303277265e+00 -1.675046802118344669e+00 9.264364399960755003e-01 -3.923241729420652746e+00 1.901161260926001351e+00 -9.545717447814776602e-01 -2.552889220772797785e+00 1.648915510878474988e+00 -3.240510701841368579e+00 -7.296811212638914412e+00 1.775690579530091684e+00 -4.334542507221619267e+00 -1.687080507320811051e+00 -5.202194962388536625e-01 -4.352970540511700848e-01 -1.199084260255103729e+00 -1.528980383589800596e+00 -1.798078876929262604e+00 -1.814234284444843581e+00 -1.040673387006102013e+00 -9.341597378097478144e-01 -4.993316750469726784e-01 -9.632682485012237228e-01 -1.261667230727731015e+00 -9.023220273943556302e-01 1.971296204704448274e-01 -2.897636111017406702e+00 7.122324364502974348e-01 -4.604911390620613609e+00 -1.297046973564124350e+00 1.247260379889630011e+00 -3.791859208014754401e+00 -1.166272801939354994e-02 5.137113119869602507e+00 -5.102863646238571249e+00 2.459167669057399142e+00 -9.374753260874405525e-01 -7.717390400797566885e-01 -1.176239387760759758e+00 -2.399445639594289803e-01 -1.879641363760993000e+00 -1.146443659055555786e+00 -4.872194644639776806e-01 -1.563134134771379635e+00 -1.020927311727801268e+00 1.109651561595153879e+00 -2.820016447350688793e+00 -1.566899308887791831e+00 -2.560795289043477307e+00 -2.094989385478172039e+00 1.368671108164226657e+00 -4.768213887821609376e+00 5.860725798901105232e-01 -1.994630511071246337e+00 -1.869072719988614795e+00 -1.927593599751435682e-01 -1.938855373424118733e+00 -7.157764083150636836e+00 3.249511752522954655e+00 -4.647554502891446226e+00 -1.300445918608799545e+00 -3.411303397883797661e+00 2.438049746414625574e+00 -3.932115723630062565e+00 3.141060467473610895e+00 -1.076920121216427662e+00 -1.848234502091865572e+00 1.980230117123418232e+00 -3.216466154316645731e+00 -9.406273233003243917e+00 4.343856267825366935e+00 -5.762372150595177267e+00 -7.080624275101153609e-02 -4.129545465664758996e-01 -3.283826976028419331e+00 6.955113348037600396e-01 -2.830330237469580901e+00 -1.256317561631908664e+00 -8.297717926451389503e-02 -2.509684168935657489e+00 -1.055589875117897369e+00 2.638625368173745933e+00 -2.748427279106998800e+00 2.457996177032206297e+00 -4.014997667312095730e-01 -4.763637596280979047e-01 -1.939952578113896431e+00 -6.537676076979794804e-01 -2.021488350311880122e+00 -8.338529811377275447e-01 -9.699719456296342912e-01 -1.841057261910613807e+00 6.194182717440255281e-02 6.488939749890247632e-02 -1.467082201845067990e+00 1.539074460851112824e-01 1.695354497363394941e-01 -1.180580879786397031e-01 -1.874180754341205457e+00 -5.252361319676392970e-01 -2.059508699646451557e+00 -4.699169820441416734e-01 3.597888440216023831e-02 -2.238419985839100512e+00 -3.740448128336790745e-01 2.107323491748706257e+00 -3.726581861512133109e+00 -2.942502156913384681e-02 -1.352073121904201924e+00 -2.368889789398610723e+00 6.188010694550077906e-02 -3.120978578162113770e+00 -2.586138216442068760e-02 -1.122952885150660496e+00 -1.144600798419276089e+00 9.347182123816634158e-01 -2.199809142163104081e+00 -5.203593855628982467e+00 6.611606756978306576e-01 -3.731187551458891249e+00 -2.090385976099784937e+00 -2.953559512583151747e+00 2.544662702055163539e+00 -5.047413608307310895e+00 2.402297736178032217e+00 -5.996416594497957497e-01 -2.398506294942990724e+00 8.180717446037575336e-01 -1.808684292076475408e+00 -7.454735887299133168e+00 4.575218557222091142e+00 -6.366102147679053580e+00
1.224114514112196694e+01 6.990103222716160580e+00 3.504690041421494762e+00 1.032284648398601767e+01 6.222257036627735438e+00 5.648152086339480071e+00 4.465617327033495343e+00 5.607575747648589015e+00 8.119817136863707319e+00 9.985183841377626379e+00 7.896237539859524368e+00 1.264091196181221832e+01 6.990103222716159692e+00 1.248911629193181838e+01 6.616782580993989527e-01 5.870080003194194873e+00 5.611365784612081242e-01 3.490969176786112182e+00 2.940258969919559817e+00 8.469347130322155692e-01 5.608731005245346068e+00 1.524018803053730942e+01 6.173754595141284440e+00 1.678870075286508268e+01 3.504690041421495650e+00 6.616782580993985086e-01 1.637052706002533498e+01 1.080979197148512938e+01 1.498233698742744835e+01 1.110067871381025739e+01 5.949770208301034202e+00 1.626103111693016956e+01 9.251837132248223128e+00 -7.047264188038253607e+00 4.873421384469557971e+00 -1.055391465084872138e+01 1.032284648398601767e+01 5.870080003194193097e+00 1.080979197148512583e+01 2.304960180605460351e+01 1.471614960893953317e+01 1.256903316511363045e+01 9.577082647777821478e+00 1.582778331052920073e+01 1.436199489467373347e+01 6.011308891014367717e+00 3.134555168490351651e+00 2.992917467111613661e+00 6.222257036627737214e+00 5.611365784612081242e-01 1.498233698742744835e+01 1.471614960893953494e+01 2.279106173703726057e+01 1.394392846845100209e+01 8.187401668624673334e+00 2.083870449707178096e+01 1.024074899576239872e+01 -9.892211664392259962e+00 7.471817281539244959e+00 -9.161761987759735604e+00 5.648152086339480960e+00 3.490969176786111294e+00 1.110067871381025739e+01 1.256903316511363577e+01 1.394392846845099676e+01 1.451035780230287742e+01 7.517861026353543252e+00 1.538858609095450092e+01 1.035135176436738291e+01 -7.247990088402964659e-01 3.450940280648281622e+00 -3.179534482426125130e+00 4.465617327033495343e+00 2.940258969919559817e+00 5.949770208301033314e+00 9.577082647777821478e+00 8.187401668624669782e+00 7.517861026353541476e+00 9.623892867759858305e+00 8.856314430744912869e+00 7.197319396982694073e+00 2.369081245126973378e+00 2.843165355074932954e+00 1.453714372011580380e+00 5.607575747648589015e+00 8.469347130322129047e-01 1.626103111693016956e+01 1.582778331052920606e+01 2.083870449707177386e+01 1.538858609095449737e+01 8.856314430744914645e+00 2.722512245021564681e+01 1.247827293740176202e+01 -1.044399774057937869e+01 3.402349881167529233e+00 -1.331881085237354512e+01 8.119817136863707319e+00 5.608731005245345180e+00 9.251837132248224904e+00 1.436199489467373525e+01 1.024074899576239694e+01 1.035135176436738291e+01 7.197319396982695849e+00 1.247827293740175847e+01 1.503000686817565423e+01 5.201038394103386864e+00 4.501048162082879500e+00 2.042927532032665638e+00 9.985183841377622826e+00 1.524018803053730764e+01 -7.047264188038250943e+00 6.011308891014366829e+00 -9.892211664392259962e+00 -7.247990088402973541e-01 2.369081245126972934e+00 -1.044399774057937336e+01 5.201038394103389528e+00 3.557974580036858470e+01 5.240543365221556726e+00 3.328976966278570160e+01 7.896237539859523480e+00 6.173754595141284440e+00 4.873421384469553530e+00 3.134555168490352983e+00 7.471817281539241407e+00 3.450940280648278957e+00 2.843165355074931178e+00 3.402349881167523016e+00 4.501048162082878612e+00 5.240543365221561167e+00 2.116011873199424187e+01 1.442359408928708575e+01 1.264091196181221832e+01 1.678870075286508623e+01 -1.055391465084872138e+01 2.992917467111613661e+00 -9.161761987759737380e+00 -3.179534482426125130e+00 1.453714372011580380e+00 -1.331881085237354156e+01 2.042927532032667415e+00 3.328976966278570870e+01 1.442359408928708220e+01 4.657438668774287294e+01
-1.902491017470390844e+00 -1.566467150971414979e+00 1.682963288296676296e+00 -2.050208935079146144e+00 -1.347576690896476470e-01 -8.271417987805050887e-01 -1.619935666951648923e+00 2.135924856121161675e+00 -5.459147388372542764e-02 -5.785830228553809462e+00 -4.827899691777548519e+00 -8.279988460352598167e+00 -9.472794431648560165e-01 -4.645547060996142008e+00 1.914384343184366566e+00 1.919185564341504779e+00 2.671892600129186501e+00 -9.209227579063027358e-01 -1.861192773699759995e+00 3.529552053569464665e+00 2.417316657047219763e+00 -8.572339559178786317e+00 -6.341131784467213706e+00 -1.121209101454227408e+01 -5.089552591357396238e+00 -8.732869037407066770e+00 1.232637614013641780e+01 8.443540743175057983e+00 1.243239674013743468e+01 9.008058011229604034e+00 2.955818196458285474e+00 1.752706120440399928e+01 6.982269738007905069e+00 -2.162716483901609266e+01 -1.287133818683882325e+01 -3.155853118049928696e+01 -7.348670224292016551e-01 2.120685060475204331e+00 -5.415842640485483805e+00 -7.746793362121748849e+00 -7.530762538644204973e+00 -6.892294228315678062e+00 -4.359414095461359828e+00 -1.017035338313280945e+01 -4.359071425971697167e+00 4.290618469335712781e+00 1.197483764572877085e+00 9.069186527423507727e+00 -1.145016160275297956e+00 -2.569864279502691140e+00 -1.245450045271420336e+00 -1.481479259386421443e+00 4.740609796668326936e-01 -1.716422396342528245e+00 -5.894039936622376408e-02 -1.024421153605646007e+00 -9.843327545366622466e-01 -2.397331693047198620e+00 3.366411367769961416e-02 -9.744357174409721267e-01 6.474676133194344763e-01 2.407174449284341655e+00 -5.572187583889420814e+00 -6.514103428998338607e+00 -8.462310505701921670e+00 -7.236664638344505462e+00 -3.934973012216594235e+00 -1.067747164270381610e+01 -3.513790193473157686e+00 6.926998006492165239e+00 2.643291778472026898e+00 9.637357281567187073e+00 1.618219048961429873e+00 6.185954350788387401e+00 -1.237838396678160002e+01 -1.247540478813641940e+01 -1.494076684793491872e+01 -1.069307768309772833e+01 -6.583695892954653850e+00 -1.838027265208441108e+01 -6.855527739949369703e+00 1.658415662799684753e+01 8.072356455279134479e+00 2.353964346679326525e+01 -1.315974778127582567e+00 1.971089170648490096e+00 -5.756389726871961265e+00 -7.868828993287512397e+00 -5.792127039876720396e+00 -4.152021684998465467e+00 -1.804188805668183182e+00 -7.495700146932652075e+00 -4.866582910761199976e+00 4.821293046881717892e+00 1.937708589304773632e+00 9.006720836710581324e+00 -4.387030574114168857e+00 -6.431769777578476344e+00 7.895672151219827128e+00 4.265362995394744061e+00 7.297633989475447613e+00 5.110365001075891200e+00 1.058742019448041471e+00 8.997807823373285885e+00 2.570981234867323995e+00 -1.296961966362886898e+01 -8.173698603603771318e+00 -1.889149709632547669e+01 -2.708665330231197377e+00 -3.294357029382521951e+00 1.358682447909281166e+00 -1.451509514748941410e+00 2.319794412868691147e+00 1.093240025511064695e-01 2.056218799179631573e-01 1.579873727229491376e+00 -1.100708594059015111e+00 -7.242188820423441697e+00 -3.386302102309370898e+00 -6.503817415738631702e+00 -4.632109820465910133e+00 -6.113373333199749737e+00 4.700289372549752542e+00 2.319821757649096039e+00 6.378409125957138492e+00 3.031601964016955364e+00 1.821212046904840065e+00 8.847801029652153204e+00 2.504470923574634966e+00 -1.357322657594706428e+01 -7.328650628563791791e+00 -1.761984433302363939e+01 1.916073564452460465e+00 5.219871045552793909e+00 -1.145863077807083208e+01 -1.079634463187926485e+01 -1.246053277476408461e+01 -1.073687291177343006e+01 -4.577145905878103882e+00 -1.582737160632948736e+01 -5.520124862016554168e+00 1.325521173717707057e+01 5.968048221609516979e+00 2.122925468756769618e+01
-1.902491017470390844e+00 -9.472794431648560165e-01 -5.089552591357396238e+00 -7.348670224292016551e-01 -1.145016160275297956e+00 6.474676133194344763e-01 1.618219048961429873e+00 -1.315974778127582567e+00 -4.387030574114168857e+00 -2.708665330231197377e+00 -4.632109820465910133e+00 1.916073564452460465e+00 -1.566467150971414979e+00 -4.645547060996142008e+00 -8.732869037407066770e+00 2.120685060475204331e+00 -2.569864279502691140e+00 2.407174449284341655e+00 6.185954350788387401e+00 1.971089170648490096e+00 -6.431769777578476344e+00 -3.294357029382521951e+00 -6.113373333199749737e+00 5.219871045552793909e+00 1.682963288296676296e+00 1.914384343184366566e+00 1.232637614013641780e+01 -5.415842640485483805e+00 -1.245450045271420336e+00 -5.572187583889420814e+00 -1.237838396678160002e+01 -5.756389726871961265e+00 7.895672151219827128e+00 1.358682447909281166e+00 4.700289372549752542e+00 -1.145863077807083208e+01 -2.050208935079146144e+00 1.919185564341504779e+00 8.443540743175057983e+00 -7.746793362121748849e+00 -1.481479259386421443e+00 -6.514103428998338607e+00 -1.247540478813641940e+01 -7.868828993287512397e+00 4.265362995394744061e+00 -1.451509514748941410e+00 2.319821757649096039e+00 -1.079634463187926485e+01 -1.347576690896476470e-01 2.671892600129186501e+00 1.243239674013743468e+01 -7.530762538644204973e+00 4.740609796668326936e-01 -8.462310505701921670e+00 -1.494076684793491872e+01 -5.792127039876720396e+00 7.297633989475447613e+00 2.319794412868691147e+00 6.378409125957138492e+00 -1.246053277476408461e+01 -8.271417987805050887e-01 -9.209227579063027358e-01 9.008058011229604034e+00 -6.892294228315678062e+00 -1.716422396342528245e+00 -7.236664638344505462e+00 -1.069307768309772833e+01 -4.152021684998465467e+00 5.110365001075891200e+00 1.093240025511064695e-01 3.031601964016955364e+00 -1.073687291177343006e+01 -1.619935666951648923e+00 -1.861192773699759995e+00 2.955818196458285474e+00 -4.359414095461359828e+00 -5.894039936622376408e-02 -3.934973012216594235e+00 -6.583695892954653850e+00 -1.804188805668183182e+00 1.058742019448041471e+00 2.056218799179631573e-01 1.821212046904840065e+00 -4.577145905878103882e+00 2.135924856121161675e+00 3.529552053569464665e+00 1.752706120440399928e+01 -1.017035338313280945e+01 -1.024421153605646007e+00 -1.067747164270381610e+01 -1.838027265208441108e+01 -7.495700146932652075e+00 8.997807823373285885e+00 1.579873727229491376e+00 8.847801029652153204e+00 -1.582737160632948736e+01 -5.459147388372542764e-02 2.417316657047219763e+00 6.982269738007905069e+00 -4.359071425971697167e+00 -9.843327545366622466e-01 -3.513790193473157686e+00 -6.855527739949369703e+00 -4.866582910761199976e+00 2.570981234867323995e+00 -1.100708594059015111e+00 2.504470923574634966e+00 -5.520124862016554168e+00 -5.785830228553809462e+00 -8.572339559178786317e+00 -2.162716483901609266e+01 4.290618469335712781e+00 -2.397331693047198620e+00 6.926998006492165239e+00 1.658415662799684753e+01 4.821293046881717892e+00 -1.296961966362886898e+01 -7.242188820423441697e+00 -1.357322657594706428e+01 1.325521173717707057e+01 -4.827899691777548519e+00 -6.341131784467213706e+00 -1.287133818683882325e+01 1.197483764572877085e+00 3.366411367769961416e-02 2.643291778472026898e+00 8.072356455279134479e+00 1.937708589304773632e+00 -8.173698603603771318e+00 -3.386302102309370898e+00 -7.328650628563791791e+00 5.968048221609516979e+00 -8.279988460352598167e+00 -1.121209101454227408e+01 -3.155853118049928696e+01 9.069186527423507727e+00 -9.744357174409721267e-01 9.637357281567187073e+00 2.353964346679326525e+01 9.006720836710581324e+00 -1.889149709632547669e+01 -6.503817415738631702e+00 -1.761984433302363939e+01 2.122925468756769618e+01
3.676035718730349089e+01 6.165494832230267619e+00 3.280519964057253546e+00 3.229156178065561988e+01 -8.791355701328878780e+00 -9.114162004063972589e+00 2.479248209237405831e+01 -9.155261633134001542e+00 3.256087780802344867e+01 3.580744687548394012e+01 1.881328378504022680e+00 -7.157936661069738804e+00 6.165494832230274724e+00 3.177728313053586362e+01 2.934182837609419181e+01 1.139917476825793585e+00 1.972265155848358731e+01 2.482708252648467351e+01 -8.102229885746368154e+00 1.938919440276318085e+01 2.460213640561153881e+00 -8.651719255136605113e-01 2.842345707848264169e+01 1.550103971900184696e+01 3.280519964057262428e+00 2.934182837609418470e+01 5.143770506842825085e+01 -1.049744221602672667e+01 1.814902034368800088e+01 1.483390057066498180e+01 -3.017038008277751970e+01 1.407666301953380028e+01 1.032371178408631707e+01 -3.123401965111833434e+00 3.858793856753011653e+01 -1.302357899574701605e+00 3.229156178065563410e+01 1.139917476825781151e+00 -1.049744221602672667e+01 4.562533316694299401e+01 -7.631560921259376684e+00 -1.644346409053397906e+00 4.118085398124431151e+01 -1.221634536339966104e+00 2.663497851889659884e+01 3.604024615226055062e+01 -3.510089593108967065e+00 6.928107588422543373e+00 -8.791355701328882333e+00 1.972265155848358731e+01 1.814902034368800088e+01 -7.631560921259378460e+00 2.457839474978268868e+01 2.772826397522257835e+01 -1.043384367989113137e+01 2.580707871874723836e+01 -1.272076568015195619e+01 -1.230806944265811431e+01 2.307336927252131176e+01 2.129092827281357003e+01 -9.114162004063972589e+00 2.482708252648465930e+01 1.483390057066497292e+01 -1.644346409053394353e+00 2.772826397522256769e+01 4.685142489500172758e+01 -1.084236639262346813e+00 3.808342658214500887e+01 -2.097547646345262251e+01 -1.758871590503278526e+01 2.465459353452900615e+01 3.805994854412777784e+01 2.479248209237406897e+01 -8.102229885746375260e+00 -3.017038008277751970e+01 4.118085398124431151e+01 -1.043384367989112427e+01 -1.084236639262339708e+00 5.386200705382719178e+01 -1.382604490339701897e+00 1.377387937206201940e+01 2.772248946514181256e+01 -1.756631509442507166e+01 1.283096654053757035e+01 -9.155261633133997989e+00 1.938919440276316664e+01 1.407666301953380383e+01 -1.221634536339958998e+00 2.580707871874722770e+01 3.808342658214500887e+01 -1.382604490339705450e+00 4.044161240825576442e+01 -1.809230217931782292e+01 -1.425994755351331911e+01 2.461887739725478141e+01 3.441257150997171266e+01 3.256087780802346288e+01 2.460213640561153881e+00 1.032371178408630641e+01 2.663497851889659529e+01 -1.272076568015195264e+01 -2.097547646345261896e+01 1.377387937206202650e+01 -1.809230217931782647e+01 4.332876184314875445e+01 3.766421777016905281e+01 2.699749431640459107e+00 -2.201737663013510016e+01 3.580744687548395433e+01 -8.651719255136693931e-01 -3.123401965111838763e+00 3.604024615226055062e+01 -1.230806944265811254e+01 -1.758871590503279236e+01 2.772248946514181256e+01 -1.425994755351332444e+01 3.766421777016905281e+01 4.425285714264791892e+01 -3.310922401108800983e+00 -1.258940216365533615e+01 1.881328378504029786e+00 2.842345707848262748e+01 3.858793856753011653e+01 -3.510089593108952855e+00 2.307336927252130465e+01 2.465459353452900260e+01 -1.756631509442506811e+01 2.461887739725477786e+01 2.699749431640469766e+00 -3.310922401108790325e+00 3.925339013410818723e+01 1.332059727579888531e+01 -7.157936661069737916e+00 1.550103971900184874e+01 -1.302357899574699829e+00 6.928107588422541596e+00 2.129092827281356648e+01 3.805994854412779205e+01 1.283096654053756502e+01 3.441257150997172687e+01 -2.201737663013510371e+01 -1.258940216365533971e+01 1.332059727579889241e+01 4.197831239373684298e+01
-1.815757659536679114e+01 1.221391609636764741e+01 1.387981069175965132e+01 -1.848719746023559551e+01 1.580472512844561450e+01 2.111459001864566076e+01 -1.813105867997212073e+01 2.003731630193061619e+01 -2.103199862135017284e+01 -2.377678053219813847e+01 1.508368975126934686e+01 1.556020913919888926e+01 1.866069758373140886e+01 -1.358457020029054618e+01 -1.594120333690968572e+01 1.864537329359443163e+01 -1.941870950959422615e+01 -2.547306595392416995e+01 1.972822753723736255e+01 -2.199491657655750387e+01 2.060280861423911603e+01 2.314432907272601625e+01 -1.819295808313241025e+01 -1.803792709358478064e+01 3.759874272513663129e+01 -2.631088829959230679e+01 -3.250245081227939892e+01 3.773857645431274221e+01 -3.770106564669882232e+01 -4.862531019059233728e+01 3.953465154410357485e+01 -4.487467483761775355e+01 4.177023115153767208e+01 4.882041524785107356e+01 -3.491249624862646073e+01 -3.512832001303952723e+01 -1.584034170388179952e+01 1.026671898356352308e+01 1.224783094492340929e+01 -1.562613053651452155e+01 1.402562982450467999e+01 1.761315372719811023e+01 -1.698138165383073428e+01 1.740304475867840139e+01 -1.844216132280955733e+01 -2.054832136400964515e+01 1.324175129582924271e+01 1.404119524968950827e+01 -1.137413128844362742e+00 1.341402918978442382e-01 9.160535234858482312e-01 -1.411937031375430252e+00 4.651836443496793483e-01 1.531896851832230233e+00 -2.784063236913184802e+00 5.282902411982071111e-02 -2.664126743482114534e+00 -1.311665967026357293e+00 8.171542557763267212e-01 1.222637357966736005e+00 2.812273329293424240e+01 -1.867047920366462321e+01 -2.378831009464997948e+01 2.710431372821848939e+01 -2.835056342617674119e+01 -3.608335440894491342e+01 2.924057347273545915e+01 -3.358543811739486529e+01 3.145345239709707741e+01 3.639804507437531811e+01 -2.773021437220420893e+01 -2.605570476415501702e+01 -6.662686310437440085e+00 4.569115477346004539e+00 4.037962658670075200e+00 -9.084069586801110319e+00 5.897067066652645906e+00 9.213028311228068645e+00 -8.702622756903316770e+00 6.501799657686973433e+00 -8.830379298165981439e+00 -8.969565007419854297e+00 5.076298815230327222e+00 5.613545637385113807e+00 4.334177424902587283e+00 -3.218581121455036165e+00 -5.200786999167486435e+00 3.922826340533153822e+00 -5.459334621661948717e+00 -6.429451782079402378e+00 4.890192143840184080e+00 -5.998337830601121468e+00 4.382878177633971362e+00 6.286347354020473510e+00 -5.158174674045779895e+00 -4.341217757458606386e+00 1.071930209364848174e+01 -8.718692681785428888e+00 -9.876841716134416416e+00 1.115130257487993148e+01 -1.081173873895445858e+01 -1.589570260353347031e+01 1.153539186195279953e+01 -1.329514427046111358e+01 1.140888797739981797e+01 1.321852175083503766e+01 -1.150708765145640555e+01 -1.111204028530436361e+01 7.958166053132599949e+00 -5.939513911557270376e+00 -7.487749156378468385e+00 7.131280799812846460e+00 -8.586086795531159055e+00 -1.225730879349510438e+01 9.268128324369158122e+00 -1.088469932817453589e+01 8.512186772988105332e+00 1.076028292707337286e+01 -8.374413880532685539e+00 -8.005223497834766277e+00 7.674105259292097969e+00 -5.063024950464774854e+00 -7.677835818979843907e+00 6.624132386507454839e+00 -9.186733227228893739e+00 -1.135931505912476069e+01 7.100256885174979438e+00 -1.016226969588853279e+01 8.365357314870449201e+00 9.209954995747342110e+00 -8.456392285291665090e+00 -7.753849884037460782e+00 5.526030406903729819e+00 -6.026855032738133389e+00 -5.574836180912774886e+00 7.060272634919550150e+00 -7.658578866967459042e+00 -9.659647913638050198e+00 6.908092543104977779e+00 -9.117853063142048242e+00 7.313450472891386056e+00 8.150708733372546533e+00 -6.172950168518198666e+00 -6.327255619629356787e+00
-1.815757659536679114e+01 1.866069758373140886e+01 3.759874272513663129e+01 -1.584034170388179952e+01 -1.137413128844362742e+00 2.812273329293424240e+01 -6.662686310437440085e+00 4.334177424902587283e+00 1.071930209364848174e+01 7.958166053132599949e+00 7.674105259292097969e+00 5.526030406903729819e+00 1.221391609636764741e+01 -1.358457020029054618e+01 -2.631088829959230679e+01 1.026671898356352308e+01 1.341402918978442382e-01 -1.867047920366462321e+01 4.569115477346004539e+00 -3.218581121455036165e+00 -8.718692681785428888e+00 -5.939513911557270376e+00 -5.063024950464774854e+00 -6.026855032738133389e+00 1.387981069175965132e+01 -1.594120333690968572e+01 -3.250245081227939892e+01 1.224783094492340929e+01 9.160535234858482312e-01 -2.378831009464997948e+01 4.037962658670075200e+00 -5.200786999167486435e+00 -9.876841716134416416e+00 -7.487749156378468385e+00 -7.677835818979843907e+00 -5.574836180912774886e+00 -1.848719746023559551e+01 1.864537329359443163e+01 3.773857645431274221e+01 -1.562613053651452155e+01 -1.411937031375430252e+00 2.710431372821848939e+01 -9.084069586801110319e+00 3.922826340533153822e+00 1.115130257487993148e+01 7.131280799812846460e+00 6.624132386507454839e+00 7.060272634919550150e+00 1.580472512844561450e+01 -1.941870950959422615e+01 -3.770106564669882232e+01 1.402562982450467999e+01 4.651836443496793483e-01 -2.835056342617674119e+01 5.897067066652645906e+00 -5.459334621661948717e+00 -1.081173873895445858e+01 -8.586086795531159055e+00 -9.186733227228893739e+00 -7.658578866967459042e+00 2.111459001864566076e+01 -2.547306595392416995e+01 -4.862531019059233728e+01 1.761315372719811023e+01 1.531896851832230233e+00 -3.608335440894491342e+01 9.213028311228068645e+00 -6.429451782079402378e+00 -1.589570260353347031e+01 -1.225730879349510438e+01 -1.135931505912476069e+01 -9.659647913638050198e+00 -1.813105867997212073e+01 1.972822753723736255e+01 3.953465154410357485e+01 -1.698138165383073428e+01 -2.784063236913184802e+00 2.924057347273545915e+01 -8.702622756903316770e+00 4.890192143840184080e+00 1.153539186195279953e+01 9.268128324369158122e+00 7.100256885174979438e+00 6.908092543104977779e+00 2.003731630193061619e+01 -2.199491657655750387e+01 -4.487467483761775355e+01 1.740304475867840139e+01 5.282902411982071111e-02 -3.358543811739486529e+01 6.501799657686973433e+00 -5.998337830601121468e+00 -1.329514427046111358e+01 -1.088469932817453589e+01 -1.016226969588853279e+01 -9.117853063142048242e+00 -2.103199862135017284e+01 2.060280861423911603e+01 4.177023115153767208e+01 -1.844216132280955733e+01 -2.664126743482114534e+00 3.145345239709707741e+01 -8.830379298165981439e+00 4.382878177633971362e+00 1.140888797739981797e+01 8.512186772988105332e+00 8.365357314870449201e+00 7.313450472891386056e+00 -2.377678053219813847e+01 2.314432907272601625e+01 4.882041524785107356e+01 -2.054832136400964515e+01 -1.311665967026357293e+00 3.639804507437531811e+01 -8.969565007419854297e+00 6.286347354020473510e+00 1.321852175083503766e+01 1.076028292707337286e+01 9.209954995747342110e+00 8.150708733372546533e+00 1.508368975126934686e+01 -1.819295808313241025e+01 -3.491249624862646073e+01 1.324175129582924271e+01 8.171542557763267212e-01 -2.773021437220420893e+01 5.076298815230327222e+00 -5.158174674045779895e+00 -1.150708765145640555e+01 -8.374413880532685539e+00 -8.456392285291665090e+00 -6.172950168518198666e+00 1.556020913919888926e+01 -1.803792709358478064e+01 -3.512832001303952723e+01 1.404119524968950827e+01 1.222637357966736005e+00 -2.605570476415501702e+01 5.613545637385113807e+00 -4.341217757458606386e+00 -1.111204028530436361e+01 -8.005223497834766277e+00 -7.753849884037460782e+00 -6.327255619629356787e+00
2.538016220035001780e+01 -1.480929007256433749e+01 -3.611003060269073472e+01 1.960977161949047343e+01 3.654021172846454668e+00 -2.735282783541673979e+01 1.076353100592211121e+01 -1.768941770867106911e+00 -6.999818193726468962e+00 -4.642370089629754837e+00 -2.177172592839863086e+00 -3.822015628931928255e+00 -1.480929007256435526e+01 3.047270550755211005e+01 4.883399649160197953e+01 -1.386178784897338012e+01 1.536442651880219668e+00 3.452894486539671703e+01 -3.522246060767391107e+00 9.976344683637526245e+00 2.001943345180141520e+01 1.421327825364459763e+01 1.723205638171691589e+01 9.804118510066098580e+00 -3.611003060269074183e+01 4.883399649160202216e+01 9.406906845240763460e+01 -3.273348701368763614e+01 6.376990189392586217e-01 6.637027110825438569e+01 -1.064584267710769794e+01 1.588650290062378545e+01 3.128371110039297776e+01 2.357789659279393035e+01 2.496728982732711799e+01 1.739009120553652110e+01 1.960977161949046987e+01 -1.386178784897336769e+01 -3.273348701368764324e+01 2.341914254036029064e+01 4.018241044935891182e+00 -2.163410060103181465e+01 9.294583507002034395e+00 -3.327268533932191019e+00 -6.390174107941970050e+00 -4.775062606014386368e+00 -4.509011180767622307e+00 1.648183345106524200e-01 3.654021172846461774e+00 1.536442651880236099e+00 6.376990189392794939e-01 4.018241044935899176e+00 6.803917664091504669e+00 -2.402278224103120974e-01 5.387865920301927680e+00 2.004712844235124525e+00 2.833259945295950821e+00 2.036556119420951827e+00 3.171026030015297259e+00 2.363836754977395316e+00 -2.735282783541674689e+01 3.452894486539671703e+01 6.637027110825438569e+01 -2.163410060103182175e+01 -2.402278224103270576e-01 5.484960428614190420e+01 -8.465322911582617849e+00 8.235661793908375827e+00 2.101495115003222836e+01 1.672153667091292562e+01 1.464594501698481999e+01 1.616615228864526088e+01 1.076353100592212009e+01 -3.522246060767360021e+00 -1.064584267710767307e+01 9.294583507002041500e+00 5.387865920301920575e+00 -8.465322911582600085e+00 1.182083917850694377e+01 2.856994494452664402e+00 6.335080656098655005e-01 1.985886974741933875e-01 3.614553055739172738e+00 2.690352439953100916e-01 -1.768941770867105134e+00 9.976344683637547561e+00 1.588650290062378900e+01 -3.327268533932184358e+00 2.004712844235116531e+00 8.235661793908381156e+00 2.856994494452655964e+00 9.548951184389938618e+00 8.287989709707838770e+00 5.821167523397210886e+00 1.049346671071835146e+01 1.259877175769942514e+00 -6.999818193726457416e+00 2.001943345180143297e+01 3.128371110039298486e+01 -6.390174107941957615e+00 2.833259945295955706e+00 2.101495115003223901e+01 6.335080656098630580e-01 8.287989709707844099e+00 1.873393798209176353e+01 1.049419938038313482e+01 1.390359132328556768e+01 7.549381756997168402e+00 -4.642370089629765495e+00 1.421327825364460473e+01 2.357789659279392325e+01 -4.775062606014387256e+00 2.036556119420942945e+00 1.672153667091292562e+01 1.985886974741793709e-01 5.821167523397202004e+00 1.049419938038310818e+01 1.076865279469864234e+01 9.768133884810005441e+00 6.811472263281141082e+00 -2.177172592839858645e+00 1.723205638171695142e+01 2.496728982732713575e+01 -4.509011180767615201e+00 3.171026030015297259e+00 1.464594501698483953e+01 3.614553055739170517e+00 1.049346671071835146e+01 1.390359132328557479e+01 9.768133884810024981e+00 1.889192815137740311e+01 4.087784803615904572e+00 -3.822015628931935360e+00 9.804118510066121672e+00 1.739009120553653531e+01 1.648183345106515318e-01 2.363836754977393539e+00 1.616615228864527509e+01 2.690352439953020980e-01 1.259877175769938962e+00 7.549381756997161297e+00 6.811472263281147299e+00 4.087784803615892137e+00 1.266024049953391106e+01
-1.195334135800265818e+00 -1.836414284510470063e+00 -1.677084918995245699e+00 -4.288209689614045916e-01 -1.736094036480847758e-01 6.927484531181923311e-01 -2.839695173523861804e-01 -2.749519767167584394e+00 -5.481631831371405195e-01 -1.297191415445031470e+00 -2.574176286391799184e+00 6.643875256864655299e-01 -2.012855447528258512e+00 -2.565544644531318585e+00 -1.666040868095485683e+00 2.681480948827761779e+00 -5.314379801159992978e-01 2.331493530272695569e+00 -1.644350924213193066e+00 -3.005724910234333080e+00 -2.637317108929914777e+00 -2.274141977402662107e+00 -4.278881252082870290e+00 1.669922268233327234e+00 -6.379218495317362514e-01 -1.533633076582977095e+00 -1.485316560816285048e+00 2.082282544873791608e+00 -8.521689158563435784e-01 1.561046560508627890e+00 -1.576444314034071370e+00 -4.570760250571010985e+00 -2.420085984887275110e+00 -1.135318225583402896e+00 -4.940964793015735879e+00 2.853776938648953987e+00 -1.501292392750026572e+00 -2.687798076274527048e+00 -1.871105899159130281e+00 3.352632450218730131e+00 -1.540032205142941368e+00 1.992500815739516762e+00 -2.068736858100098441e+00 -3.855429697504938691e+00 -3.619152767583537766e+00 -1.409189567218307904e+00 -5.771171823188804950e+00 2.751753003667812170e+00 -1.152087807734584191e+00 -2.509241700739297531e+00 -2.147491050064151530e+00 1.806854962154590849e+00 -1.057493409443573951e+00 1.115613723893822407e+00 -1.626064887306287732e+00 -2.752113577237614184e+00 -2.351605972452341931e+00 -1.697814675494156766e+00 -4.345823805535353301e+00 1.946037460501593763e+00 -2.336820035818075070e+00 -3.821519031311345405e+00 -3.648468670650532708e+00 5.135056452569374486e+00 -1.236600519713546786e+00 4.269161640440820804e+00 -2.352840105305584295e+00 -6.626008621169405366e+00 -4.636680965857977732e+00 -2.138296096282246594e+00 -9.738079696140156116e+00 6.286891439507986235e+00 -2.684749166280591681e-01 1.530482592458520252e-01 -2.387163496011021624e-01 -1.727296322661149963e+00 -5.037289589233090448e-01 -2.023774919156446028e+00 -3.394519910320922262e-01 1.313525458079997543e+00 1.047430899321347253e+00 -3.304643801515981805e-01 1.811866720226271710e+00 -1.260881015391876137e+00 -6.877362040711793023e-01 -1.655322325012804630e+00 -2.233429686321980245e+00 2.344638988867799867e+00 -2.959433344024788304e-01 3.186422096738260379e+00 -2.339862120931133660e+00 -4.653293086398470280e+00 -3.960281066922763493e+00 -1.041823446625534721e+00 -7.010516071674073757e+00 2.660082245819104685e+00 -2.029050236283268305e+00 -4.799050931417094823e+00 -4.196095707694127874e+00 4.181739206635792350e+00 -7.944731473589222714e-01 4.235926378111678936e+00 -1.676543604018548406e+00 -6.397480400608626105e+00 -3.734793415857694754e+00 -2.616312541333829067e+00 -9.395892067371761414e+00 5.351890088168563153e+00 -1.032111686375284609e+00 -1.633799350960863483e+00 -2.409312660826256725e+00 1.994848675003372040e+00 -3.450499326459293137e-01 1.199852253649420053e+00 -1.181387439247472360e+00 -3.883293528824518948e+00 -2.074136967820399136e+00 -1.432908816093593884e+00 -4.759160868365938768e+00 2.060079410063847316e+00 -1.734934570277450350e+00 -3.421960136685211484e+00 -3.262690988072134868e+00 2.901712659123381499e+00 -1.134094607747655248e+00 2.609922298727877177e+00 -2.098881941276720120e+00 -5.183919009164572600e+00 -2.782531556153442054e+00 -1.811475829001752746e+00 -6.867529275600099403e+00 4.838621541127337444e+00 -9.596203065041328806e-01 -2.532701899777711319e+00 -3.456027069323906797e+00 3.707433255420550022e+00 -1.005800443096700247e+00 3.996277554325031733e+00 -2.772408043970107983e+00 -6.442923544390066759e+00 -4.223205592981103429e+00 -1.429853523746082100e+00 -8.313321695502349229e+00 4.291107419615794782e+00
-1.195334135800265818e+00 -2.012855447528258512e+00 -6.379218495317362514e-01 -1.501292392750026572e+00 -1.152087807734584191e+00 -2.336820035818075070e+00 -2.684749166280591681e-01 -6.877362040711793023e-01 -2.029050236283268305e+00 -1.032111686375284609e+00 -1.734934570277450350e+00 -9.596203065041328806e-01 -1.836414284510470063e+00 -2.565544644531318585e+00 -1.533633076582977095e+00 -2.687798076274527048e+00 -2.509241700739297531e+00 -3.821519031311345405e+00 1.530482592458520252e-01 -1.655322325012804630e+00 -4.799050931417094823e+00 -1.633799350960863483e+00 -3.421960136685211484e+00 -2.532701899777711319e+00 -1.677084918995245699e+00 -1.666040868095485683e+00 -1.485316560816285048e+00 -1.871105899159130281e+00 -2.147491050064151530e+00 -3.648468670650532708e+00 -2.387163496011021624e-01 -2.233429686321980245e+00 -4.196095707694127874e+00 -2.409312660826256725e+00 -3.262690988072134868e+00 -3.456027069323906797e+00 -4.288209689614045916e-01 2.681480948827761779e+00 2.082282544873791608e+00 3.352632450218730131e+00 1.806854962154590849e+00 5.135056452569374486e+00 -1.727296322661149963e+00 2.344638988867799867e+00 4.181739206635792350e+00 1.994848675003372040e+00 2.901712659123381499e+00 3.707433255420550022e+00 -1.736094036480847758e-01 -5.314379801159992978e-01 -8.521689158563435784e-01 -1.540032205142941368e+00 -1.057493409443573951e+00 -1.236600519713546786e+00 -5.037289589233090448e-01 -2.959433344024788304e-01 -7.944731473589222714e-01 -3.450499326459293137e-01 -1.134094607747655248e+00 -1.005800443096700247e+00 6.927484531181923311e-01 2.331493530272695569e+00 1.561046560508627890e+00 1.992500815739516762e+00 1.115613723893822407e+00 4.269161640440820804e+00 -2.023774919156446028e+00 3.186422096738260379e+00 4.235926378111678936e+00 1.199852253649420053e+00 2.609922298727877177e+00 3.996277554325031733e+00 -2.839695173523861804e-01 -1.644350924213193066e+00 -1.576444314034071370e+00 -2.068736858100098441e+00 -1.626064887306287732e+00 -2.352840105305584295e+00 -3.394519910320922262e-01 -2.339862120931133660e+00 -1.676543604018548406e+00 -1.181387439247472360e+00 -2.098881941276720120e+00 -2.772408043970107983e+00 -2.749519767167584394e+00 -3.005724910234333080e+00 -4.570760250571010985e+00 -3.855429697504938691e+00 -2.752113577237614184e+00 -6.626008621169405366e+00 1.313525458079997543e+00 -4.653293086398470280e+00 -6.397480400608626105e+00 -3.883293528824518948e+00 -5.183919009164572600e+00 -6.442923544390066759e+00 -5.481631831371405195e-01 -2.637317108929914777e+00 -2.420085984887275110e+00 -3.619152767583537766e+00 -2.351605972452341931e+00 -4.636680965857977732e+00 1.047430899321347253e+00 -3.960281066922763493e+00 -3.734793415857694754e+00 -2.074136967820399136e+00 -2.782531556153442054e+00 -4.223205592981103429e+00 -1.297191415445031470e+00 -2.274141977402662107e+00 -1.135318225583402896e+00 -1.409189567218307904e+00 -1.697814675494156766e+00 -2.138296096282246594e+00 -3.304643801515981805e-01 -1.041823446625534721e+00 -2.616312541333829067e+00 -1.432908816093593884e+00 -1.811475829001752746e+00 -1.429853523746082100e+00 -2.574176286391799184e+00 -4.278881252082870290e+00 -4.940964793015735879e+00 -5.771171823188804950e+00 -4.345823805535353301e+00 -9.738079696140156116e+00 1.811866720226271710e+00 -7.010516071674073757e+00 -9.395892067371761414e+00 -4.759160868365938768e+00 -6.867529275600099403e+00 -8.313321695502349229e+00 6.643875256864655299e-01 1.669922268233327234e+00 2.853776938648953987e+00 2.751753003667812170e+00 1.946037460501593763e+00 6.286891439507986235e+00 -1.260881015391876137e+00 2.660082245819104685e+00 5.351890088168563153e+00 2.060079410063847316e+00 4.838621541127337444e+00 4.291107419615794782e+00
1.196193047256321051e+01 5.331984351586586790e+00 5.980150512116670924e+00 6.565631275566111924e+00 7.832138692542187641e+00 6.931869219896430678e+00 6.774692016855466292e+00 5.148474997774913575e+00 7.572023452464891946e+00 6.569994888968914815e+00 9.474088413801927899e+00 8.877216074273261981e+00 5.331984351586586790e+00 1.145585155407015421e+01 5.380759465643088824e+00 7.537270128334909280e+00 7.030793147177481828e+00 9.260393993869660889e+00 1.128553951009521050e+00 7.480384375108611650e+00 9.687263762392110067e+00 6.022988031437044754e+00 7.604755075927438490e+00 8.577937210618548747e+00 5.980150512116670924e+00 5.380759465643088824e+00 1.251456055725890160e+01 8.120940109860406153e+00 6.460511563905765087e+00 1.140211109240989451e+01 1.558476214357544576e+00 6.981334943135323101e+00 9.418023040477633501e+00 5.689817929013241127e+00 8.058891839975682814e+00 9.270175846622064952e+00 6.565631275566111924e+00 7.537270128334911057e+00 8.120940109860409706e+00 1.357652697165977429e+01 9.764201166803463394e+00 1.209774529252047515e+01 3.232190696900905102e+00 9.236846981110604204e+00 1.153012973252762841e+01 7.387162515536711105e+00 1.098638522141417972e+01 1.257601858593333333e+01 7.832138692542189418e+00 7.030793147177483604e+00 6.460511563905766863e+00 9.764201166803463394e+00 1.185125136589790529e+01 1.047614360835570579e+01 4.729669786524761221e+00 7.985039930597081614e+00 1.050560083422150193e+01 7.549085494854827161e+00 1.100030139606395707e+01 1.078466758123870939e+01 6.931869219896432455e+00 9.260393993869662665e+00 1.140211109240989629e+01 1.209774529252047337e+01 1.047614360835570757e+01 2.068359516169681811e+01 -1.236018287517566261e-01 1.129628436983692552e+01 1.741820867720351274e+01 9.092729974941219595e+00 1.393662922033043827e+01 1.484548263476875896e+01 6.774692016855465404e+00 1.128553951009521938e+00 1.558476214357544354e+00 3.232190696900905991e+00 4.729669786524762110e+00 -1.236018287517577363e-01 1.102296896513060886e+01 -2.165960358438618893e-01 -7.543587941737368574e-01 2.400577787222037962e+00 5.316406171173001738e+00 3.295463169267770276e+00 5.148474997774913575e+00 7.480384375108613426e+00 6.981334943135323989e+00 9.236846981110605981e+00 7.985039930597081614e+00 1.129628436983692552e+01 -2.165960358438617228e-01 1.347651898171219642e+01 1.148684476987200931e+01 7.939996554525914796e+00 8.950009254482742094e+00 1.289189348675764890e+01 7.572023452464891946e+00 9.687263762392115396e+00 9.418023040477635277e+00 1.153012973252762841e+01 1.050560083422150370e+01 1.741820867720351629e+01 -7.543587941737378566e-01 1.148684476987200931e+01 2.073771197705983838e+01 1.058664092219199837e+01 1.309462291737458806e+01 1.437380833082570142e+01 6.569994888968917479e+00 6.022988031437046530e+00 5.689817929013242903e+00 7.387162515536712881e+00 7.549085494854828937e+00 9.092729974941219595e+00 2.400577787222037962e+00 7.939996554525913908e+00 1.058664092219199659e+01 1.055564496815154030e+01 9.297997145523728690e+00 9.967392921903723391e+00 9.474088413801927899e+00 7.604755075927439378e+00 8.058891839975681037e+00 1.098638522141417795e+01 1.100030139606395707e+01 1.393662922033043827e+01 5.316406171173000850e+00 8.950009254482742094e+00 1.309462291737458806e+01 9.297997145523728690e+00 1.693975665556736843e+01 1.427480474032211610e+01 8.877216074273261981e+00 8.577937210618548747e+00 9.270175846622066729e+00 1.257601858593333155e+01 1.078466758123870761e+01 1.484548263476876073e+01 3.295463169267768944e+00 1.289189348675764535e+01 1.437380833082569964e+01 9.967392921903721614e+00 1.427480474032211610e+01 1.938943523951223469e+01
-1.179518512565691735e+00 -5.837468055695366198e-01 -1.700371870070969349e+00 2.792370215732534744e-01 -1.201182893760720960e+00 -7.758202868381571804e-01 9.385349215619321894e-01 -2.584726603293102887e+00 -1.809188902482508077e+00 -2.658716078621519152e+00 -3.087788302185842659e-02 -3.078354661592255237e-01 9.104427009150320438e-02 1.015031464799887928e+00 -2.810715963731259315e+00 -1.951592883333769457e+00 -1.056023712189153363e+00 -2.014671065327026778e+00 1.393120540131523644e+00 -2.042857907288698538e+00 -4.245277721054483422e+00 -1.621102408167553355e+00 2.037987076696334832e-03 -1.990710395849714764e+00 -5.094000763549183519e-01 -2.578474537997330618e-01 -6.052534877094312149e-01 2.392500120953709383e-02 -1.343328384720390067e+00 -2.603174503680555141e+00 -4.199535367883710513e-01 -1.018953021063242037e+00 -1.611253469271217487e+00 -1.043163176502868827e+00 -9.259487998150808252e-01 -1.364309902477126024e-01 -1.290673345553318363e+00 -6.001270639399995943e-01 4.941997100657433695e-01 -1.268131051009361743e+00 -1.647770886529489553e+00 -6.171940751840873096e-01 -2.447129672316100679e-01 -9.710288420808270704e-01 -1.062376664079764499e+00 -7.798677150609416575e-01 -2.242547936897387739e+00 -8.059456953712270666e-01 -5.126169564218999719e-01 1.276351123920431041e+00 4.627873841423535972e-01 -1.858294967346861615e+00 -8.019250057452196323e-01 -1.149215564008581048e+00 5.349829411943478608e-01 -1.674255068658660361e+00 -3.400733104290814879e+00 -2.870501818779717773e+00 -1.309916420363763434e+00 -1.490351218594281102e+00 -2.173842278033894307e-02 -1.054433408362065006e+00 -2.223903755554391015e+00 -1.063625913075199048e+00 -1.643295106106752446e+00 -1.000515386360625536e+00 1.266460787110939679e+00 -2.264727461190663149e+00 -1.775537448306950150e+00 -9.682002033164045507e-01 6.805447028814741450e-03 -9.187173403661936799e-01 -1.257561942419363366e+00 -7.889052572370764960e-01 9.194146128710852794e-01 -3.747729687031091106e-01 -1.038364909034831696e+00 2.073420546242950580e-01 7.162211248152207388e-02 -1.463647206577711968e+00 -3.109033278282837820e-01 -5.362687263572154528e-01 -2.692400396906408644e-01 -1.575503260467445044e+00 -2.728564663208761787e-01 -8.810431067361410018e-02 -1.701372291061188369e+00 -6.740406158561211836e-01 -8.964931292099770355e-01 -3.597088737122316360e+00 -1.487933783127454446e-01 -3.336184344398646084e-01 -2.755180854550002501e+00 -5.022437105697475923e-01 -2.066599030614121979e+00 -1.263405260356707249e-01 -9.624489774051714353e-01 4.640434100485501534e-01 4.330525484470455488e-01 -1.552302729205460974e+00 -1.275455300480969667e+00 -4.738152423412169134e-01 -1.079651737077587548e+00 -1.316746220532212019e+00 -1.746762717099954454e+00 -2.331168013492377789e+00 -1.597797993738720779e+00 -1.690643270263607834e+00 -8.968470265259653740e-01 -1.483782390736712475e+00 -1.688101637217204409e+00 -2.821705900523719390e-01 -1.533269683061640798e+00 -1.269119774758836749e+00 6.263505833119010768e-01 -7.012127303467693418e-01 -2.032070737865735222e+00 -4.677283729014790059e-01 3.182215307880089106e-01 -1.363502300841829218e+00 -8.836762842049615818e-01 5.967370853023845623e-01 -4.110634891139760327e+00 -1.487413583932921446e+00 -9.798592017314147196e-01 -3.749672567241704169e+00 1.117468935592537571e+00 -9.526163189413952015e-01 -3.540790315954222223e+00 -1.036647581738094681e+00 -1.382284045579187826e+00 1.792008752758881829e-01 -1.677240033219117854e-01 -1.055552674215014086e+00 -3.455552287474810580e+00 -6.687074175114863239e-01 -9.967279079889521665e-01 -3.275316123127081536e+00 -9.133188412317987115e-02 -8.443001415087600936e-01 -2.941145712571096027e+00 -1.689653193543903642e+00 -1.197682989975058954e+00 5.394457342234371122e-02
-1.179518512565691735e+00 9.104427009150320438e-02 -5.094000763549183519e-01 -1.290673345553318363e+00 -5.126169564218999719e-01 -2.173842278033894307e-02 -1.257561942419363366e+00 -2.728564663208761787e-01 -9.624489774051714353e-01 -8.968470265259653740e-01 -8.836762842049615818e-01 -1.677240033219117854e-01 -5.837468055695366198e-01 1.015031464799887928e+00 -2.578474537997330618e-01 -6.001270639399995943e-01 1.276351123920431041e+00 -1.054433408362065006e+00 -7.889052572370764960e-01 -8.810431067361410018e-02 4.640434100485501534e-01 -1.483782390736712475e+00 5.967370853023845623e-01 -1.055552674215014086e+00 -1.700371870070969349e+00 -2.810715963731259315e+00 -6.052534877094312149e-01 4.941997100657433695e-01 4.627873841423535972e-01 -2.223903755554391015e+00 9.194146128710852794e-01 -1.701372291061188369e+00 4.330525484470455488e-01 -1.688101637217204409e+00 -4.110634891139760327e+00 -3.455552287474810580e+00 2.792370215732534744e-01 -1.951592883333769457e+00 2.392500120953709383e-02 -1.268131051009361743e+00 -1.858294967346861615e+00 -1.063625913075199048e+00 -3.747729687031091106e-01 -6.740406158561211836e-01 -1.552302729205460974e+00 -2.821705900523719390e-01 -1.487413583932921446e+00 -6.687074175114863239e-01 -1.201182893760720960e+00 -1.056023712189153363e+00 -1.343328384720390067e+00 -1.647770886529489553e+00 -8.019250057452196323e-01 -1.643295106106752446e+00 -1.038364909034831696e+00 -8.964931292099770355e-01 -1.275455300480969667e+00 -1.533269683061640798e+00 -9.798592017314147196e-01 -9.967279079889521665e-01 -7.758202868381571804e-01 -2.014671065327026778e+00 -2.603174503680555141e+00 -6.171940751840873096e-01 -1.149215564008581048e+00 -1.000515386360625536e+00 2.073420546242950580e-01 -3.597088737122316360e+00 -4.738152423412169134e-01 -1.269119774758836749e+00 -3.749672567241704169e+00 -3.275316123127081536e+00 9.385349215619321894e-01 1.393120540131523644e+00 -4.199535367883710513e-01 -2.447129672316100679e-01 5.349829411943478608e-01 1.266460787110939679e+00 7.162211248152207388e-02 -1.487933783127454446e-01 -1.079651737077587548e+00 6.263505833119010768e-01 1.117468935592537571e+00 -9.133188412317987115e-02 -2.584726603293102887e+00 -2.042857907288698538e+00 -1.018953021063242037e+00 -9.710288420808270704e-01 -1.674255068658660361e+00 -2.264727461190663149e+00 -1.463647206577711968e+00 -3.336184344398646084e-01 -1.316746220532212019e+00 -7.012127303467693418e-01 -9.526163189413952015e-01 -8.443001415087600936e-01 -1.809188902482508077e+00 -4.245277721054483422e+00 -1.611253469271217487e+00 -1.062376664079764499e+00 -3.400733104290814879e+00 -1.775537448306950150e+00 -3.109033278282837820e-01 -2.755180854550002501e+00 -1.746762717099954454e+00 -2.032070737865735222e+00 -3.540790315954222223e+00 -2.941145712571096027e+00 -2.658716078621519152e+00 -1.621102408167553355e+00 -1.043163176502868827e+00 -7.798677150609416575e-01 -2.870501818779717773e+00 -9.682002033164045507e-01 -5.362687263572154528e-01 -5.022437105697475923e-01 -2.331168013492377789e+00 -4.677283729014790059e-01 -1.036647581738094681e+00 -1.689653193543903642e+00 -3.087788302185842659e-02 2.037987076696334832e-03 -9.259487998150808252e-01 -2.242547936897387739e+00 -1.309916420363763434e+00 6.805447028814741450e-03 -2.692400396906408644e-01 -2.066599030614121979e+00 -1.597797993738720779e+00 3.182215307880089106e-01 -1.382284045579187826e+00 -1.197682989975058954e+00 -3.078354661592255237e-01 -1.990710395849714764e+00 -1.364309902477126024e-01 -8.059456953712270666e-01 -1.490351218594281102e+00 -9.187173403661936799e-01 -1.575503260467445044e+00 -1.263405260356707249e-01 -1.690643270263607834e+00 -1.363502300841829218e+00 1.792008752758881829e-01 5.394457342234371122e-02
1.185752644454302107e+01 7.659656426817419650e+00 3.543686487336788815e+00 4.965240398074822537e+00 4.277534217412834572e+00 6.501900427307423236e+00 5.569678795009544103e+00 5.214398574437885792e+00 6.283124295313540664e+00 5.328080837214666410e+00 6.571663594508649453e+00 7.125310903522168005e+00 7.659656426817420538e+00 1.594993186050947998e+01 6.002778086028218496e+00 5.821379778438107166e+00 1.024499864517383863e+01 7.571780313369796289e+00 5.383929974234680671e+00 5.632484319714665233e+00 6.782458138954524429e+00 7.207727945344064580e+00 9.856453421902216405e+00 8.412715716836180135e+00 3.543686487336787927e+00 6.002778086028216720e+00 1.143025935261318082e+01 5.907685657184304162e+00 8.167147493315511042e+00 4.008350223037517424e+00 3.319178933764888484e+00 5.912386015622553614e+00 5.558860013655412047e+00 3.464654046745923921e+00 6.605297675449393502e+00 6.463627557745242669e+00 4.965240398074823425e+00 5.821379778438104502e+00 5.907685657184302386e+00 1.307044690366473461e+01 8.580564288890716540e+00 4.525234276132036548e+00 4.893385579971700317e+00 8.528521697739174456e+00 8.711783028646770788e+00 3.114126705841262055e+00 3.423058453385593669e+00 8.519787889691826877e+00 4.277534217412834572e+00 1.024499864517383863e+01 8.167147493315511042e+00 8.580564288890720093e+00 1.715724743576461009e+01 3.529912710176052570e+00 3.326467099168150199e+00 5.863508259124973421e+00 7.526138338919641235e+00 4.518368991345937502e+00 6.344485933329962357e+00 9.007853980593676368e+00 6.501900427307422348e+00 7.571780313369796289e+00 4.008350223037518312e+00 4.525234276132035660e+00 3.529912710176052570e+00 1.155942127513821838e+01 3.209205812716863893e+00 4.939147450575276821e+00 6.391661852172835445e+00 6.376472419493272703e+00 7.190925928008512713e+00 6.591652356047167594e+00 5.569678795009544103e+00 5.383929974234680671e+00 3.319178933764888484e+00 4.893385579971701205e+00 3.326467099168150199e+00 3.209205812716863448e+00 1.020875190596711413e+01 1.600143181199916942e+00 4.094713925146981737e+00 1.648893153464638051e+00 1.475484020564999943e+00 2.029702555897130445e-01 5.214398574437886680e+00 5.632484319714664345e+00 5.912386015622551838e+00 8.528521697739174456e+00 5.863508259124971644e+00 4.939147450575276821e+00 1.600143181199916498e+00 1.448523561629046874e+01 8.931636815185999723e+00 3.728577322577981246e+00 7.482407470385443737e+00 1.105578276215118905e+01 6.283124295313539776e+00 6.782458138954523541e+00 5.558860013655410270e+00 8.711783028646769012e+00 7.526138338919636794e+00 6.391661852172834557e+00 4.094713925146982625e+00 8.931636815185997946e+00 1.359378060090701901e+01 4.053033026883346324e+00 5.835845773244230372e+00 8.273436325439302408e+00 5.328080837214666410e+00 7.207727945344065468e+00 3.464654046745926586e+00 3.114126705841263831e+00 4.518368991345939278e+00 6.376472419493272703e+00 1.648893153464638051e+00 3.728577322577980802e+00 4.053033026883347212e+00 1.168352392212799629e+01 7.313221834980106806e+00 8.034427825642570298e+00 6.571663594508647677e+00 9.856453421902216405e+00 6.605297675449394390e+00 3.423058453385595001e+00 6.344485933329963245e+00 7.190925928008509160e+00 1.475484020564999721e+00 7.482407470385442849e+00 5.835845773244230372e+00 7.313221834980104141e+00 1.705800079121411628e+01 1.019066528674299121e+01 7.125310903522168005e+00 8.412715716836178359e+00 6.463627557745243557e+00 8.519787889691826877e+00 9.007853980593672816e+00 6.591652356047167594e+00 2.029702555897134886e-01 1.105578276215119260e+01 8.273436325439305961e+00 8.034427825642570298e+00 1.019066528674299121e+01 1.790931894894788456e+01
1.428840958462961108e+00 -5.488350294852621936e+00 -1.050646180460829626e+01 -1.052455665235496163e+01 -1.302915933134316617e+01 7.068450549332004895e-01 -6.394733156771147620e+00 -1.302477974200271671e+00 -3.274966162482845000e+00 3.663492102160747166e+00 4.477750566434236745e+00 -8.075426901006756975e-01 -1.674805620626549141e+00 -3.307306196533152498e+00 -3.236189772057174174e+00 -1.029118090158508458e+01 -6.675307956477431581e+00 1.153656639531840611e+00 -4.908053365067638119e+00 -5.181238027297826676e+00 -3.598629375163156396e+00 2.256086971247475148e+00 5.985336989987899869e+00 -3.475234624986558440e+00 -1.698593554489822965e+00 -2.757584380782396760e+00 -2.774935031008840536e+00 -4.434708201395554106e+00 -4.283566851184585467e+00 2.037636093315768893e+00 -2.795217401065622109e+00 -1.695162801260755581e+00 -1.045057094299885803e+00 9.830767946228974319e-01 9.314832097057044180e-01 -1.288179888166223419e+00 1.162304952844619210e+00 -1.385289857471716735e+00 -4.752545462531500675e+00 -6.492874880186223940e+00 -7.414932139219099660e+00 -2.057320530407342474e-01 -4.449637604298478655e-01 -4.192981162898323788e+00 -3.344535524669299598e+00 1.699381637602762396e+00 2.340257847672879699e+00 -2.750883874056130107e+00 -4.053794575279714985e-01 -2.210687662311186852e+00 -4.256524887173759986e+00 -6.587750560314325377e+00 -7.519454983349052490e+00 2.289482798756194093e+00 -3.026698971622745482e+00 -1.560773853207656270e+00 -1.861269080691092981e+00 1.277302550077916710e-01 1.260864978703752470e+00 -2.778307476876264559e+00 -1.697232900047504767e-01 -2.441774603991571535e+00 -3.953849177027030315e+00 -4.969937759212999850e+00 -6.592557847455224440e+00 1.171290021097127321e+00 -3.446724393967812272e+00 -1.168619668890482632e+00 -1.987173811356221620e+00 7.997763703387095191e-02 1.680107518947277612e+00 -2.096792522021305949e+00 2.844268329519456184e+00 -2.495745193889797431e+00 -5.767053011789685435e+00 -7.962832157960718860e+00 -1.317245079488672665e+01 2.192325491639473434e+00 1.516920638127144505e+00 -1.962561823488548907e+00 -2.795649488947958172e+00 -2.456838697561696705e+00 2.259896717340737382e+00 -8.081745763143025840e+00 -2.083859421697392911e+00 1.728551711558413695e-01 4.926803034137378634e-01 -6.291387755322228159e+00 -2.113915675407465944e+00 6.874857440243248297e-02 7.772263261883957663e-02 -4.753889619242662512e+00 -3.541713496656560434e+00 2.311940011884905388e-01 3.063739114030191502e+00 -4.590675206513600948e+00 3.381766199822156538e-01 -1.333800845962620496e+00 -2.645863463569993357e+00 -8.128525559003985990e+00 -9.126600244037941678e+00 3.002479912555613861e+00 -2.015718275645390078e-01 -5.389278311060164306e+00 -3.676645061452227470e+00 -7.746477738829127269e-01 3.102796748788745340e+00 -6.440572310505459086e+00 9.121212102148870127e-01 3.438045213059152116e-01 -2.536070752457276978e+00 -4.579610976039068859e+00 -3.459667141403575119e+00 -1.470620598254533395e-01 2.263308412694094995e-01 -2.223311615729606228e+00 -3.163876615498416811e+00 1.079026018489668948e+00 8.491662848977827860e-01 -4.249431915662926329e+00 1.308326496988389431e+00 -4.297034694915049968e+00 -9.039022245453224969e+00 -1.214616829179960433e+01 -1.522399543380176645e+01 3.628377926928706643e+00 -2.943251692402254704e+00 -2.629875966462792647e+00 -2.706498189020260181e+00 4.260252178452723637e-01 5.341161795106104115e+00 -6.909388546657634578e+00 -3.497723974122379231e-01 -2.180358202479168117e+00 -5.456033465672425642e+00 -8.963981725363176167e+00 -1.024838556566129455e+01 2.587044172122288987e+00 -2.139141908553883642e+00 -4.289134020114501844e+00 -3.499182690806437179e+00 9.739968634081390686e-01 2.981870036909725297e+00 -5.756594185165271327e+00
1.428840958462961108e+00 -1.674805620626549141e+00 -1.698593554489822965e+00 1.162304952844619210e+00 -4.053794575279714985e-01 -1.697232900047504767e-01 2.844268329519456184e+00 -2.083859421697392911e+00 3.381766199822156538e-01 9.121212102148870127e-01 1.308326496988389431e+00 -3.497723974122379231e-01 -5.488350294852621936e+00 -3.307306196533152498e+00 -2.757584380782396760e+00 -1.385289857471716735e+00 -2.210687662311186852e+00 -2.441774603991571535e+00 -2.495745193889797431e+00 1.728551711558413695e-01 -1.333800845962620496e+00 3.438045213059152116e-01 -4.297034694915049968e+00 -2.180358202479168117e+00 -1.050646180460829626e+01 -3.236189772057174174e+00 -2.774935031008840536e+00 -4.752545462531500675e+00 -4.256524887173759986e+00 -3.953849177027030315e+00 -5.767053011789685435e+00 4.926803034137378634e-01 -2.645863463569993357e+00 -2.536070752457276978e+00 -9.039022245453224969e+00 -5.456033465672425642e+00 -1.052455665235496163e+01 -1.029118090158508458e+01 -4.434708201395554106e+00 -6.492874880186223940e+00 -6.587750560314325377e+00 -4.969937759212999850e+00 -7.962832157960718860e+00 -6.291387755322228159e+00 -8.128525559003985990e+00 -4.579610976039068859e+00 -1.214616829179960433e+01 -8.963981725363176167e+00 -1.302915933134316617e+01 -6.675307956477431581e+00 -4.283566851184585467e+00 -7.414932139219099660e+00 -7.519454983349052490e+00 -6.592557847455224440e+00 -1.317245079488672665e+01 -2.113915675407465944e+00 -9.126600244037941678e+00 -3.459667141403575119e+00 -1.522399543380176645e+01 -1.024838556566129455e+01 7.068450549332004895e-01 1.153656639531840611e+00 2.037636093315768893e+00 -2.057320530407342474e-01 2.289482798756194093e+00 1.171290021097127321e+00 2.192325491639473434e+00 6.874857440243248297e-02 3.002479912555613861e+00 -1.470620598254533395e-01 3.628377926928706643e+00 2.587044172122288987e+00 -6.394733156771147620e+00 -4.908053365067638119e+00 -2.795217401065622109e+00 -4.449637604298478655e-01 -3.026698971622745482e+00 -3.446724393967812272e+00 1.516920638127144505e+00 7.772263261883957663e-02 -2.015718275645390078e-01 2.263308412694094995e-01 -2.943251692402254704e+00 -2.139141908553883642e+00 -1.302477974200271671e+00 -5.181238027297826676e+00 -1.695162801260755581e+00 -4.192981162898323788e+00 -1.560773853207656270e+00 -1.168619668890482632e+00 -1.962561823488548907e+00 -4.753889619242662512e+00 -5.389278311060164306e+00 -2.223311615729606228e+00 -2.629875966462792647e+00 -4.289134020114501844e+00 -3.274966162482845000e+00 -3.598629375163156396e+00 -1.045057094299885803e+00 -3.344535524669299598e+00 -1.861269080691092981e+00 -1.987173811356221620e+00 -2.795649488947958172e+00 -3.541713496656560434e+00 -3.676645061452227470e+00 -3.163876615498416811e+00 -2.706498189020260181e+00 -3.499182690806437179e+00 3.663492102160747166e+00 2.256086971247475148e+00 9.830767946228974319e-01 1.699381637602762396e+00 1.277302550077916710e-01 7.997763703387095191e-02 -2.456838697561696705e+00 2.311940011884905388e-01 -7.746477738829127269e-01 1.079026018489668948e+00 4.260252178452723637e-01 9.739968634081390686e-01 4.477750566434236745e+00 5.985336989987899869e+00 9.314832097057044180e-01 2.340257847672879699e+00 1.260864978703752470e+00 1.680107518947277612e+00 2.259896717340737382e+00 3.063739114030191502e+00 3.102796748788745340e+00 8.491662848977827860e-01 5.341161795106104115e+00 2.981870036909725297e+00 -8.075426901006756975e-01 -3.475234624986558440e+00 -1.288179888166223419e+00 -2.750883874056130107e+00 -2.778307476876264559e+00 -2.096792522021305949e+00 -8.081745763143025840e+00 -4.590675206513600948e+00 -6.440572310505459086e+00 -4.249431915662926329e+00 -6.909388546657634578e+00 -5.756594185165271327e+00
4.253118531044873407e+01 2.380886083082857496e+01 1.381310539373241753e+01 2.080759257867104495e+01 1.808314340545403809e+01 1.815991462868552730e+01 2.637759980985120123e+01 9.200358610441174534e+00 1.813735503599063748e+01 1.134700494402930993e+01 3.364180466038714457e+01 2.543718694854167595e+01 2.380886083082856786e+01 2.652124316980211560e+01 1.198335682057956397e+01 1.422128553482087199e+01 1.626252506342368065e+01 1.436026321063694056e+01 1.726205399020178533e+01 1.420198646239395046e+01 1.851651210590425833e+01 8.876042963368153238e+00 2.570826653443602439e+01 2.156169652789702695e+01 1.381310539373241753e+01 1.198335682057956575e+01 1.173917592881793581e+01 7.813156885900361281e+00 1.053892836256569687e+01 7.837368929230953185e+00 9.330536646571614412e+00 7.419619562469979002e+00 9.072739648626704678e+00 5.613525188359749230e+00 1.398709441620603577e+01 1.328042013483324801e+01 2.080759257867105205e+01 1.422128553482087554e+01 7.813156885900364834e+00 1.686796380820354457e+01 1.019272016548955051e+01 1.027496806430034759e+01 1.694488309881076660e+01 8.784647245593943055e+00 1.409922612536509234e+01 8.390022680472171146e+00 1.980530818702704465e+01 1.725520060797277822e+01 1.808314340545403454e+01 1.626252506342368065e+01 1.053892836256569510e+01 1.019272016548955051e+01 1.740755989207320198e+01 1.240289594612848845e+01 1.640587972662918048e+01 9.234605341459310779e+00 1.512993572043533774e+01 7.695395996607177658e+00 2.227551816055790823e+01 1.801784963237530945e+01 1.815991462868553441e+01 1.436026321063694233e+01 7.837368929230953185e+00 1.027496806430034937e+01 1.240289594612849200e+01 1.541021666335983831e+01 1.667330915684322079e+01 8.327057251753407385e+00 1.409539372938892932e+01 7.715227325215302301e+00 2.067975617624110996e+01 1.569980319656779599e+01 2.637759980985120123e+01 1.726205399020178888e+01 9.330536646571612636e+00 1.694488309881076660e+01 1.640587972662917693e+01 1.667330915684321724e+01 3.420769557849017417e+01 1.184766891468383676e+01 2.326269393885414871e+01 1.271214888683552324e+01 3.093231633188476692e+01 2.415931161553905682e+01 9.200358610441170981e+00 1.420198646239394336e+01 7.419619562469976337e+00 8.784647245593939502e+00 9.234605341459305450e+00 8.327057251753407385e+00 1.184766891468383498e+01 1.505216289324131473e+01 1.254763515827912812e+01 8.488087290735881751e+00 1.287419123075485494e+01 1.360775780839594162e+01 1.813735503599063037e+01 1.851651210590425478e+01 9.072739648626701126e+00 1.409922612536508701e+01 1.512993572043533241e+01 1.409539372938892221e+01 2.326269393885414161e+01 1.254763515827913167e+01 2.436654451719485337e+01 9.153371367544261616e+00 2.574934539854439564e+01 2.132211803944393580e+01 1.134700494402930993e+01 8.876042963368151462e+00 5.613525188359748341e+00 8.390022680472169370e+00 7.695395996607175881e+00 7.715227325215301413e+00 1.271214888683551969e+01 8.488087290735883528e+00 9.153371367544261616e+00 1.175967543636334334e+01 1.341379989510680915e+01 1.181310325879367085e+01 3.364180466038715167e+01 2.570826653443603149e+01 1.398709441620603400e+01 1.980530818702705176e+01 2.227551816055790823e+01 2.067975617624110996e+01 3.093231633188476337e+01 1.287419123075485672e+01 2.574934539854440274e+01 1.341379989510681447e+01 4.498164842631734217e+01 2.916624450598244422e+01 2.543718694854166884e+01 2.156169652789702695e+01 1.328042013483324624e+01 1.725520060797278177e+01 1.801784963237530590e+01 1.569980319656779599e+01 2.415931161553904971e+01 1.360775780839594518e+01 2.132211803944394291e+01 1.181310325879366907e+01 2.916624450598244067e+01 2.761470813746842978e+01
-3.079370918843090887e+00 -2.037098623910719830e+00 -1.866249883577944857e+00 -1.474478645381875230e+00 -3.586794840119165717e-01 -2.761275967296260792e+00 -1.312354141983657518e+00 -1.737124570899274634e+00 -6.259885027416206560e-02 -1.853802398772983695e+00 -3.746004369994332395e-01 -1.812366215031724348e+00 -2.790002079209142227e+00 -2.469906725790594226e+00 -2.386880145049114610e+00 -1.731797204861848627e+00 -1.169802469388247612e+00 -3.746767517570106065e+00 -2.244216959908390319e+00 -1.558450346767683792e+00 -1.377969283184963256e+00 -1.119027249186442807e+00 -2.065967162028093718e+00 -4.134892787897516797e+00 8.064379985643950199e-01 -3.508418406763425867e+00 -2.676574157848566671e+00 -1.399633978322672334e+00 -3.459577241712552542e+00 -3.239693526804528378e+00 5.233596057921681144e-01 -8.724377157570594177e-01 -2.500117777661974294e+00 -8.482509592593130698e-02 -4.426721044282282413e+00 -3.421172520000854256e+00 -2.563096620383225499e+00 -2.533467341423171426e+00 -4.145963988528501787e+00 -1.198144792897583910e+00 -1.050883388265831719e+00 -1.978860837336694489e+00 -7.077223021782514945e-01 -2.060287391183333039e+00 -5.235941334826261784e-01 -2.210057417823106274e+00 -1.664850992574254729e+00 -3.650370592223438848e+00 -9.501491281088033647e-01 -2.558343084400957590e+00 -3.428226918765337583e+00 -7.464898322343751502e-01 -2.214661550648320709e+00 -3.137845057743712474e+00 -6.877159206103405920e-01 -1.606680861252656856e+00 -8.825642384143150831e-01 -1.810064936879968611e+00 -2.114886164496852849e+00 -2.404965541733756762e+00 -3.307377781987664633e+00 -1.712712465727688427e+00 -5.294834215299570879e-01 -1.128302770653823117e+00 -1.318537174502800946e+00 -2.232675135354857066e+00 -3.867811071349163576e+00 -8.741819080049615387e-01 -2.766988171670971219e+00 -2.503401464496779472e-01 -4.121241438885095976e-01 -1.720231280410028152e+00 2.482306223186103999e-01 -1.491696659068976860e+00 -3.033147318764872313e+00 -6.783791222294990875e-02 -2.104521855057334800e+00 -3.617225670783113856e+00 -2.576955974471258348e-01 -1.837935494843591311e+00 -4.661923409439921451e-01 -1.490366694941596570e+00 -2.331112442657929940e+00 -2.174303554576048736e+00 -3.570726446174629309e+00 -4.691886382032813829e-01 -1.632942572126450553e+00 -1.094013189338297609e+00 -2.709877895559395511e-01 -1.576294046052634679e+00 -2.849714828153730117e+00 -1.193889063459606215e+00 -1.258986092095289111e+00 -2.197529747423757396e+00 -3.627111764675916006e-01 -2.457553614104062589e+00 -2.009302260347796576e+00 -7.265182267194847388e-01 -1.471712372470491026e+00 -1.812422902387335721e+00 -1.031384002614244455e+00 -3.790105889478910139e+00 -2.250106107883258488e+00 -1.148455260506571873e+00 -2.103465763862457649e+00 -9.719229472080920251e-01 -3.689782258893667066e+00 -1.498698671008042549e+00 -1.487164798721041015e+00 -2.247597579783577437e+00 -9.532996998628939789e-01 -1.514436200410091748e+00 -1.974128105698773394e+00 -4.070496996482507512e+00 -1.087955158783665333e+00 -1.015302986449443612e+00 -3.464718714631972230e+00 -3.989365545640369271e-01 -4.225891621570371015e+00 -2.725026626261689344e+00 -2.591690819907369381e+00 -2.979016440944018296e+00 -2.810367904468350719e+00 -5.933908450405506185e-01 -1.012084452157918202e+00 -4.225884049231025230e+00 -2.832863958908840463e+00 -1.689054499568378498e+00 -3.224576615177677130e+00 -1.672080451207070384e+00 -2.297110704884537835e+00 -3.920215265090286394e+00 4.632818978824033707e-01 -3.126310676954856760e+00 -2.449554049562974178e+00 -4.534982206368849966e-01 -3.295850757835864897e+00 -2.689229863500981921e+00 1.469717907306140880e-01 -1.231407733402677174e+00 -2.300286440253462850e+00 -9.499793059457799504e-01 -2.578636414831936730e+00 -2.951259587227587300e+00
-3.079370918843090887e+00 -2.790002079209142227e+00 8.064379985643950199e-01 -2.563096620383225499e+00 -9.501491281088033647e-01 -3.307377781987664633e+00 2.482306223186103999e-01 -3.570726446174629309e+00 -2.009302260347796576e+00 -1.487164798721041015e+00 -2.591690819907369381e+00 4.632818978824033707e-01 -2.037098623910719830e+00 -2.469906725790594226e+00 -3.508418406763425867e+00 -2.533467341423171426e+00 -2.558343084400957590e+00 -1.712712465727688427e+00 -1.491696659068976860e+00 -4.691886382032813829e-01 -7.265182267194847388e-01 -2.247597579783577437e+00 -2.979016440944018296e+00 -3.126310676954856760e+00 -1.866249883577944857e+00 -2.386880145049114610e+00 -2.676574157848566671e+00 -4.145963988528501787e+00 -3.428226918765337583e+00 -5.294834215299570879e-01 -3.033147318764872313e+00 -1.632942572126450553e+00 -1.471712372470491026e+00 -9.532996998628939789e-01 -2.810367904468350719e+00 -2.449554049562974178e+00 -1.474478645381875230e+00 -1.731797204861848627e+00 -1.399633978322672334e+00 -1.198144792897583910e+00 -7.464898322343751502e-01 -1.128302770653823117e+00 -6.783791222294990875e-02 -1.094013189338297609e+00 -1.812422902387335721e+00 -1.514436200410091748e+00 -5.933908450405506185e-01 -4.534982206368849966e-01 -3.586794840119165717e-01 -1.169802469388247612e+00 -3.459577241712552542e+00 -1.050883388265831719e+00 -2.214661550648320709e+00 -1.318537174502800946e+00 -2.104521855057334800e+00 -2.709877895559395511e-01 -1.031384002614244455e+00 -1.974128105698773394e+00 -1.012084452157918202e+00 -3.295850757835864897e+00 -2.761275967296260792e+00 -3.746767517570106065e+00 -3.239693526804528378e+00 -1.978860837336694489e+00 -3.137845057743712474e+00 -2.232675135354857066e+00 -3.617225670783113856e+00 -1.576294046052634679e+00 -3.790105889478910139e+00 -4.070496996482507512e+00 -4.225884049231025230e+00 -2.689229863500981921e+00 -1.312354141983657518e+00 -2.244216959908390319e+00 5.233596057921681144e-01 -7.077223021782514945e-01 -6.877159206103405920e-01 -3.867811071349163576e+00 -2.576955974471258348e-01 -2.849714828153730117e+00 -2.250106107883258488e+00 -1.087955158783665333e+00 -2.832863958908840463e+00 1.469717907306140880e-01 -1.737124570899274634e+00 -1.558450346767683792e+00 -8.724377157570594177e-01 -2.060287391183333039e+00 -1.606680861252656856e+00 -8.741819080049615387e-01 -1.837935494843591311e+00 -1.193889063459606215e+00 -1.148455260506571873e+00 -1.015302986449443612e+00 -1.689054499568378498e+00 -1.231407733402677174e+00 -6.259885027416206560e-02 -1.377969283184963256e+00 -2.500117777661974294e+00 -5.235941334826261784e-01 -8.825642384143150831e-01 -2.766988171670971219e+00 -4.661923409439921451e-01 -1.258986092095289111e+00 -2.103465763862457649e+00 -3.464718714631972230e+00 -3.224576615177677130e+00 -2.300286440253462850e+00 -1.853802398772983695e+00 -1.119027249186442807e+00 -8.482509592593130698e-02 -2.210057417823106274e+00 -1.810064936879968611e+00 -2.503401464496779472e-01 -1.490366694941596570e+00 -2.197529747423757396e+00 -9.719229472080920251e-01 -3.989365545640369271e-01 -1.672080451207070384e+00 -9.499793059457799504e-01 -3.746004369994332395e-01 -2.065967162028093718e+00 -4.426721044282282413e+00 -1.664850992574254729e+00 -2.114886164496852849e+00 -4.121241438885095976e-01 -2.331112442657929940e+00 -3.627111764675916006e-01 -3.689782258893667066e+00 -4.225891621570371015e+00 -2.297110704884537835e+00 -2.578636414831936730e+00 -1.812366215031724348e+00 -4.134892787897516797e+00 -3.421172520000854256e+00 -3.650370592223438848e+00 -2.404965541733756762e+00 -1.720231280410028152e+00 -2.174303554576048736e+00 -2.457553614104062589e+00 -1.498698671008042549e+00 -2.725026626261689344e+00 -3.920215265090286394e+00 -2.951259587227587300e+00
1.698011904295110241e+01 1.298793880172834392e+01 1.302695126380310420e+01 1.289849507186819544e+01 1.340137894173492761e+01 9.721622362834393627e+00 1.153158186693564247e+01 7.348186225596560206e+00 1.166803157512016575e+01 1.229448183600178979e+01 1.302527722228778018e+01 1.164460721043748492e+01 1.298793880172834037e+01 2.980877496004100990e+01 2.193513765133653237e+01 8.613305520844168228e+00 6.475732094842839182e+00 1.781774287534042145e+01 1.381760978079037017e+01 1.581304177211005957e+01 1.368769962000424378e+01 1.496433965576844471e+01 1.874794280734617757e+01 5.561797391433811910e+00 1.302695126380310242e+01 2.193513765133653592e+01 2.853946646108832397e+01 1.040774162437583072e+01 1.138283568943569435e+01 1.487598772455163498e+01 1.591288258642052433e+01 1.026684476419112357e+01 1.499246989207547287e+01 1.775127135530412659e+01 1.626962565459254506e+01 1.256428775768267236e+01 1.289849507186819366e+01 8.613305520844168228e+00 1.040774162437582717e+01 2.672604723269492411e+01 2.169514371102900441e+01 6.767996960792023842e+00 1.068725325356462363e+01 9.746522080015070699e+00 1.181828478620623812e+01 1.378534280328156925e+01 1.732818973570378063e+01 2.018979762100068598e+01 1.340137894173492938e+01 6.475732094842835629e+00 1.138283568943569435e+01 2.169514371102900441e+01 2.478001092485531132e+01 6.024454754107600785e+00 1.213827900270392135e+01 5.889559643496795616e+00 1.238100379603032408e+01 1.424424335279090670e+01 1.538657638451321574e+01 2.107047244723213453e+01 9.721622362834398956e+00 1.781774287534042855e+01 1.487598772455163143e+01 6.767996960792027394e+00 6.024454754107603449e+00 1.787973116283039587e+01 8.522471838217587248e+00 1.196157452027755497e+01 1.157920253133408117e+01 1.276508657705433869e+01 1.440105076000695306e+01 6.339036792697335443e+00 1.153158186693564247e+01 1.381760978079036661e+01 1.591288258642052256e+01 1.068725325356462541e+01 1.213827900270392135e+01 8.522471838217587248e+00 1.518871698919960345e+01 7.311601491986236212e+00 1.088852415738553603e+01 1.195029406099570046e+01 1.256310415018422333e+01 1.106832810880579743e+01 7.348186225596560206e+00 1.581304177211005957e+01 1.026684476419112180e+01 9.746522080015070699e+00 5.889559643496794727e+00 1.196157452027755141e+01 7.311601491986234436e+00 1.679098700552484758e+01 9.614227475950244184e+00 9.440117070018203549e+00 1.395979006560140689e+01 5.143148900663648604e+00 1.166803157512016575e+01 1.368769962000424201e+01 1.499246989207547109e+01 1.181828478620623990e+01 1.238100379603032408e+01 1.157920253133408117e+01 1.088852415738553603e+01 9.614227475950245960e+00 1.877552569017507977e+01 1.618042545369822349e+01 1.497878020597384996e+01 1.111248431029234851e+01 1.229448183600178979e+01 1.496433965576844116e+01 1.775127135530412303e+01 1.378534280328156925e+01 1.424424335279090492e+01 1.276508657705433514e+01 1.195029406099569869e+01 9.440117070018203549e+00 1.618042545369822349e+01 2.055182278827760101e+01 1.770204036472484432e+01 1.465953046239620150e+01 1.302527722228777840e+01 1.874794280734617757e+01 1.626962565459254506e+01 1.732818973570378418e+01 1.538657638451321397e+01 1.440105076000695306e+01 1.256310415018422511e+01 1.395979006560140867e+01 1.497878020597384996e+01 1.770204036472484788e+01 2.406108870144063161e+01 1.482565527847109443e+01 1.164460721043748492e+01 5.561797391433809246e+00 1.256428775768267236e+01 2.018979762100068953e+01 2.107047244723213453e+01 6.339036792697337219e+00 1.106832810880579565e+01 5.143148900663650380e+00 1.111248431029234851e+01 1.465953046239620150e+01 1.482565527847109621e+01 2.384666519690876640e+01
-7.733552431821715256e-01 -1.411710056141126302e+01 -1.033139515787780383e+01 1.038587302793820477e+01 1.159581882741579051e+01 -7.254427992350459320e+00 -3.105958585627075497e+00 -6.933825808855168304e+00 -2.559788438208109529e+00 -1.806476152515905653e-01 -1.370807188536282029e+00 9.618299039692093544e+00 -9.796299142485316302e-01 5.157411671144907395e+00 2.777666882426662376e+00 -5.485961604918524692e+00 -4.126076922837410343e+00 2.269372355408382447e+00 1.015197135975576703e+00 1.298904214657866207e+00 -7.930590649672942805e-01 -1.516321789466949399e+00 -3.082579380051829188e-01 -4.661857994428429741e+00 -1.897901434118549169e+00 -6.424715621450229897e+00 -5.009375436062483367e+00 4.646283960699522986e+00 5.427051241100657286e+00 -3.258728128811242630e+00 -2.347272818162296826e+00 -2.311066130315310829e+00 -2.990237992027817704e+00 -1.590909352878103311e+00 -3.291354891690954076e-01 5.007555934236007644e+00 -1.527112373172735182e+00 -1.192748607240884695e+01 -8.986101296251598924e+00 8.090820289260221898e+00 9.655119956925025448e+00 -7.372971465474918773e+00 -2.886133048743424911e+00 -4.880944851837922371e+00 -2.414946973263365049e+00 -3.797068057845212063e-01 -2.822700877397669728e-01 8.783733634252467226e+00 -7.262266162292229099e-01 -7.316529320967045003e+00 -6.490001352700442538e+00 3.471035567383601528e+00 6.142048248433192192e+00 -5.338077879755931399e+00 -2.088425438444982074e+00 -4.123580934738015458e+00 -2.395920915856362576e+00 -8.707168912892975232e-01 -2.820869655100965989e-01 4.099046434001661687e+00 -3.280243303410749878e+00 -5.480919424968433429e-01 -1.826063359865529367e+00 2.455935620021267862e+00 3.867942060886502831e-01 -2.354001734796944412e+00 -1.162988893418583913e+00 2.758757947579846714e+00 -2.599592584381422711e+00 -3.089445805605617323e+00 -8.758775458801315583e-01 -3.963719954234763421e-01 -1.520759555833316012e+00 -8.982193272865185429e-01 -2.515814986572803225e+00 6.531227529775017748e-01 1.502524238134903767e+00 -1.568184279839006878e+00 -1.466192513403045794e+00 -1.569406332261755965e+00 -3.468427030781600084e+00 -2.493024566413853282e+00 -1.430181004887970619e+00 1.796044237570797009e+00 -1.302245101546061878e+00 -8.487359691746831913e-01 -2.580267171813650950e+00 1.989837265092506025e+00 1.681327733895636944e+00 -3.129575483436870975e+00 -2.162683092474198876e+00 9.790356257119405825e-01 -1.228021404302375830e+00 -2.809663833010324296e+00 -5.641501965840953758e-01 1.242950957234010279e-01 -3.403856414727392199e+00 -3.533906367523941494e+00 -4.572154561905459325e+00 4.844282065592575570e+00 2.254036024994909404e+00 -2.864865204686753319e+00 -2.676966312396081182e+00 1.474400269352930115e+00 -3.634891938286553437e+00 -2.453197120450489876e+00 -3.639430489054328310e-01 2.289418405707041693e+00 -1.979348365139593335e+00 -1.056938865178258524e+01 -9.182458306028859596e+00 6.927666568517527601e+00 8.772976982589483441e+00 -6.722352731713531426e+00 -3.882243665052357073e+00 -3.762244209445112286e+00 -2.128899542478862816e+00 -1.739361871450269437e+00 -6.573272496692242894e-01 8.178627560758400250e+00 -1.957085393407694163e+00 -4.723905417480287028e+00 -4.402985021439946856e+00 3.498403733159992424e+00 4.289967008556018868e+00 -2.892822740339632048e+00 -2.384761823852994400e+00 -2.320237148550918782e+00 -3.573432265361834226e+00 -1.957076811137115735e+00 -9.106507159522596595e-01 3.853893338417904602e+00 -1.859983512370060543e+00 -1.222198089937351684e+00 -2.970188917530426131e+00 1.405350041457542831e+00 1.869737796437398680e+00 -1.710430293035374083e+00 -1.498046641202519069e+00 -6.376300557524706702e-01 -1.438868570083104981e+00 -9.518830056584712818e-01 -6.106073527672216672e-01 7.991446202114822484e-01
-7.733552431821715256e-01 -9.796299142485316302e-01 -1.897901434118549169e+00 -1.527112373172735182e+00 -7.262266162292229099e-01 -3.280243303410749878e+00 -1.520759555833316012e+00 -1.302245101546061878e+00 -3.403856414727392199e+00 -1.979348365139593335e+00 -1.957085393407694163e+00 -1.859983512370060543e+00 -1.411710056141126302e+01 5.157411671144907395e+00 -6.424715621450229897e+00 -1.192748607240884695e+01 -7.316529320967045003e+00 -5.480919424968433429e-01 -8.982193272865185429e-01 -8.487359691746831913e-01 -3.533906367523941494e+00 -1.056938865178258524e+01 -4.723905417480287028e+00 -1.222198089937351684e+00 -1.033139515787780383e+01 2.777666882426662376e+00 -5.009375436062483367e+00 -8.986101296251598924e+00 -6.490001352700442538e+00 -1.826063359865529367e+00 -2.515814986572803225e+00 -2.580267171813650950e+00 -4.572154561905459325e+00 -9.182458306028859596e+00 -4.402985021439946856e+00 -2.970188917530426131e+00 1.038587302793820477e+01 -5.485961604918524692e+00 4.646283960699522986e+00 8.090820289260221898e+00 3.471035567383601528e+00 2.455935620021267862e+00 6.531227529775017748e-01 1.989837265092506025e+00 4.844282065592575570e+00 6.927666568517527601e+00 3.498403733159992424e+00 1.405350041457542831e+00 1.159581882741579051e+01 -4.126076922837410343e+00 5.427051241100657286e+00 9.655119956925025448e+00 6.142048248433192192e+00 3.867942060886502831e-01 1.502524238134903767e+00 1.681327733895636944e+00 2.254036024994909404e+00 8.772976982589483441e+00 4.289967008556018868e+00 1.869737796437398680e+00 -7.254427992350459320e+00 2.269372355408382447e+00 -3.258728128811242630e+00 -7.372971465474918773e+00 -5.338077879755931399e+00 -2.354001734796944412e+00 -1.568184279839006878e+00 -3.129575483436870975e+00 -2.864865204686753319e+00 -6.722352731713531426e+00 -2.892822740339632048e+00 -1.710430293035374083e+00 -3.105958585627075497e+00 1.015197135975576703e+00 -2.347272818162296826e+00 -2.886133048743424911e+00 -2.088425438444982074e+00 -1.162988893418583913e+00 -1.466192513403045794e+00 -2.162683092474198876e+00 -2.676966312396081182e+00 -3.882243665052357073e+00 -2.384761823852994400e+00 -1.498046641202519069e+00 -6.933825808855168304e+00 1.298904214657866207e+00 -2.311066130315310829e+00 -4.880944851837922371e+00 -4.123580934738015458e+00 2.758757947579846714e+00 -1.569406332261755965e+00 9.790356257119405825e-01 1.474400269352930115e+00 -3.762244209445112286e+00 -2.320237148550918782e+00 -6.376300557524706702e-01 -2.559788438208109529e+00 -7.930590649672942805e-01 -2.990237992027817704e+00 -2.414946973263365049e+00 -2.395920915856362576e+00 -2.599592584381422711e+00 -3.468427030781600084e+00 -1.228021404302375830e+00 -3.634891938286553437e+00 -2.128899542478862816e+00 -3.573432265361834226e+00 -1.438868570083104981e+00 -1.806476152515905653e-01 -1.516321789466949399e+00 -1.590909352878103311e+00 -3.797068057845212063e-01 -8.707168912892975232e-01 -3.089445805605617323e+00 -2.493024566413853282e+00 -2.809663833010324296e+00 -2.453197120450489876e+00 -1.739361871450269437e+00 -1.957076811137115735e+00 -9.518830056584712818e-01 -1.370807188536282029e+00 -3.082579380051829188e-01 -3.291354891690954076e-01 -2.822700877397669728e-01 -2.820869655100965989e-01 -8.758775458801315583e-01 -1.430181004887970619e+00 -5.641501965840953758e-01 -3.639430489054328310e-01 -6.573272496692242894e-01 -9.106507159522596595e-01 -6.106073527672216672e-01 9.618299039692093544e+00 -4.661857994428429741e+00 5.007555934236007644e+00 8.783733634252467226e+00 4.099046434001661687e+00 -3.963719954234763421e-01 1.796044237570797009e+00 1.242950957234010279e-01 2.289418405707041693e+00 8.178627560758400250e+00 3.853893338417904602e+00 7.991446202114822484e-01
2.744776225938793957e+01 -2.134631567803412899e+00 1.309366087270867318e+01 2.084487142541694027e+01 1.654431702609601729e+01 5.921755021926418117e+00 8.161585667033120828e+00 6.029912785838269507e+00 1.008418630915399206e+01 1.953417195630100878e+01 1.271703982543692568e+01 6.115549748550015430e+00 -2.134631567803423557e+00 1.168428102476081776e+01 2.551386375715708255e+00 -2.962530889566339365e-01 4.317764573017330854e+00 6.139197050503389264e+00 4.879031642443991679e+00 4.726455803317293203e+00 2.839754206595439978e+00 9.508590719619235410e-01 3.457964115535811178e+00 2.322973158612738231e+00 1.309366087270866785e+01 2.551386375715714028e+00 1.252228457888210400e+01 1.220576418384677275e+01 1.136922159400455001e+01 6.730390778174218269e+00 7.854806384201836522e+00 6.042757300413279964e+00 8.585362978582207205e+00 1.274666941368796280e+01 9.785226731170014958e+00 4.626899457842857721e+00 2.084487142541693672e+01 -2.962530889566262760e-01 1.220576418384677453e+01 2.125989205736108900e+01 1.528000771558423843e+01 7.074983859592102853e+00 7.838515017133453000e+00 7.006596510091632979e+00 9.856823184057576626e+00 1.880725647394897138e+01 1.187103415155257480e+01 5.718761830598418250e+00 1.654431702609601729e+01 4.317764573017340624e+00 1.136922159400455712e+01 1.528000771558424375e+01 1.840090610487969158e+01 7.849564428259544258e+00 9.839872753512487691e+00 7.917058532880175470e+00 9.149345589169001869e+00 1.580537201241430800e+01 1.133100688950926127e+01 6.914842082105631782e+00 5.921755021926412788e+00 6.139197050503395481e+00 6.730390778174216493e+00 7.074983859592097524e+00 7.849564428259543369e+00 1.439693748571442278e+01 7.864782752366876295e+00 9.212995007271473469e+00 9.816189342245634109e+00 8.875811639419648458e+00 7.078129969281185652e+00 5.059324774153746596e+00 8.161585667033111946e+00 4.879031642443995231e+00 7.854806384201834746e+00 7.838515017133447671e+00 9.839872753512482362e+00 7.864782752366872742e+00 1.361153242989040635e+01 6.302470752436378554e+00 8.668866094016882684e+00 1.079106373753760728e+01 9.527635905080520828e+00 6.277108948795192767e+00 6.029912785838264178e+00 4.726455803317298532e+00 6.042757300413278188e+00 7.006596510091628538e+00 7.917058532880173694e+00 9.212995007271473469e+00 6.302470752436381218e+00 1.165516405259836219e+01 8.113858926677581351e+00 8.364371229961719223e+00 6.262129042280411895e+00 3.845409355526572703e+00 1.008418630915398673e+01 2.839754206595446195e+00 8.585362978582208981e+00 9.856823184057569520e+00 9.149345589169000093e+00 9.816189342245634109e+00 8.668866094016888013e+00 8.113858926677583128e+00 1.390484573078657782e+01 1.132863388729009380e+01 9.435387704488904959e+00 5.790487366721916551e+00 1.953417195630100167e+01 9.508590719619303133e-01 1.274666941368796280e+01 1.880725647394897138e+01 1.580537201241430800e+01 8.875811639419652010e+00 1.079106373753761439e+01 8.364371229961720999e+00 1.132863388729009202e+01 2.290534022073982356e+01 1.331565262048493814e+01 7.632443612684523870e+00 1.271703982543692213e+01 3.457964115535818728e+00 9.785226731170020287e+00 1.187103415155257302e+01 1.133100688950926127e+01 7.078129969281185652e+00 9.527635905080526157e+00 6.262129042280412783e+00 9.435387704488904959e+00 1.331565262048493814e+01 1.299863774272109040e+01 6.514740198859471754e+00 6.115549748550010989e+00 2.322973158612740008e+00 4.626899457842857721e+00 5.718761830598418250e+00 6.914842082105630006e+00 5.059324774153747484e+00 6.277108948795192767e+00 3.845409355526573147e+00 5.790487366721914775e+00 7.632443612684520318e+00 6.514740198859469089e+00 7.919109900473023878e+00
-1.549096345528147900e+00 -4.121714192405530053e-01 -7.058397764126754792e-01 -1.269020916733744508e+00 -1.077576453718916749e+00 -7.121859318285596041e-01 -3.413084659559360579e-01 -8.093352501582944392e-01 -6.350024889241396853e-01 5.286311261047410559e-01 -8.000511295702311676e-01 -4.378059326291936504e-01 -1.564496148685820209e+00 4.667412670225207227e-02 -7.893848611448194275e-01 -6.382457566125382398e-01 -1.932555440775571565e-01 -4.262344825158481676e-01 -6.581825322167279557e-01 -2.078219121162442895e-01 -1.174976203145305709e+00 6.872876016841811264e-02 -3.571872009489152067e-01 -4.105761664872368266e-01 -1.489952509397561853e+00 -1.619642933080065905e+00 -1.196284651829987861e-01 -1.769532574043080619e-01 -1.506838615887342137e+00 4.403661755051675036e-02 9.133417976518495296e-01 -7.708803918233356756e-01 -3.492450007687308844e-01 6.717920096183833678e-01 -1.876481113314752980e+00 -8.592080068994824016e-01 -8.459324708503581647e-01 -7.309070034814000305e-01 -8.396714456386072944e-01 -1.087114945039088454e+00 -7.535765829692927520e-01 -8.684742166311433254e-01 3.551029911815827833e-01 -8.930180787927807229e-01 -3.747475976057665359e-01 -6.039808541816834575e-01 -6.885936988346270660e-01 -1.359323043112834473e+00 -1.189821406347289390e+00 1.298679076270608801e-01 -5.458754440049015111e-01 -8.767235119991725334e-01 5.948998810629659850e-01 -1.120814591247374148e+00 -1.752940348868038400e+00 -8.205927242040609304e-01 -1.042134979511122772e+00 -1.381988606590391688e+00 -1.011244985300019383e+00 6.107292785848443817e-01 6.538556590046079586e-02 5.226251490888641493e-01 1.024398945034922903e+00 -4.767870608181586367e-01 5.233845787522352078e-01 -1.449656435546389233e+00 -1.892457551669708193e+00 -9.377639360801736101e-01 3.858156430935356235e-02 -1.792571636476347097e+00 -1.143755834735642685e+00 -1.309146617866109530e+00 -1.713338180519542009e+00 -3.342110032405601339e-01 -1.757497056246948575e-01 3.864888872971296990e-02 -8.842600715706848691e-01 -9.526050932628441492e-01 -3.715129565200196993e-01 -1.581117004153659023e-01 -1.315618038515143917e-01 -5.156101043627692171e-02 -1.074207216790470154e+00 -1.552848724490211829e+00 -1.450623423600891693e+00 -1.102297691500085497e+00 -9.456505605096714451e-01 -1.243906793271342126e+00 5.042771772242806705e-01 -9.091910307062337493e-01 4.592140793530304355e-01 -7.744919973018572490e-01 -4.538439829890569266e-01 -1.543904715289039054e+00 -4.618541696099449090e-01 1.237825098978661664e+00 -2.144295369422353659e+00 -5.391777391801174657e-01 -3.197548472996303848e-01 -2.062480863419974497e+00 6.454257933503976252e-02 3.656120511363186720e-01 -2.151113699038371685e-01 -1.383690620668439175e+00 -9.224953192360574317e-01 -4.224464177325484293e-01 -1.794769940131812902e+00 3.963908796274238089e-01 -1.447581208960089239e+00 -7.855316955553862668e-01 7.387358536906615258e-01 -1.380346565060286190e+00 -3.153026711551346062e-01 -1.111652024820479312e+00 -1.501087980325866100e+00 -1.461474689458742704e+00 -1.754439970889107192e+00 -9.187701905597045471e-02 -5.953071530433654557e-01 6.657426930887162531e-01 -8.093361617235749206e-01 -1.718090989555841608e-01 -7.746557707391805714e-01 -3.416141579650529558e-01 -9.069983148804107442e-02 4.927259161440710189e-01 -4.283755780354868148e-01 -1.661226094731029779e+00 -1.852817946765544344e+00 2.752640955356044361e-01 3.645449278305917806e-02 -4.095359298402492243e-01 -1.247429862200434725e+00 -1.257950686854974576e+00 -5.486002470751825122e-01 -1.380490214547353212e+00 -2.912718304569455463e-01 5.290218741900739596e-01 7.292805455902470202e-01 -1.214983120832778152e+00 -1.509554686149694236e+00 -6.325386732097900699e-01 -3.507823431342032006e-01 -4.679970242304949402e-01
-1.549096345528147900e+00 -1.564496148685820209e+00 -1.489952509397561853e+00 -8.459324708503581647e-01 -1.189821406347289390e+00 6.538556590046079586e-02 -1.713338180519542009e+00 -1.450623423600891693e+00 -2.144295369422353659e+00 -1.447581208960089239e+00 -8.093361617235749206e-01 -1.247429862200434725e+00 -4.121714192405530053e-01 4.667412670225207227e-02 -1.619642933080065905e+00 -7.309070034814000305e-01 1.298679076270608801e-01 5.226251490888641493e-01 -3.342110032405601339e-01 -1.102297691500085497e+00 -5.391777391801174657e-01 -7.855316955553862668e-01 -1.718090989555841608e-01 -1.257950686854974576e+00 -7.058397764126754792e-01 -7.893848611448194275e-01 -1.196284651829987861e-01 -8.396714456386072944e-01 -5.458754440049015111e-01 1.024398945034922903e+00 -1.757497056246948575e-01 -9.456505605096714451e-01 -3.197548472996303848e-01 7.387358536906615258e-01 -7.746557707391805714e-01 -5.486002470751825122e-01 -1.269020916733744508e+00 -6.382457566125382398e-01 -1.769532574043080619e-01 -1.087114945039088454e+00 -8.767235119991725334e-01 -4.767870608181586367e-01 3.864888872971296990e-02 -1.243906793271342126e+00 -2.062480863419974497e+00 -1.380346565060286190e+00 -3.416141579650529558e-01 -1.380490214547353212e+00 -1.077576453718916749e+00 -1.932555440775571565e-01 -1.506838615887342137e+00 -7.535765829692927520e-01 5.948998810629659850e-01 5.233845787522352078e-01 -8.842600715706848691e-01 5.042771772242806705e-01 6.454257933503976252e-02 -3.153026711551346062e-01 -9.069983148804107442e-02 -2.912718304569455463e-01 -7.121859318285596041e-01 -4.262344825158481676e-01 4.403661755051675036e-02 -8.684742166311433254e-01 -1.120814591247374148e+00 -1.449656435546389233e+00 -9.526050932628441492e-01 -9.091910307062337493e-01 3.656120511363186720e-01 -1.111652024820479312e+00 4.927259161440710189e-01 5.290218741900739596e-01 -3.413084659559360579e-01 -6.581825322167279557e-01 9.133417976518495296e-01 3.551029911815827833e-01 -1.752940348868038400e+00 -1.892457551669708193e+00 -3.715129565200196993e-01 4.592140793530304355e-01 -2.151113699038371685e-01 -1.501087980325866100e+00 -4.283755780354868148e-01 7.292805455902470202e-01 -8.093352501582944392e-01 -2.078219121162442895e-01 -7.708803918233356756e-01 -8.930180787927807229e-01 -8.205927242040609304e-01 -9.377639360801736101e-01 -1.581117004153659023e-01 -7.744919973018572490e-01 -1.383690620668439175e+00 -1.461474689458742704e+00 -1.661226094731029779e+00 -1.214983120832778152e+00 -6.350024889241396853e-01 -1.174976203145305709e+00 -3.492450007687308844e-01 -3.747475976057665359e-01 -1.042134979511122772e+00 3.858156430935356235e-02 -1.315618038515143917e-01 -4.538439829890569266e-01 -9.224953192360574317e-01 -1.754439970889107192e+00 -1.852817946765544344e+00 -1.509554686149694236e+00 5.286311261047410559e-01 6.872876016841811264e-02 6.717920096183833678e-01 -6.039808541816834575e-01 -1.381988606590391688e+00 -1.792571636476347097e+00 -5.156101043627692171e-02 -1.543904715289039054e+00 -4.224464177325484293e-01 -9.187701905597045471e-02 2.752640955356044361e-01 -6.325386732097900699e-01 -8.000511295702311676e-01 -3.571872009489152067e-01 -1.876481113314752980e+00 -6.885936988346270660e-01 -1.011244985300019383e+00 -1.143755834735642685e+00 -1.074207216790470154e+00 -4.618541696099449090e-01 -1.794769940131812902e+00 -5.953071530433654557e-01 3.645449278305917806e-02 -3.507823431342032006e-01 -4.378059326291936504e-01 -4.105761664872368266e-01 -8.592080068994824016e-01 -1.359323043112834473e+00 6.107292785848443817e-01 -1.309146617866109530e+00 -1.552848724490211829e+00 1.237825098978661664e+00 3.963908796274238089e-01 6.657426930887162531e-01 -4.095359298402492243e-01 -4.679970242304949402e-01
1.131268999655304341e+01 1.864226771574483354e+00 4.644075194929500938e+00 4.435130145909754518e+00 6.268451376598378921e+00 6.219905865452302507e+00 6.201852548358962380e+00 7.027846978742323003e+00 6.309661090958288199e+00 8.073325346493868793e+00 3.021887896648541627e+00 5.544482593198160281e+00 1.864226771574482910e+00 7.720720714805762164e+00 3.748358259311955987e+00 5.369076339765810779e+00 3.400802027886748569e+00 1.661025510145410777e-01 2.774213879373981229e+00 9.690191683633986308e-01 4.812634216092026129e+00 2.382376768809680634e+00 4.234460028667181852e+00 3.009708156033281679e+00 4.644075194929500938e+00 3.748358259311956875e+00 1.020467812781914319e+01 5.139092741706866363e+00 3.382317641759045923e+00 4.189495847787085836e-01 6.253540681983596805e+00 1.445340250373170488e+00 3.620303657862724123e+00 4.682965557862893036e+00 1.931379338416431724e+00 5.721022457937351646e+00 4.435130145909755406e+00 5.369076339765811667e+00 5.139092741706866363e+00 9.303653395115221159e+00 4.066338339991531825e+00 3.588139046199207982e+00 3.701211858377997821e+00 3.864366450999252578e+00 6.794290314265121644e+00 3.520865760292562818e+00 5.043710241539519856e+00 4.407638664259505568e+00 6.268451376598378921e+00 3.400802027886748125e+00 3.382317641759045035e+00 4.066338339991531825e+00 1.035162345421938390e+01 5.832981935755761072e+00 4.842960714718458348e+00 7.024073073764433239e+00 6.302003142152520887e+00 7.569254878022084299e+00 2.949152201641564552e+00 3.937005739343112598e+00 6.219905865452302507e+00 1.661025510145415218e-01 4.189495847787085836e-01 3.588139046199208870e+00 5.832981935755761960e+00 1.278645220943277572e+01 2.567002502285268051e+00 6.857807709264966078e+00 6.169093107759478833e+00 6.750220148475851722e+00 3.251063801344390214e+00 2.005474215620823841e+00 6.201852548358964157e+00 2.774213879373981673e+00 6.253540681983595029e+00 3.701211858377996933e+00 4.842960714718460125e+00 2.567002502285268495e+00 1.003524381611745220e+01 2.904908676451355642e+00 1.273937612850220003e+00 5.769897219564643187e+00 1.827849955174221108e-02 4.417125259328577691e+00 7.027846978742323003e+00 9.690191683633981867e-01 1.445340250373170488e+00 3.864366450999253466e+00 7.024073073764431463e+00 6.857807709264965190e+00 2.904908676451353866e+00 1.264898928187482952e+01 7.866804840727597892e+00 6.884462032778163376e+00 3.149812433709830994e+00 2.901919751278676518e+00 6.309661090958285534e+00 4.812634216092026129e+00 3.620303657862725011e+00 6.794290314265120756e+00 6.302003142152519999e+00 6.169093107759477057e+00 1.273937612850219114e+00 7.866804840727597892e+00 1.515249162616025913e+01 5.940221066535134042e+00 7.486201249912190825e+00 4.001698091178953476e+00 8.073325346493868793e+00 2.382376768809680634e+00 4.682965557862892148e+00 3.520865760292561486e+00 7.569254878022084299e+00 6.750220148475852611e+00 5.769897219564642299e+00 6.884462032778165153e+00 5.940221066535135819e+00 1.247520304271308689e+01 2.848669772568180214e+00 5.796074409948025696e+00 3.021887896648539851e+00 4.234460028667182740e+00 1.931379338416432390e+00 5.043710241539520744e+00 2.949152201641564552e+00 3.251063801344389326e+00 1.827849955174221108e-02 3.149812433709831883e+00 7.486201249912191713e+00 2.848669772568179770e+00 8.425845914009634896e+00 3.325760601449987863e+00 5.544482593198160281e+00 3.009708156033282123e+00 5.721022457937350758e+00 4.407638664259504679e+00 3.937005739343113930e+00 2.005474215620823841e+00 4.417125259328576803e+00 2.901919751278676962e+00 4.001698091178954364e+00 5.796074409948023920e+00 3.325760601449987419e+00 9.929987138945129743e+00
-3.974219011858416195e+00 1.003259829487408661e+00 1.273804358644208046e+00 -1.438897630903745339e+00 -2.929794988462377958e+00 -5.513186309593237411e+00 1.250012967434889211e+00 -7.249902958642126194e+00 -6.283975271404610652e+00 -3.034343221906238952e+00 -2.863741126869595810e+00 1.678369677516040825e+00 -3.076904420536976215e+00 8.526832591550010942e-01 2.354101619630956765e+00 -9.660151179593278181e-01 -1.372294125802818732e+00 -7.271490628061806127e+00 2.085134603670863562e+00 -5.082692405273600222e+00 -4.159615984284150692e+00 -3.351312368767453975e+00 -3.979099935875478167e+00 -7.684876124653842178e-01 -5.241420708912864157e+00 2.021865334627753086e+00 1.889132685535472422e+00 -1.671707773544058306e-01 -1.409797461584851641e+00 -7.961976655659813495e+00 9.225656749905182252e-01 -7.761672964665147667e+00 -4.804612263415319440e+00 -3.241481019323943169e+00 -3.294402833584762380e+00 1.097897374661229719e+00 -5.368214420106876439e+00 3.871984850752637985e+00 -3.404541249906763434e-01 2.295245998898123752e+00 -2.495448929095152479e+00 -4.043247156412664189e+00 -3.995357230706662932e+00 -4.634681998399633684e+00 5.668976144889301683e-01 -5.503941359420895907e+00 1.395301076831977349e+00 -2.672045115854905450e+00 -2.871156598477599964e+00 3.456869730774574379e-01 2.552934003034786681e+00 -2.310573737066048849e+00 -1.319285087955471392e+00 -5.993994097571934354e+00 3.429129847906129847e+00 -5.918381317412174880e+00 -7.825269618232572277e+00 -7.493635814317394228e-01 -5.746730835676733484e+00 1.274013738691042397e+00 -2.447139901917436244e+00 8.814259903016130604e-01 -3.010376331787419923e-01 -8.953008345093457221e-01 -1.644303603912186107e+00 -4.311562209049327521e+00 -8.559606271574321523e-01 -2.134992293216328108e+00 -1.947696429015723263e+00 -1.693389516953944574e+00 -1.177690734458406885e+00 -1.691784162157862204e+00 -2.755927896129025001e+00 -2.312820043264888770e-01 2.578642819868191549e-01 -3.755178592385867709e-01 -2.043071823132115661e+00 -3.559095155526185827e+00 2.863976461733979684e-01 -3.778285610793915783e+00 -2.345080569066206877e+00 -1.460864790367635280e+00 -1.513855717066928896e+00 -3.366717745370198522e-01 -5.764107295293627864e+00 2.367706768815341700e+00 2.507349184208708781e+00 -9.586135890346446642e-01 -3.519075985973667553e+00 -9.151257596307013742e+00 6.558040885417362187e-01 -9.667174130333354043e+00 -6.360162387709289433e+00 -5.013769404414368580e+00 -4.212660734453917755e+00 9.089404322177833118e-01 -3.931360168372493469e+00 1.173465421925887098e+00 2.190269297391288728e+00 -1.705427466339166642e+00 -6.699059422235220662e-01 -7.683765687277070988e+00 2.532810055468786015e+00 -6.048006596504237109e+00 -6.606028090746493220e+00 -1.449993140098542410e+00 -4.182830585906641474e+00 1.066297338263652250e+00 -3.340801481671885398e+00 1.012362829860910640e+00 8.223893012620540066e-01 -2.750484082780645378e-01 -1.057575066959817844e+00 -5.957000147957947966e+00 1.021794557778281376e-01 -5.451996958464047083e+00 -3.225626514459058569e+00 -2.632507435144179730e+00 -2.314389061876578779e+00 -8.912722428029751232e-01 -3.177640129952116421e+00 8.816561290256086370e-01 3.336883989262557360e-01 -9.671388997456712433e-01 -2.794223695167409982e+00 -3.068473778427838639e+00 -6.155390209099471654e-01 -4.589260005730579906e+00 -4.179308165897016814e+00 -2.304057858893187039e+00 -1.735766222337478570e+00 7.246050515540827242e-01 -5.719816758824838310e+00 1.702001130331842305e+00 4.074682071001865857e+00 -1.578797694316330436e+00 -2.267532003616825609e+00 -1.078226263106361316e+01 3.062657470145258465e+00 -1.065864641559119086e+01 -8.652701625424146670e+00 -4.593689292759262521e+00 -5.590488374814552408e+00 2.047000637275565804e+00
-3.974219011858416195e+00 -3.076904420536976215e+00 -5.241420708912864157e+00 -5.368214420106876439e+00 -2.871156598477599964e+00 -2.447139901917436244e+00 -2.755927896129025001e+00 -5.764107295293627864e+00 -3.931360168372493469e+00 -3.340801481671885398e+00 -3.177640129952116421e+00 -5.719816758824838310e+00 1.003259829487408661e+00 8.526832591550010942e-01 2.021865334627753086e+00 3.871984850752637985e+00 3.456869730774574379e-01 8.814259903016130604e-01 -2.312820043264888770e-01 2.367706768815341700e+00 1.173465421925887098e+00 1.012362829860910640e+00 8.816561290256086370e-01 1.702001130331842305e+00 1.273804358644208046e+00 2.354101619630956765e+00 1.889132685535472422e+00 -3.404541249906763434e-01 2.552934003034786681e+00 -3.010376331787419923e-01 2.578642819868191549e-01 2.507349184208708781e+00 2.190269297391288728e+00 8.223893012620540066e-01 3.336883989262557360e-01 4.074682071001865857e+00 -1.438897630903745339e+00 -9.660151179593278181e-01 -1.671707773544058306e-01 2.295245998898123752e+00 -2.310573737066048849e+00 -8.953008345093457221e-01 -3.755178592385867709e-01 -9.586135890346446642e-01 -1.705427466339166642e+00 -2.750484082780645378e-01 -9.671388997456712433e-01 -1.578797694316330436e+00 -2.929794988462377958e+00 -1.372294125802818732e+00 -1.409797461584851641e+00 -2.495448929095152479e+00 -1.319285087955471392e+00 -1.644303603912186107e+00 -2.043071823132115661e+00 -3.519075985973667553e+00 -6.699059422235220662e-01 -1.057575066959817844e+00 -2.794223695167409982e+00 -2.267532003616825609e+00 -5.513186309593237411e+00 -7.271490628061806127e+00 -7.961976655659813495e+00 -4.043247156412664189e+00 -5.993994097571934354e+00 -4.311562209049327521e+00 -3.559095155526185827e+00 -9.151257596307013742e+00 -7.683765687277070988e+00 -5.957000147957947966e+00 -3.068473778427838639e+00 -1.078226263106361316e+01 1.250012967434889211e+00 2.085134603670863562e+00 9.225656749905182252e-01 -3.995357230706662932e+00 3.429129847906129847e+00 -8.559606271574321523e-01 2.863976461733979684e-01 6.558040885417362187e-01 2.532810055468786015e+00 1.021794557778281376e-01 -6.155390209099471654e-01 3.062657470145258465e+00 -7.249902958642126194e+00 -5.082692405273600222e+00 -7.761672964665147667e+00 -4.634681998399633684e+00 -5.918381317412174880e+00 -2.134992293216328108e+00 -3.778285610793915783e+00 -9.667174130333354043e+00 -6.048006596504237109e+00 -5.451996958464047083e+00 -4.589260005730579906e+00 -1.065864641559119086e+01 -6.283975271404610652e+00 -4.159615984284150692e+00 -4.804612263415319440e+00 5.668976144889301683e-01 -7.825269618232572277e+00 -1.947696429015723263e+00 -2.345080569066206877e+00 -6.360162387709289433e+00 -6.606028090746493220e+00 -3.225626514459058569e+00 -4.179308165897016814e+00 -8.652701625424146670e+00 -3.034343221906238952e+00 -3.351312368767453975e+00 -3.241481019323943169e+00 -5.503941359420895907e+00 -7.493635814317394228e-01 -1.693389516953944574e+00 -1.460864790367635280e+00 -5.013769404414368580e+00 -1.449993140098542410e+00 -2.632507435144179730e+00 -2.304057858893187039e+00 -4.593689292759262521e+00 -2.863741126869595810e+00 -3.979099935875478167e+00 -3.294402833584762380e+00 1.395301076831977349e+00 -5.746730835676733484e+00 -1.177690734458406885e+00 -1.513855717066928896e+00 -4.212660734453917755e+00 -4.182830585906641474e+00 -2.314389061876578779e+00 -1.735766222337478570e+00 -5.590488374814552408e+00 1.678369677516040825e+00 -7.684876124653842178e-01 1.097897374661229719e+00 -2.672045115854905450e+00 1.274013738691042397e+00 -1.691784162157862204e+00 -3.366717745370198522e-01 9.089404322177833118e-01 1.066297338263652250e+00 -8.912722428029751232e-01 7.246050515540827242e-01 2.047000637275565804e+00
1.976004430546770507e+01 1.245588519982211650e+01 1.559108045647885987e+01 1.094845949834575372e+01 1.541407929664771892e+01 9.466823370097358747e+00 1.072275806617619764e+01 2.173450178066493876e+01 1.391346109027595190e+01 1.234343815254514709e+01 1.409954673205091247e+01 2.164751405886615743e+01 1.245588519982211473e+01 1.718131740707097777e+01 1.402921714205325365e+01 9.012328703943394359e+00 1.331156720236364599e+01 9.760088635126244583e+00 8.771114345778286747e+00 1.909734143417439611e+01 1.256668633568941296e+01 1.211836595511793213e+01 9.306761111861643343e+00 2.027651093744968236e+01 1.559108045647885987e+01 1.402921714205325543e+01 1.889308433574896640e+01 1.110384914757187502e+01 1.414718106031185663e+01 9.500626982596077852e+00 9.804357834822434725e+00 2.161921518508311024e+01 1.455206357443325871e+01 1.336667759594244842e+01 1.123826323490112777e+01 2.254071303539618043e+01 1.094845949834575727e+01 9.012328703943397912e+00 1.110384914757187858e+01 1.935283980741012755e+01 6.170930369572769969e+00 8.883526670206720155e+00 7.983223142771884717e+00 1.642177270592541305e+01 8.235306546507555225e+00 1.057079966030916474e+01 1.067081616748967754e+01 1.375406082189435608e+01 1.541407929664771537e+01 1.331156720236364599e+01 1.414718106031185485e+01 6.170930369572765528e+00 1.854978223681429483e+01 8.458126737459238598e+00 8.828787697665168466e+00 1.902545669249035143e+01 1.453990895266684902e+01 1.137580351150196911e+01 1.077508760875456950e+01 2.005372358517459475e+01 9.466823370097362300e+00 9.760088635126246359e+00 9.500626982596076076e+00 8.883526670206720155e+00 8.458126737459238598e+00 1.160561690962946280e+01 6.721685315636830360e+00 1.386397430145804677e+01 8.887860114609113182e+00 9.346050575914542691e+00 8.314294140387071153e+00 1.187688165572458310e+01 1.072275806617619587e+01 8.771114345778284971e+00 9.804357834822434725e+00 7.983223142771881164e+00 8.828787697665168466e+00 6.721685315636828584e+00 9.747703849299554690e+00 1.338991793733469748e+01 8.681255347294769109e+00 8.824930997934899324e+00 8.703844498515604045e+00 1.323947549957156333e+01 2.173450178066493521e+01 1.909734143417439967e+01 2.161921518508311024e+01 1.642177270592540594e+01 1.902545669249035498e+01 1.386397430145804321e+01 1.338991793733469748e+01 3.135156001858227270e+01 1.839649552053658610e+01 1.743288385745800895e+01 1.666241493443995481e+01 2.993229882853841062e+01 1.391346109027594835e+01 1.256668633568941118e+01 1.455206357443325516e+01 8.235306546507551673e+00 1.453990895266684547e+01 8.887860114609113182e+00 8.681255347294767333e+00 1.839649552053657899e+01 1.707133901461198633e+01 1.186135344781699530e+01 9.964303864989441095e+00 2.051691350767444533e+01 1.234343815254514709e+01 1.211836595511793035e+01 1.336667759594244664e+01 1.057079966030916296e+01 1.137580351150196734e+01 9.346050575914542691e+00 8.824930997934899324e+00 1.743288385745800895e+01 1.186135344781699708e+01 1.374289919119396153e+01 9.337470718831784922e+00 1.743145856355626222e+01 1.409954673205091424e+01 9.306761111861645119e+00 1.123826323490112955e+01 1.067081616748967399e+01 1.077508760875457305e+01 8.314294140387069376e+00 8.703844498515605821e+00 1.666241493443995836e+01 9.964303864989442872e+00 9.337470718831786698e+00 1.447310251385230551e+01 1.567560061356708978e+01 2.164751405886615743e+01 2.027651093744968236e+01 2.254071303539618043e+01 1.375406082189435253e+01 2.005372358517459475e+01 1.187688165572458310e+01 1.323947549957156333e+01 2.993229882853841417e+01 2.051691350767444888e+01 1.743145856355626222e+01 1.567560061356708800e+01 3.455128694910435883e+01
-9.711202284446002198e-01 -9.120425135033143338e-01 -1.620483323466209713e+00 9.425318040175693912e-02 -6.104286512937666664e-01 -9.530050762605781767e-01 2.432988513870035230e-02 -1.751360346038398186e+00 -4.689621189848502958e-01 -1.356275912996268429e-01 -6.185279905956654334e-01 -1.337331904060721888e+00 -1.256776991591742332e-01 -1.106053291616600820e+00 -3.527399787588794133e-01 -1.108372356369694778e+00 -6.792313117808878031e-01 -9.416217920130806607e-02 -9.923798353345253398e-01 7.068371087777794437e-02 -1.246102721831791493e+00 -1.132247039366658381e+00 -1.676451026077814266e-01 -2.632313971491081483e-01 9.856332297906315876e-02 -1.124232517325356007e+00 -3.429242608176507057e-01 -1.611001220860168059e+00 3.742640671097086091e-01 -5.445462928595921070e-01 -2.884773326366871782e-01 -9.748655089357349812e-01 -1.610916858636333382e+00 -8.613003384808681773e-01 -1.284826989278407217e+00 -1.459484183333895402e+00 -1.094918667212142260e+00 -2.681113215895597479e-01 -1.547971221846345058e+00 9.442217174808895108e-02 -1.298313150570053587e+00 -8.031945616213386208e-01 -4.482932422332003841e-01 -1.372377510626826114e+00 -3.805582541494018645e-01 -8.209204054351728619e-01 -9.484701202868569547e-01 1.683740087216467618e-02 -1.540612820122400084e+00 -2.056904443841429675e-01 -3.841426713228362350e-02 -1.605984507651426085e+00 -1.693706339750559398e+00 -3.782785062150993971e-01 -8.109489415730759543e-01 -1.069149174033120264e+00 -1.318084888725247872e+00 -9.931565831617962248e-01 -1.644773459506858604e-01 -3.900680674632307499e-01 -3.611171373611451463e-01 -2.078129959353597567e+00 -1.801806871406264055e+00 1.911825090418584894e-01 -9.917476386641339570e-01 -1.579040335176153054e+00 -2.399958582812939112e-01 -1.112833149609067762e+00 -1.828923346395338601e-01 -1.377920008445387146e-01 -2.303853138118985844e-02 2.765136816997176838e-01 -1.581139034264235521e+00 -1.315815875478163477e+00 -1.385469937719319589e+00 -1.113863028939497735e+00 -1.817927078780902317e+00 -1.381395602199249950e+00 -7.452677957985573975e-01 -1.509461686731861985e+00 -1.646410147419921977e+00 -5.099881104102219620e-01 -4.260065880696082274e-01 4.931284008078153924e-01 -1.070370114072738632e+00 -9.508268992565321875e-01 -6.388149595763533695e-01 -2.340624059721302386e-01 -1.840911444341846614e+00 -7.161740116883980045e-01 -2.845967465469590452e-01 -1.175923989540245129e+00 -6.661432894152228279e-01 -5.371597082581931470e-01 -4.730163624218346463e-01 -8.824251066159425338e-01 -1.155679411905045972e+00 -1.107031778637028507e+00 -1.341942905186263690e+00 -1.376936429500527637e-01 -1.472599117282428427e+00 -1.124015304062490284e+00 9.045159699024615807e-02 -1.175668436938733130e+00 -5.226101605199874323e-01 -5.209704024527279653e-01 -1.073168188704331838e+00 -5.156607232518535255e-01 -2.653508979990516492e-01 -1.160508836204993122e+00 -1.127213726041703667e+00 -8.667305787140979767e-01 -1.185945307254565817e+00 -5.914387216253826907e-01 -4.365084081592860987e-01 -1.006061731356815647e+00 -1.429222945047133875e-01 -1.046222526318443924e+00 -3.759215617237728346e-01 -1.847164487896802432e-01 -1.237881062103670882e+00 1.293783529020090806e-01 -2.190039780810023873e-01 -6.482413707785725787e-01 -1.409779167923297605e+00 -5.514501000697186184e-01 -2.909904500809005201e-01 -1.037439175006847458e+00 -1.057537629297292447e+00 -5.509207787866566841e-01 -1.106970505808492433e+00 -1.682685865465080033e-01 -5.602659371218560169e-01 -1.895284158023022636e+00 -1.816767008316704013e+00 8.809486996842889051e-01 -1.192900402625185707e+00 -1.983176361239897156e+00 -8.734233656021237469e-01 -1.311070402093622134e+00 5.154039173385710493e-01 -2.834367455447613926e-01 -1.238244395104041995e-01 3.546598772323136251e-01
-9.711202284446002198e-01 -1.256776991591742332e-01 9.856332297906315876e-02 -1.094918667212142260e+00 -1.540612820122400084e+00 -3.611171373611451463e-01 -1.581139034264235521e+00 -1.070370114072738632e+00 -1.155679411905045972e+00 -2.653508979990516492e-01 -1.237881062103670882e+00 -5.602659371218560169e-01 -9.120425135033143338e-01 -1.106053291616600820e+00 -1.124232517325356007e+00 -2.681113215895597479e-01 -2.056904443841429675e-01 -2.078129959353597567e+00 -1.315815875478163477e+00 -9.508268992565321875e-01 -1.107031778637028507e+00 -1.160508836204993122e+00 1.293783529020090806e-01 -1.895284158023022636e+00 -1.620483323466209713e+00 -3.527399787588794133e-01 -3.429242608176507057e-01 -1.547971221846345058e+00 -3.841426713228362350e-02 -1.801806871406264055e+00 -1.385469937719319589e+00 -6.388149595763533695e-01 -1.341942905186263690e+00 -1.127213726041703667e+00 -2.190039780810023873e-01 -1.816767008316704013e+00 9.425318040175693912e-02 -1.108372356369694778e+00 -1.611001220860168059e+00 9.442217174808895108e-02 -1.605984507651426085e+00 1.911825090418584894e-01 -1.113863028939497735e+00 -2.340624059721302386e-01 -1.376936429500527637e-01 -8.667305787140979767e-01 -6.482413707785725787e-01 8.809486996842889051e-01 -6.104286512937666664e-01 -6.792313117808878031e-01 3.742640671097086091e-01 -1.298313150570053587e+00 -1.693706339750559398e+00 -9.917476386641339570e-01 -1.817927078780902317e+00 -1.840911444341846614e+00 -1.472599117282428427e+00 -1.185945307254565817e+00 -1.409779167923297605e+00 -1.192900402625185707e+00 -9.530050762605781767e-01 -9.416217920130806607e-02 -5.445462928595921070e-01 -8.031945616213386208e-01 -3.782785062150993971e-01 -1.579040335176153054e+00 -1.381395602199249950e+00 -7.161740116883980045e-01 -1.124015304062490284e+00 -5.914387216253826907e-01 -5.514501000697186184e-01 -1.983176361239897156e+00 2.432988513870035230e-02 -9.923798353345253398e-01 -2.884773326366871782e-01 -4.482932422332003841e-01 -8.109489415730759543e-01 -2.399958582812939112e-01 -7.452677957985573975e-01 -2.845967465469590452e-01 9.045159699024615807e-02 -4.365084081592860987e-01 -2.909904500809005201e-01 -8.734233656021237469e-01 -1.751360346038398186e+00 7.068371087777794437e-02 -9.748655089357349812e-01 -1.372377510626826114e+00 -1.069149174033120264e+00 -1.112833149609067762e+00 -1.509461686731861985e+00 -1.175923989540245129e+00 -1.175668436938733130e+00 -1.006061731356815647e+00 -1.037439175006847458e+00 -1.311070402093622134e+00 -4.689621189848502958e-01 -1.246102721831791493e+00 -1.610916858636333382e+00 -3.805582541494018645e-01 -1.318084888725247872e+00 -1.828923346395338601e-01 -1.646410147419921977e+00 -6.661432894152228279e-01 -5.226101605199874323e-01 -1.429222945047133875e-01 -1.057537629297292447e+00 5.154039173385710493e-01 -1.356275912996268429e-01 -1.132247039366658381e+00 -8.613003384808681773e-01 -8.209204054351728619e-01 -9.931565831617962248e-01 -1.377920008445387146e-01 -5.099881104102219620e-01 -5.371597082581931470e-01 -5.209704024527279653e-01 -1.046222526318443924e+00 -5.509207787866566841e-01 -2.834367455447613926e-01 -6.185279905956654334e-01 -1.676451026077814266e-01 -1.284826989278407217e+00 -9.484701202868569547e-01 -1.644773459506858604e-01 -2.303853138118985844e-02 -4.260065880696082274e-01 -4.730163624218346463e-01 -1.073168188704331838e+00 -3.759215617237728346e-01 -1.106970505808492433e+00 -1.238244395104041995e-01 -1.337331904060721888e+00 -2.632313971491081483e-01 -1.459484183333895402e+00 1.683740087216467618e-02 -3.900680674632307499e-01 2.765136816997176838e-01 4.931284008078153924e-01 -8.824251066159425338e-01 -5.156607232518535255e-01 -1.847164487896802432e-01 -1.682685865465080033e-01 3.546598772323136251e-01
9.256630908725984597e+00 2.451137062254542975e+00 5.954909611396647762e+00 5.488402760353165100e+00 3.551686690722308803e+00 5.324249392751829291e+00 6.593760329036101986e+00 6.583409084894220165e+00 6.555187228449870673e+00 4.947391957066372470e+00 4.286379475123113458e+00 4.388811114746378195e+00 2.451137062254542531e+00 7.543717143229590860e+00 3.385852965451028318e+00 4.214615109334378218e+00 6.517027919274269721e+00 3.299968154286242239e+00 5.647146756979126714e+00 3.510859484995720869e+00 2.073629926694751546e+00 3.201129150239543364e+00 3.174744888201470161e+00 4.817306749197575400e+00 5.954909611396647762e+00 3.385852965451029206e+00 1.010862816985287083e+01 3.071700692806921484e+00 3.656772115612294982e+00 3.914121580434647640e+00 6.159689149583767787e+00 5.650212016530304915e+00 6.297467350098824745e+00 5.524524065209238444e+00 4.134696208936613715e+00 2.163546634937517421e+00 5.488402760353165100e+00 4.214615109334378218e+00 3.071700692806920152e+00 9.073344021582871122e+00 6.051153702187384020e+00 4.906455354933948243e+00 6.477086010222966372e+00 5.083197398772202114e+00 4.500333583386535885e+00 3.642698040879079446e+00 5.226336951712766243e+00 5.941909233666109458e+00 3.551686690722307915e+00 6.517027919274269721e+00 3.656772115612293206e+00 6.051153702187384020e+00 1.157399542834441775e+01 2.782860539674278932e+00 7.550152218695938444e+00 4.264160924048159274e+00 3.122059304054284556e+00 3.058145001827407228e+00 5.324814700149500979e+00 4.933136874230595659e+00 5.324249392751829291e+00 3.299968154286243571e+00 3.914121580434648084e+00 4.906455354933948243e+00 2.782860539674279376e+00 8.490519952456141439e+00 6.864876493717392947e+00 5.534210455443044019e+00 5.011739082497887132e+00 5.669875835094346783e+00 3.352341418650561788e+00 6.778177474341879893e+00 6.593760329036103762e+00 5.647146756979125826e+00 6.159689149583766010e+00 6.477086010222967261e+00 7.550152218695937556e+00 6.864876493717391170e+00 1.240882299095899199e+01 6.615354287714465542e+00 6.876244434496308067e+00 6.136379903729769048e+00 6.066928257880047859e+00 7.139770165801555102e+00 6.583409084894219276e+00 3.510859484995721314e+00 5.650212016530304027e+00 5.083197398772203002e+00 4.264160924048159274e+00 5.534210455443044019e+00 6.615354287714466430e+00 9.535651183956908028e+00 6.157571111741088288e+00 6.162937498439108097e+00 5.056216712535746893e+00 5.245501620970902223e+00 6.555187228449871562e+00 2.073629926694751546e+00 6.297467350098825634e+00 4.500333583386536773e+00 3.122059304054283224e+00 5.011739082497885356e+00 6.876244434496309843e+00 6.157571111741088288e+00 8.812547829920298170e+00 5.571484686764546446e+00 4.766437773503010789e+00 3.379359484304388594e+00 4.947391957066373358e+00 3.201129150239542476e+00 5.524524065209238444e+00 3.642698040879080335e+00 3.058145001827407228e+00 5.669875835094345007e+00 6.136379903729769936e+00 6.162937498439108097e+00 5.571484686764545557e+00 8.931089278932260456e+00 3.250784424628697433e+00 4.359201195870217482e+00 4.286379475123112570e+00 3.174744888201470161e+00 4.134696208936611939e+00 5.226336951712767132e+00 5.324814700149501867e+00 3.352341418650561344e+00 6.066928257880046971e+00 5.056216712535745117e+00 4.766437773503010789e+00 3.250784424628696101e+00 7.328913992122710219e+00 3.607576636300564576e+00 4.388811114746377307e+00 4.817306749197575400e+00 2.163546634937517421e+00 5.941909233666109458e+00 4.933136874230596547e+00 6.778177474341879893e+00 7.139770165801555102e+00 5.245501620970902223e+00 3.379359484304387262e+00 4.359201195870215706e+00 3.607576636300564132e+00 1.113935741805692281e+01
-1.660270270513489299e+00 -3.373391224744005434e+00 -3.058060576491195004e-01 -3.702023350372796617e+00 -2.169625758503740620e+00 -1.816842257499595048e+00 -2.723120157027812738e+00 -1.156390605133911231e+00 -5.059372236973380677e-01 -6.230492325354448635e-01 -1.877464164351019260e+00 -3.604602310116803210e+00 -2.784884987919666433e+00 -9.895623948591160124e-01 -2.177972739498144961e+00 -2.440890574072405617e+00 9.653734362730124197e-01 -2.645481056747418958e+00 -1.687445842024102305e+00 -2.313034593315270726e+00 -3.815712565095507713e+00 -3.426287464397752558e+00 -2.124586177476343263e+00 -8.039147078727870710e-01 -2.266385518883520689e+00 -7.106266822277725881e-01 -2.519927770633260344e+00 -2.233156883767376755e+00 1.048359752769633779e+00 -3.681350614571938351e+00 -2.404500138803165488e+00 -3.150323446356077639e+00 -2.946817393567974896e+00 -2.413038181663142989e+00 -2.982336650377110043e+00 -1.581913879393224143e+00 -2.177415510656173669e+00 -1.736571841306653541e+00 -2.833016068287499856e+00 -1.099934874359140391e+00 -7.921023230615933386e-01 -1.783781713203438812e+00 -1.112953060171890884e+00 -3.177601740962368915e+00 -2.766843395142358997e+00 -3.420953561313260227e+00 -1.424331682995373605e+00 -1.369288926267733908e+00 -3.169823356876564358e+00 -4.197069934410570524e-01 -4.211017553460024487e+00 -1.351022745356672772e+00 1.150395605823128609e+00 -2.970206041475078163e+00 -1.738038731347907317e+00 -3.393083155393673334e+00 -3.631204685990562009e+00 -3.053502447639746098e+00 -3.197185872755528457e+00 -1.027338367816945430e+00 -7.869990521223896307e-01 -2.244922383233427077e+00 -2.446260032164805587e+00 -1.970149976675068748e+00 -5.325937408790798466e-01 -3.537007330107497349e+00 -2.967345604105697809e+00 -2.422636533393756952e+00 -1.700314621385989211e+00 -3.296111920794015049e+00 -2.304049826481552543e+00 -2.528525478031822260e+00 -1.462259927785162894e+00 -4.758882338817288726e+00 -1.513787532580408435e-01 -6.152647867733730180e+00 -4.744807780995260238e+00 -3.164484507621312837e+00 -2.545867434356797077e+00 -1.841234257495420579e+00 -1.131396026451615633e+00 3.872612312046832539e-01 -4.657591169422721222e+00 -4.424964412321031659e+00 -9.528781611296657239e-01 -5.581869028130407528e+00 5.347140593889979782e-02 -5.838904604619209238e+00 -6.066807407114770179e+00 -1.597871963819428753e+00 -3.145719586918263921e+00 -6.144296079592712068e-02 4.142654547166325640e-01 1.159412981773057627e+00 -3.254518369154684176e+00 -3.892290256009705018e+00 -1.335606545316804450e+00 -2.984618231244949627e+00 -1.939543424337418775e+00 -3.361772134349927832e+00 -2.001554917090528907e+00 -2.564310638344280857e+00 -1.823367119155312466e+00 -2.322630365257000840e+00 -1.323606272054896227e+00 -2.127997356835510612e+00 -3.301557703135233446e+00 -2.171417521275316176e+00 3.847970110459872917e-01 -4.492893061387192688e+00 -4.670353245892985838e-01 -3.999004587130795763e+00 -5.019650062475817798e+00 -1.615003143373552774e+00 -2.469748229519192595e+00 -5.396646844268453425e-01 4.748302913666967440e-01 1.088106951044166770e+00 -4.104921518095375532e+00 -5.273692691438941260e+00 -3.184051200084023203e-01 -6.023353183693298973e+00 8.355653523802155647e-01 -5.991079624383606195e+00 -6.018741848605505318e+00 -3.235038003637499937e+00 -2.462534086058017380e+00 -1.499225617844736291e+00 6.655847474475826697e-01 -6.959416579132324809e-01 -2.692962322372930650e+00 -5.318856883107663691e+00 -1.232200952915743164e+00 -2.072721244486089187e+00 -7.687577745492509829e-01 -3.854012717235393293e+00 -2.217021633722245255e+00 -3.217782672137067923e+00 -1.665973511812909758e+00 -2.443271622771297835e+00 -2.087772608941494301e+00 -1.513520581563330358e+00 -1.952020358177189330e+00 -2.688456029280703152e+00
-1.660270270513489299e+00 -2.784884987919666433e+00 -2.266385518883520689e+00 -2.177415510656173669e+00 -3.169823356876564358e+00 -7.869990521223896307e-01 -1.462259927785162894e+00 -9.528781611296657239e-01 -1.335606545316804450e+00 3.847970110459872917e-01 -3.184051200084023203e-01 -1.232200952915743164e+00 -3.373391224744005434e+00 -9.895623948591160124e-01 -7.106266822277725881e-01 -1.736571841306653541e+00 -4.197069934410570524e-01 -2.244922383233427077e+00 -4.758882338817288726e+00 -5.581869028130407528e+00 -2.984618231244949627e+00 -4.492893061387192688e+00 -6.023353183693298973e+00 -2.072721244486089187e+00 -3.058060576491195004e-01 -2.177972739498144961e+00 -2.519927770633260344e+00 -2.833016068287499856e+00 -4.211017553460024487e+00 -2.446260032164805587e+00 -1.513787532580408435e-01 5.347140593889979782e-02 -1.939543424337418775e+00 -4.670353245892985838e-01 8.355653523802155647e-01 -7.687577745492509829e-01 -3.702023350372796617e+00 -2.440890574072405617e+00 -2.233156883767376755e+00 -1.099934874359140391e+00 -1.351022745356672772e+00 -1.970149976675068748e+00 -6.152647867733730180e+00 -5.838904604619209238e+00 -3.361772134349927832e+00 -3.999004587130795763e+00 -5.991079624383606195e+00 -3.854012717235393293e+00 -2.169625758503740620e+00 9.653734362730124197e-01 1.048359752769633779e+00 -7.921023230615933386e-01 1.150395605823128609e+00 -5.325937408790798466e-01 -4.744807780995260238e+00 -6.066807407114770179e+00 -2.001554917090528907e+00 -5.019650062475817798e+00 -6.018741848605505318e+00 -2.217021633722245255e+00 -1.816842257499595048e+00 -2.645481056747418958e+00 -3.681350614571938351e+00 -1.783781713203438812e+00 -2.970206041475078163e+00 -3.537007330107497349e+00 -3.164484507621312837e+00 -1.597871963819428753e+00 -2.564310638344280857e+00 -1.615003143373552774e+00 -3.235038003637499937e+00 -3.217782672137067923e+00 -2.723120157027812738e+00 -1.687445842024102305e+00 -2.404500138803165488e+00 -1.112953060171890884e+00 -1.738038731347907317e+00 -2.967345604105697809e+00 -2.545867434356797077e+00 -3.145719586918263921e+00 -1.823367119155312466e+00 -2.469748229519192595e+00 -2.462534086058017380e+00 -1.665973511812909758e+00 -1.156390605133911231e+00 -2.313034593315270726e+00 -3.150323446356077639e+00 -3.177601740962368915e+00 -3.393083155393673334e+00 -2.422636533393756952e+00 -1.841234257495420579e+00 -6.144296079592712068e-02 -2.322630365257000840e+00 -5.396646844268453425e-01 -1.499225617844736291e+00 -2.443271622771297835e+00 -5.059372236973380677e-01 -3.815712565095507713e+00 -2.946817393567974896e+00 -2.766843395142358997e+00 -3.631204685990562009e+00 -1.700314621385989211e+00 -1.131396026451615633e+00 4.142654547166325640e-01 -1.323606272054896227e+00 4.748302913666967440e-01 6.655847474475826697e-01 -2.087772608941494301e+00 -6.230492325354448635e-01 -3.426287464397752558e+00 -2.413038181663142989e+00 -3.420953561313260227e+00 -3.053502447639746098e+00 -3.296111920794015049e+00 3.872612312046832539e-01 1.159412981773057627e+00 -2.127997356835510612e+00 1.088106951044166770e+00 -6.959416579132324809e-01 -1.513520581563330358e+00 -1.877464164351019260e+00 -2.124586177476343263e+00 -2.982336650377110043e+00 -1.424331682995373605e+00 -3.197185872755528457e+00 -2.304049826481552543e+00 -4.657591169422721222e+00 -3.254518369154684176e+00 -3.301557703135233446e+00 -4.104921518095375532e+00 -2.692962322372930650e+00 -1.952020358177189330e+00 -3.604602310116803210e+00 -8.039147078727870710e-01 -1.581913879393224143e+00 -1.369288926267733908e+00 -1.027338367816945430e+00 -2.528525478031822260e+00 -4.424964412321031659e+00 -3.892290256009705018e+00 -2.171417521275316176e+00 -5.273692691438941260e+00 -5.318856883107663691e+00 -2.688456029280703152e+00
1.757542001693061451e+01 2.077135036956740777e+01 8.398176744133103000e+00 1.196268875917371233e+01 8.411404192733167307e+00 1.099519561658033773e+01 1.909266282714409613e+01 1.583328962442043242e+01 1.223962305856845134e+01 1.230453753327367572e+01 2.184040711292512782e+01 1.453945525174660780e+01 2.077135036956740777e+01 4.917928064791522758e+01 6.945267474267225793e+00 1.916757938651952031e+01 4.544041292381562513e+00 1.071297716233165254e+01 2.054472798229915043e+01 1.072722538910954704e+01 1.353914031434977439e+01 5.304014865701595305e+00 3.057184624942123463e+01 2.426722650240134627e+01 8.398176744133099447e+00 6.945267474267226682e+00 1.963368643381375023e+01 8.689531284896004237e+00 1.762590319507793879e+01 1.548660993342542191e+01 1.461905800780427711e+01 1.130550126017690893e+01 1.357437525606771267e+01 1.222639280133320661e+01 8.597196447533415053e+00 9.028131344573363748e+00 1.196268875917371410e+01 1.916757938651951321e+01 8.689531284896006014e+00 1.702092010667350053e+01 1.146854367723287993e+01 1.077194229761209243e+01 1.488750041021400783e+01 1.072946630079303176e+01 1.206827594404460591e+01 8.643463809729421854e+00 1.752293437241645435e+01 1.370271461195816087e+01 8.411404192733169083e+00 4.544041292381566066e+00 1.762590319507793524e+01 1.146854367723287815e+01 2.375596741537854228e+01 1.503067688188898465e+01 1.528101583523356766e+01 1.302572289680895601e+01 1.446722394372564224e+01 1.452294815534841987e+01 6.676426024593975939e+00 7.405563650453482083e+00 1.099519561658033950e+01 1.071297716233165431e+01 1.548660993342542369e+01 1.077194229761209421e+01 1.503067688188898110e+01 1.892095959758097834e+01 1.602273968303207852e+01 1.381967835296513236e+01 1.492666184641893068e+01 1.343017280972777883e+01 1.420582519407970068e+01 1.092346408958793447e+01 1.909266282714409257e+01 2.054472798229914687e+01 1.461905800780428066e+01 1.488750041021400783e+01 1.528101583523356943e+01 1.602273968303207852e+01 3.053470133188887914e+01 2.463910789403224655e+01 1.920628352387939231e+01 2.107608257720453082e+01 2.732563773299960275e+01 1.871406301579146003e+01 1.583328962442043064e+01 1.072722538910953816e+01 1.130550126017691071e+01 1.072946630079302288e+01 1.302572289680895246e+01 1.381967835296513059e+01 2.463910789403224655e+01 2.630628729302869218e+01 1.644977885946455132e+01 2.045742502433625276e+01 2.194754437765025656e+01 1.294945154608505078e+01 1.223962305856844957e+01 1.353914031434977261e+01 1.357437525606771089e+01 1.206827594404460058e+01 1.446722394372564224e+01 1.492666184641893068e+01 1.920628352387939586e+01 1.644977885946455487e+01 1.766751553551713982e+01 1.461100569662142767e+01 1.716584901738952240e+01 1.214224496043085999e+01 1.230453753327367394e+01 5.304014865701594417e+00 1.222639280133320305e+01 8.643463809729418301e+00 1.452294815534841632e+01 1.343017280972777883e+01 2.107608257720453082e+01 2.045742502433625631e+01 1.461100569662142412e+01 2.273294943227893583e+01 1.641506598796716787e+01 9.537627951511137070e+00 2.184040711292512782e+01 3.057184624942122042e+01 8.597196447533413277e+00 1.752293437241645080e+01 6.676426024593973274e+00 1.420582519407970068e+01 2.732563773299959209e+01 2.194754437765025301e+01 1.716584901738952240e+01 1.641506598796716432e+01 3.793018039640563899e+01 2.383114575346651876e+01 1.453945525174660602e+01 2.426722650240134627e+01 9.028131344573363748e+00 1.370271461195816087e+01 7.405563650453479418e+00 1.092346408958793091e+01 1.871406301579146358e+01 1.294945154608504723e+01 1.214224496043085821e+01 9.537627951511137070e+00 2.383114575346651876e+01 2.051840926968478485e+01
-7.794628822155112324e+00 -2.809691823866629434e+01 4.803616965831836616e+00 -6.723180198051021961e+00 8.671580871761888076e+00 2.083230785585418854e+00 -3.270734862688511324e+00 2.182173120579447900e+00 6.734157188460311305e-01 4.173640863495210240e+00 -1.638382769093743008e+01 -1.240084795660618155e+01 -8.889518224722596784e+00 -3.421377042008235492e+01 5.903168974637225119e+00 -7.133425642574722225e+00 1.147681847582694026e+01 1.743203061011001864e+00 -3.616492628103655793e+00 2.421450510430594782e+00 -3.766119780178134313e-01 5.955870558898484823e+00 -1.778037365560044947e+01 -1.403457501630854587e+01 -1.208060254796998123e+01 -4.160397700189179915e+01 9.621899547149974197e+00 -9.941207892992768080e+00 1.346703411904098147e+01 4.083660655396752048e+00 -5.555867312451798767e+00 2.344755295402209505e+00 -1.014497796055510159e-01 7.535966072552192863e+00 -2.351097807442656418e+01 -1.707688819458158136e+01 -4.551004017968522941e-01 -2.296776304212004405e+00 -2.061340714262168416e-01 -8.550568873951759352e-01 6.747610803514271227e-01 -1.467915231265223941e+00 -9.723580681706268658e-01 -2.519827114456107409e-01 -1.510844527926346714e+00 7.309305475919397610e-02 -9.936348116369206895e-01 -1.008399719738509948e+00 -2.764189491421921829e+00 -8.781651300337800947e+00 2.603961901901983733e+00 -2.573878644959172846e+00 2.916214425409991318e+00 1.270728900574221498e+00 -1.607015646430738354e+00 -2.744119562567289283e-01 -5.302260409935555252e-01 1.648519025404064919e+00 -5.816958704848256723e+00 -3.790452133826309744e+00 -6.124418946805191943e+00 -2.221720906152741293e+01 5.171269029952378027e+00 -4.895288345070230029e+00 7.769006673644580196e+00 1.495049722451416541e+00 -2.747217381478328502e+00 4.584647594966468342e-01 3.439027612443840698e-01 3.798803035400244887e+00 -1.196523765419954088e+01 -9.927735659350719999e+00 -3.654394994525451246e+00 -1.299691711517099790e+01 2.063178137364121589e+00 -3.814805877622271080e+00 3.004675012369655285e+00 8.972375866704735969e-01 -1.891570887897889630e+00 1.362796452630639532e+00 2.153143015918511649e-01 2.154056824086690636e+00 -7.184673009009062916e+00 -5.241932119556200753e+00 -4.724040434990050663e+00 -2.060427457134765561e+01 1.242275950629102566e+00 -4.523673332110107026e+00 6.535275215078493183e+00 -3.407313345134528326e-01 -1.815492471512889505e+00 2.361853523296901791e+00 -1.247155746620848049e+00 3.630569603859521877e+00 -9.953675103376856015e+00 -8.604528510305573974e+00 -4.062717219133018531e+00 -1.127771080790638614e+01 4.158853399779164128e+00 -3.694577277016738659e+00 3.307293726679831458e+00 1.827620074948962392e+00 -2.980522101982713945e+00 -8.461921647237532484e-01 -3.188224257482041302e-01 1.789272491013612854e+00 -7.676826942765732298e+00 -5.257011966233303468e+00 -1.368825525549319089e+01 -4.520433649858642156e+01 1.171629009108291442e+01 -1.104746755626196197e+01 1.552707433334727050e+01 4.820254520069188864e+00 -6.396648350289544815e+00 1.664835648954795744e+00 1.286106122362495885e+00 8.081891153101505409e+00 -2.578843399198187569e+01 -1.965021738787610772e+01 -2.118793722679347125e-01 -2.895082032143963868e+00 -2.271838079916290720e+00 6.017106266426744954e-01 9.632609002596326242e-01 -1.624046939860771310e+00 -2.590210299794497295e-02 6.279181875578079275e-01 -1.651601188361481176e+00 -2.768976820422276441e-01 -8.587574901286618712e-01 -1.944997371629831218e+00 -1.320506262618561877e+01 -4.534218912737215845e+01 1.100114484747662580e+01 -9.943368644182289273e+00 1.581708759878249282e+01 3.506223907830938735e+00 -5.917124531241780616e+00 1.808768544603118977e+00 -4.092948316839914447e-01 7.431827035708218787e+00 -2.516244370566623800e+01 -1.836124012827426810e+01
-7.794628822155112324e+00 -8.889518224722596784e+00 -1.208060254796998123e+01 -4.551004017968522941e-01 -2.764189491421921829e+00 -6.124418946805191943e+00 -3.654394994525451246e+00 -4.724040434990050663e+00 -4.062717219133018531e+00 -1.368825525549319089e+01 -2.118793722679347125e-01 -1.320506262618561877e+01 -2.809691823866629434e+01 -3.421377042008235492e+01 -4.160397700189179915e+01 -2.296776304212004405e+00 -8.781651300337800947e+00 -2.221720906152741293e+01 -1.299691711517099790e+01 -2.060427457134765561e+01 -1.127771080790638614e+01 -4.520433649858642156e+01 -2.895082032143963868e+00 -4.534218912737215845e+01 4.803616965831836616e+00 5.903168974637225119e+00 9.621899547149974197e+00 -2.061340714262168416e-01 2.603961901901983733e+00 5.171269029952378027e+00 2.063178137364121589e+00 1.242275950629102566e+00 4.158853399779164128e+00 1.171629009108291442e+01 -2.271838079916290720e+00 1.100114484747662580e+01 -6.723180198051021961e+00 -7.133425642574722225e+00 -9.941207892992768080e+00 -8.550568873951759352e-01 -2.573878644959172846e+00 -4.895288345070230029e+00 -3.814805877622271080e+00 -4.523673332110107026e+00 -3.694577277016738659e+00 -1.104746755626196197e+01 6.017106266426744954e-01 -9.943368644182289273e+00 8.671580871761888076e+00 1.147681847582694026e+01 1.346703411904098147e+01 6.747610803514271227e-01 2.916214425409991318e+00 7.769006673644580196e+00 3.004675012369655285e+00 6.535275215078493183e+00 3.307293726679831458e+00 1.552707433334727050e+01 9.632609002596326242e-01 1.581708759878249282e+01 2.083230785585418854e+00 1.743203061011001864e+00 4.083660655396752048e+00 -1.467915231265223941e+00 1.270728900574221498e+00 1.495049722451416541e+00 8.972375866704735969e-01 -3.407313345134528326e-01 1.827620074948962392e+00 4.820254520069188864e+00 -1.624046939860771310e+00 3.506223907830938735e+00 -3.270734862688511324e+00 -3.616492628103655793e+00 -5.555867312451798767e+00 -9.723580681706268658e-01 -1.607015646430738354e+00 -2.747217381478328502e+00 -1.891570887897889630e+00 -1.815492471512889505e+00 -2.980522101982713945e+00 -6.396648350289544815e+00 -2.590210299794497295e-02 -5.917124531241780616e+00 2.182173120579447900e+00 2.421450510430594782e+00 2.344755295402209505e+00 -2.519827114456107409e-01 -2.744119562567289283e-01 4.584647594966468342e-01 1.362796452630639532e+00 2.361853523296901791e+00 -8.461921647237532484e-01 1.664835648954795744e+00 6.279181875578079275e-01 1.808768544603118977e+00 6.734157188460311305e-01 -3.766119780178134313e-01 -1.014497796055510159e-01 -1.510844527926346714e+00 -5.302260409935555252e-01 3.439027612443840698e-01 2.153143015918511649e-01 -1.247155746620848049e+00 -3.188224257482041302e-01 1.286106122362495885e+00 -1.651601188361481176e+00 -4.092948316839914447e-01 4.173640863495210240e+00 5.955870558898484823e+00 7.535966072552192863e+00 7.309305475919397610e-02 1.648519025404064919e+00 3.798803035400244887e+00 2.154056824086690636e+00 3.630569603859521877e+00 1.789272491013612854e+00 8.081891153101505409e+00 -2.768976820422276441e-01 7.431827035708218787e+00 -1.638382769093743008e+01 -1.778037365560044947e+01 -2.351097807442656418e+01 -9.936348116369206895e-01 -5.816958704848256723e+00 -1.196523765419954088e+01 -7.184673009009062916e+00 -9.953675103376856015e+00 -7.676826942765732298e+00 -2.578843399198187569e+01 -8.587574901286618712e-01 -2.516244370566623800e+01 -1.240084795660618155e+01 -1.403457501630854587e+01 -1.707688819458158136e+01 -1.008399719738509948e+00 -3.790452133826309744e+00 -9.927735659350719999e+00 -5.241932119556200753e+00 -8.604528510305573974e+00 -5.257011966233303468e+00 -1.965021738787610772e+01 -1.944997371629831218e+00 -1.836124012827426810e+01
3.503992632387436146e+01 3.395496905538450960e+01 4.214869883167602893e+01 4.630741512092174439e+00 1.287588420341621109e+01 2.436676529507893463e+01 1.740006658619455848e+01 2.306800542258875808e+01 1.587049186017219959e+01 4.489991259987886707e+01 8.082713192887039710e+00 4.564731665272907435e+01 3.395496905538450250e+01 4.315329684711164759e+01 4.642782730144966052e+01 5.570294888928814636e+00 1.271861341858009453e+01 2.796951790715054997e+01 1.699271982544377835e+01 2.523554465885603904e+01 1.416387420818999132e+01 5.281405791493300228e+01 5.994345428955512034e+00 5.195542499779101320e+01 4.214869883167603604e+01 4.642782730144965342e+01 6.300044564430840666e+01 5.166115077662746913e+00 1.525557722392512261e+01 3.112863109827491570e+01 2.199622294650425758e+01 2.949618930601902989e+01 2.193678979583480526e+01 6.316111813335737679e+01 7.053574042414374468e+00 6.484750075047149664e+01 4.630741512092175327e+00 5.570294888928814636e+00 5.166115077662745136e+00 7.138750667776870173e+00 3.998647845317923277e+00 5.353536816945343446e+00 3.653041452694439251e+00 5.694720517156888207e+00 4.294679366354862360e+00 6.517187268423534796e+00 3.183281870195396657e+00 7.438564747993404502e+00 1.287588420341620932e+01 1.271861341858008920e+01 1.525557722392511550e+01 3.998647845317923277e+00 1.276522515591181417e+01 1.386774121846780972e+01 1.003482515489386806e+01 7.437566971501862412e+00 1.003111565384763537e+01 1.866740987446458178e+01 4.438031574720495698e+00 1.872051416634849730e+01 2.436676529507894173e+01 2.796951790715054287e+01 3.112863109827490860e+01 5.353536816945345223e+00 1.386774121846781682e+01 2.758862234931401503e+01 1.369001945009097376e+01 1.711782818248765281e+01 1.218226176879060318e+01 3.997609402344524909e+01 4.402737838131629999e+00 3.731190216571556562e+01 1.740006658619456203e+01 1.699271982544378190e+01 2.199622294650426824e+01 3.653041452694439251e+00 1.003482515489386984e+01 1.369001945009097732e+01 1.590519142190713353e+01 1.125355671856755713e+01 1.286118355629131393e+01 2.139251300286925783e+01 6.108321745854040863e+00 2.330955728370663849e+01 2.306800542258876163e+01 2.523554465885603548e+01 2.949618930601904765e+01 5.694720517156888207e+00 7.437566971501865964e+00 1.711782818248765281e+01 1.125355671856755713e+01 2.277018978636643709e+01 8.838789081500371125e+00 2.977207580243400642e+01 7.364429160337084390e+00 3.126957897309650392e+01 1.587049186017219959e+01 1.416387420818998777e+01 2.193678979583479816e+01 4.294679366354860583e+00 1.003111565384763715e+01 1.218226176879059786e+01 1.286118355629131393e+01 8.838789081500371125e+00 1.781950870691002820e+01 2.077518190877366067e+01 6.397547520874436344e+00 2.404610408069857641e+01 4.489991259987886707e+01 5.281405791493298807e+01 6.316111813335736258e+01 6.517187268423533020e+00 1.866740987446458533e+01 3.997609402344524909e+01 2.139251300286924717e+01 2.977207580243398866e+01 2.077518190877366422e+01 7.922987087055140876e+01 2.676338488534775628e+00 7.046967301454417054e+01 8.082713192887041487e+00 5.994345428955515587e+00 7.053574042414377132e+00 3.183281870195397545e+00 4.438031574720496586e+00 4.402737838131629999e+00 6.108321745854039975e+00 7.364429160337086167e+00 6.397547520874436344e+00 2.676338488534782289e+00 1.157172978678422126e+01 7.762271521302332111e+00 4.564731665272906014e+01 5.195542499779100609e+01 6.484750075047148243e+01 7.438564747993402726e+00 1.872051416634850085e+01 3.731190216571555851e+01 2.330955728370662428e+01 3.126957897309648970e+01 2.404610408069857996e+01 7.046967301454417054e+01 7.762271521302325006e+00 7.515009590933431127e+01
-3.640886393786816333e-01 -4.890768187603272699e-01 8.067113407303446726e-01 -2.392785038418878241e+00 -2.592642252863004870e+00 -3.894076634933665737e+00 -8.242747638610721239e-01 -1.363263941527846690e+00 -1.542914228981580038e-01 -2.185110804866496892e+00 -4.654671850969283042e-01 -4.513277601358284263e-01 -1.784754167588914253e+00 -1.773006489213109216e+00 -4.485063029342870045e-01 -5.693101778479249253e-01 -1.392752248875936127e-01 -7.449942751778834693e-02 -1.747489256524044077e-01 -1.005696893806548031e+00 -8.422843415366951803e-01 -2.437367923681028614e-01 -1.065737058420979100e+00 -1.930071951909592354e+00 -1.689422771672819401e+00 -2.899583767929523770e+00 3.422014379145362772e-01 -2.868375456937787504e+00 -2.085041849809672332e+00 -3.228330814356935363e+00 -4.672317277545862124e-01 -5.859551151638399125e-01 1.181796500979598097e+00 -6.028082102926779484e+00 1.893131314825376332e+00 -1.447093825099211362e+00 -2.124978190215296436e+00 -1.572998820972144163e+00 -2.087154497531737096e+00 -1.275229269161760881e-01 5.764916758120661178e-02 1.136334831805456136e-01 -1.814470183606751386e+00 2.212021604667968877e-01 -1.310892452010741671e+00 3.748679838790529573e-01 -2.215010682673900888e+00 -1.820022325592004275e+00 -7.900961218263220509e-01 -7.755593490029345505e-01 -9.081737289205966679e-01 -2.991123513140753865e+00 -1.869124740413553809e+00 -3.684023678807180957e+00 1.302882120185697989e-01 -8.108923623787881452e-01 -8.216655942445409977e-01 -4.132859926957255681e+00 -4.928652515805813650e-01 -1.282572412818672181e+00 -2.261862156075216568e+00 -1.047323583301397187e+00 -2.307844908666861539e+00 -1.526613965788978788e-01 1.036389008357351815e-01 -1.335501598350715469e+00 8.952409580094717878e-01 -2.791514369445121435e+00 1.294015900567395683e-01 -4.932579296435517513e-01 -1.306796058150037521e+00 -1.232182051566141023e+00 -8.392669075428907943e-01 -1.368158502390279807e-01 -8.638985183191651984e-01 -1.377970758407664809e+00 -1.577767950798385055e+00 -1.104910134249058373e+00 -1.460338709130308388e+00 1.614579292622669582e-01 -1.808857035149099790e+00 9.813505590216609065e-02 -7.468884239548165827e-01 -7.624356528257356658e-01 -6.623306421671462663e-02 -1.799754326954028649e-01 -2.388718933853098414e-01 -2.732138518969161378e+00 -1.212753290804872819e+00 -1.713718094285474391e+00 -1.047521018664074655e+00 -1.955698099527553691e+00 -9.055404502691883906e-01 -1.975790505650699469e+00 -5.449220408492285728e-01 1.631805667625385592e-01 -7.211295898041494290e-01 -6.124764839592437005e-01 -1.181602791394693597e+00 -1.094316252493674702e+00 -1.424602024462163996e+00 -5.648099138004731845e-01 -9.291667557807891109e-01 -1.777543735764948174e+00 -8.125912982002665430e-01 -3.861593856000102853e-01 -4.605540974433153245e-01 -4.885862884573705101e-01 -1.175699768319506067e+00 -7.372417074880793786e-01 -1.968501473231613286e+00 -1.053532227352584005e+00 -8.170744549190912531e-01 -1.208396854731853765e+00 -8.207055217124643587e-01 -1.947251264834273687e+00 -1.034562867618760151e-01 -3.056827095261773763e+00 -1.098940070501223776e+00 1.530677513794685696e-01 -2.381139782999804333e-01 -2.169914442467496318e+00 -1.036183863737543787e+00 -2.142245671586287425e+00 -7.192794055773508166e-01 -1.585567204171809630e+00 -2.248143332204480149e+00 3.440986039128202667e-01 -2.163972578365094268e+00 -2.849928264802938038e+00 4.281230310171579845e-02 -1.129190110181372830e+00 -7.630428507769442259e-01 -1.663031100542677887e+00 -1.533016197019515969e+00 -9.373276675253332524e-01 -8.546675967502399551e-01 1.256475468094101766e-01 -1.481088003510311335e+00 4.128688259248045611e-01 -1.742383145602135475e+00 2.138381049804412015e-01 -2.327108395419044129e+00 1.722066966155398060e-01
-3.640886393786816333e-01 -1.784754167588914253e+00 -1.689422771672819401e+00 -2.124978190215296436e+00 -7.900961218263220509e-01 -2.261862156075216568e+00 -8.392669075428907943e-01 -6.623306421671462663e-02 -7.211295898041494290e-01 -1.175699768319506067e+00 -2.381139782999804333e-01 -7.630428507769442259e-01 -4.890768187603272699e-01 -1.773006489213109216e+00 -2.899583767929523770e+00 -1.572998820972144163e+00 -7.755593490029345505e-01 -1.047323583301397187e+00 -1.368158502390279807e-01 -1.799754326954028649e-01 -6.124764839592437005e-01 -7.372417074880793786e-01 -2.169914442467496318e+00 -1.663031100542677887e+00 8.067113407303446726e-01 -4.485063029342870045e-01 3.422014379145362772e-01 -2.087154497531737096e+00 -9.081737289205966679e-01 -2.307844908666861539e+00 -8.638985183191651984e-01 -2.388718933853098414e-01 -1.181602791394693597e+00 -1.968501473231613286e+00 -1.036183863737543787e+00 -1.533016197019515969e+00 -2.392785038418878241e+00 -5.693101778479249253e-01 -2.868375456937787504e+00 -1.275229269161760881e-01 -2.991123513140753865e+00 -1.526613965788978788e-01 -1.377970758407664809e+00 -2.732138518969161378e+00 -1.094316252493674702e+00 -1.053532227352584005e+00 -2.142245671586287425e+00 -9.373276675253332524e-01 -2.592642252863004870e+00 -1.392752248875936127e-01 -2.085041849809672332e+00 5.764916758120661178e-02 -1.869124740413553809e+00 1.036389008357351815e-01 -1.577767950798385055e+00 -1.212753290804872819e+00 -1.424602024462163996e+00 -8.170744549190912531e-01 -7.192794055773508166e-01 -8.546675967502399551e-01 -3.894076634933665737e+00 -7.449942751778834693e-02 -3.228330814356935363e+00 1.136334831805456136e-01 -3.684023678807180957e+00 -1.335501598350715469e+00 -1.104910134249058373e+00 -1.713718094285474391e+00 -5.648099138004731845e-01 -1.208396854731853765e+00 -1.585567204171809630e+00 1.256475468094101766e-01 -8.242747638610721239e-01 -1.747489256524044077e-01 -4.672317277545862124e-01 -1.814470183606751386e+00 1.302882120185697989e-01 8.952409580094717878e-01 -1.460338709130308388e+00 -1.047521018664074655e+00 -9.291667557807891109e-01 -8.207055217124643587e-01 -2.248143332204480149e+00 -1.481088003510311335e+00 -1.363263941527846690e+00 -1.005696893806548031e+00 -5.859551151638399125e-01 2.212021604667968877e-01 -8.108923623787881452e-01 -2.791514369445121435e+00 1.614579292622669582e-01 -1.955698099527553691e+00 -1.777543735764948174e+00 -1.947251264834273687e+00 3.440986039128202667e-01 4.128688259248045611e-01 -1.542914228981580038e-01 -8.422843415366951803e-01 1.181796500979598097e+00 -1.310892452010741671e+00 -8.216655942445409977e-01 1.294015900567395683e-01 -1.808857035149099790e+00 -9.055404502691883906e-01 -8.125912982002665430e-01 -1.034562867618760151e-01 -2.163972578365094268e+00 -1.742383145602135475e+00 -2.185110804866496892e+00 -2.437367923681028614e-01 -6.028082102926779484e+00 3.748679838790529573e-01 -4.132859926957255681e+00 -4.932579296435517513e-01 9.813505590216609065e-02 -1.975790505650699469e+00 -3.861593856000102853e-01 -3.056827095261773763e+00 -2.849928264802938038e+00 2.138381049804412015e-01 -4.654671850969283042e-01 -1.065737058420979100e+00 1.893131314825376332e+00 -2.215010682673900888e+00 -4.928652515805813650e-01 -1.306796058150037521e+00 -7.468884239548165827e-01 -5.449220408492285728e-01 -4.605540974433153245e-01 -1.098940070501223776e+00 4.281230310171579845e-02 -2.327108395419044129e+00 -4.513277601358284263e-01 -1.930071951909592354e+00 -1.447093825099211362e+00 -1.820022325592004275e+00 -1.282572412818672181e+00 -1.232182051566141023e+00 -7.624356528257356658e-01 1.631805667625385592e-01 -4.885862884573705101e-01 1.530677513794685696e-01 -1.129190110181372830e+00 1.722066966155398060e-01
1.699699831215636081e+01 -2.692596306213538959e+00 6.759630584960633293e+00 8.867063169043166937e+00 1.421734688413831194e+01 7.149349600065386667e-01 9.109022463092157906e+00 9.728530962074458444e+00 1.120760766791248031e+00 6.476929148877754727e-01 7.246780978965301045e+00 9.363878678635046526e+00 -2.692596306213540736e+00 1.749534319386905423e+01 6.366813920275578020e+00 -7.930944574630700572e-01 9.130841068377897329e-01 8.857953486546740862e+00 -9.572039793589586232e-01 1.646021156030507360e+00 1.249224849138875015e+01 1.112620235861119333e+01 4.666978200718228997e+00 -3.728101725324284743e+00 6.759630584960631516e+00 6.366813920275578020e+00 2.005855913702591309e+01 1.207822729782418847e+01 3.729387693254163416e+00 1.200996228389504239e+01 3.628892451728584767e+00 4.503532748181884315e+00 2.330962327486981955e+00 1.427656803604649127e+01 1.188314484032781593e+01 6.795598303888853664e+00 8.867063169043163384e+00 -7.930944574630656163e-01 1.207822729782418847e+01 2.395162141842335046e+01 2.885499707294044036e+00 1.369859340661298219e+01 6.895785476311188766e+00 1.482450516582396460e+00 -7.041181515449323136e+00 8.727994620443189078e+00 1.205558337243908440e+01 1.509107569658477033e+01 1.421734688413830838e+01 9.130841068377932856e-01 3.729387693254168745e+00 2.885499707294041372e+00 2.771169219395416405e+01 -3.990657544118741740e+00 1.179676832960048039e+01 1.403253709099750424e+01 7.643803325988338671e+00 -1.198800716284859291e+00 7.388893768763272085e+00 8.912373824336775385e+00 7.149349600065377786e-01 8.857953486546737309e+00 1.200996228389504239e+01 1.369859340661297864e+01 -3.990657544118740852e+00 2.343535785738309585e+01 2.678453671815788084e-01 -1.534026981679632584e+00 1.035372320947962610e+00 1.686970960652781315e+01 9.727333217667249343e+00 4.764129509077308811e+00 9.109022463092159683e+00 -9.572039793589581791e-01 3.628892451728587876e+00 6.895785476311187878e+00 1.179676832960048394e+01 2.678453671815792525e-01 1.041333360026526478e+01 6.462590765455193953e+00 1.595537453296683505e+00 9.975737362853998036e-02 6.209047104646165494e+00 8.829263796057368552e+00 9.728530962074456667e+00 1.646021156030508470e+00 4.503532748181886092e+00 1.482450516582393796e+00 1.403253709099750424e+01 -1.534026981679633472e+00 6.462590765455191288e+00 1.224845982043769865e+01 6.987205279826729232e+00 2.471889148697655969e+00 5.491221916717798024e+00 5.049094388699672642e+00 1.120760766791248919e+00 1.249224849138874838e+01 2.330962327486982399e+00 -7.041181515449324024e+00 7.643803325988338671e+00 1.035372320947963054e+00 1.595537453296682617e+00 6.987205279826728344e+00 1.859041958114321247e+01 6.175695569360033943e+00 2.958399994858614157e+00 -5.017227659556030339e+00 6.476929148877728082e-01 1.112620235861119156e+01 1.427656803604649127e+01 8.727994620443187301e+00 -1.198800716284862844e+00 1.686970960652781315e+01 9.975737362853909218e-02 2.471889148697653305e+00 6.175695569360032167e+00 2.220036242185214093e+01 9.880902603111964666e+00 3.548643236775413712e+00 7.246780978965300157e+00 4.666978200718229886e+00 1.188314484032781415e+01 1.205558337243908440e+01 7.388893768763278302e+00 9.727333217667247567e+00 6.209047104646163717e+00 5.491221916717801577e+00 2.958399994858614157e+00 9.880902603111966442e+00 1.557721186154997994e+01 7.998071880446365967e+00 9.363878678635042974e+00 -3.728101725324279414e+00 6.795598303888853664e+00 1.509107569658477033e+01 8.912373824336780714e+00 4.764129509077308811e+00 8.829263796057368552e+00 5.049094388699674418e+00 -5.017227659556028563e+00 3.548643236775413268e+00 7.998071880446366855e+00 1.771140567201221572e+01
-4.790435118146912252e+00 6.289447511747380481e+00 -3.646726985438216495e+00 -8.751324738514657753e+00 -1.033131415677300602e+00 -1.274718599935710239e+00 -3.331806238035643464e+00 -4.223906838505462891e-01 8.523015050484293198e+00 -1.353923792098179035e+00 -1.057552177475823196e+00 -1.037065152183507166e+01 -3.035791478527620768e+00 4.687401086998042921e+00 -5.167238306918578772e+00 -1.125980403671149865e+01 2.670771690993308578e+00 -6.791259738053246231e+00 -2.426838205413935690e+00 1.182237280932597168e+00 9.538832162873626785e+00 -3.649208810471387565e+00 -3.761842570695909327e+00 -9.307910436885524774e+00 -8.131056372791165998e+00 1.145084047710023079e+01 1.400533541555119443e+00 -9.162354966590063654e+00 -7.845783591227712961e+00 1.248197260920736795e+00 -6.984367149929723517e+00 -3.267234434126711662e+00 9.242306033650901753e+00 7.105699635936457703e+00 -1.410617124491647445e+00 -1.235160702929657539e+01 -7.140024793076390708e+00 1.031490920444543846e+01 -1.209370409361042897e+00 -1.004211387126315635e+01 -5.839874271757841129e+00 2.150326869781159722e+00 -5.383081187436340009e+00 -2.805813624810100215e+00 1.031432248633436899e+01 4.141004506410132180e+00 -1.416430783654946346e+00 -1.091841587044115514e+01 1.609694689240964482e+00 -6.407361521158024154e+00 1.064567694066029108e-01 6.333646725277731981e+00 -1.818875317906579303e+00 1.737888618857493794e+00 1.644218629713873003e+00 -1.933126227561397847e+00 -7.673877676544615056e+00 -1.473860870420857339e+00 1.122244523183655751e+00 4.984697281153129822e+00 1.684733527304904444e+00 -1.810348559869977114e+00 -6.149033777776149456e+00 -5.726735966647730436e+00 4.881740730719739574e+00 -6.620003125426988433e+00 1.345097439892951385e+00 2.007038983873035143e+00 2.710955291233133835e+00 -7.379595463329822636e+00 -1.563491478280913505e+00 -4.401449848569358281e+00 -1.729328193775058864e+00 4.834145511517244920e+00 -8.607361744008265703e+00 -1.416943869429685243e+01 7.425514859646544785e+00 -9.599860777251725708e+00 -2.154793007902527702e+00 4.347402623612713235e+00 1.094919866193269975e+01 -7.374004982811332987e+00 -5.161249223335820702e+00 -1.038404002490305444e+01 1.115534925403766531e+00 -2.339667574475927103e-01 -1.065405258153991852e+01 -1.221773818448556703e+01 1.389557642542242100e+01 -1.629833598880315293e+01 2.046667188095654843e+00 6.048363337082534485e+00 8.030828467850405161e+00 -1.079317971591400926e+01 -7.174723551564442303e+00 -3.547271806203744049e+00 -1.231096497779948251e+01 1.452563580229226403e+01 -8.885978909107377088e-01 -1.307841748827727812e+01 -7.822924325494462039e+00 4.043238385962807158e+00 -7.049432245831561694e+00 -4.178160522479716477e+00 1.281248059870721079e+01 8.834302895433465252e+00 -2.644737550178447805e+00 -1.407441116123412428e+01 4.453095228653737081e+00 -3.980721310813566394e+00 -7.646750354536360206e+00 -7.869721795435040690e+00 1.317936977838724211e+01 -1.561992169318604518e+01 2.410320855308629717e+00 6.714421740620716506e+00 3.496198091101148986e+00 -1.331294854129154004e+01 -5.138175596171077331e+00 -1.153285025293818267e+00 -3.617052606480710142e-01 2.759240533734637513e+00 -8.396036707089614026e+00 -1.512882350965647582e+01 1.041675675542172108e+01 -1.581134679111623598e+01 1.151981827110652556e+00 5.633750807965467011e+00 1.111350982492698236e+01 -1.010891470242008339e+01 -7.282537469218922865e+00 -6.279538616276529872e+00 -1.511244590221557438e+00 6.079386641997353014e-01 -3.570396564102466197e+00 -5.363180134424561984e+00 1.506749974304432582e+00 -5.093129427166487311e+00 -5.893100612213638539e-02 7.784484921105724320e-01 2.405052753007884903e+00 -2.662991523180643583e+00 -3.048233600697398238e+00 -4.265541337259930010e+00
-4.790435118146912252e+00 -3.035791478527620768e+00 -8.131056372791165998e+00 -7.140024793076390708e+00 1.609694689240964482e+00 1.684733527304904444e+00 -1.729328193775058864e+00 1.115534925403766531e+00 -1.231096497779948251e+01 4.453095228653737081e+00 -3.617052606480710142e-01 -1.511244590221557438e+00 6.289447511747380481e+00 4.687401086998042921e+00 1.145084047710023079e+01 1.031490920444543846e+01 -6.407361521158024154e+00 -1.810348559869977114e+00 4.834145511517244920e+00 -2.339667574475927103e-01 1.452563580229226403e+01 -3.980721310813566394e+00 2.759240533734637513e+00 6.079386641997353014e-01 -3.646726985438216495e+00 -5.167238306918578772e+00 1.400533541555119443e+00 -1.209370409361042897e+00 1.064567694066029108e-01 -6.149033777776149456e+00 -8.607361744008265703e+00 -1.065405258153991852e+01 -8.885978909107377088e-01 -7.646750354536360206e+00 -8.396036707089614026e+00 -3.570396564102466197e+00 -8.751324738514657753e+00 -1.125980403671149865e+01 -9.162354966590063654e+00 -1.004211387126315635e+01 6.333646725277731981e+00 -5.726735966647730436e+00 -1.416943869429685243e+01 -1.221773818448556703e+01 -1.307841748827727812e+01 -7.869721795435040690e+00 -1.512882350965647582e+01 -5.363180134424561984e+00 -1.033131415677300602e+00 2.670771690993308578e+00 -7.845783591227712961e+00 -5.839874271757841129e+00 -1.818875317906579303e+00 4.881740730719739574e+00 7.425514859646544785e+00 1.389557642542242100e+01 -7.822924325494462039e+00 1.317936977838724211e+01 1.041675675542172108e+01 1.506749974304432582e+00 -1.274718599935710239e+00 -6.791259738053246231e+00 1.248197260920736795e+00 2.150326869781159722e+00 1.737888618857493794e+00 -6.620003125426988433e+00 -9.599860777251725708e+00 -1.629833598880315293e+01 4.043238385962807158e+00 -1.561992169318604518e+01 -1.581134679111623598e+01 -5.093129427166487311e+00 -3.331806238035643464e+00 -2.426838205413935690e+00 -6.984367149929723517e+00 -5.383081187436340009e+00 1.644218629713873003e+00 1.345097439892951385e+00 -2.154793007902527702e+00 2.046667188095654843e+00 -7.049432245831561694e+00 2.410320855308629717e+00 1.151981827110652556e+00 -5.893100612213638539e-02 -4.223906838505462891e-01 1.182237280932597168e+00 -3.267234434126711662e+00 -2.805813624810100215e+00 -1.933126227561397847e+00 2.007038983873035143e+00 4.347402623612713235e+00 6.048363337082534485e+00 -4.178160522479716477e+00 6.714421740620716506e+00 5.633750807965467011e+00 7.784484921105724320e-01 8.523015050484293198e+00 9.538832162873626785e+00 9.242306033650901753e+00 1.031432248633436899e+01 -7.673877676544615056e+00 2.710955291233133835e+00 1.094919866193269975e+01 8.030828467850405161e+00 1.281248059870721079e+01 3.496198091101148986e+00 1.111350982492698236e+01 2.405052753007884903e+00 -1.353923792098179035e+00 -3.649208810471387565e+00 7.105699635936457703e+00 4.141004506410132180e+00 -1.473860870420857339e+00 -7.379595463329822636e+00 -7.374004982811332987e+00 -1.079317971591400926e+01 8.834302895433465252e+00 -1.331294854129154004e+01 -1.010891470242008339e+01 -2.662991523180643583e+00 -1.057552177475823196e+00 -3.761842570695909327e+00 -1.410617124491647445e+00 -1.416430783654946346e+00 1.122244523183655751e+00 -1.563491478280913505e+00 -5.161249223335820702e+00 -7.174723551564442303e+00 -2.644737550178447805e+00 -5.138175596171077331e+00 -7.282537469218922865e+00 -3.048233600697398238e+00 -1.037065152183507166e+01 -9.307910436885524774e+00 -1.235160702929657539e+01 -1.091841587044115514e+01 4.984697281153129822e+00 -4.401449848569358281e+00 -1.038404002490305444e+01 -3.547271806203744049e+00 -1.407441116123412428e+01 -1.153285025293818267e+00 -6.279538616276529872e+00 -4.265541337259930010e+00
1.774578114826894648e+01 1.418145101577277778e+01 1.413852047450856908e+01 1.329732266860498768e+01 1.047372373494371178e+00 1.079792092878505194e+01 1.545052106706340211e+01 8.870571264388775745e+00 1.678027682416947286e+01 6.163552537059611147e+00 1.109978062055731662e+01 9.136729610254505474e+00 1.418145101577277245e+01 2.128219228739264324e+01 1.487856197780553202e+01 1.485605289382386651e+01 5.854745788795848727e-01 1.376277007246037343e+01 2.011799977542843720e+01 1.647711718475864373e+01 1.737310643266356180e+01 1.269711142364396927e+01 1.932993296750623813e+01 1.157350875042668115e+01 1.413852047450857086e+01 1.487856197780553558e+01 2.455563755014492955e+01 1.723919207651671215e+01 -9.929118234203586635e-01 5.942849628889931068e+00 1.178710030316033830e+01 5.010105240356192979e+00 2.406534546637949745e+01 9.806405810885224783e-01 9.045172152849882963e+00 8.888359580844204189e+00 1.329732266860498946e+01 1.485605289382387184e+01 1.723919207651671215e+01 2.014559121257781271e+01 -2.069416058912664447e+00 7.534461032484054854e+00 1.358201958783305052e+01 4.961559309916125926e+00 2.206372857948215227e+01 1.413997759281957256e+00 1.112610866519966457e+01 7.563625754631756237e+00 1.047372373494366293e+00 5.854745788795807648e-01 -9.929118234203688775e-01 -2.069416058912672440e+00 1.366173777164972769e+01 4.978066450463682457e+00 -1.735368397881798419e+00 1.140615488168791991e+00 -1.107215005145708586e+00 1.445343130711814528e+00 -1.505560504570375491e+00 4.278479998105196636e+00 1.079792092878504839e+01 1.376277007246037520e+01 5.942849628889922187e+00 7.534461032484045973e+00 4.978066450463683346e+00 1.638696857227697734e+01 1.543157618677975762e+01 1.344692206251722411e+01 6.952832243407745416e+00 1.292651295928239108e+01 1.415161385321820831e+01 1.062194664006666933e+01 1.545052106706340211e+01 2.011799977542844076e+01 1.178710030316034185e+01 1.358201958783304697e+01 -1.735368397881794644e+00 1.543157618677975940e+01 2.776433205716833541e+01 2.105778444462671928e+01 1.535062058217773284e+01 1.891612687557089245e+01 2.346164825067073068e+01 1.260284588316411281e+01 8.870571264388773969e+00 1.647711718475864018e+01 5.010105240356195644e+00 4.961559309916119709e+00 1.140615488168788882e+00 1.344692206251722233e+01 2.105778444462671217e+01 2.897205793020680176e+01 7.188291592217934678e+00 2.266310284873571135e+01 2.531747835005554137e+01 1.199358526406278003e+01 1.678027682416947997e+01 1.737310643266357246e+01 2.406534546637950100e+01 2.206372857948215227e+01 -1.107215005145701481e+00 6.952832243407753410e+00 1.535062058217773640e+01 7.188291592217933790e+00 3.383190494152901806e+01 -8.495661369346456659e-01 1.147552931277528465e+01 1.020718578032655799e+01 6.163552537059598713e+00 1.269711142364396395e+01 9.806405810885213681e-01 1.413997759281945932e+00 1.445343130711803648e+00 1.292651295928237687e+01 1.891612687557088179e+01 2.266310284873571135e+01 -8.495661369346509950e-01 2.646902771247782127e+01 2.363995469886429390e+01 1.014886703609505503e+01 1.109978062055731840e+01 1.932993296750623458e+01 9.045172152849884739e+00 1.112610866519965747e+01 -1.505560504570377711e+00 1.415161385321821008e+01 2.346164825067073423e+01 2.531747835005554847e+01 1.147552931277527932e+01 2.363995469886430456e+01 3.206040048965031275e+01 1.324480005246249981e+01 9.136729610254500145e+00 1.157350875042667937e+01 8.888359580844195307e+00 7.563625754631744691e+00 4.278479998105197524e+00 1.062194664006666578e+01 1.260284588316410570e+01 1.199358526406277647e+01 1.020718578032654911e+01 1.014886703609505858e+01 1.324480005246249448e+01 1.325040084957539577e+01
1.398138389258270164e+00 -1.619476924622433645e+00 -5.927574922259691570e-02 -2.549620510326068512e+00 1.054699040134142285e+00 -7.999932170199560710e-01 -2.508009926832228675e+00 -8.920334526614177584e-01 2.632624669083646340e-01 -1.795995775167760655e+00 -3.387526364250192046e+00 -1.160891143707529327e+00 1.406190073290321196e+00 -1.568160395154826192e+00 1.793938611814564765e-01 -2.248402228911209111e+00 1.776566474526275918e+00 -8.699018085010136181e-01 -2.499195371575331670e+00 -4.665337239549714049e-02 -1.609643113100511225e-01 -1.606709772240232592e+00 -3.260958047341254051e+00 -1.431947785446698429e+00 2.026419437081617314e+00 -2.937738561027027906e+00 -1.614273765091178148e-01 -2.578689540637653543e+00 2.355007828087470223e+00 -7.505431555995278892e-01 -3.074209768416450217e+00 -3.991177124093747697e-03 -1.114877792903336662e+00 -1.371303617681004061e+00 -3.333303326968700908e+00 -1.016006880608206320e+00 1.033019107619683963e+00 -1.440232803072102552e+00 5.430558524609095938e-01 -1.419047111406508854e+00 1.124638401210291128e-01 -8.157133763565705964e-01 -1.833176408812053237e+00 -1.401685216279997259e-01 -7.608967501717502913e-01 -1.694974007065730426e+00 -2.261349854194660836e+00 -7.931312054613341989e-01 1.440426998814178683e+00 -1.569676580389656850e+00 4.294181015578800720e-01 -3.030511799321477184e+00 1.246977838477357770e+00 -1.149135005378333130e+00 -1.658390356699731338e+00 -1.489521265159860497e-01 -4.282864052321757597e-01 -1.367564716388836032e+00 -3.228112161730439578e+00 -3.652546957137060013e-01 -3.356077168773564101e-01 5.038261283853371353e-01 1.549701422438388154e-01 -2.054890671410510572e-01 3.212421516973278796e-02 3.614445612518156492e-02 -7.930819725641049533e-01 -6.456310237565933141e-01 -8.012704716820362449e-01 -1.730721375685027041e+00 -1.916617551454055768e+00 -1.298198162203847428e+00 3.883338647080691319e-01 3.668461096423158430e-01 7.341173322779820376e-01 -4.269916763551438454e-01 1.358223048945928491e-01 -3.151590222736464497e-01 -8.070716849273845694e-01 -8.556478118876502670e-01 2.393519069287628476e-01 -2.327351794377409355e+00 -1.885341549515691106e+00 -1.917679296598170380e+00 3.071383261136064746e-01 -5.579912301534412089e-01 -5.118938149963678935e-02 -7.659282745047093499e-01 -6.935464743094735818e-01 -8.256952950651171019e-02 -4.938955430347612419e-01 -4.827124301069341539e-01 2.421472791532682800e-01 -1.331440943151680489e+00 -1.233821935344105336e+00 -1.383407730185522544e+00 1.347011201741913355e+00 -1.681491013807481671e+00 2.313322721212155431e-01 -2.285473659228010046e+00 1.674012901627674132e+00 -9.897448017438424950e-01 -1.566110753019663626e+00 -7.397050750119363860e-01 -1.157076255743477722e-01 -2.256443729552445099e+00 -2.138752749898529260e+00 -9.789910809318529417e-01 1.283468336644161045e+00 -2.335804790699812727e+00 -7.668103251944355936e-01 -2.488074434911374144e+00 6.840708251786546956e-01 -6.074128790629175212e-01 -2.176637503547029340e+00 -5.062493663725979864e-01 -6.806321978462588351e-01 -1.999726892280995427e+00 -2.715865513609692528e+00 -4.695397314994022575e-01 -5.317688964555846720e-01 -6.272832655389670720e-01 -7.286951530322419712e-01 -1.310758062037031824e-01 -2.039229099820434044e-01 -2.303750309150317532e-01 -9.875897043487791294e-01 -4.057057211214074033e-01 -5.180011181728895187e-01 -1.780022049881483381e-01 -6.106969367294292628e-01 -5.164332573240686397e-01 -1.609448795341073213e+00 -5.299539494750061808e-01 -1.291702510692883665e+00 3.888318464964777288e-01 -6.125276370278591731e-01 -4.865136801650523091e-01 3.297657934350055053e-01 -8.129894920229691069e-01 -9.189468924324398769e-01 3.748343898241637273e-01 8.105706573870419263e-01 -1.904055699657404288e-01
1.398138389258270164e+00 1.406190073290321196e+00 2.026419437081617314e+00 1.033019107619683963e+00 1.440426998814178683e+00 -3.356077168773564101e-01 3.883338647080691319e-01 3.071383261136064746e-01 1.347011201741913355e+00 1.283468336644161045e+00 -5.317688964555846720e-01 -1.609448795341073213e+00 -1.619476924622433645e+00 -1.568160395154826192e+00 -2.937738561027027906e+00 -1.440232803072102552e+00 -1.569676580389656850e+00 5.038261283853371353e-01 3.668461096423158430e-01 -5.579912301534412089e-01 -1.681491013807481671e+00 -2.335804790699812727e+00 -6.272832655389670720e-01 -5.299539494750061808e-01 -5.927574922259691570e-02 1.793938611814564765e-01 -1.614273765091178148e-01 5.430558524609095938e-01 4.294181015578800720e-01 1.549701422438388154e-01 7.341173322779820376e-01 -5.118938149963678935e-02 2.313322721212155431e-01 -7.668103251944355936e-01 -7.286951530322419712e-01 -1.291702510692883665e+00 -2.549620510326068512e+00 -2.248402228911209111e+00 -2.578689540637653543e+00 -1.419047111406508854e+00 -3.030511799321477184e+00 -2.054890671410510572e-01 -4.269916763551438454e-01 -7.659282745047093499e-01 -2.285473659228010046e+00 -2.488074434911374144e+00 -1.310758062037031824e-01 3.888318464964777288e-01 1.054699040134142285e+00 1.776566474526275918e+00 2.355007828087470223e+00 1.124638401210291128e-01 1.246977838477357770e+00 3.212421516973278796e-02 1.358223048945928491e-01 -6.935464743094735818e-01 1.674012901627674132e+00 6.840708251786546956e-01 -2.039229099820434044e-01 -6.125276370278591731e-01 -7.999932170199560710e-01 -8.699018085010136181e-01 -7.505431555995278892e-01 -8.157133763565705964e-01 -1.149135005378333130e+00 3.614445612518156492e-02 -3.151590222736464497e-01 -8.256952950651171019e-02 -9.897448017438424950e-01 -6.074128790629175212e-01 -2.303750309150317532e-01 -4.865136801650523091e-01 -2.508009926832228675e+00 -2.499195371575331670e+00 -3.074209768416450217e+00 -1.833176408812053237e+00 -1.658390356699731338e+00 -7.930819725641049533e-01 -8.070716849273845694e-01 -4.938955430347612419e-01 -1.566110753019663626e+00 -2.176637503547029340e+00 -9.875897043487791294e-01 3.297657934350055053e-01 -8.920334526614177584e-01 -4.665337239549714049e-02 -3.991177124093747697e-03 -1.401685216279997259e-01 -1.489521265159860497e-01 -6.456310237565933141e-01 -8.556478118876502670e-01 -4.827124301069341539e-01 -7.397050750119363860e-01 -5.062493663725979864e-01 -4.057057211214074033e-01 -8.129894920229691069e-01 2.632624669083646340e-01 -1.609643113100511225e-01 -1.114877792903336662e+00 -7.608967501717502913e-01 -4.282864052321757597e-01 -8.012704716820362449e-01 2.393519069287628476e-01 2.421472791532682800e-01 -1.157076255743477722e-01 -6.806321978462588351e-01 -5.180011181728895187e-01 -9.189468924324398769e-01 -1.795995775167760655e+00 -1.606709772240232592e+00 -1.371303617681004061e+00 -1.694974007065730426e+00 -1.367564716388836032e+00 -1.730721375685027041e+00 -2.327351794377409355e+00 -1.331440943151680489e+00 -2.256443729552445099e+00 -1.999726892280995427e+00 -1.780022049881483381e-01 3.748343898241637273e-01 -3.387526364250192046e+00 -3.260958047341254051e+00 -3.333303326968700908e+00 -2.261349854194660836e+00 -3.228112161730439578e+00 -1.916617551454055768e+00 -1.885341549515691106e+00 -1.233821935344105336e+00 -2.138752749898529260e+00 -2.715865513609692528e+00 -6.106969367294292628e-01 8.105706573870419263e-01 -1.160891143707529327e+00 -1.431947785446698429e+00 -1.016006880608206320e+00 -7.931312054613341989e-01 -3.652546957137060013e-01 -1.298198162203847428e+00 -1.917679296598170380e+00 -1.383407730185522544e+00 -9.789910809318529417e-01 -4.695397314994022575e-01 -5.164332573240686397e-01 -1.904055699657404288e-01
5.049940703991300950e+01 -3.851440876663607327e+01 -9.772657173455501223e-01 1.752138406745761401e+01 1.999867983479658662e+01 -4.319317153001996701e+00 2.686412536207543766e+01 -4.655307872505388644e+01 2.981226844651444452e+01 5.689446440324631737e+01 -2.623858455929159561e+01 -3.587757860432365664e+00 -3.851440876663608037e+01 6.104218772793926462e+01 1.888198110687985576e+01 -7.581737690524412265e+00 -1.066134165592150929e+01 1.235864951370843556e+01 -2.155886500523042315e+01 6.229392697565316439e+01 -2.350959375711246224e+01 -5.208200346937302783e+01 3.797840920818109112e+01 7.584058050959639807e+00 -9.772657173455545632e-01 1.888198110687984865e+01 1.599710797193872125e+01 4.814151327132218938e+00 3.332410819008512437e+00 5.518043822349546268e+00 -1.068543461007013917e+00 1.550650026814101246e+01 4.794922944344008897e-01 -3.538915170146152533e+00 1.152749482631148581e+01 4.020320379795168542e+00 1.752138406745761046e+01 -7.581737690524407824e+00 4.814151327132222491e+00 1.161581948978541234e+01 8.727639252004209425e+00 1.294319428481643275e+00 1.090679286010074733e+01 -1.016015324446014922e+01 1.173813369786667060e+01 1.993471760863577558e+01 -4.814277428327446096e+00 8.948109186365140744e-01 1.999867983479659728e+01 -1.066134165592151817e+01 3.332410819008511105e+00 8.727639252004216530e+00 1.523297547361893223e+01 9.683084697039410216e-01 1.147333615720135924e+01 -1.452772959564533295e+01 1.418526941106335570e+01 2.578264719309286335e+01 -7.671351088396756168e+00 1.419768726468924047e-01 -4.319317153002002030e+00 1.235864951370843912e+01 5.518043822349548044e+00 1.294319428481641499e+00 9.683084697039427979e-01 7.811165461386676334e+00 -2.587955057129294190e-01 1.326535716010833710e+01 -1.820192777023466491e+00 -5.264069884524463561e+00 9.335240238376162125e+00 4.672086070610040665e+00 2.686412536207543766e+01 -2.155886500523040894e+01 -1.068543461007012585e+00 1.090679286010074733e+01 1.147333615720135214e+01 -2.587955057129254222e-01 1.962573304386462070e+01 -2.394523746096584560e+01 1.709264203228700296e+01 3.142103117949814717e+01 -1.342341337383094313e+01 -5.406711394948326976e-01 -4.655307872505389355e+01 6.229392697565316439e+01 1.550650026814100890e+01 -1.016015324446015455e+01 -1.452772959564532229e+01 1.326535716010833355e+01 -2.394523746096585270e+01 7.365840008529244187e+01 -2.865052340956705734e+01 -6.213224482809987137e+01 4.338083821543197871e+01 9.851771848901529793e+00 2.981226844651445163e+01 -2.350959375711245869e+01 4.794922944344008897e-01 1.173813369786667593e+01 1.418526941106334860e+01 -1.820192777023464270e+00 1.709264203228701007e+01 -2.865052340956706090e+01 2.276786216278495800e+01 3.838749333558913435e+01 -1.684192331866363190e+01 -1.365039114811945620e+00 5.689446440324635290e+01 -5.208200346937304914e+01 -3.538915170146157863e+00 1.993471760863578979e+01 2.578264719309286335e+01 -5.264069884524464449e+00 3.142103117949816138e+01 -6.213224482809989979e+01 3.838749333558914856e+01 7.760963676403990519e+01 -3.583130110194765905e+01 -3.422677336238010071e+00 -2.623858455929160982e+01 3.797840920818109822e+01 1.152749482631148936e+01 -4.814277428327454977e+00 -7.671351088396752615e+00 9.335240238376162125e+00 -1.342341337383095023e+01 4.338083821543199292e+01 -1.684192331866363901e+01 -3.583130110194765905e+01 2.994375319376347377e+01 8.258721896705480958e+00 -3.587757860432364776e+00 7.584058050959636255e+00 4.020320379795168542e+00 8.948109186365142964e-01 1.419768726468939590e-01 4.672086070610039776e+00 -5.406711394948315874e-01 9.851771848901526241e+00 -1.365039114811944287e+00 -3.422677336238004742e+00 8.258721896705479182e+00 7.690151323463002342e+00
-1.657903741926965324e+01 1.358187811560822489e+01 7.903315560269943418e-01 -6.845397191671227510e+00 -6.994458080922680843e+00 3.053045163968479137e-01 -1.081379082909107403e+01 1.645197559543624166e+01 -1.020434487890722508e+01 -1.940184906306636492e+01 8.008321381880776357e+00 -4.391261743192771405e-01 5.946605320874994938e+00 -9.298700592324772529e+00 -3.555681437228345398e+00 5.780235661241471812e-01 -1.431968340177130816e+00 -3.150505921757994710e+00 5.905093737860974690e-01 -1.203977333785653592e+01 3.573422968601029481e+00 6.870446688154451920e+00 -8.853486795338941562e+00 -4.075432999613163076e+00 -1.772338234772230336e+01 1.692528047755933329e+01 -6.248098740920603467e-01 -6.213080343690773333e+00 -9.088346283656335345e+00 -9.793057279920081015e-02 -1.163795020303143168e+01 1.803601605413411946e+01 -1.253140041673698590e+01 -2.477183077480640350e+01 9.713476814571922802e+00 -1.776732063702255005e+00 1.547249102101911866e+01 -2.392513844335121931e+01 -8.053853822607084822e+00 1.755897461689787331e+00 5.073740909695375834e+00 -5.038699033016583506e+00 5.797210584359986818e+00 -2.657497062418863010e+01 1.080905064445489216e+01 2.256506877360499175e+01 -1.708453691166238642e+01 -5.767950225029738753e+00 1.830323542367456469e+01 -2.488008442539953791e+01 -8.613782259625246240e+00 3.650788666211372657e+00 5.062902517452579687e+00 -5.178217315988748126e+00 8.968194401828487372e+00 -2.870850046632892472e+01 1.188298929646517443e+01 2.527039923596637294e+01 -2.005938950399628951e+01 -4.896118597411555307e+00 1.148578707557610024e+01 -1.820074105310890289e+01 -7.838518898368832311e+00 6.995465893759141851e-01 1.660859767567217871e+00 -4.622164749526127103e+00 4.212833531086629613e+00 -2.086349830786204862e+01 6.463655820740310531e+00 1.546961858098627829e+01 -1.448498355123414072e+01 -5.969670404243556661e+00 -1.197699806860190641e+01 1.234660024415390822e+01 1.062805096540438754e+00 -4.203136634075905320e+00 -8.487220352279463143e+00 -6.767289422847897473e-01 -9.201494226429433709e+00 1.295351463283963867e+01 -7.915786124641071453e+00 -1.810337585526846027e+01 4.612522687808155553e+00 -1.038704317007158595e+00 4.542736473572633216e+00 -7.439574850554489416e+00 -5.246378842782814189e+00 6.601217316245291955e-02 -1.784760787117427361e+00 -4.306204834493304823e+00 2.799325619602172632e-01 -8.124131125516496965e+00 1.375900180891721725e+00 2.240117213519731365e+00 -7.481819629702575192e+00 -4.657067501481004790e+00 -1.596631396761312693e+01 1.469644195914547780e+01 2.365838341325520178e-01 -6.940462783738952979e+00 -7.894271244637386609e+00 3.826859100737309283e-01 -1.168871364525942447e+01 1.475618198879693743e+01 -1.006997540793138235e+01 -2.089949980596110635e+01 5.925352706007372738e+00 -1.533706026606568074e+00 1.408238858879592570e+01 -1.922331237599578557e+01 -7.637106158612288809e+00 2.489007850065213301e+00 2.876615245548278299e+00 -5.971824563059833224e+00 5.840211697201731944e+00 -2.073678204349762311e+01 7.608263763688818848e+00 1.502686927421459373e+01 -1.484489089209401236e+01 -5.227376143073503734e+00 -2.803144297421036057e+01 2.685364798066902736e+01 1.915455574178108966e+00 -1.024377877703615880e+01 -1.075921532664634306e+01 3.578196422753971095e+00 -1.626061292693876581e+01 2.974218849281612975e+01 -1.813314227667795109e+01 -3.484534125262207027e+01 1.695822786066068844e+01 4.128832513775355650e-01 -2.109297823012542494e+01 2.170509141903136197e+01 1.353393114921394247e+00 -7.224847796261086863e+00 -1.219381290971070442e+01 1.268229118662013821e+00 -1.363273748213020298e+01 2.437141532411884270e+01 -1.588110944567893412e+01 -3.217174745017494075e+01 1.258903717456459859e+01 -1.157957806988943350e+00
-1.657903741926965324e+01 5.946605320874994938e+00 -1.772338234772230336e+01 1.547249102101911866e+01 1.830323542367456469e+01 1.148578707557610024e+01 -1.197699806860190641e+01 4.542736473572633216e+00 -1.596631396761312693e+01 1.408238858879592570e+01 -2.803144297421036057e+01 -2.109297823012542494e+01 1.358187811560822489e+01 -9.298700592324772529e+00 1.692528047755933329e+01 -2.392513844335121931e+01 -2.488008442539953791e+01 -1.820074105310890289e+01 1.234660024415390822e+01 -7.439574850554489416e+00 1.469644195914547780e+01 -1.922331237599578557e+01 2.685364798066902736e+01 2.170509141903136197e+01 7.903315560269943418e-01 -3.555681437228345398e+00 -6.248098740920603467e-01 -8.053853822607084822e+00 -8.613782259625246240e+00 -7.838518898368832311e+00 1.062805096540438754e+00 -5.246378842782814189e+00 2.365838341325520178e-01 -7.637106158612288809e+00 1.915455574178108966e+00 1.353393114921394247e+00 -6.845397191671227510e+00 5.780235661241471812e-01 -6.213080343690773333e+00 1.755897461689787331e+00 3.650788666211372657e+00 6.995465893759141851e-01 -4.203136634075905320e+00 6.601217316245291955e-02 -6.940462783738952979e+00 2.489007850065213301e+00 -1.024377877703615880e+01 -7.224847796261086863e+00 -6.994458080922680843e+00 -1.431968340177130816e+00 -9.088346283656335345e+00 5.073740909695375834e+00 5.062902517452579687e+00 1.660859767567217871e+00 -8.487220352279463143e+00 -1.784760787117427361e+00 -7.894271244637386609e+00 2.876615245548278299e+00 -1.075921532664634306e+01 -1.219381290971070442e+01 3.053045163968479137e-01 -3.150505921757994710e+00 -9.793057279920081015e-02 -5.038699033016583506e+00 -5.178217315988748126e+00 -4.622164749526127103e+00 -6.767289422847897473e-01 -4.306204834493304823e+00 3.826859100737309283e-01 -5.971824563059833224e+00 3.578196422753971095e+00 1.268229118662013821e+00 -1.081379082909107403e+01 5.905093737860974690e-01 -1.163795020303143168e+01 5.797210584359986818e+00 8.968194401828487372e+00 4.212833531086629613e+00 -9.201494226429433709e+00 2.799325619602172632e-01 -1.168871364525942447e+01 5.840211697201731944e+00 -1.626061292693876581e+01 -1.363273748213020298e+01 1.645197559543624166e+01 -1.203977333785653592e+01 1.803601605413411946e+01 -2.657497062418863010e+01 -2.870850046632892472e+01 -2.086349830786204862e+01 1.295351463283963867e+01 -8.124131125516496965e+00 1.475618198879693743e+01 -2.073678204349762311e+01 2.974218849281612975e+01 2.437141532411884270e+01 -1.020434487890722508e+01 3.573422968601029481e+00 -1.253140041673698590e+01 1.080905064445489216e+01 1.188298929646517443e+01 6.463655820740310531e+00 -7.915786124641071453e+00 1.375900180891721725e+00 -1.006997540793138235e+01 7.608263763688818848e+00 -1.813314227667795109e+01 -1.588110944567893412e+01 -1.940184906306636492e+01 6.870446688154451920e+00 -2.477183077480640350e+01 2.256506877360499175e+01 2.527039923596637294e+01 1.546961858098627829e+01 -1.810337585526846027e+01 2.240117213519731365e+00 -2.089949980596110635e+01 1.502686927421459373e+01 -3.484534125262207027e+01 -3.217174745017494075e+01 8.008321381880776357e+00 -8.853486795338941562e+00 9.713476814571922802e+00 -1.708453691166238642e+01 -2.005938950399628951e+01 -1.448498355123414072e+01 4.612522687808155553e+00 -7.481819629702575192e+00 5.925352706007372738e+00 -1.484489089209401236e+01 1.695822786066068844e+01 1.258903717456459859e+01 -4.391261743192771405e-01 -4.075432999613163076e+00 -1.776732063702255005e+00 -5.767950225029738753e+00 -4.896118597411555307e+00 -5.969670404243556661e+00 -1.038704317007158595e+00 -4.657067501481004790e+00 -1.533706026606568074e+00 -5.227376143073503734e+00 4.128832513775355650e-01 -1.157957806988943350e+00
2.133646793847579204e+01 9.669583296902134251e+00 2.143023575826360982e+01 7.137728026874373022e+00 3.468334500929874054e+00 1.065019034289580446e+01 1.549680279797793325e+01 1.221340490039816906e+01 1.997101876092788686e+01 6.407827296225928393e+00 2.361021269526946753e+01 2.224006463082556451e+01 9.669583296902144909e+00 1.683217286428656578e+01 1.247874352931854069e+01 1.587753876250659246e+01 1.482575084904078366e+01 1.780300733799015234e+01 1.068160983741397629e+01 1.535000902976699777e+01 1.303689275048966678e+01 1.381688374726494395e+01 8.580072936324334876e+00 1.204981675808653208e+01 2.143023575826363469e+01 1.247874352931853181e+01 3.084576566574585854e+01 7.344932637297744371e+00 4.882309033249240038e+00 1.427918915733259375e+01 1.908956874552947625e+01 1.757938295360480296e+01 2.439009425874056802e+01 1.004234295823151513e+01 2.866039173447678579e+01 2.992100519493916977e+01 7.137728026874387233e+00 1.587753876250659246e+01 7.344932637297762135e+00 2.667079863677008689e+01 2.035220976268542969e+01 2.287491210214440329e+01 4.880560092911855996e+00 1.513376786318569955e+01 8.974745714328243196e+00 1.882789080647805235e+01 3.120757359151080212e+00 4.533568272291709000e+00 3.468334500929855402e+00 1.482575084904078722e+01 4.882309033249230268e+00 2.035220976268542969e+01 2.445378191228557441e+01 2.143740358469085550e+01 4.780974754284750716e+00 1.564923357965724726e+01 6.778950595650749200e+00 1.879141936244219835e+01 -1.033660496857011335e+00 2.377227677134187367e+00 1.065019034289580446e+01 1.780300733799015234e+01 1.427918915733259375e+01 2.287491210214439263e+01 2.143740358469086615e+01 2.689705655410730856e+01 9.516148053074108049e+00 1.953600907179810164e+01 1.373759688627246511e+01 2.041571113445127494e+01 9.482851056235391596e+00 1.272502015623648042e+01 1.549680279797793681e+01 1.068160983741397096e+01 1.908956874552946203e+01 4.880560092911855996e+00 4.780974754284749828e+00 9.516148053074100943e+00 1.994200449256438645e+01 1.336516574049062989e+01 1.965693543538312937e+01 8.267123299303616335e+00 1.837871748828918328e+01 2.196065592949813450e+01 1.221340490039817617e+01 1.535000902976699955e+01 1.757938295360480296e+01 1.513376786318569067e+01 1.564923357965725081e+01 1.953600907179809809e+01 1.336516574049063699e+01 2.131892476304425799e+01 1.576727577427070237e+01 1.808589250432391538e+01 1.195219174581739097e+01 1.694957251912372698e+01 1.997101876092790818e+01 1.303689275048966145e+01 2.439009425874055381e+01 8.974745714328239643e+00 6.778950595650752753e+00 1.373759688627246156e+01 1.965693543538313293e+01 1.576727577427070059e+01 2.696339528236142158e+01 1.001064496876710486e+01 2.590942692289743832e+01 2.598998077957560682e+01 6.407827296225935498e+00 1.381688374726494217e+01 1.004234295823150802e+01 1.882789080647803814e+01 1.879141936244220545e+01 2.041571113445126429e+01 8.267123299303626993e+00 1.808589250432391893e+01 1.001064496876710841e+01 2.258763884895066454e+01 4.363353006808284640e+00 9.393928334006396597e+00 2.361021269526949595e+01 8.580072936324324218e+00 2.866039173447676802e+01 3.120757359151058452e+00 -1.033660496856991573e+00 9.482851056235391596e+00 1.837871748828918328e+01 1.195219174581738031e+01 2.590942692289743476e+01 4.363353006808280199e+00 3.661217828061232638e+01 3.153795866445999962e+01 2.224006463082558582e+01 1.204981675808652319e+01 2.992100519493916977e+01 4.533568272291688572e+00 2.377227677134198025e+00 1.272502015623647686e+01 2.196065592949814516e+01 1.694957251912372342e+01 2.598998077957561748e+01 9.393928334006389491e+00 3.153795866446001384e+01 3.570219523233365067e+01
-1.617230080399120196e+00 -1.328209443566878090e+00 1.040773132810723645e-01 -1.009880296096717700e+00 -1.029211275775425261e+00 1.033721839963258338e-01 -1.748213248015927368e+00 -7.189208267962445831e-01 -3.933824440222434271e-01 -1.926449718911908415e-01 -1.068736249442560737e+00 -6.582283012784488907e-01 -5.575944869138677040e-01 -9.978519857528040937e-01 5.078855587763978496e-01 -1.012545954444609819e+00 -1.861004959590965901e+00 -1.090823211563619832e+00 -5.486229831123726752e-01 -6.720995743258368904e-01 -1.842217781530655740e+00 -1.959312154728766187e+00 -1.853258271244397459e+00 4.163697071098249047e-02 -9.982244714892732906e-01 -6.468514341513457166e-01 -2.013915939105158370e-01 2.070539075221166092e-01 -1.111364001954930014e+00 -7.461092767374226664e-01 -1.608935479206432984e+00 -1.048348728256528695e+00 -1.428047919350603046e+00 -1.367201081274756369e+00 -7.295129193368097287e-01 -6.721172304780698159e-01 -1.042347219451735807e+00 -3.533474048806651280e-01 -1.096077286902570336e+00 7.004662066555887578e-02 -1.814570277857042502e+00 -7.642514204506795084e-01 -1.545263070579510511e+00 -4.417470018381994823e-01 -1.939557324667191995e+00 -6.230613256424264446e-01 -1.801110063586655929e+00 -6.059926395295049950e-01 -5.813019645521008139e-01 -6.671210070483253318e-01 -7.782031172452791301e-01 -1.730526378174851720e-01 -1.662348892372716103e+00 -8.525759616874037938e-01 -2.502892225315143659e-01 -1.546412965168252995e+00 -8.096732799926652513e-01 -1.326872445127831313e+00 -4.099454492523298965e-01 -1.014496867767334276e+00 -5.631058582599141049e-01 -1.344339132888819011e+00 7.279290977267673102e-02 -9.692025254922065347e-01 -4.089572613356346475e-01 -7.045543180088639224e-01 -1.156385902086683792e+00 -1.212760172691485644e-01 -5.031831967022004637e-01 -1.017925181334527363e+00 -1.533682394041311348e+00 -1.302132576416560106e+00 -8.368279623535024303e-01 -4.196372786937026533e-01 -1.290223499488954095e+00 -8.281752254170902106e-01 -8.842713235220318602e-01 -5.344910007822005760e-01 -9.861738774071180380e-01 -2.749431207130208499e-01 -1.298243999244106162e+00 -8.782045255177992060e-02 -1.378510877936899082e+00 -3.066204731842512854e-01 -9.271649816838716252e-01 -9.740324393162159700e-01 1.178225069440495265e-01 -6.433504167638581794e-01 -5.357870711906630445e-01 -3.539989035282309904e-01 -1.559787776228990785e-02 -4.545149992711393083e-01 -1.511829618808916142e-01 -8.647188242014294257e-01 -1.817774103141915010e+00 -1.001903626458550134e+00 -9.973124446074134175e-01 -8.030968406021623540e-01 -8.491266669014697899e-02 -8.209024693194419964e-01 -5.576432631352041813e-01 -3.623323818587873002e-01 -1.964195116033469746e-01 -6.278565477204510747e-01 -1.250351189864114199e+00 -1.414442928406031807e+00 -4.844302605249604654e-01 -3.418592397406198247e-01 -1.626691399715276320e+00 -1.629870803290467629e+00 -9.469532461814136326e-01 -1.204840496168708919e+00 -2.094871755063103080e+00 -6.609698619306739742e-01 -7.323534718789330711e-01 -1.127315658491697681e+00 -1.741214899403136673e+00 -1.188299141823320193e-01 -2.845131635309591789e-02 -3.835490415533628905e-01 -1.387612801885090841e+00 -1.082845671236848828e+00 -1.170506187394597108e-01 -3.013766168061093320e-01 -8.108564636929164182e-01 6.586599138591017755e-02 -1.400338330503251738e+00 -1.190985240777876708e+00 -3.004255027102036291e-01 -5.391739969449725889e-01 -1.246540000624970945e+00 -1.041634875630730539e+00 -1.918503559839949413e-01 -1.514989680970501684e+00 -3.186778697876263000e-01 -4.748758688149523621e-01 -1.751461666669321904e+00 -6.426481390766061175e-01 -2.700401408626464383e-01 -1.208353773222414995e+00 -1.432235791750530396e+00 -1.674463770830400211e+00 -1.725621597764514847e+00 -3.992189151811491588e-01
-1.617230080399120196e+00 -5.575944869138677040e-01 -9.982244714892732906e-01 -1.042347219451735807e+00 -5.813019645521008139e-01 -5.631058582599141049e-01 -8.368279623535024303e-01 -9.271649816838716252e-01 -9.973124446074134175e-01 -1.626691399715276320e+00 -1.387612801885090841e+00 -1.918503559839949413e-01 -1.328209443566878090e+00 -9.978519857528040937e-01 -6.468514341513457166e-01 -3.533474048806651280e-01 -6.671210070483253318e-01 -1.344339132888819011e+00 -4.196372786937026533e-01 -9.740324393162159700e-01 -8.030968406021623540e-01 -1.629870803290467629e+00 -1.082845671236848828e+00 -1.514989680970501684e+00 1.040773132810723645e-01 5.078855587763978496e-01 -2.013915939105158370e-01 -1.096077286902570336e+00 -7.782031172452791301e-01 7.279290977267673102e-02 -1.290223499488954095e+00 1.178225069440495265e-01 -8.491266669014697899e-02 -9.469532461814136326e-01 -1.170506187394597108e-01 -3.186778697876263000e-01 -1.009880296096717700e+00 -1.012545954444609819e+00 2.070539075221166092e-01 7.004662066555887578e-02 -1.730526378174851720e-01 -9.692025254922065347e-01 -8.281752254170902106e-01 -6.433504167638581794e-01 -8.209024693194419964e-01 -1.204840496168708919e+00 -3.013766168061093320e-01 -4.748758688149523621e-01 -1.029211275775425261e+00 -1.861004959590965901e+00 -1.111364001954930014e+00 -1.814570277857042502e+00 -1.662348892372716103e+00 -4.089572613356346475e-01 -8.842713235220318602e-01 -5.357870711906630445e-01 -5.576432631352041813e-01 -2.094871755063103080e+00 -8.108564636929164182e-01 -1.751461666669321904e+00 1.033721839963258338e-01 -1.090823211563619832e+00 -7.461092767374226664e-01 -7.642514204506795084e-01 -8.525759616874037938e-01 -7.045543180088639224e-01 -5.344910007822005760e-01 -3.539989035282309904e-01 -3.623323818587873002e-01 -6.609698619306739742e-01 6.586599138591017755e-02 -6.426481390766061175e-01 -1.748213248015927368e+00 -5.486229831123726752e-01 -1.608935479206432984e+00 -1.545263070579510511e+00 -2.502892225315143659e-01 -1.156385902086683792e+00 -9.861738774071180380e-01 -1.559787776228990785e-02 -1.964195116033469746e-01 -7.323534718789330711e-01 -1.400338330503251738e+00 -2.700401408626464383e-01 -7.189208267962445831e-01 -6.720995743258368904e-01 -1.048348728256528695e+00 -4.417470018381994823e-01 -1.546412965168252995e+00 -1.212760172691485644e-01 -2.749431207130208499e-01 -4.545149992711393083e-01 -6.278565477204510747e-01 -1.127315658491697681e+00 -1.190985240777876708e+00 -1.208353773222414995e+00 -3.933824440222434271e-01 -1.842217781530655740e+00 -1.428047919350603046e+00 -1.939557324667191995e+00 -8.096732799926652513e-01 -5.031831967022004637e-01 -1.298243999244106162e+00 -1.511829618808916142e-01 -1.250351189864114199e+00 -1.741214899403136673e+00 -3.004255027102036291e-01 -1.432235791750530396e+00 -1.926449718911908415e-01 -1.959312154728766187e+00 -1.367201081274756369e+00 -6.230613256424264446e-01 -1.326872445127831313e+00 -1.017925181334527363e+00 -8.782045255177992060e-02 -8.647188242014294257e-01 -1.414442928406031807e+00 -1.188299141823320193e-01 -5.391739969449725889e-01 -1.674463770830400211e+00 -1.068736249442560737e+00 -1.853258271244397459e+00 -7.295129193368097287e-01 -1.801110063586655929e+00 -4.099454492523298965e-01 -1.533682394041311348e+00 -1.378510877936899082e+00 -1.817774103141915010e+00 -4.844302605249604654e-01 -2.845131635309591789e-02 -1.246540000624970945e+00 -1.725621597764514847e+00 -6.582283012784488907e-01 4.163697071098249047e-02 -6.721172304780698159e-01 -6.059926395295049950e-01 -1.014496867767334276e+00 -1.302132576416560106e+00 -3.066204731842512854e-01 -1.001903626458550134e+00 -3.418592397406198247e-01 -3.835490415533628905e-01 -1.041634875630730539e+00 -3.992189151811491588e-01
1.220608995082416470e+01 7.895102579485470784e+00 3.397579213620658400e+00 4.630067783117707059e+00 1.033612108966277887e+01 8.579692280420763595e+00 1.480634575868000624e+00 9.471309477575990954e-01 4.055429157524086392e+00 1.057705961356706403e+01 8.867413762634139829e+00 3.986880562175391329e+00 7.895102579485472560e+00 1.533217339792515865e+01 3.125264305093404804e+00 3.687382451693316021e+00 1.320962255300533528e+01 9.558273800054184477e+00 -7.924917715539390173e-01 -3.390825327187303451e+00 5.189578986229964386e+00 1.228303336914850874e+01 7.155343414619008691e+00 5.745689493355097710e+00 3.397579213620657068e+00 3.125264305093405248e+00 1.359526675923107675e+01 1.063488995115161728e+01 5.139871514217020376e-01 2.245363092598379406e+00 1.057933984615962686e+01 1.105487732389123678e+01 5.194172685986979232e+00 2.588875844384051383e+00 3.442947523475670124e+00 8.911042954308301844e+00 4.630067783117707947e+00 3.687382451693317797e+00 1.063488995115162083e+01 1.726247462520533915e+01 5.547235531030754174e-01 3.309747959717495025e+00 1.319059665563709771e+01 1.300122867956146067e+01 5.560383724110484316e+00 3.468621405821638248e+00 4.993684962461874655e+00 1.039015342459317814e+01 1.033612108966278065e+01 1.320962255300533705e+01 5.139871514217029258e-01 5.547235531030736411e-01 2.106842728748625859e+01 1.110175103016167597e+01 -4.651818545630915125e+00 -6.859192424604843907e+00 5.009450016736956890e+00 1.552133587018942507e+01 9.818638389822925916e+00 2.749894222780316255e+00 8.579692280420765371e+00 9.558273800054184477e+00 2.245363092598379406e+00 3.309747959717495025e+00 1.110175103016167597e+01 1.201865076896462092e+01 9.268006526920586907e-01 -2.116216907527119773e-01 4.891380534245354461e+00 1.064564624380236069e+01 8.418522910565609862e+00 3.924221760614804655e+00 1.480634575867997071e+00 -7.924917715539372409e-01 1.057933984615962686e+01 1.319059665563709771e+01 -4.651818545630912460e+00 9.268006526920569144e-01 1.808832400640682891e+01 1.604255771246418050e+01 5.913657837929893191e+00 4.113576786490629189e-01 2.587976655710913843e+00 9.167503633632819060e+00 9.471309477575964308e-01 -3.390825327187302562e+00 1.105487732389124034e+01 1.300122867956146067e+01 -6.859192424604840355e+00 -2.116216907527119773e-01 1.604255771246418050e+01 2.250742705658949916e+01 4.884407371678005205e+00 -3.175077896511760756e+00 1.928601457212086867e+00 8.984228365507172853e+00 4.055429157524088168e+00 5.189578986229965274e+00 5.194172685986980120e+00 5.560383724110483428e+00 5.009450016736957778e+00 4.891380534245355349e+00 5.913657837929891414e+00 4.884407371678005205e+00 8.229681927394238983e+00 6.628125877070346839e+00 4.708220644155018952e+00 5.540222889177289112e+00 1.057705961356706581e+01 1.228303336914850874e+01 2.588875844384052272e+00 3.468621405821639136e+00 1.552133587018942151e+01 1.064564624380236069e+01 4.113576786490638071e-01 -3.175077896511758091e+00 6.628125877070345950e+00 1.801124002106585920e+01 9.191496434311821062e+00 4.393227515381349590e+00 8.867413762634139829e+00 7.155343414619006914e+00 3.442947523475670568e+00 4.993684962461875543e+00 9.818638389822922363e+00 8.418522910565608086e+00 2.587976655710915619e+00 1.928601457212090864e+00 4.708220644155018064e+00 9.191496434311819286e+00 1.048782271669446153e+01 4.483059921650029978e+00 3.986880562175390885e+00 5.745689493355098598e+00 8.911042954308301844e+00 1.039015342459317637e+01 2.749894222780318032e+00 3.924221760614806431e+00 9.167503633632817284e+00 8.984228365507172853e+00 5.540222889177289112e+00 4.393227515381349590e+00 4.483059921650029978e+00 1.218984810706687227e+01
-5.284233103461339454e+00 -4.946176251678495284e+00 1.986694212751839439e+00 3.258727914722133967e+00 -8.679638145096271629e+00 -3.941157216952580811e+00 4.864479487799525437e+00 5.254472781354918354e+00 7.308955025339067824e-01 -6.018168122362787642e+00 -2.587667415393432258e+00 2.193759514790479592e+00 -4.629301404476725001e-01 6.888979233273146985e-01 -3.804878759930622412e+00 -3.033398964508197349e+00 1.167387407307761693e+00 7.351364224841037132e-01 -2.605633184138019143e+00 -5.162080139575184745e+00 6.595790615723513550e-01 1.122271425589934868e+00 -1.310251013884382587e-01 -1.953574706305256203e+00 -5.408197149729335962e+00 -8.777013823738228027e+00 3.169220040229193902e+00 7.129564885688745690e+00 -1.311736184878456868e+01 -6.027892116781045750e+00 9.348692043703621835e+00 1.247723521815403203e+01 6.123308186757500104e-01 -8.581435370433091236e+00 -3.454784840790861011e+00 3.458363382375403194e+00 -3.541351814367385220e+00 -2.448554092408641303e+00 -1.617939143038723271e-01 6.455644627899828070e-01 -4.683304478851345820e+00 -1.934439509260620804e+00 1.134569934834206206e+00 1.504664111387252978e+00 3.041958599276400887e-01 -1.620362057260360977e+00 -1.965230334191707007e+00 -2.486232686918858903e-01 -1.952155249276353421e+00 1.571136064838285495e+00 -3.909013585834917759e+00 -2.610901098233224804e+00 5.044589761740916334e-01 9.973393384701774167e-01 -3.539845308364792498e+00 -4.592632030150770817e+00 -2.991776879122975408e-01 2.084287877981383375e+00 -5.040625430819141162e-01 -1.303938221160304334e+00 3.687829462571828198e+00 9.997726797863641934e+00 -1.091359601011573943e+01 -9.783198535126203410e+00 1.440682113199465952e+01 7.150069711778902715e+00 -1.622212533225203046e+01 -2.097853825139963746e+01 -1.482021574245377726e+00 1.109065635442489395e+01 3.238735822596080727e+00 -5.620944393168120001e+00 -2.427925815074661653e+00 2.060418349226156742e+00 -4.479720425740233658e+00 -4.901195200848112776e+00 1.383542070901101706e+00 2.153566577794494563e+00 -3.893289960404558769e+00 -5.334396815770894307e+00 4.608832855207013468e-01 2.716778757689131574e+00 1.029563410599789730e-01 -2.941801995600511699e+00 -2.704111503043228115e+00 -1.109065953136129448e-02 -3.439235732171662452e+00 -4.773876783511160404e+00 -2.848262483790796606e-01 5.769520854915091146e-01 -1.046379918214028759e+00 -4.350404490019054826e+00 4.666033336892507766e-01 1.563043345894732372e+00 -9.575451868758797502e-01 -1.970724021439894447e+00 -3.420136012664220376e-02 4.133148248035078964e+00 -4.750393271150342045e+00 -5.953024403384777230e+00 5.909774423631068530e+00 3.221880804040599955e+00 -8.032491297080051496e+00 -1.011233724469771289e+01 -1.399243624961705290e+00 4.333991908718344277e+00 1.751633190154170183e+00 -3.232090304374114709e+00 -4.062635837024946461e+00 -5.823140962758150074e+00 2.527689496233910482e+00 3.965660848767065705e+00 -8.978382949433543203e+00 -4.626263892248178244e+00 5.306560275419341721e+00 5.950631450927708066e+00 -6.881403973235094007e-01 -6.148721830672847055e+00 -2.684892776722444641e+00 1.392804915423105472e+00 1.634784645229871436e-01 1.105377098494162658e+00 -4.200120063871268350e+00 -3.399644222373888081e+00 1.772216236689774016e+00 2.238039089498212175e-01 -4.840500927017431287e+00 -7.302198113352019959e+00 6.300553927176475444e-01 2.931766525704010196e+00 -5.026061081225836613e-01 -1.602474108902757877e+00 -2.015219108393698111e+00 2.958788233447647187e+00 -2.112486345190921266e+00 -5.178741208373901728e+00 3.642564086011229829e+00 3.406853891718343852e-01 -4.922586197340407033e+00 -7.480195719764293649e+00 7.609274617763307491e-01 2.927957551785508983e+00 -7.547541466642002650e-01 -1.953975869119703557e+00
-5.284233103461339454e+00 -4.629301404476725001e-01 -5.408197149729335962e+00 -3.541351814367385220e+00 -1.952155249276353421e+00 3.687829462571828198e+00 -2.427925815074661653e+00 -2.704111503043228115e+00 -3.420136012664220376e-02 -4.062635837024946461e+00 1.634784645229871436e-01 -2.015219108393698111e+00 -4.946176251678495284e+00 6.888979233273146985e-01 -8.777013823738228027e+00 -2.448554092408641303e+00 1.571136064838285495e+00 9.997726797863641934e+00 2.060418349226156742e+00 -1.109065953136129448e-02 4.133148248035078964e+00 -5.823140962758150074e+00 1.105377098494162658e+00 2.958788233447647187e+00 1.986694212751839439e+00 -3.804878759930622412e+00 3.169220040229193902e+00 -1.617939143038723271e-01 -3.909013585834917759e+00 -1.091359601011573943e+01 -4.479720425740233658e+00 -3.439235732171662452e+00 -4.750393271150342045e+00 2.527689496233910482e+00 -4.200120063871268350e+00 -2.112486345190921266e+00 3.258727914722133967e+00 -3.033398964508197349e+00 7.129564885688745690e+00 6.455644627899828070e-01 -2.610901098233224804e+00 -9.783198535126203410e+00 -4.901195200848112776e+00 -4.773876783511160404e+00 -5.953024403384777230e+00 3.965660848767065705e+00 -3.399644222373888081e+00 -5.178741208373901728e+00 -8.679638145096271629e+00 1.167387407307761693e+00 -1.311736184878456868e+01 -4.683304478851345820e+00 5.044589761740916334e-01 1.440682113199465952e+01 1.383542070901101706e+00 -2.848262483790796606e-01 5.909774423631068530e+00 -8.978382949433543203e+00 1.772216236689774016e+00 3.642564086011229829e+00 -3.941157216952580811e+00 7.351364224841037132e-01 -6.027892116781045750e+00 -1.934439509260620804e+00 9.973393384701774167e-01 7.150069711778902715e+00 2.153566577794494563e+00 5.769520854915091146e-01 3.221880804040599955e+00 -4.626263892248178244e+00 2.238039089498212175e-01 3.406853891718343852e-01 4.864479487799525437e+00 -2.605633184138019143e+00 9.348692043703621835e+00 1.134569934834206206e+00 -3.539845308364792498e+00 -1.622212533225203046e+01 -3.893289960404558769e+00 -1.046379918214028759e+00 -8.032491297080051496e+00 5.306560275419341721e+00 -4.840500927017431287e+00 -4.922586197340407033e+00 5.254472781354918354e+00 -5.162080139575184745e+00 1.247723521815403203e+01 1.504664111387252978e+00 -4.592632030150770817e+00 -2.097853825139963746e+01 -5.334396815770894307e+00 -4.350404490019054826e+00 -1.011233724469771289e+01 5.950631450927708066e+00 -7.302198113352019959e+00 -7.480195719764293649e+00 7.308955025339067824e-01 6.595790615723513550e-01 6.123308186757500104e-01 3.041958599276400887e-01 -2.991776879122975408e-01 -1.482021574245377726e+00 4.608832855207013468e-01 4.666033336892507766e-01 -1.399243624961705290e+00 -6.881403973235094007e-01 6.300553927176475444e-01 7.609274617763307491e-01 -6.018168122362787642e+00 1.122271425589934868e+00 -8.581435370433091236e+00 -1.620362057260360977e+00 2.084287877981383375e+00 1.109065635442489395e+01 2.716778757689131574e+00 1.563043345894732372e+00 4.333991908718344277e+00 -6.148721830672847055e+00 2.931766525704010196e+00 2.927957551785508983e+00 -2.587667415393432258e+00 -1.310251013884382587e-01 -3.454784840790861011e+00 -1.965230334191707007e+00 -5.040625430819141162e-01 3.238735822596080727e+00 1.029563410599789730e-01 -9.575451868758797502e-01 1.751633190154170183e+00 -2.684892776722444641e+00 -5.026061081225836613e-01 -7.547541466642002650e-01 2.193759514790479592e+00 -1.953574706305256203e+00 3.458363382375403194e+00 -2.486232686918858903e-01 -1.303938221160304334e+00 -5.620944393168120001e+00 -2.941801995600511699e+00 -1.970724021439894447e+00 -3.232090304374114709e+00 1.392804915423105472e+00 -1.602474108902757877e+00 -1.953975869119703557e+00
3.874678749110202602e+01 1.659622553866283923e+01 1.784692634624988372e+01 1.762327893453934635e+01 1.726850339086470143e+01 9.983084996045590742e+00 7.869303545507035480e+00 4.930496778970216099e+00 1.114156002487458785e+01 2.558132597174909861e+01 2.325698805798461777e+01 1.849381379566886352e+01 1.659622553866283923e+01 2.173562712431064270e+01 4.024910055093441130e+00 1.089664628907099697e+01 1.449398763267019419e+01 1.704271167208596083e+01 7.306137835199380426e+00 1.041876043831840093e+01 1.459176162091766393e+01 1.406553207715845488e+01 1.732730383111031713e+01 1.442401359153993567e+01 1.784692634624988727e+01 4.024910055093442907e+00 2.582236332348104924e+01 1.155989896581253795e+01 5.855428675252515092e+00 -9.889064856456043273e+00 1.935627101989126908e+00 5.224424075955721669e+00 -1.746281310372360451e+00 1.316626473118751406e+01 5.069250017487677340e+00 4.212723573573801672e-01 1.762327893453934280e+01 1.089664628907099875e+01 1.155989896581253618e+01 1.470775179564249235e+01 1.166285788942681911e+01 9.495092475671157217e+00 8.911623080827389742e+00 9.253066617342780020e+00 8.007087802345726146e+00 1.488806345162640632e+01 1.222501649658390477e+01 1.138344227975398582e+01 1.726850339086470143e+01 1.449398763267019419e+01 5.855428675252517756e+00 1.166285788942681378e+01 1.875587693903184316e+01 1.837439031453408944e+01 1.179911704380574378e+01 9.988983568292010062e+00 1.592199594606162805e+01 1.170907782408953501e+01 1.873234084198767491e+01 1.490119265239748181e+01 9.983084996045587189e+00 1.704271167208596083e+01 -9.889064856456037944e+00 9.495092475671155441e+00 1.837439031453408944e+01 4.218987859484695235e+01 1.575193274228913332e+01 1.145898751672784854e+01 2.222193201259653961e+01 6.714391581256974106e+00 2.243276285143397075e+01 2.147130999521048622e+01 7.869303545507033704e+00 7.306137835199379538e+00 1.935627101989128684e+00 8.911623080827387966e+00 1.179911704380574555e+01 1.575193274228913332e+01 1.888773144555115735e+01 1.276043050384987687e+01 1.210427427802136968e+01 7.635722502381194765e+00 1.144404191601797294e+01 1.140790389773528091e+01 4.930496778970216099e+00 1.041876043831840448e+01 5.224424075955720781e+00 9.253066617342781797e+00 9.988983568292006510e+00 1.145898751672785032e+01 1.276043050384987687e+01 1.856776462040313547e+01 9.774943603762970668e+00 7.187545875023854336e+00 7.767158863848017347e+00 9.008724545303467224e+00 1.114156002487458608e+01 1.459176162091766749e+01 -1.746281310372356455e+00 8.007087802345727923e+00 1.592199594606162805e+01 2.222193201259653605e+01 1.210427427802136613e+01 9.774943603762970668e+00 2.232613932080225538e+01 8.266255053689388177e+00 1.777799377101678147e+01 1.535589345080585488e+01 2.558132597174909861e+01 1.406553207715845843e+01 1.316626473118751051e+01 1.488806345162640632e+01 1.170907782408953501e+01 6.714391581256972330e+00 7.635722502381193877e+00 7.187545875023855224e+00 8.266255053689384624e+00 2.769368814345746443e+01 1.551099410591225336e+01 1.224250692288681464e+01 2.325698805798461422e+01 1.732730383111031713e+01 5.069250017487679116e+00 1.222501649658390477e+01 1.873234084198767491e+01 2.243276285143397075e+01 1.144404191601797116e+01 7.767158863848019124e+00 1.777799377101678147e+01 1.551099410591225336e+01 2.941536227763799971e+01 1.934579910136730518e+01 1.849381379566886352e+01 1.442401359153994100e+01 4.212723573573790015e-01 1.138344227975398582e+01 1.490119265239748358e+01 2.147130999521049333e+01 1.140790389773528091e+01 9.008724545303469000e+00 1.535589345080585844e+01 1.224250692288681641e+01 1.934579910136731584e+01 2.196419684991119681e+01
3.266302651408696245e-01 -7.303016133372037810e-01 -2.273860271230005115e+00 6.549263023851038812e-02 -1.628780903179959383e+00 1.808511987585064429e-01 -3.124504207032400838e-01 -3.409920843346766484e-01 -2.776176299002021786e+00 1.329886569064093749e+00 -5.344775831527210919e-01 4.161416756900584435e-01 1.200660728804140431e+00 -2.668069848504514230e+00 -4.692348854235444122e+00 -3.474201490876820397e+00 -1.007493514098101395e+00 -1.192161223075043797e+00 4.928898428448111324e-01 -5.204905135335596178e+00 7.842844746943813394e-01 6.897410608097636064e-01 3.833945078842234011e+00 -1.080117686724489379e-01 -7.278102486347401978e+00 2.880312457235007506e-01 6.559175722509991147e-01 -6.422253837566826995e-01 5.126621665019882590e-01 -2.606539956697652372e+00 2.352506402552453135e+00 4.711915293157534990e+00 2.454851570938121341e+00 -4.025868156781948315e+00 -3.414832274030914050e+00 -2.858121614089236040e+00 -2.927923832113184410e+00 -2.558706394061637912e+00 -2.346200034100202725e+00 -1.071014968451110549e+00 -1.021421946505829625e+00 4.707859512532743262e-01 2.676648511831722921e+00 -2.772551719902981993e-01 -3.510728123673828582e-01 3.677100583272261414e-01 -1.218411826396710307e+00 -1.634277586126650084e+00 2.470746606134356149e+00 1.033920187294365522e+00 -4.661969130948597217e-01 -7.800469855503490146e-01 -2.056886707149977178e-01 -6.984010704358400989e-01 -4.073550128557344330e+00 -3.078860147556031546e+00 -1.031694110548328602e+00 -2.633375617690734138e-01 1.443342653189060965e+00 -1.130850257193645181e-01 5.264541544410346052e-01 2.661980059035871982e+00 -4.524668788393632290e+00 -1.575144425218578670e+00 -4.750847037873660583e-01 -7.542840753885095006e-01 -3.628528222354800992e+00 -2.913780906613429700e+00 9.446277127805515761e-01 2.054013927052769084e+00 8.497287937145197034e-01 1.459865854922254291e-01 6.570038948247227673e-01 -4.159266277929186906e+00 -3.685627872403842153e-01 -2.556813882652539949e+00 1.967612206496977545e-01 -1.241004745236454099e+00 -2.962567604164856316e-01 -2.587717396697655658e+00 1.096900670737928074e-01 -1.401171182140362959e+00 2.566625673849571410e+00 -1.207134814737341522e+00 -4.879356931806619890e+00 -2.510576174026766250e+00 -2.392539566541119100e+00 -2.722531080719476915e+00 9.029829015694902372e-01 -2.355625881954616307e+00 2.644055061563462150e+00 -2.899491997470508009e-01 2.003870094342603991e+00 -2.759864941530521865e+00 3.299842808035569064e-01 -2.736579732368045192e+00 8.878717774967782583e-01 -3.705213168659143186e+00 1.410512006246066541e+00 -1.592475867197697514e+00 2.296541983556300848e-01 -1.540009170567516517e+00 -5.316472364905591025e-02 -1.618917899204950883e+00 -3.789248225303694095e-01 -3.331791160025693088e+00 1.902367479672006922e+00 -4.465129187186158699e-01 -4.725636644648303353e+00 1.377469171536699566e+00 -4.366906268045278594e+00 -2.001015637880083187e+00 3.085837218522328174e-01 -9.210210392916854394e-01 4.489629506707470408e-01 1.445600864371678895e+00 2.002585902792329620e+00 4.024051989168619947e-01 -1.402011939384185446e+00 -1.505543804458819412e+00 -3.608397803500296708e-01 3.123172181407757320e-01 1.990635759213879252e+00 1.144942845272348242e+00 -7.278042152571921886e-01 1.946765199458434514e-01 -2.102266802187192418e+00 9.548722374702511839e-01 -1.502176118781147762e+00 -2.504932697702591859e+00 -2.272330462421781938e+00 -8.541760198408601124e-01 -4.132719570945600829e+00 5.085394211912550588e-01 -4.294641090537606232e+00 -1.178955907828265204e+00 -1.408780752083247156e+00 1.309062116297730727e+00 9.499435277819946455e-01 6.578419290817272280e-01 -1.380953452005811322e+00 1.835308842139415919e+00 -2.930445662440396060e+00 -1.134801004866490270e+00
3.266302651408696245e-01 1.200660728804140431e+00 -7.278102486347401978e+00 -2.927923832113184410e+00 2.470746606134356149e+00 5.264541544410346052e-01 6.570038948247227673e-01 -4.879356931806619890e+00 8.878717774967782583e-01 -4.725636644648303353e+00 -3.608397803500296708e-01 -4.132719570945600829e+00 -7.303016133372037810e-01 -2.668069848504514230e+00 2.880312457235007506e-01 -2.558706394061637912e+00 1.033920187294365522e+00 2.661980059035871982e+00 -4.159266277929186906e+00 -2.510576174026766250e+00 -3.705213168659143186e+00 1.377469171536699566e+00 3.123172181407757320e-01 5.085394211912550588e-01 -2.273860271230005115e+00 -4.692348854235444122e+00 6.559175722509991147e-01 -2.346200034100202725e+00 -4.661969130948597217e-01 -4.524668788393632290e+00 -3.685627872403842153e-01 -2.392539566541119100e+00 1.410512006246066541e+00 -4.366906268045278594e+00 1.990635759213879252e+00 -4.294641090537606232e+00 6.549263023851038812e-02 -3.474201490876820397e+00 -6.422253837566826995e-01 -1.071014968451110549e+00 -7.800469855503490146e-01 -1.575144425218578670e+00 -2.556813882652539949e+00 -2.722531080719476915e+00 -1.592475867197697514e+00 -2.001015637880083187e+00 1.144942845272348242e+00 -1.178955907828265204e+00 -1.628780903179959383e+00 -1.007493514098101395e+00 5.126621665019882590e-01 -1.021421946505829625e+00 -2.056886707149977178e-01 -4.750847037873660583e-01 1.967612206496977545e-01 9.029829015694902372e-01 2.296541983556300848e-01 3.085837218522328174e-01 -7.278042152571921886e-01 -1.408780752083247156e+00 1.808511987585064429e-01 -1.192161223075043797e+00 -2.606539956697652372e+00 4.707859512532743262e-01 -6.984010704358400989e-01 -7.542840753885095006e-01 -1.241004745236454099e+00 -2.355625881954616307e+00 -1.540009170567516517e+00 -9.210210392916854394e-01 1.946765199458434514e-01 1.309062116297730727e+00 -3.124504207032400838e-01 4.928898428448111324e-01 2.352506402552453135e+00 2.676648511831722921e+00 -4.073550128557344330e+00 -3.628528222354800992e+00 -2.962567604164856316e-01 2.644055061563462150e+00 -5.316472364905591025e-02 4.489629506707470408e-01 -2.102266802187192418e+00 9.499435277819946455e-01 -3.409920843346766484e-01 -5.204905135335596178e+00 4.711915293157534990e+00 -2.772551719902981993e-01 -3.078860147556031546e+00 -2.913780906613429700e+00 -2.587717396697655658e+00 -2.899491997470508009e-01 -1.618917899204950883e+00 1.445600864371678895e+00 9.548722374702511839e-01 6.578419290817272280e-01 -2.776176299002021786e+00 7.842844746943813394e-01 2.454851570938121341e+00 -3.510728123673828582e-01 -1.031694110548328602e+00 9.446277127805515761e-01 1.096900670737928074e-01 2.003870094342603991e+00 -3.789248225303694095e-01 2.002585902792329620e+00 -1.502176118781147762e+00 -1.380953452005811322e+00 1.329886569064093749e+00 6.897410608097636064e-01 -4.025868156781948315e+00 3.677100583272261414e-01 -2.633375617690734138e-01 2.054013927052769084e+00 -1.401171182140362959e+00 -2.759864941530521865e+00 -3.331791160025693088e+00 4.024051989168619947e-01 -2.504932697702591859e+00 1.835308842139415919e+00 -5.344775831527210919e-01 3.833945078842234011e+00 -3.414832274030914050e+00 -1.218411826396710307e+00 1.443342653189060965e+00 8.497287937145197034e-01 2.566625673849571410e+00 3.299842808035569064e-01 1.902367479672006922e+00 -1.402011939384185446e+00 -2.272330462421781938e+00 -2.930445662440396060e+00 4.161416756900584435e-01 -1.080117686724489379e-01 -2.858121614089236040e+00 -1.634277586126650084e+00 -1.130850257193645181e-01 1.459865854922254291e-01 -1.207134814737341522e+00 -2.736579732368045192e+00 -4.465129187186158699e-01 -1.505543804458819412e+00 -8.541760198408601124e-01 -1.134801004866490270e+00
1.486137668733819517e+01 5.703560283602837622e+00 -4.731794528737575334e+00 1.076981417287336562e+01 5.579669094205264912e+00 -4.432215960644310115e-01 6.746104657172640628e+00 -1.067911439447487343e+00 -8.434859030902597254e-01 2.176298853114579934e+00 4.151349746206665081e+00 2.341272277671962776e+00 5.703560283602838510e+00 1.683808146070201062e+01 -1.495030821748893901e-01 5.435570110267677002e+00 7.700567494871280338e+00 7.414744243814252123e+00 8.436054702378177339e+00 4.125997317752955418e+00 3.102748347742604551e+00 6.109652737627692787e+00 4.614444813601484285e-01 4.344828238044654789e+00 -4.731794528737575334e+00 -1.495030821748899452e-01 3.055981865919962104e+01 -5.524969118651921640e+00 2.517727240340625450e+00 4.916630618549561405e+00 -1.925158527556458665e+00 7.223172140660727436e+00 4.819200713041629669e+00 1.057464595880089142e+01 7.228157782802105302e+00 8.508950403073985314e+00 1.076981417287336562e+01 5.435570110267679667e+00 -5.524969118651919864e+00 2.234619350543558625e+01 1.157189581121777833e+00 -4.887272797820781278e+00 1.059955901948433699e+01 4.824621983317616269e+00 7.859099972357697084e-02 1.213912546442737828e+00 2.787680555435658736e+00 2.393886924363421542e+00 5.579669094205264912e+00 7.700567494871279450e+00 2.517727240340627226e+00 1.157189581121777389e+00 1.622880975642366508e+01 7.874888152411966047e+00 5.096408184050852164e+00 -1.044721476849648667e+00 2.021985626836061201e+00 5.068228398444153626e+00 5.221403055289867368e+00 3.315571381510256987e+00 -4.432215960644265706e-01 7.414744243814249458e+00 4.916630618549558740e+00 -4.887272797820780390e+00 7.874888152411966935e+00 1.843655270247455391e+01 1.035365698960986514e+00 7.554685053877590484e+00 5.112197676132744562e+00 6.501354508347466421e+00 1.086751204398464621e+00 8.999429428133165487e+00 6.746104657172640628e+00 8.436054702378177339e+00 -1.925158527556458665e+00 1.059955901948433876e+01 5.096408184050852164e+00 1.035365698960986069e+00 1.619955677647151759e+01 5.735357076213700722e+00 7.319500195839964363e+00 5.660213025989619950e-01 3.515439181211870601e+00 2.354080832416776126e+00 -1.067911439447483568e+00 4.125997317752954530e+00 7.223172140660721219e+00 4.824621983317620710e+00 -1.044721476849647779e+00 7.554685053877586043e+00 5.735357076213700722e+00 2.388321185317974127e+01 1.001369661201615813e+01 5.468502840976078971e+00 7.897654023630071851e-01 9.164289278944698580e+00 -8.434859030902588373e-01 3.102748347742602331e+00 4.819200713041626116e+00 7.859099972357919128e-02 2.021985626836061201e+00 5.112197676132743673e+00 7.319500195839964363e+00 1.001369661201616168e+01 1.296172598204507764e+01 -9.430351457297421192e-01 3.254298806940299826e+00 3.853409004640885094e+00 2.176298853114583043e+00 6.109652737627695451e+00 1.057464595880089320e+01 1.213912546442735607e+00 5.068228398444155403e+00 6.501354508347470862e+00 5.660213025989611069e-01 5.468502840976077195e+00 -9.430351457297416751e-01 1.317768521980281449e+01 2.298639495059008109e+00 8.782997795432946120e+00 4.151349746206665969e+00 4.614444813601483175e-01 7.228157782802104414e+00 2.787680555435660512e+00 5.221403055289868256e+00 1.086751204398462622e+00 3.515439181211871045e+00 7.897654023630069631e-01 3.254298806940299826e+00 2.298639495059006777e+00 1.053078362177682337e+01 3.385978341980388162e+00 2.341272277671964996e+00 4.344828238044655677e+00 8.508950403073983537e+00 2.393886924363424207e+00 3.315571381510256099e+00 8.999429428133167264e+00 2.354080832416776570e+00 9.164289278944703909e+00 3.853409004640886426e+00 8.782997795432946120e+00 3.385978341980389050e+00 1.670530435733098784e+01
-1.573343887291158261e+01 -6.544681807236713666e+00 5.034672308576902289e+00 -1.486940905883954223e+01 -7.444901560349384440e+00 4.620880274067727278e+00 -9.505603981704195959e+00 3.777973224165557919e+00 1.693800418031957022e+00 -3.994332026843569139e+00 -3.660749475971512013e+00 -1.664540326451967367e+00 -1.913374112273425798e+00 -1.916905225587870243e+00 -5.945860499366383500e+00 -1.991645482201047923e-01 -3.057165178866854127e+00 -4.977877987657341130e+00 -3.800892448999431128e+00 -6.245938807089916445e+00 -6.776920991635731362e+00 -1.652758784906622314e+00 -2.360794487056581126e+00 -4.413307987258740184e+00 -4.503203747245118294e+00 -2.311147111607468219e+00 -2.864205422155024827e+00 -1.508690373174548682e+00 -2.276963898272532205e+00 -2.411343440315777187e+00 -2.330492069398667265e+00 -2.807545875391034951e+00 -2.092577599173919278e+00 -3.866573141356130172e+00 -1.531443027538082369e+00 -4.456879010031304489e+00 -6.937675434616763503e+00 -2.987476452947152694e+00 2.053408520655322533e+00 -9.392214016386615683e+00 6.046549905675751430e-02 -1.240080695067941940e+00 -8.846886974190228514e+00 -6.043603283899640743e+00 -7.106599498014827709e+00 3.900873232959187753e-01 -3.038622876332131018e+00 -5.103667329174172096e+00 -4.905876285911125123e+00 -2.532170428667778417e+00 -1.507013132544783529e+00 -2.812923599669989283e+00 -1.217278870549239000e+00 -5.897055591281114673e+00 -4.203557709810607612e+00 -6.210919215796607773e+00 -6.224141398577632600e+00 -1.423001627784470813e+00 -8.878449664133265529e-01 -7.080016677778826484e+00 -7.717728731468060488e+00 -2.599847454088079157e+00 -1.211524587782343954e+00 -3.806334729642022907e+00 -4.300300759375978998e+00 -1.813331334150442675e+00 -5.194480546572313173e+00 -1.663229100583885955e+00 -4.478402141297841865e+00 -1.267661591403886234e+00 -4.199305447768065136e+00 -2.804114778668179042e+00 -8.683287673304333154e+00 -5.657806956312290581e+00 4.657623358849294348e-01 -4.323775641406052195e+00 -5.568919812933606828e+00 -5.093116221056969373e+00 -5.233624153254665679e+00 -4.636703258222677704e+00 -4.218230267299959202e+00 -3.843092122367376184e+00 -1.878212352672526952e+00 -5.400951166155230965e+00 -9.034007787069002759e-01 -9.217253040834759714e-01 -4.127774686482532651e+00 3.517746424246039338e-01 -3.146301415568750759e-01 -5.942740296842836223e+00 -2.070313339560558852e+00 -7.732417303416411869e+00 -5.960174845889670614e+00 -1.818712369453391542e+00 -8.457268268110367249e-01 -6.311200070285056363e+00 -1.053942761291201791e+00 -3.108478683609842808e+00 -7.614469055137035092e+00 5.967546907083478569e-01 -7.484562448261570244e-01 -8.157794774825394057e+00 -5.375165872089877617e+00 -7.586073390431794294e+00 -1.028466779858197455e+01 -2.654855210984517822e+00 -2.551181140885095289e+00 -1.027565572540505734e+01 -2.565383018787897651e+00 -4.325595808705288370e+00 -6.290711689910010840e+00 7.701532974194011949e-01 -5.975158201892297960e+00 -6.998662515715202481e+00 -2.425196746263727832e+00 -4.023927788538279593e+00 -4.684670646898019264e+00 -4.602313655792793057e+00 -1.746001925236988939e+00 -6.533649958285311143e+00 -6.621344839028312279e+00 -4.290408831375433607e+00 -5.543379093334138474e+00 -4.571810986489406314e-01 -4.874908086516754224e+00 -5.143716829706671767e+00 -6.356938477805767818e+00 -2.326615793599709381e+00 -6.738532133287236547e+00 -3.064175472457027372e+00 -2.622715255817714031e+00 -8.361598145261808668e+00 -1.306385853878700942e+01 -7.153047580066747457e+00 -1.181898288803274522e+00 -1.140512959535825566e+01 -7.762479057786669578e+00 -9.617231299504869213e-01 -8.973333193792340623e+00 2.171634963247948580e+00 -2.225707002990970018e+00 -1.938811180853059923e+00 -4.291375041467815343e+00 -1.242761997508300409e+00
-1.573343887291158261e+01 -1.913374112273425798e+00 -4.503203747245118294e+00 -6.937675434616763503e+00 -4.905876285911125123e+00 -7.717728731468060488e+00 -8.683287673304333154e+00 -9.034007787069002759e-01 -1.053942761291201791e+00 -2.565383018787897651e+00 -6.621344839028312279e+00 -1.306385853878700942e+01 -6.544681807236713666e+00 -1.916905225587870243e+00 -2.311147111607468219e+00 -2.987476452947152694e+00 -2.532170428667778417e+00 -2.599847454088079157e+00 -5.657806956312290581e+00 -9.217253040834759714e-01 -3.108478683609842808e+00 -4.325595808705288370e+00 -4.290408831375433607e+00 -7.153047580066747457e+00 5.034672308576902289e+00 -5.945860499366383500e+00 -2.864205422155024827e+00 2.053408520655322533e+00 -1.507013132544783529e+00 -1.211524587782343954e+00 4.657623358849294348e-01 -4.127774686482532651e+00 -7.614469055137035092e+00 -6.290711689910010840e+00 -5.543379093334138474e+00 -1.181898288803274522e+00 -1.486940905883954223e+01 -1.991645482201047923e-01 -1.508690373174548682e+00 -9.392214016386615683e+00 -2.812923599669989283e+00 -3.806334729642022907e+00 -4.323775641406052195e+00 3.517746424246039338e-01 5.967546907083478569e-01 7.701532974194011949e-01 -4.571810986489406314e-01 -1.140512959535825566e+01 -7.444901560349384440e+00 -3.057165178866854127e+00 -2.276963898272532205e+00 6.046549905675751430e-02 -1.217278870549239000e+00 -4.300300759375978998e+00 -5.568919812933606828e+00 -3.146301415568750759e-01 -7.484562448261570244e-01 -5.975158201892297960e+00 -4.874908086516754224e+00 -7.762479057786669578e+00 4.620880274067727278e+00 -4.977877987657341130e+00 -2.411343440315777187e+00 -1.240080695067941940e+00 -5.897055591281114673e+00 -1.813331334150442675e+00 -5.093116221056969373e+00 -5.942740296842836223e+00 -8.157794774825394057e+00 -6.998662515715202481e+00 -5.143716829706671767e+00 -9.617231299504869213e-01 -9.505603981704195959e+00 -3.800892448999431128e+00 -2.330492069398667265e+00 -8.846886974190228514e+00 -4.203557709810607612e+00 -5.194480546572313173e+00 -5.233624153254665679e+00 -2.070313339560558852e+00 -5.375165872089877617e+00 -2.425196746263727832e+00 -6.356938477805767818e+00 -8.973333193792340623e+00 3.777973224165557919e+00 -6.245938807089916445e+00 -2.807545875391034951e+00 -6.043603283899640743e+00 -6.210919215796607773e+00 -1.663229100583885955e+00 -4.636703258222677704e+00 -7.732417303416411869e+00 -7.586073390431794294e+00 -4.023927788538279593e+00 -2.326615793599709381e+00 2.171634963247948580e+00 1.693800418031957022e+00 -6.776920991635731362e+00 -2.092577599173919278e+00 -7.106599498014827709e+00 -6.224141398577632600e+00 -4.478402141297841865e+00 -4.218230267299959202e+00 -5.960174845889670614e+00 -1.028466779858197455e+01 -4.684670646898019264e+00 -6.738532133287236547e+00 -2.225707002990970018e+00 -3.994332026843569139e+00 -1.652758784906622314e+00 -3.866573141356130172e+00 3.900873232959187753e-01 -1.423001627784470813e+00 -1.267661591403886234e+00 -3.843092122367376184e+00 -1.818712369453391542e+00 -2.654855210984517822e+00 -4.602313655792793057e+00 -3.064175472457027372e+00 -1.938811180853059923e+00 -3.660749475971512013e+00 -2.360794487056581126e+00 -1.531443027538082369e+00 -3.038622876332131018e+00 -8.878449664133265529e-01 -4.199305447768065136e+00 -1.878212352672526952e+00 -8.457268268110367249e-01 -2.551181140885095289e+00 -1.746001925236988939e+00 -2.622715255817714031e+00 -4.291375041467815343e+00 -1.664540326451967367e+00 -4.413307987258740184e+00 -4.456879010031304489e+00 -5.103667329174172096e+00 -7.080016677778826484e+00 -2.804114778668179042e+00 -5.400951166155230965e+00 -6.311200070285056363e+00 -1.027565572540505734e+01 -6.533649958285311143e+00 -8.361598145261808668e+00 -1.242761997508300409e+00
4.537297220006070120e+01 1.513755270689159360e+01 1.831688173295293964e+01 2.548234384129590424e+01 1.909710430550421378e+01 2.227824193463765567e+01 3.000100933888093024e+01 1.363061785706813112e+01 2.463177777184007056e+01 2.134322934211125400e+01 2.947527495905309891e+01 3.985540474382979426e+01 1.513755270689160426e+01 3.214387999550979913e+01 1.491799815359330239e+01 2.733369980784194908e+01 2.317906163437545430e+01 2.398114946307381246e+01 2.219932532123398161e+01 1.914002618087085494e+01 2.779322529220039328e+01 2.849087934957730894e+01 2.518023485665138139e+01 2.349806221508350745e+01 1.831688173295294675e+01 1.491799815359330417e+01 1.680212293966289394e+01 1.692735001751499269e+01 1.680553743012455570e+01 1.262464740650972672e+01 2.054367660337308621e+01 1.654752805392704929e+01 2.127319441837107306e+01 1.815792010192325279e+01 2.095971827780530461e+01 1.948091182643993591e+01 2.548234384129591490e+01 2.733369980784194908e+01 1.692735001751499269e+01 3.694589823292479025e+01 2.640721603417697239e+01 2.549357103870460151e+01 2.613511571067088823e+01 2.060156626890443832e+01 3.257560829455373153e+01 2.616176334521206925e+01 2.918772214552309663e+01 2.911391357968318516e+01 1.909710430550422089e+01 2.317906163437545786e+01 1.680553743012455570e+01 2.640721603417697239e+01 2.917221163411307572e+01 1.948873994557826350e+01 2.846127112830524197e+01 2.142186680803435550e+01 2.889933558467030394e+01 2.549381219981246005e+01 2.729200320798394586e+01 2.471155819098519046e+01 2.227824193463766278e+01 2.398114946307380890e+01 1.262464740650972139e+01 2.549357103870460151e+01 1.948873994557826350e+01 2.901011534710938378e+01 2.067836347854347423e+01 1.202851080807604767e+01 2.273356347522521403e+01 2.329706081808466678e+01 2.461259812366686361e+01 2.604722913961249731e+01 3.000100933888094090e+01 2.219932532123398161e+01 2.054367660337308621e+01 2.613511571067088823e+01 2.846127112830523842e+01 2.067836347854347778e+01 4.119753138593162589e+01 2.362437200033850715e+01 3.086430811782230421e+01 2.904470206298214663e+01 3.345080847164138760e+01 3.485017618291136898e+01 1.363061785706814355e+01 1.914002618087085139e+01 1.654752805392705639e+01 2.060156626890444187e+01 2.142186680803435905e+01 1.202851080807605122e+01 2.362437200033851781e+01 2.366528055167274758e+01 2.745366116675857171e+01 2.139658720240270640e+01 2.359445297633691041e+01 1.920199853091719433e+01 2.463177777184007766e+01 2.779322529220039684e+01 2.127319441837107661e+01 3.257560829455373863e+01 2.889933558467030394e+01 2.273356347522521759e+01 3.086430811782231842e+01 2.745366116675857526e+01 4.690843406006025873e+01 3.081255924633154208e+01 3.783086707648291025e+01 3.260914690250485393e+01 2.134322934211126821e+01 2.849087934957731960e+01 1.815792010192325279e+01 2.616176334521207281e+01 2.549381219981246360e+01 2.329706081808467033e+01 2.904470206298215729e+01 2.139658720240270995e+01 3.081255924633154208e+01 3.367336928121090267e+01 2.999941690014193796e+01 2.787817314294034077e+01 2.947527495905310246e+01 2.518023485665137784e+01 2.095971827780530461e+01 2.918772214552308952e+01 2.729200320798394230e+01 2.461259812366686717e+01 3.345080847164138760e+01 2.359445297633691396e+01 3.783086707648290314e+01 2.999941690014193796e+01 4.119322686440338543e+01 3.519125080233508385e+01 3.985540474382979426e+01 2.349806221508350745e+01 1.948091182643993591e+01 2.911391357968318871e+01 2.471155819098517981e+01 2.604722913961250086e+01 3.485017618291136898e+01 1.920199853091718367e+01 3.260914690250484682e+01 2.787817314294033011e+01 3.519125080233508385e+01 4.936318844051870514e+01
3.268657198677650921e+00 -5.386507732540084525e+00 -4.397544889491979525e+00 -3.407048108532832131e+00 -7.048511847761308680e+00 -7.900345075662537075e-01 -7.412975452785453889e+00 -6.225378454864474165e+00 8.510861207961655239e-01 -5.965573928233042444e+00 -1.437270672325538845e+00 6.405981186296767493e-01 8.311140110346078025e-01 -3.869772822900031883e+00 -1.849836423124278095e+00 -3.294894201390455635e+00 -3.981045989886200065e+00 -7.688616145968575344e-01 -3.597891970799580896e+00 -2.749955510029024275e+00 3.400516180433335034e-01 -3.275054556614959367e+00 -1.753811938260393832e+00 1.181303224243706040e-01 1.503174788682999641e-01 -1.205878065762993501e+00 -5.375570969601111138e+00 -3.878891925143123087e-01 -6.155734259155869026e+00 4.412153208393633896e+00 -1.021743817022114165e+01 -8.109308346819480207e+00 2.128454814492539704e-01 -3.951376697496554957e+00 -2.414183592634068898e+00 -1.367295170770574941e-01 3.988403378968475632e+00 -1.048158771226719921e+01 -1.644801349941795499e+00 -5.475844510199388004e+00 -6.337441487703795673e+00 -6.635113797200289376e+00 -2.771276892498806266e+00 -2.612800477604751759e+00 3.485681805128238331e+00 -8.010177888391380563e+00 7.499475647645670318e-01 3.555824424434626874e+00 3.667712827625613237e+00 -5.781374006729361525e+00 -3.043097448402994676e+00 -5.040059407329988694e+00 -5.569870156431631969e+00 -3.734876001746371799e+00 -2.954588609511113351e+00 -3.742735633596291578e+00 1.284554546903871941e+00 -4.749040524103095073e+00 -1.578131995688563549e+00 2.188504452643883269e+00 2.397881476915189491e+00 -3.274148784234904408e+00 -3.662138013886515164e+00 -2.224886825275719904e+00 -6.057978867069567563e+00 2.215788379738187874e+00 -8.352424058427056153e+00 -7.195605911297831447e+00 5.924816409058788480e-01 -3.954626264162233618e+00 -1.348490310734613340e+00 1.054098333933559895e+00 1.642894822846037384e+00 -1.684821270719847774e+00 -5.139141763493166870e+00 -1.146795837866292134e+00 -5.768308277453392030e+00 3.593941208802502008e+00 -9.522096470449492145e+00 -7.807799905924225570e+00 1.144760098323001074e-01 -4.210205775272544138e+00 -3.355901566165496508e+00 1.283093092320618522e+00 2.131009289637541659e+00 -3.095361856244389198e+00 -4.726944496666361850e+00 -2.442669594442201220e+00 -5.200522821654515404e+00 2.326860278151602124e+00 -8.120173854995536900e+00 -6.734064380129895611e+00 8.757036070323207522e-01 -4.009781739627905850e+00 -2.239425654450908354e+00 6.559095581012948095e-01 1.209253446447487113e+00 -4.741978091398768136e+00 -1.787260001715306412e+00 -4.603562217573705873e+00 -4.942547204807904215e+00 -3.955176035615306063e+00 -1.864045318914554716e+00 -2.959938544006095462e+00 7.606158407729537441e-01 -4.386381986361170604e+00 -1.165999452981007156e+00 1.241380323480615555e+00 1.899284301246344286e+00 -5.990657351938525110e+00 -1.498666130906955107e+00 -2.693598426866383733e+00 -5.134196723541409213e+00 -3.268905224104603047e+00 -2.647958010987730759e+00 -2.656636985988804600e+00 1.348283398599375627e+00 -4.997826324608763748e+00 3.925534181394954025e-01 2.343768013891522894e-03 4.466404557747876147e-01 -4.800307640788365582e+00 -2.431825264625860239e+00 -3.055502257657246812e+00 -4.765415875487866160e+00 -2.248253422906642651e+00 -2.325548296383415980e+00 -2.468640578617363968e+00 1.646764885167346648e-01 -4.517404352405884893e+00 -6.569330666526649321e-01 -1.052815695762456816e-01 1.500579028847288665e-01 -1.025248112947259704e+00 -3.473367464974598473e+00 -5.444890523332192034e-01 -3.346400237550946954e+00 1.488144154697224053e+00 -5.527487485440398807e+00 -4.994315480804085716e+00 -5.311745068099285039e-01 -2.757948490699411170e+00 -1.319132955516095107e+00 -9.202164231439922126e-01
3.268657198677650921e+00 8.311140110346078025e-01 1.503174788682999641e-01 3.988403378968475632e+00 3.667712827625613237e+00 2.397881476915189491e+00 1.642894822846037384e+00 2.131009289637541659e+00 1.209253446447487113e+00 1.899284301246344286e+00 4.466404557747876147e-01 1.500579028847288665e-01 -5.386507732540084525e+00 -3.869772822900031883e+00 -1.205878065762993501e+00 -1.048158771226719921e+01 -5.781374006729361525e+00 -3.274148784234904408e+00 -1.684821270719847774e+00 -3.095361856244389198e+00 -4.741978091398768136e+00 -5.990657351938525110e+00 -4.800307640788365582e+00 -1.025248112947259704e+00 -4.397544889491979525e+00 -1.849836423124278095e+00 -5.375570969601111138e+00 -1.644801349941795499e+00 -3.043097448402994676e+00 -3.662138013886515164e+00 -5.139141763493166870e+00 -4.726944496666361850e+00 -1.787260001715306412e+00 -1.498666130906955107e+00 -2.431825264625860239e+00 -3.473367464974598473e+00 -3.407048108532832131e+00 -3.294894201390455635e+00 -3.878891925143123087e-01 -5.475844510199388004e+00 -5.040059407329988694e+00 -2.224886825275719904e+00 -1.146795837866292134e+00 -2.442669594442201220e+00 -4.603562217573705873e+00 -2.693598426866383733e+00 -3.055502257657246812e+00 -5.444890523332192034e-01 -7.048511847761308680e+00 -3.981045989886200065e+00 -6.155734259155869026e+00 -6.337441487703795673e+00 -5.569870156431631969e+00 -6.057978867069567563e+00 -5.768308277453392030e+00 -5.200522821654515404e+00 -4.942547204807904215e+00 -5.134196723541409213e+00 -4.765415875487866160e+00 -3.346400237550946954e+00 -7.900345075662537075e-01 -7.688616145968575344e-01 4.412153208393633896e+00 -6.635113797200289376e+00 -3.734876001746371799e+00 2.215788379738187874e+00 3.593941208802502008e+00 2.326860278151602124e+00 -3.955176035615306063e+00 -3.268905224104603047e+00 -2.248253422906642651e+00 1.488144154697224053e+00 -7.412975452785453889e+00 -3.597891970799580896e+00 -1.021743817022114165e+01 -2.771276892498806266e+00 -2.954588609511113351e+00 -8.352424058427056153e+00 -9.522096470449492145e+00 -8.120173854995536900e+00 -1.864045318914554716e+00 -2.647958010987730759e+00 -2.325548296383415980e+00 -5.527487485440398807e+00 -6.225378454864474165e+00 -2.749955510029024275e+00 -8.109308346819480207e+00 -2.612800477604751759e+00 -3.742735633596291578e+00 -7.195605911297831447e+00 -7.807799905924225570e+00 -6.734064380129895611e+00 -2.959938544006095462e+00 -2.656636985988804600e+00 -2.468640578617363968e+00 -4.994315480804085716e+00 8.510861207961655239e-01 3.400516180433335034e-01 2.128454814492539704e-01 3.485681805128238331e+00 1.284554546903871941e+00 5.924816409058788480e-01 1.144760098323001074e-01 8.757036070323207522e-01 7.606158407729537441e-01 1.348283398599375627e+00 1.646764885167346648e-01 -5.311745068099285039e-01 -5.965573928233042444e+00 -3.275054556614959367e+00 -3.951376697496554957e+00 -8.010177888391380563e+00 -4.749040524103095073e+00 -3.954626264162233618e+00 -4.210205775272544138e+00 -4.009781739627905850e+00 -4.386381986361170604e+00 -4.997826324608763748e+00 -4.517404352405884893e+00 -2.757948490699411170e+00 -1.437270672325538845e+00 -1.753811938260393832e+00 -2.414183592634068898e+00 7.499475647645670318e-01 -1.578131995688563549e+00 -1.348490310734613340e+00 -3.355901566165496508e+00 -2.239425654450908354e+00 -1.165999452981007156e+00 3.925534181394954025e-01 -6.569330666526649321e-01 -1.319132955516095107e+00 6.405981186296767493e-01 1.181303224243706040e-01 -1.367295170770574941e-01 3.555824424434626874e+00 2.188504452643883269e+00 1.054098333933559895e+00 1.283093092320618522e+00 6.559095581012948095e-01 1.241380323480615555e+00 2.343768013891522894e-03 -1.052815695762456816e-01 -9.202164231439922126e-01
2.905868829850482271e+01 1.587386016788402898e+01 2.530349001160559652e+01 1.937543684613003236e+01 1.870687951909543401e+01 2.138188319595512965e+01 2.410720536340206976e+01 2.276343063800031885e+01 1.734976586347566041e+01 1.702931775015482785e+01 1.700045890045693397e+01 1.646373125840032259e+01 1.587386016788403076e+01 1.577313755211291557e+01 1.388268923577320280e+01 1.266641529594101279e+01 1.035389278168494265e+01 1.285150904858094556e+01 1.347573661572404902e+01 1.331513520886430157e+01 1.129980743203408800e+01 1.034395462349515249e+01 1.176491106732525438e+01 9.124963112827320089e+00 2.530349001160559652e+01 1.388268923577320102e+01 3.089992174355414178e+01 1.392114605089501644e+01 1.551905159258358680e+01 2.284278472247244096e+01 2.652072540764142161e+01 2.357488060606569391e+01 1.419081001848908130e+01 1.476183550590788052e+01 1.565972344353747125e+01 1.826990127971373923e+01 1.937543684613003947e+01 1.266641529594101456e+01 1.392114605089501822e+01 2.774929672848348616e+01 1.629364254642429088e+01 1.482493125146463875e+01 1.447345469536833562e+01 1.570250049645877155e+01 1.505286452562453903e+01 1.533255879034503089e+01 1.464478358173871975e+01 1.081844284719385385e+01 1.870687951909543045e+01 1.035389278168494265e+01 1.551905159258359035e+01 1.629364254642429088e+01 1.997495799956561413e+01 1.531743039950981355e+01 1.608698370358259666e+01 1.506395455916400472e+01 1.542394964238375543e+01 1.202539367296732387e+01 1.349656022030823799e+01 1.136782689376363287e+01 2.138188319595512610e+01 1.285150904858094378e+01 2.284278472247244451e+01 1.482493125146463875e+01 1.531743039950981178e+01 2.482527906770505055e+01 2.199073668700061290e+01 1.864602690705980592e+01 1.336140698763736623e+01 1.240068909847337686e+01 1.365550624359039844e+01 1.530795601836826414e+01 2.410720536340206266e+01 1.347573661572404724e+01 2.652072540764141451e+01 1.447345469536832852e+01 1.608698370358259311e+01 2.199073668700060580e+01 2.760428166862711308e+01 2.235438123805456456e+01 1.422145792317413182e+01 1.183991100120449325e+01 1.409406423504799122e+01 1.618911458256965119e+01 2.276343063800032240e+01 1.331513520886430513e+01 2.357488060606569391e+01 1.570250049645877688e+01 1.506395455916400472e+01 1.864602690705980947e+01 2.235438123805457522e+01 2.472535486019687312e+01 1.347834466726675018e+01 1.279355027182828763e+01 1.287300256360780537e+01 1.542352047200427378e+01 1.734976586347566041e+01 1.129980743203408800e+01 1.419081001848907597e+01 1.505286452562453725e+01 1.542394964238375543e+01 1.336140698763736623e+01 1.422145792317413360e+01 1.347834466726674840e+01 1.854239176904420106e+01 1.151313364974178199e+01 1.332270050754786794e+01 1.021703373506379364e+01 1.702931775015483140e+01 1.034395462349515427e+01 1.476183550590788052e+01 1.533255879034503266e+01 1.202539367296732387e+01 1.240068909847337864e+01 1.183991100120449858e+01 1.279355027182828586e+01 1.151313364974178732e+01 1.675933036694934586e+01 1.302500863865405911e+01 1.134678570148407495e+01 1.700045890045693753e+01 1.176491106732525260e+01 1.565972344353747125e+01 1.464478358173871797e+01 1.349656022030823443e+01 1.365550624359039489e+01 1.409406423504799122e+01 1.287300256360780182e+01 1.332270050754786972e+01 1.302500863865405556e+01 1.647125104129552753e+01 1.163481982289519223e+01 1.646373125840032614e+01 9.124963112827320089e+00 1.826990127971374633e+01 1.081844284719385207e+01 1.136782689376363642e+01 1.530795601836826414e+01 1.618911458256965474e+01 1.542352047200427201e+01 1.021703373506379542e+01 1.134678570148407317e+01 1.163481982289519223e+01 1.555802786663964632e+01
-7.106081863232477369e-02 -2.262998779320152920e+00 -7.054067164864020745e-01 -1.219963332845995341e+00 -9.950764446124372720e-01 -1.852556123871545113e+00 1.729497280692984806e-02 5.140088147290012843e-01 -4.197541452231511316e-01 -5.907179536255089403e-01 -1.786963999946620030e+00 -9.818387311680226714e-01 -1.066358663307618970e+00 -1.879193403494586079e+00 -2.248552448908217594e-01 -1.474406552819436556e+00 -6.778164087498870227e-01 -8.071249067547620060e-01 -9.564279708196187224e-01 -2.210454684940590941e-01 -1.018613930013881896e+00 -1.261655612794910342e+00 -9.070269982098475570e-01 4.892085251118777345e-01 -1.315452367524635902e+00 -1.520631374579915818e+00 -1.285624402684466538e+00 9.298646466496695018e-01 -1.609021335909233352e+00 -2.405109204238411458e+00 -1.264398141029381195e+00 9.939156236189864435e-01 -1.780898336836576057e+00 -5.108590351454262990e-01 -4.629157246785182700e-01 3.998329294416264612e-01 4.409370346442863520e-01 -2.126335210641685958e+00 1.723771534496016666e-01 -2.418504385144215618e+00 -1.631754757608297357e+00 -7.632550069437262774e-01 4.275852050873126670e-02 -4.488478285694786907e-01 -2.859223539756294841e-02 -1.598316416701050513e-01 -1.782250304098063953e+00 -9.158098031860062438e-01 -4.299126029667325044e-01 6.506611458323787733e-01 -1.197729076995794228e+00 -2.167573748525060129e+00 -2.366661978080221829e+00 -1.682138063342061063e+00 -1.328080340990189345e+00 -9.031281860978145337e-01 -1.196588736070140380e+00 -5.940026021532227585e-01 -7.557895451411016374e-01 -1.164178701697844875e+00 -1.041308050278064501e+00 -7.175907768391888153e-01 -2.584108093712393917e-01 -2.973477306054585156e+00 -6.940633582613988661e-01 1.464664674061289640e+00 -1.229277328872905306e+00 -2.571448814934825577e+00 -2.097398948758605997e+00 -9.077252879370472094e-01 2.667012216673335656e-01 3.153139408246634634e-01 8.904128661442152204e-01 3.460650476759805638e-01 -4.609495533179285287e-01 -3.397005875410588072e+00 -2.004924011294622943e+00 -5.163811466245307041e-02 2.168187035590656286e-01 -1.092831269837500230e+00 3.945526818461018714e-01 -1.297182741241973969e-01 -1.671331365411201864e+00 -2.064214892831550685e+00 -1.255141075147916396e+00 -9.018105379049078385e-01 7.391792632870536339e-01 -2.466927043428981836e+00 -1.097289269568837211e+00 -1.565885271254627176e+00 -5.045159622456908410e-01 1.564342255752569633e-01 -2.397854162495584252e+00 8.403462785267941104e-01 -1.714888274167606586e+00 -8.495904706892534186e-01 -8.019233501879358128e-01 1.080766987559920456e-01 -3.414306095946729736e-01 -2.256647509988616296e+00 -1.349958225914644316e+00 -2.581363468459537902e+00 -1.157605727241203253e+00 1.123799019120716336e+00 -4.514940384971400933e-01 -2.285803320505802039e-01 -1.564649870570569590e+00 -1.986423452186844019e-01 1.423072583713657357e-01 -6.447786075757867552e-01 -4.426420284931403826e-02 -3.248045144373535198e+00 -1.280096190021162483e+00 -1.988639630451020934e-01 1.654883553051244294e-01 -7.425370714747910883e-01 -9.605098663016338190e-01 -5.154646562879108274e-01 -1.560202447914378565e+00 -1.691600213795782626e+00 -1.822127177098010475e-01 -7.691762069841493465e-01 -1.891581613677358331e-01 -1.493182309292830245e+00 -2.088444797087297022e+00 -1.816287245973701170e+00 6.567021473966432321e-01 8.112796220722948703e-01 8.472289830512871323e-01 -2.265176043132671957e+00 -1.758345076808425222e+00 -1.863138537907752745e+00 -1.689009392116556096e+00 -2.248664338621927161e+00 -2.787244681748082126e-02 -2.139116596262992331e+00 -1.375164313729182242e+00 -8.971771888514498139e-01 -1.088412459393328646e+00 -1.500799585056932006e+00 -1.331085232046400391e+00 -1.568802402579622113e-02 -5.115600954197189187e-01 8.293036125052366536e-01
-7.106081863232477369e-02 -1.066358663307618970e+00 -1.315452367524635902e+00 4.409370346442863520e-01 -4.299126029667325044e-01 -1.041308050278064501e+00 8.904128661442152204e-01 -1.255141075147916396e+00 -8.019233501879358128e-01 1.423072583713657357e-01 -1.822127177098010475e-01 -1.689009392116556096e+00 -2.262998779320152920e+00 -1.879193403494586079e+00 -1.520631374579915818e+00 -2.126335210641685958e+00 6.506611458323787733e-01 -7.175907768391888153e-01 3.460650476759805638e-01 -9.018105379049078385e-01 1.080766987559920456e-01 -6.447786075757867552e-01 -7.691762069841493465e-01 -2.248664338621927161e+00 -7.054067164864020745e-01 -2.248552448908217594e-01 -1.285624402684466538e+00 1.723771534496016666e-01 -1.197729076995794228e+00 -2.584108093712393917e-01 -4.609495533179285287e-01 7.391792632870536339e-01 -3.414306095946729736e-01 -4.426420284931403826e-02 -1.891581613677358331e-01 -2.787244681748082126e-02 -1.219963332845995341e+00 -1.474406552819436556e+00 9.298646466496695018e-01 -2.418504385144215618e+00 -2.167573748525060129e+00 -2.973477306054585156e+00 -3.397005875410588072e+00 -2.466927043428981836e+00 -2.256647509988616296e+00 -3.248045144373535198e+00 -1.493182309292830245e+00 -2.139116596262992331e+00 -9.950764446124372720e-01 -6.778164087498870227e-01 -1.609021335909233352e+00 -1.631754757608297357e+00 -2.366661978080221829e+00 -6.940633582613988661e-01 -2.004924011294622943e+00 -1.097289269568837211e+00 -1.349958225914644316e+00 -1.280096190021162483e+00 -2.088444797087297022e+00 -1.375164313729182242e+00 -1.852556123871545113e+00 -8.071249067547620060e-01 -2.405109204238411458e+00 -7.632550069437262774e-01 -1.682138063342061063e+00 1.464664674061289640e+00 -5.163811466245307041e-02 -1.565885271254627176e+00 -2.581363468459537902e+00 -1.988639630451020934e-01 -1.816287245973701170e+00 -8.971771888514498139e-01 1.729497280692984806e-02 -9.564279708196187224e-01 -1.264398141029381195e+00 4.275852050873126670e-02 -1.328080340990189345e+00 -1.229277328872905306e+00 2.168187035590656286e-01 -5.045159622456908410e-01 -1.157605727241203253e+00 1.654883553051244294e-01 6.567021473966432321e-01 -1.088412459393328646e+00 5.140088147290012843e-01 -2.210454684940590941e-01 9.939156236189864435e-01 -4.488478285694786907e-01 -9.031281860978145337e-01 -2.571448814934825577e+00 -1.092831269837500230e+00 1.564342255752569633e-01 1.123799019120716336e+00 -7.425370714747910883e-01 8.112796220722948703e-01 -1.500799585056932006e+00 -4.197541452231511316e-01 -1.018613930013881896e+00 -1.780898336836576057e+00 -2.859223539756294841e-02 -1.196588736070140380e+00 -2.097398948758605997e+00 3.945526818461018714e-01 -2.397854162495584252e+00 -4.514940384971400933e-01 -9.605098663016338190e-01 8.472289830512871323e-01 -1.331085232046400391e+00 -5.907179536255089403e-01 -1.261655612794910342e+00 -5.108590351454262990e-01 -1.598316416701050513e-01 -5.940026021532227585e-01 -9.077252879370472094e-01 -1.297182741241973969e-01 8.403462785267941104e-01 -2.285803320505802039e-01 -5.154646562879108274e-01 -2.265176043132671957e+00 -1.568802402579622113e-02 -1.786963999946620030e+00 -9.070269982098475570e-01 -4.629157246785182700e-01 -1.782250304098063953e+00 -7.557895451411016374e-01 2.667012216673335656e-01 -1.671331365411201864e+00 -1.714888274167606586e+00 -1.564649870570569590e+00 -1.560202447914378565e+00 -1.758345076808425222e+00 -5.115600954197189187e-01 -9.818387311680226714e-01 4.892085251118777345e-01 3.998329294416264612e-01 -9.158098031860062438e-01 -1.164178701697844875e+00 3.153139408246634634e-01 -2.064214892831550685e+00 -8.495904706892534186e-01 -1.986423452186844019e-01 -1.691600213795782626e+00 -1.863138537907752745e+00 8.293036125052366536e-01
8.824297048450207015e+00 5.417013230880520780e+00 5.997842462762426941e+00 6.371816966655371672e+00 6.292566970440799601e+00 4.262536818764649738e+00 5.616123154535807238e+00 5.872792338392416767e+00 4.951316203170827102e+00 6.338083166217911568e+00 6.606491213412040153e+00 5.816777009837963419e+00 5.417013230880519892e+00 9.797490477956358745e+00 6.748672860154843356e+00 5.767383066979275164e+00 6.008572948241541312e+00 7.177575691479254338e+00 3.854707011695947205e+00 6.048999568960558904e+00 5.760398810891529386e+00 5.452328688276816493e+00 5.657876118535299703e+00 7.840958027978928158e+00 5.997842462762426941e+00 6.748672860154843356e+00 1.065999426158676222e+01 4.575810339317736286e+00 6.378899971558190884e+00 4.819463492576199215e+00 2.409479643136456684e+00 5.473550889591717095e+00 5.327653893200035462e+00 3.660774905795582068e+00 5.266131799493787291e+00 6.909291804135492931e+00 6.371816966655372561e+00 5.767383066979276940e+00 4.575810339317737174e+00 9.195083606382254970e+00 6.243800815214046729e+00 5.242463818583811275e+00 6.856306013098385499e+00 6.024407968925064694e+00 4.396734743458191375e+00 6.733634766535547378e+00 5.953031103542719471e+00 6.771292391755179274e+00 6.292566970440801377e+00 6.008572948241542200e+00 6.378899971558189108e+00 6.243800815214047617e+00 1.224027197455557747e+01 7.600239756064921082e+00 7.041554336780993850e+00 6.805817453914508874e+00 7.007398067383332041e+00 7.057959567603550255e+00 6.624738515925225890e+00 8.145401524017616524e+00 4.262536818764651514e+00 7.177575691479254338e+00 4.819463492576200991e+00 5.242463818583809498e+00 7.600239756064921082e+00 1.204354070638885155e+01 5.393426427092476771e+00 5.785151799582303411e+00 4.825508507515222867e+00 6.835846856659785864e+00 4.156507682274020787e+00 8.167466288159991095e+00 5.616123154535807238e+00 3.854707011695948093e+00 2.409479643136456684e+00 6.856306013098384611e+00 7.041554336780992962e+00 5.393426427092475883e+00 1.034677434260737527e+01 5.688193828104078698e+00 4.613875360260234260e+00 7.745392694879977391e+00 6.024199542506597282e+00 4.984965392004252926e+00 5.872792338392417655e+00 6.048999568960560680e+00 5.473550889591717095e+00 6.024407968925063805e+00 6.805817453914507986e+00 5.785151799582301635e+00 5.688193828104077809e+00 1.123178709464578162e+01 6.540215223780055709e+00 6.972893101106278912e+00 5.670879992864597874e+00 7.233289375899261131e+00 4.951316203170827990e+00 5.760398810891530275e+00 5.327653893200034574e+00 4.396734743458190486e+00 7.007398067383332929e+00 4.825508507515222867e+00 4.613875360260234260e+00 6.540215223780055709e+00 9.829628849549303382e+00 4.871867658596235273e+00 5.711558689056415616e+00 6.222708415386009051e+00 6.338083166217911568e+00 5.452328688276817381e+00 3.660774905795581624e+00 6.733634766535546490e+00 7.057959567603549367e+00 6.835846856659784088e+00 7.745392694879976503e+00 6.972893101106278024e+00 4.871867658596236161e+00 9.682445821281149279e+00 6.191769253926221239e+00 5.877540241991744630e+00 6.606491213412040153e+00 5.657876118535299703e+00 5.266131799493786403e+00 5.953031103542719471e+00 6.624738515925225002e+00 4.156507682274019011e+00 6.024199542506597282e+00 5.670879992864597874e+00 5.711558689056414728e+00 6.191769253926220351e+00 1.064536294752431544e+01 5.275208955634113295e+00 5.816777009837964307e+00 7.840958027978927269e+00 6.909291804135493820e+00 6.771292391755177498e+00 8.145401524017614747e+00 8.167466288159991095e+00 4.984965392004252038e+00 7.233289375899261131e+00 6.222708415386009051e+00 5.877540241991743741e+00 5.275208955634113295e+00 1.150686099759643000e+01
-1.285231242234565308e+00 2.891997712288745803e-01 -1.122135555355207259e+00 -1.704737703678739502e-01 -1.641213304940307705e+00 -1.066671525745363613e+00 -7.475422940690510387e-01 -3.059299165739841064e-01 -4.121909859270105336e-01 -1.368010277511087613e+00 -4.938300329815037415e-01 9.279798065998895451e-02 -4.576824049565347136e-02 -1.300318870355674228e-01 -6.763835341615950236e-01 -6.014125945775370546e-02 -1.474024111056564390e-01 -7.876021104769131975e-01 -3.798304533719312204e-01 -6.272476876206528607e-01 -8.034572736820461136e-02 -7.499569736862612412e-01 -5.356450771920100440e-01 -1.884200407183267978e-01 -7.507079874987682144e-01 -1.261712485405719342e+00 -3.412927763141416354e-02 -1.126933195805787102e+00 -8.117981926158074346e-01 -1.346574709575317330e+00 -7.906673066766015667e-01 2.607319231893476079e-03 2.831248397998064048e-01 -1.204709548438313904e+00 -6.092458343417417321e-02 -1.086367592609956079e+00 -1.154080225373529167e+00 -5.843057691818374089e-01 -1.156956781115719313e+00 4.053800253286811428e-02 -1.450576322420591202e+00 -3.952518546378470110e-01 -1.279609702882788635e+00 -1.230549009007542605e+00 -2.563833654081349445e-01 -5.153378342721501859e-01 -1.268379755700874467e+00 -4.339982557306973909e-01 -1.441085424946897842e+00 -9.650535448394329530e-01 -9.874426119521366729e-01 -1.020508202945060172e-01 -2.363494767247340256e-01 -1.587170110564904313e+00 -6.409969144858710388e-01 3.667946701703592161e-01 -3.582538709476755789e-01 -1.041618153160130955e+00 -9.791428033141195142e-01 -7.361064241533745722e-01 -1.029307298257425840e+00 -1.245640811950948224e-01 -6.800877564338778658e-01 -6.297544482439247915e-01 -1.542766406121542699e+00 -2.902009718726754062e-01 -1.585641491841479400e+00 -1.178488658716367668e-02 -4.471501503704565228e-01 -1.184054245494827962e+00 1.268697295902517785e-01 -5.417617535115207827e-01 -1.327390092578948355e+00 8.846364216773230926e-02 -1.608410398633655758e+00 -3.253439045239535088e-01 -1.679111829806314571e+00 -3.256005262071348660e-01 -9.044287122744119889e-02 -3.151735372030983751e-02 1.712389535181034206e-01 -8.070662868055280548e-01 -6.313700556706614009e-02 -9.660109170493411668e-01 -1.091618106018508838e+00 -1.235793825637109267e+00 -7.816073525242105413e-01 -6.576041801142753496e-01 2.953913113092376252e-01 -1.367652176387210927e+00 -1.359509660055011393e+00 -1.144595796591031389e-01 -4.917480993809332235e-01 -1.208807270258580147e+00 -6.861811924034205701e-01 -3.158228352653053017e-01 -4.740703899011539657e-01 4.254378881473359075e-01 -5.336989739023602075e-01 -2.702264185040746391e-01 -1.939986245992617153e+00 -1.375936027070954193e-01 -1.238346150524335110e-01 -1.295162843538111064e+00 -9.739133143584928209e-01 1.776459383448053542e-02 1.006820291034511983e-01 -7.826380773555301484e-01 -2.603698471376749146e-01 -4.880450988070983431e-01 -7.752905204057539690e-01 -3.942312027656063034e-01 -4.031668268341161987e-01 -1.027564982153499340e+00 -2.021055084013171355e-01 -2.261033422131066561e-01 -1.215198248909664935e-01 -1.239804925534382651e-01 -1.320969628428259934e+00 -2.786736232575698358e-01 -3.319640408546307708e-01 -8.958003791917516778e-02 -1.002547907550168788e-01 -8.537383721292615135e-01 -9.944000388346505709e-03 -1.370154231478583284e+00 -1.537709562451229806e+00 1.936172036225008650e-02 -3.875695677228199187e-01 -8.410861787726719996e-01 -1.206357395815392586e+00 -1.297802071233633003e-01 -2.840697114993429029e-01 1.321080517345092353e-01 -5.480712168889424474e-01 3.409537006658727026e-02 -1.292219340869269262e+00 -8.522587782220085728e-01 -6.221255306201894930e-01 -7.642590761216120354e-01 -9.390698570341869944e-01 -5.529155158381677815e-01 -1.085250248740988077e+00 -8.311584913192560098e-03
-1.285231242234565308e+00 -4.576824049565347136e-02 -7.507079874987682144e-01 -1.154080225373529167e+00 -1.441085424946897842e+00 -1.029307298257425840e+00 -1.327390092578948355e+00 -1.091618106018508838e+00 -4.740703899011539657e-01 -2.603698471376749146e-01 -3.319640408546307708e-01 -2.840697114993429029e-01 2.891997712288745803e-01 -1.300318870355674228e-01 -1.261712485405719342e+00 -5.843057691818374089e-01 -9.650535448394329530e-01 -1.245640811950948224e-01 8.846364216773230926e-02 -1.235793825637109267e+00 4.254378881473359075e-01 -4.880450988070983431e-01 -8.958003791917516778e-02 1.321080517345092353e-01 -1.122135555355207259e+00 -6.763835341615950236e-01 -3.412927763141416354e-02 -1.156956781115719313e+00 -9.874426119521366729e-01 -6.800877564338778658e-01 -1.608410398633655758e+00 -7.816073525242105413e-01 -5.336989739023602075e-01 -7.752905204057539690e-01 -1.002547907550168788e-01 -5.480712168889424474e-01 -1.704737703678739502e-01 -6.014125945775370546e-02 -1.126933195805787102e+00 4.053800253286811428e-02 -1.020508202945060172e-01 -6.297544482439247915e-01 -3.253439045239535088e-01 -6.576041801142753496e-01 -2.702264185040746391e-01 -3.942312027656063034e-01 -8.537383721292615135e-01 3.409537006658727026e-02 -1.641213304940307705e+00 -1.474024111056564390e-01 -8.117981926158074346e-01 -1.450576322420591202e+00 -2.363494767247340256e-01 -1.542766406121542699e+00 -1.679111829806314571e+00 2.953913113092376252e-01 -1.939986245992617153e+00 -4.031668268341161987e-01 -9.944000388346505709e-03 -1.292219340869269262e+00 -1.066671525745363613e+00 -7.876021104769131975e-01 -1.346574709575317330e+00 -3.952518546378470110e-01 -1.587170110564904313e+00 -2.902009718726754062e-01 -3.256005262071348660e-01 -1.367652176387210927e+00 -1.375936027070954193e-01 -1.027564982153499340e+00 -1.370154231478583284e+00 -8.522587782220085728e-01 -7.475422940690510387e-01 -3.798304533719312204e-01 -7.906673066766015667e-01 -1.279609702882788635e+00 -6.409969144858710388e-01 -1.585641491841479400e+00 -9.044287122744119889e-02 -1.359509660055011393e+00 -1.238346150524335110e-01 -2.021055084013171355e-01 -1.537709562451229806e+00 -6.221255306201894930e-01 -3.059299165739841064e-01 -6.272476876206528607e-01 2.607319231893476079e-03 -1.230549009007542605e+00 3.667946701703592161e-01 -1.178488658716367668e-02 -3.151735372030983751e-02 -1.144595796591031389e-01 -1.295162843538111064e+00 -2.261033422131066561e-01 1.936172036225008650e-02 -7.642590761216120354e-01 -4.121909859270105336e-01 -8.034572736820461136e-02 2.831248397998064048e-01 -2.563833654081349445e-01 -3.582538709476755789e-01 -4.471501503704565228e-01 1.712389535181034206e-01 -4.917480993809332235e-01 -9.739133143584928209e-01 -1.215198248909664935e-01 -3.875695677228199187e-01 -9.390698570341869944e-01 -1.368010277511087613e+00 -7.499569736862612412e-01 -1.204709548438313904e+00 -5.153378342721501859e-01 -1.041618153160130955e+00 -1.184054245494827962e+00 -8.070662868055280548e-01 -1.208807270258580147e+00 1.776459383448053542e-02 -1.239804925534382651e-01 -8.410861787726719996e-01 -5.529155158381677815e-01 -4.938300329815037415e-01 -5.356450771920100440e-01 -6.092458343417417321e-02 -1.268379755700874467e+00 -9.791428033141195142e-01 1.268697295902517785e-01 -6.313700556706614009e-02 -6.861811924034205701e-01 1.006820291034511983e-01 -1.320969628428259934e+00 -1.206357395815392586e+00 -1.085250248740988077e+00 9.279798065998895451e-02 -1.884200407183267978e-01 -1.086367592609956079e+00 -4.339982557306973909e-01 -7.361064241533745722e-01 -5.417617535115207827e-01 -9.660109170493411668e-01 -3.158228352653053017e-01 -7.826380773555301484e-01 -2.786736232575698358e-01 -1.297802071233633003e-01 -8.311584913192560098e-03
1.001516832937906365e+01 3.568702143796071091e+00 5.933280614899103078e+00 6.026885452992321035e+00 6.658305146842196542e+00 6.828828089250710498e+00 6.818973540117314158e+00 5.112949992974833435e+00 3.751690150254356926e+00 3.469734662537617531e+00 4.424357244123005906e+00 5.623520501636908087e+00 3.568702143796070203e+00 3.924802789243027945e+00 3.470808814392495556e+00 3.539654305787619748e+00 3.578693086406619539e+00 2.964457274079177029e+00 2.415836907133839251e+00 3.377110097228375629e+00 1.684374387010549423e+00 2.389693901416060751e+00 2.791284422176721236e+00 2.836233907030120793e+00 5.933280614899103078e+00 3.470808814392495556e+00 9.307445311839547486e+00 5.381406780985242833e+00 6.696861868784178995e+00 6.328041040211147994e+00 4.958508150062601594e+00 6.446239230120920816e+00 2.854844691520764144e+00 3.622897567966044008e+00 4.501937011164391933e+00 4.353510843896234661e+00 6.026885452992321923e+00 3.539654305787620192e+00 5.381406780985242833e+00 9.841312608478979485e+00 5.727883359170571786e+00 5.002050664139671809e+00 4.958431872476288582e+00 4.962976657805338476e+00 4.281198983352800802e+00 4.124193184254342448e+00 4.750051628461250175e+00 5.260655174892986174e+00 6.658305146842197431e+00 3.578693086406619983e+00 6.696861868784178995e+00 5.727883359170570898e+00 9.961097843262690432e+00 6.259176475189589084e+00 5.792381108515213484e+00 7.155314153123723209e+00 3.038808503960679808e+00 4.234502594688877686e+00 5.018082295637892543e+00 4.719537544843817045e+00 6.828828089250708722e+00 2.964457274079176585e+00 6.328041040211148882e+00 5.002050664139673586e+00 6.259176475189589084e+00 9.554494274668096310e+00 5.908957418032628972e+00 6.419212426757095358e+00 4.204929386265757074e+00 2.435543980539329745e+00 3.853943095946983366e+00 5.038785950683431381e+00 6.818973540117312382e+00 2.415836907133839695e+00 4.958508150062600706e+00 4.958431872476288582e+00 5.792381108515213484e+00 5.908957418032628084e+00 8.280931774004708146e+00 3.709793651378262780e+00 3.854235723299861416e+00 2.559395520752177688e+00 2.437662341407701661e+00 4.089334766736535620e+00 5.112949992974833435e+00 3.377110097228376073e+00 6.446239230120922592e+00 4.962976657805339364e+00 7.155314153123724097e+00 6.419212426757096246e+00 3.709793651378263224e+00 1.000179692042278390e+01 2.794711727685361247e+00 3.978320145426160082e+00 4.393831423632826194e+00 4.227130159419811406e+00 3.751690150254356926e+00 1.684374387010549201e+00 2.854844691520764588e+00 4.281198983352802578e+00 3.038808503960679364e+00 4.204929386265757074e+00 3.854235723299861416e+00 2.794711727685360358e+00 6.839073678394402833e+00 1.741851906459553900e+00 1.097674986506740114e+00 3.903777438864972638e+00 3.469734662537617531e+00 2.389693901416060751e+00 3.622897567966044452e+00 4.124193184254341560e+00 4.234502594688877686e+00 2.435543980539329745e+00 2.559395520752177688e+00 3.978320145426159193e+00 1.741851906459554122e+00 4.686792376560808826e+00 3.171817676618825743e+00 3.127152439184164301e+00 4.424357244123005906e+00 2.791284422176721680e+00 4.501937011164391933e+00 4.750051628461251951e+00 5.018082295637893431e+00 3.853943095946983366e+00 2.437662341407702105e+00 4.393831423632825306e+00 1.097674986506740558e+00 3.171817676618826187e+00 7.562992501577157967e+00 3.495770159789427289e+00 5.623520501636908087e+00 2.836233907030120793e+00 4.353510843896233773e+00 5.260655174892985286e+00 4.719537544843817045e+00 5.038785950683430492e+00 4.089334766736535620e+00 4.227130159419810518e+00 3.903777438864972193e+00 3.127152439184163857e+00 3.495770159789426401e+00 7.315210742033756652e+00
-4.985006154045230065e-01 -3.019498651250956289e+00 -2.540081821371451998e+00 -1.802345912624619739e+00 -2.761100868545801390e+00 -2.930004701845748016e+00 -1.643129375650425050e-01 -2.153427116210779424e+00 -3.062812455173371973e+00 -8.525931771366513923e-01 -1.800724993251915151e+00 -6.160970949220088144e-01 -1.497790245644310181e+00 -2.124190683975135219e+00 -2.795987897939939071e+00 -2.292492069972411173e+00 -1.023238241219918798e+00 -1.247104432344482206e+00 -5.392030595387882208e-01 -9.272042659001148435e-01 -6.803244573080908797e-01 -1.712370155415487538e+00 -4.876598376697827142e-01 -1.531770132400214868e+00 -1.382187139015092603e+00 -2.936013626885202843e+00 -3.511848701888353297e+00 -1.944607843677031767e+00 -2.049923300479675525e+00 -2.895863385958872716e+00 -5.146784497037936168e-01 -1.907329977571994517e+00 -3.229822806779582223e+00 -1.227274474308335916e+00 -5.791560133774827923e-01 -1.450880942192223522e+00 -1.502810006422643507e+00 -2.267244000136809490e+00 -3.124963967503300299e+00 -3.588986383725064400e+00 -2.397858562880464284e+00 -1.088941927643997776e+00 -8.651588145719593115e-01 -4.866995648699374288e-01 -1.088655262508370303e+00 -1.174371701877067409e+00 -2.577462461266262661e+00 -1.103571210207437980e+00 -2.453204772452125759e+00 -2.379377711057070410e+00 -2.690462587783955417e+00 -1.642485109726010473e+00 -1.358741143365106430e+00 -2.170065583472798654e+00 -1.776837469455997631e+00 -1.497106586961044039e+00 -1.797369948323190414e+00 -1.682086514055869175e+00 -1.569672634847529391e+00 -1.503879000287206669e+00 -1.621522381917277045e+00 -2.290801286250943924e+00 -2.357746285991836110e+00 -1.085076996517704062e+00 -2.337789934053080110e+00 -2.728578568766738766e+00 -5.324078552704124556e-01 -2.374639375402280539e+00 -1.638913501656081406e+00 -1.604423341164124439e+00 -6.687451925968647126e-01 -1.350745835153786656e+00 -6.726124804080558794e-01 -1.782328078057935583e+00 -1.778102746827549208e+00 -1.458987447354402445e+00 -2.127134886814126880e+00 -2.123425193842353398e+00 -6.675734982510067583e-01 -1.468188651024633362e+00 -2.271593070397913472e+00 -1.269014751952708409e+00 -1.237530970278556408e+00 -1.465563977054095579e+00 -2.220201716840127126e+00 -3.010193331592057042e+00 -3.097258064394597721e+00 -2.807235932543659995e+00 -2.203931776580727142e+00 -2.601132064602408089e+00 -8.927985844831265450e-01 -1.827435837312885392e+00 -7.232980897213914240e-01 -1.724328116095430019e+00 -2.217835775213193639e+00 -2.700122192755741724e-01 -1.519278086259097771e+00 -3.039691267559986088e+00 -2.194332085286312850e+00 -2.236260991364965367e+00 -2.601204337292058799e+00 -1.813875743884859393e+00 -1.505620010985182056e+00 -1.944717285623763559e+00 -2.642893408048919479e+00 -1.800973506868195795e+00 -1.644280474061255770e+00 -1.973438729384865975e-01 -5.642358458134890675e-01 -1.745947813377749736e+00 -2.591675723986434310e+00 -6.245934346149999428e-01 -1.575618799633305978e+00 -2.577634949453096347e+00 -3.409652805196508596e-01 -2.752518462387594678e+00 -2.499814697607244618e+00 -1.143173190787841520e+00 1.965752092941865925e-01 -1.274081778292741163e+00 -1.526540547039239026e+00 -2.349644119388337948e+00 -2.448098517138564301e+00 -1.599341486266685930e+00 -1.824141107502531112e+00 -1.485276799779764456e+00 -8.578764301127749237e-01 -9.398827679388536138e-01 -1.794640664402522567e+00 -1.310380034955141770e+00 -1.502250378619389704e+00 -1.378561675640810336e+00 -1.069509442238784747e+00 -3.471100291526290960e+00 -3.913057641509450679e+00 -2.216133256695057785e+00 -1.840802822757000579e+00 -2.549771931096179944e+00 4.120123726303107775e-02 -2.945161500734604143e+00 -2.123391377085646958e+00 -2.262684484644129412e+00 -1.124586620339679932e+00 -1.207404495365063113e+00
-4.985006154045230065e-01 -1.497790245644310181e+00 -1.382187139015092603e+00 -1.502810006422643507e+00 -2.453204772452125759e+00 -1.621522381917277045e+00 -6.726124804080558794e-01 -2.220201716840127126e+00 -1.519278086259097771e+00 -5.642358458134890675e-01 -1.526540547039239026e+00 -1.069509442238784747e+00 -3.019498651250956289e+00 -2.124190683975135219e+00 -2.936013626885202843e+00 -2.267244000136809490e+00 -2.379377711057070410e+00 -2.290801286250943924e+00 -1.782328078057935583e+00 -3.010193331592057042e+00 -3.039691267559986088e+00 -1.745947813377749736e+00 -2.349644119388337948e+00 -3.471100291526290960e+00 -2.540081821371451998e+00 -2.795987897939939071e+00 -3.511848701888353297e+00 -3.124963967503300299e+00 -2.690462587783955417e+00 -2.357746285991836110e+00 -1.778102746827549208e+00 -3.097258064394597721e+00 -2.194332085286312850e+00 -2.591675723986434310e+00 -2.448098517138564301e+00 -3.913057641509450679e+00 -1.802345912624619739e+00 -2.292492069972411173e+00 -1.944607843677031767e+00 -3.588986383725064400e+00 -1.642485109726010473e+00 -1.085076996517704062e+00 -1.458987447354402445e+00 -2.807235932543659995e+00 -2.236260991364965367e+00 -6.245934346149999428e-01 -1.599341486266685930e+00 -2.216133256695057785e+00 -2.761100868545801390e+00 -1.023238241219918798e+00 -2.049923300479675525e+00 -2.397858562880464284e+00 -1.358741143365106430e+00 -2.337789934053080110e+00 -2.127134886814126880e+00 -2.203931776580727142e+00 -2.601204337292058799e+00 -1.575618799633305978e+00 -1.824141107502531112e+00 -1.840802822757000579e+00 -2.930004701845748016e+00 -1.247104432344482206e+00 -2.895863385958872716e+00 -1.088941927643997776e+00 -2.170065583472798654e+00 -2.728578568766738766e+00 -2.123425193842353398e+00 -2.601132064602408089e+00 -1.813875743884859393e+00 -2.577634949453096347e+00 -1.485276799779764456e+00 -2.549771931096179944e+00 -1.643129375650425050e-01 -5.392030595387882208e-01 -5.146784497037936168e-01 -8.651588145719593115e-01 -1.776837469455997631e+00 -5.324078552704124556e-01 -6.675734982510067583e-01 -8.927985844831265450e-01 -1.505620010985182056e+00 -3.409652805196508596e-01 -8.578764301127749237e-01 4.120123726303107775e-02 -2.153427116210779424e+00 -9.272042659001148435e-01 -1.907329977571994517e+00 -4.866995648699374288e-01 -1.497106586961044039e+00 -2.374639375402280539e+00 -1.468188651024633362e+00 -1.827435837312885392e+00 -1.944717285623763559e+00 -2.752518462387594678e+00 -9.398827679388536138e-01 -2.945161500734604143e+00 -3.062812455173371973e+00 -6.803244573080908797e-01 -3.229822806779582223e+00 -1.088655262508370303e+00 -1.797369948323190414e+00 -1.638913501656081406e+00 -2.271593070397913472e+00 -7.232980897213914240e-01 -2.642893408048919479e+00 -2.499814697607244618e+00 -1.794640664402522567e+00 -2.123391377085646958e+00 -8.525931771366513923e-01 -1.712370155415487538e+00 -1.227274474308335916e+00 -1.174371701877067409e+00 -1.682086514055869175e+00 -1.604423341164124439e+00 -1.269014751952708409e+00 -1.724328116095430019e+00 -1.800973506868195795e+00 -1.143173190787841520e+00 -1.310380034955141770e+00 -2.262684484644129412e+00 -1.800724993251915151e+00 -4.876598376697827142e-01 -5.791560133774827923e-01 -2.577462461266262661e+00 -1.569672634847529391e+00 -6.687451925968647126e-01 -1.237530970278556408e+00 -2.217835775213193639e+00 -1.644280474061255770e+00 1.965752092941865925e-01 -1.502250378619389704e+00 -1.124586620339679932e+00 -6.160970949220088144e-01 -1.531770132400214868e+00 -1.450880942192223522e+00 -1.103571210207437980e+00 -1.503879000287206669e+00 -1.350745835153786656e+00 -1.465563977054095579e+00 -2.700122192755741724e-01 -1.973438729384865975e-01 -1.274081778292741163e+00 -1.378561675640810336e+00 -1.207404495365063113e+00
1.726338702617777798e+01 8.370404628254549451e+00 1.354401493044086990e+01 1.106462140989858334e+01 1.269664821096344554e+01 1.144787559572442248e+01 1.037329205138373212e+01 1.394446179863934709e+01 1.289740780609161241e+01 1.229379225270110254e+01 1.246984520325946555e+01 1.403416230779501461e+01 8.370404628254547674e+00 1.090543504375167672e+01 1.187865239134810658e+01 9.049146639452832375e+00 8.647337777772811762e+00 1.054536585108784763e+01 7.384020325573546373e+00 9.233252347320217268e+00 9.140354911791447989e+00 6.257168930337759782e+00 6.364234245418401770e+00 1.118104724483574230e+01 1.354401493044086635e+01 1.187865239134810480e+01 2.334660014886946655e+01 1.221042254980157260e+01 9.718250423881475086e+00 1.717933600640787262e+01 1.174821204729584423e+01 9.679362960429610752e+00 1.550536943878988261e+01 6.486424978858205570e+00 4.318486009118347013e+00 1.667989519484973115e+01 1.106462140989858156e+01 9.049146639452832375e+00 1.221042254980157082e+01 1.625166776178887318e+01 9.896340110952698055e+00 1.125502418234349733e+01 1.072517213119197166e+01 1.258228250498331136e+01 1.240703638792031782e+01 6.801580669033526760e+00 8.543367482600661589e+00 1.272088137626006166e+01 1.269664821096344909e+01 8.647337777772811762e+00 9.718250423881476863e+00 9.896340110952699831e+00 1.775881605810047503e+01 9.336787680993065663e+00 8.996835889982433443e+00 1.513550706507772858e+01 1.119822283895566528e+01 1.367178219318645382e+01 1.562761612658964694e+01 1.259072571468980684e+01 1.144787559572442071e+01 1.054536585108784763e+01 1.717933600640786551e+01 1.125502418234349733e+01 9.336787680993065663e+00 1.796511491127935045e+01 1.128704895808065345e+01 1.011089337970406987e+01 1.347289438977377252e+01 6.692082872486938783e+00 4.996856007147011169e+00 1.442775459389927484e+01 1.037329205138373034e+01 7.384020325573548149e+00 1.174821204729584245e+01 1.072517213119197343e+01 8.996835889982433443e+00 1.128704895808065345e+01 1.176161051134015523e+01 9.827153947139072088e+00 1.117125836869027999e+01 7.349044946331442674e+00 7.267515992926576907e+00 1.130812549894229946e+01 1.394446179863934887e+01 9.233252347320219044e+00 9.679362960429610752e+00 1.258228250498331313e+01 1.513550706507772858e+01 1.011089337970406987e+01 9.827153947139073864e+00 1.930083869637205751e+01 1.193551093697054633e+01 1.356935984747596358e+01 1.554545414773282275e+01 1.368853972861606039e+01 1.289740780609161419e+01 9.140354911791449766e+00 1.550536943878988438e+01 1.240703638792032137e+01 1.119822283895566528e+01 1.347289438977377429e+01 1.117125836869028177e+01 1.193551093697054810e+01 1.736938077255972956e+01 7.799887465140038501e+00 8.130073080919977713e+00 1.438430536549970284e+01 1.229379225270110432e+01 6.257168930337760671e+00 6.486424978858204682e+00 6.801580669033524096e+00 1.367178219318645382e+01 6.692082872486937006e+00 7.349044946331441786e+00 1.356935984747596180e+01 7.799887465140037612e+00 1.708914412795323656e+01 1.570291370080918369e+01 1.056642303031616059e+01 1.246984520325946555e+01 6.364234245418402658e+00 4.318486009118349678e+00 8.543367482600658036e+00 1.562761612658964872e+01 4.996856007147011169e+00 7.267515992926576018e+00 1.554545414773281919e+01 8.130073080919977713e+00 1.570291370080918369e+01 1.998386373959356277e+01 1.005004531828510395e+01 1.403416230779501639e+01 1.118104724483574230e+01 1.667989519484973115e+01 1.272088137626006343e+01 1.259072571468980861e+01 1.442775459389927306e+01 1.130812549894229946e+01 1.368853972861605861e+01 1.438430536549970284e+01 1.056642303031616237e+01 1.005004531828510395e+01 1.881107379783228239e+01
-2.115246147518849096e+00 4.477025539600366644e-01 4.827915420145661329e+00 -1.217554321406510293e-01 -6.986152793165418373e+00 2.047838081142073996e+00 -2.247128610460995268e-01 -6.306518970757371889e+00 -3.421477826719642179e-01 -8.009363637778951883e+00 -1.010688748115263458e+01 -1.457683205053948328e+00 -1.791666616440659610e+00 -2.067171583778454114e+00 -2.403635219889096675e+00 -1.714365577897822179e+00 -4.217686494175646672e+00 -2.914525194165167310e+00 -1.047980497735099492e+00 -3.492885772658913979e+00 -2.318407417827688555e+00 -1.976178019375867345e+00 -2.715104045772517516e+00 -3.434276690381623975e+00 5.752314026858979662e-02 -1.738755517148358409e+00 -2.501731201866051357e+00 -3.265675909469139881e+00 -8.466945948372595065e-02 -4.527735502293523062e+00 -2.944419043677285242e+00 -9.417919735584420193e-01 -2.272390138393034498e+00 4.186735002488505275e-01 1.256298448148555291e+00 -3.147591313138242697e+00 -1.149905266525391490e+00 -1.133892760542389411e+00 6.671727884984931523e-01 -1.205349336962623585e+00 -1.625105542727769414e+00 -1.779849098401348195e-01 -9.478353024976547969e-01 -1.958322810838946548e+00 -5.116564834578837817e-02 -2.531040125785307016e+00 -2.340058295652850617e+00 -9.118309997102904685e-01 -2.045901246843993437e+00 1.026418169186660956e+00 5.530703612161217642e+00 -5.401489163289429074e-01 -5.371034187165810714e+00 2.233472383842864506e+00 -8.291377340249214134e-01 -6.634150235416396590e+00 7.117386247817046874e-01 -8.227877149912663057e+00 -1.026752846906241246e+01 3.562857679388296006e-01 -1.755237814872529611e+00 -2.142378572491607347e+00 -1.801066677780193803e+00 -1.657386834769523087e+00 -3.814000286120856398e+00 -2.750921427522136309e+00 -5.236854419116756532e-01 -3.077465753775604274e+00 -1.497629013998464043e+00 -2.467944134679203927e+00 -2.249103544521105391e+00 -2.271562318425131455e+00 -2.153217147438573953e+00 -1.166723528181376590e+00 2.205089269714631151e+00 -6.789875584865294744e-01 -6.108232746278332570e+00 3.691755113513275899e-01 -3.559233242886721015e-04 -5.451166230640870580e+00 1.535562635009448673e-01 -5.632169821604512627e+00 -7.633348299114495639e+00 -1.417627121292190040e+00 -7.241733124484823758e-01 -6.226927905933912211e-01 -2.264055067112749897e-01 -2.798221817361045360e+00 -2.867832830168989044e+00 -2.028823648314047823e+00 -1.865493825829086294e+00 -2.434379617132482299e+00 -2.451375308690642019e+00 -1.935798673031190020e+00 -2.048135726075910323e+00 -1.372031191142312867e+00 -5.736865191254918450e-01 -4.298164732248357378e-01 -1.380115610345124422e+00 -2.497759178074071329e+00 -1.729666723056674460e+00 -3.308028841453796165e+00 -1.415299527415604386e+00 -2.336178259968709536e+00 -2.003722816976477361e+00 -1.592839142487143977e+00 -1.135156357372627101e+00 -1.970694074907721305e+00 -8.226539332581973563e-01 -2.319576663254118376e+00 -4.628340172512890760e+00 -4.079744199389365278e+00 4.102090870089582508e-01 -5.526801420167319456e+00 -3.041686761924430549e+00 -8.186288171177372730e-01 -2.754960984894654796e+00 1.328295249305435188e+00 2.822803998753962595e+00 -2.821180795996648616e+00 -1.363140479428171181e+00 -1.362195906902225140e+00 -7.054221059690168882e-01 -4.744528140700171037e-01 -3.081397989516592606e+00 -7.094339956839482708e-01 -1.286331167957679156e-01 -3.058009131895616850e+00 -9.540088350831259500e-01 -3.355840893560695370e+00 -3.070699834914871751e+00 -1.498754786757097834e+00 -1.382108377477375249e+00 -3.244337707272695881e-02 1.441029233568670076e+00 -2.079546181046102227e+00 -4.728907450561197656e+00 6.486676539668113639e-01 -2.731761090214817611e-01 -4.606406325203767693e+00 -9.661224768682961095e-01 -4.612947881955578922e+00 -6.287390937645341182e+00 -1.229580146661468865e+00
-2.115246147518849096e+00 -1.791666616440659610e+00 5.752314026858979662e-02 -1.149905266525391490e+00 -2.045901246843993437e+00 -1.755237814872529611e+00 -2.153217147438573953e+00 -7.241733124484823758e-01 -5.736865191254918450e-01 -8.226539332581973563e-01 -1.363140479428171181e+00 -1.382108377477375249e+00 4.477025539600366644e-01 -2.067171583778454114e+00 -1.738755517148358409e+00 -1.133892760542389411e+00 1.026418169186660956e+00 -2.142378572491607347e+00 -1.166723528181376590e+00 -6.226927905933912211e-01 -4.298164732248357378e-01 -2.319576663254118376e+00 -1.362195906902225140e+00 -3.244337707272695881e-02 4.827915420145661329e+00 -2.403635219889096675e+00 -2.501731201866051357e+00 6.671727884984931523e-01 5.530703612161217642e+00 -1.801066677780193803e+00 2.205089269714631151e+00 -2.264055067112749897e-01 -1.380115610345124422e+00 -4.628340172512890760e+00 -7.054221059690168882e-01 1.441029233568670076e+00 -1.217554321406510293e-01 -1.714365577897822179e+00 -3.265675909469139881e+00 -1.205349336962623585e+00 -5.401489163289429074e-01 -1.657386834769523087e+00 -6.789875584865294744e-01 -2.798221817361045360e+00 -2.497759178074071329e+00 -4.079744199389365278e+00 -4.744528140700171037e-01 -2.079546181046102227e+00 -6.986152793165418373e+00 -4.217686494175646672e+00 -8.466945948372595065e-02 -1.625105542727769414e+00 -5.371034187165810714e+00 -3.814000286120856398e+00 -6.108232746278332570e+00 -2.867832830168989044e+00 -1.729666723056674460e+00 4.102090870089582508e-01 -3.081397989516592606e+00 -4.728907450561197656e+00 2.047838081142073996e+00 -2.914525194165167310e+00 -4.527735502293523062e+00 -1.779849098401348195e-01 2.233472383842864506e+00 -2.750921427522136309e+00 3.691755113513275899e-01 -2.028823648314047823e+00 -3.308028841453796165e+00 -5.526801420167319456e+00 -7.094339956839482708e-01 6.486676539668113639e-01 -2.247128610460995268e-01 -1.047980497735099492e+00 -2.944419043677285242e+00 -9.478353024976547969e-01 -8.291377340249214134e-01 -5.236854419116756532e-01 -3.559233242886721015e-04 -1.865493825829086294e+00 -1.415299527415604386e+00 -3.041686761924430549e+00 -1.286331167957679156e-01 -2.731761090214817611e-01 -6.306518970757371889e+00 -3.492885772658913979e+00 -9.417919735584420193e-01 -1.958322810838946548e+00 -6.634150235416396590e+00 -3.077465753775604274e+00 -5.451166230640870580e+00 -2.434379617132482299e+00 -2.336178259968709536e+00 -8.186288171177372730e-01 -3.058009131895616850e+00 -4.606406325203767693e+00 -3.421477826719642179e-01 -2.318407417827688555e+00 -2.272390138393034498e+00 -5.116564834578837817e-02 7.117386247817046874e-01 -1.497629013998464043e+00 1.535562635009448673e-01 -2.451375308690642019e+00 -2.003722816976477361e+00 -2.754960984894654796e+00 -9.540088350831259500e-01 -9.661224768682961095e-01 -8.009363637778951883e+00 -1.976178019375867345e+00 4.186735002488505275e-01 -2.531040125785307016e+00 -8.227877149912663057e+00 -2.467944134679203927e+00 -5.632169821604512627e+00 -1.935798673031190020e+00 -1.592839142487143977e+00 1.328295249305435188e+00 -3.355840893560695370e+00 -4.612947881955578922e+00 -1.010688748115263458e+01 -2.715104045772517516e+00 1.256298448148555291e+00 -2.340058295652850617e+00 -1.026752846906241246e+01 -2.249103544521105391e+00 -7.633348299114495639e+00 -2.048135726075910323e+00 -1.135156357372627101e+00 2.822803998753962595e+00 -3.070699834914871751e+00 -6.287390937645341182e+00 -1.457683205053948328e+00 -3.434276690381623975e+00 -3.147591313138242697e+00 -9.118309997102904685e-01 3.562857679388296006e-01 -2.271562318425131455e+00 -1.417627121292190040e+00 -1.372031191142312867e+00 -1.970694074907721305e+00 -2.821180795996648616e+00 -1.498754786757097834e+00 -1.229580146661468865e+00
3.237509702389475308e+01 2.330624395075102484e+01 9.724728304141578406e+00 1.174500269254959761e+01 1.511122778752401175e+01 1.318321315412788763e+01 2.157622687140150219e+01 1.318898579674382887e+01 1.233935416277357788e+01 1.061554212838435518e+01 1.746055604508858039e+01 2.112583951545948224e+01 2.330624395075102839e+01 3.789939481199221660e+01 1.096232218126411340e+01 1.546291228694786923e+01 8.398707373570079682e+00 1.460303431550176967e+01 2.051382132005779013e+01 1.804905297624413762e+01 1.415666700237606257e+01 1.272659249036396290e+01 2.048536855629948761e+01 1.583825236765767563e+01 9.724728304141580182e+00 1.096232218126410984e+01 1.917508323896375444e+01 6.189057386167803543e+00 9.461507209966859122e+00 9.867018197400410529e+00 1.093556850555030024e+01 8.803163978997805117e+00 9.594935937091882749e+00 1.649786311057971133e+01 1.070665900466707399e+01 1.056088234201022757e+01 1.174500269254959584e+01 1.546291228694786923e+01 6.189057386167805319e+00 1.365206482539181465e+01 7.490197749825400209e+00 5.969055489328860986e+00 1.187482268598801483e+01 6.843131929198803753e+00 6.061919163350342643e+00 5.921978026111920812e+00 9.848117080468293594e+00 9.143682078602390462e+00 1.511122778752400819e+01 8.398707373570077905e+00 9.461507209966857346e+00 7.490197749825398432e+00 2.636874423525703293e+01 1.008245423819596276e+01 1.752220344865261126e+01 7.327995244211868098e+00 1.043204035559878839e+01 9.340200487330136525e+00 7.185733430423928425e+00 1.584921714524706182e+01 1.318321315412788941e+01 1.460303431550177322e+01 9.867018197400408752e+00 5.969055489328864539e+00 1.008245423819596454e+01 2.103019427668827390e+01 1.500016529556399725e+01 9.544907767446778379e+00 1.223944618721231237e+01 1.466017160641855810e+01 7.299733510112838886e+00 1.323510708962066218e+01 2.157622687140150575e+01 2.051382132005779013e+01 1.093556850555030024e+01 1.187482268598801483e+01 1.752220344865261836e+01 1.500016529556399547e+01 2.506831549654503988e+01 1.135524507182455700e+01 1.061989784249289315e+01 1.066956112753148744e+01 1.497898908376854088e+01 1.940727313611612459e+01 1.318898579674382887e+01 1.804905297624414118e+01 8.803163978997808670e+00 6.843131929198805530e+00 7.327995244211869874e+00 9.544907767446780156e+00 1.135524507182455700e+01 1.556567006327788150e+01 8.282957463678464194e+00 8.723513032401500666e+00 1.072801750792295294e+01 8.755612867912667241e+00 1.233935416277357966e+01 1.415666700237606257e+01 9.594935937091884526e+00 6.061919163350342643e+00 1.043204035559878662e+01 1.223944618721231237e+01 1.061989784249289315e+01 8.282957463678464194e+00 1.663739902110841484e+01 1.552269953171012773e+01 8.265908192878091754e+00 1.291788747246789804e+01 1.061554212838435696e+01 1.272659249036396290e+01 1.649786311057971488e+01 5.921978026111920812e+00 9.340200487330138301e+00 1.466017160641856343e+01 1.066956112753148922e+01 8.723513032401500666e+00 1.552269953171012595e+01 2.404810448005622803e+01 9.988335317964374127e+00 1.378192094351541108e+01 1.746055604508857684e+01 2.048536855629948406e+01 1.070665900466707399e+01 9.848117080468291817e+00 7.185733430423931978e+00 7.299733510112837109e+00 1.497898908376854266e+01 1.072801750792295117e+01 8.265908192878091754e+00 9.988335317964375903e+00 1.968876811668223326e+01 1.280088027575826182e+01 2.112583951545948224e+01 1.583825236765767741e+01 1.056088234201022402e+01 9.143682078602392238e+00 1.584921714524706360e+01 1.323510708962066573e+01 1.940727313611612459e+01 8.755612867912667241e+00 1.291788747246789981e+01 1.378192094351540931e+01 1.280088027575826182e+01 2.341843922069058337e+01
4.955002790053430473e-01 1.345900608431759737e+00 -2.219738744862511215e+00 6.757689098273143014e-01 -3.610461957051792847e+00 1.419507289478800116e+00 -2.765677889469654982e+00 -1.584025400341995349e+00 1.355030235350683565e+00 2.249368795797118681e-01 -9.123812828488930826e-01 -1.674486576407118399e+00 -7.066215463073163505e+00 1.198335227517834500e+00 -1.748495914741466262e+00 3.363609681011191288e+00 4.527684066662740925e+00 -1.135228596017713532e+00 7.765476767360206534e-01 -8.971475559186468107e-01 -2.140838971207061014e+00 -5.044000058364832562e+00 -4.217116263341631033e+00 -3.296036133625983577e+00 -5.852446825461770530e+00 -5.855666682348807939e+00 -1.435201252602518407e+00 5.749296911792312059e-01 6.218281036237836013e+00 1.930497114664367464e+00 1.433061523391551795e+00 -3.594860276865348592e+00 -5.006344237599240632e-01 -1.144243666192200859e+00 -6.360760675349980353e+00 -3.315160723362353679e-01 1.454647507204640755e+00 -1.329389114774044423e+00 -3.354584338847266811e-01 -1.516394873838101454e+00 -3.324310010384756264e+00 -1.172578120370124877e+00 -1.624070942692564135e+00 -8.305542851601358523e-01 -6.889974684808646277e-01 8.124708393726964850e-02 1.355942494412779142e+00 -3.888123100648432917e-01 1.032035854935498209e+00 9.902724057001424995e+00 -5.685203429155298416e+00 3.044454898450753344e+00 -7.433366256329362542e+00 -1.586037598026891038e+00 -2.871429982263964398e-01 3.820616969789436546e+00 -2.810377194214932040e+00 -6.667129733429050908e+00 2.809249222661688528e+00 -5.174217522379365164e+00 -2.578997830923044354e+00 5.302827244294508802e+00 -3.747806954353081643e+00 3.509408232368854907e+00 -9.949086155920487951e-01 -8.286889676408591976e-01 1.703471832616070714e+00 1.907505177999397672e+00 -3.195292659281495418e+00 -6.469167614805754418e+00 -1.448075160187128674e+00 -4.074366814132939218e+00 1.280877047997131646e+00 4.738395000686565162e+00 -3.821649190742699265e+00 -2.718800324422432357e-01 -5.246170492814506758e+00 1.311224784092880125e+00 -9.661639415971225997e-01 1.888897543696741010e+00 6.187077559722997666e-02 -2.628207479959088211e+00 -7.287942432372951362e-02 -2.053078202717360856e+00 -3.553274630460909744e-01 -3.296540642994054249e+00 -4.376388799679272523e+00 -1.531514328680903203e+00 -4.425186501739716283e-01 4.538971673114178706e+00 -1.679254413675221436e+00 -3.164296646488396370e+00 3.738636103663035559e+00 2.146441544944414748e+00 -6.213167396022331701e+00 1.075189013664290982e+00 -4.664602454980507851e+00 -8.005063093927480722e+00 1.887411063125003619e+00 -3.015572657176709637e+00 3.314546324119594267e+00 2.330383594913427725e+00 1.365482961303797760e+00 -3.400616901725686425e+00 -2.829014016744275661e-01 1.230830796528761040e+00 -2.885882920012404096e+00 1.868388614563867067e+00 -2.010994841700502800e+00 -4.747692178401936580e+00 -1.813034334597804775e-01 -3.688679602140488623e+00 4.023843269892447339e+00 9.286663387939366743e-01 -8.942420696150504833e-01 -2.364203315541181905e+00 1.159647680976998219e+00 2.205300346695216795e+00 -4.451119995218439485e+00 -3.166601595761047161e-01 8.998184393393529046e-01 -1.037762393828264740e+00 -3.297182598318582070e+00 -1.762467057861052844e+00 -4.375193378739309580e+00 3.256286362945469026e+00 -1.875060492085219410e+00 -2.265546637306775413e+00 1.427442038666195678e+00 3.635151457146288401e-01 -1.602872043528382306e+00 1.611206886403739880e-01 2.442471120613904922e+00 5.972064616954285476e+00 -4.282954366246931599e+00 1.119274011194802743e+00 -6.597496661624417058e+00 -2.441241110190992991e+00 -1.035900553765897403e+00 2.847480383684580119e+00 -1.276206323817063781e+00 -3.663084142157035039e+00 3.171301524099970237e+00 -2.504519835535231831e+00
4.955002790053430473e-01 -7.066215463073163505e+00 -5.852446825461770530e+00 1.454647507204640755e+00 1.032035854935498209e+00 -2.578997830923044354e+00 1.280877047997131646e+00 -3.553274630460909744e-01 -4.664602454980507851e+00 -2.010994841700502800e+00 8.998184393393529046e-01 2.442471120613904922e+00 1.345900608431759737e+00 1.198335227517834500e+00 -5.855666682348807939e+00 -1.329389114774044423e+00 9.902724057001424995e+00 5.302827244294508802e+00 4.738395000686565162e+00 -3.296540642994054249e+00 -8.005063093927480722e+00 -4.747692178401936580e+00 -1.037762393828264740e+00 5.972064616954285476e+00 -2.219738744862511215e+00 -1.748495914741466262e+00 -1.435201252602518407e+00 -3.354584338847266811e-01 -5.685203429155298416e+00 -3.747806954353081643e+00 -3.821649190742699265e+00 -4.376388799679272523e+00 1.887411063125003619e+00 -1.813034334597804775e-01 -3.297182598318582070e+00 -4.282954366246931599e+00 6.757689098273143014e-01 3.363609681011191288e+00 5.749296911792312059e-01 -1.516394873838101454e+00 3.044454898450753344e+00 3.509408232368854907e+00 -2.718800324422432357e-01 -1.531514328680903203e+00 -3.015572657176709637e+00 -3.688679602140488623e+00 -1.762467057861052844e+00 1.119274011194802743e+00 -3.610461957051792847e+00 4.527684066662740925e+00 6.218281036237836013e+00 -3.324310010384756264e+00 -7.433366256329362542e+00 -9.949086155920487951e-01 -5.246170492814506758e+00 -4.425186501739716283e-01 3.314546324119594267e+00 4.023843269892447339e+00 -4.375193378739309580e+00 -6.597496661624417058e+00 1.419507289478800116e+00 -1.135228596017713532e+00 1.930497114664367464e+00 -1.172578120370124877e+00 -1.586037598026891038e+00 -8.286889676408591976e-01 1.311224784092880125e+00 4.538971673114178706e+00 2.330383594913427725e+00 9.286663387939366743e-01 3.256286362945469026e+00 -2.441241110190992991e+00 -2.765677889469654982e+00 7.765476767360206534e-01 1.433061523391551795e+00 -1.624070942692564135e+00 -2.871429982263964398e-01 1.703471832616070714e+00 -9.661639415971225997e-01 -1.679254413675221436e+00 1.365482961303797760e+00 -8.942420696150504833e-01 -1.875060492085219410e+00 -1.035900553765897403e+00 -1.584025400341995349e+00 -8.971475559186468107e-01 -3.594860276865348592e+00 -8.305542851601358523e-01 3.820616969789436546e+00 1.907505177999397672e+00 1.888897543696741010e+00 -3.164296646488396370e+00 -3.400616901725686425e+00 -2.364203315541181905e+00 -2.265546637306775413e+00 2.847480383684580119e+00 1.355030235350683565e+00 -2.140838971207061014e+00 -5.006344237599240632e-01 -6.889974684808646277e-01 -2.810377194214932040e+00 -3.195292659281495418e+00 6.187077559722997666e-02 3.738636103663035559e+00 -2.829014016744275661e-01 1.159647680976998219e+00 1.427442038666195678e+00 -1.276206323817063781e+00 2.249368795797118681e-01 -5.044000058364832562e+00 -1.144243666192200859e+00 8.124708393726964850e-02 -6.667129733429050908e+00 -6.469167614805754418e+00 -2.628207479959088211e+00 2.146441544944414748e+00 1.230830796528761040e+00 2.205300346695216795e+00 3.635151457146288401e-01 -3.663084142157035039e+00 -9.123812828488930826e-01 -4.217116263341631033e+00 -6.360760675349980353e+00 1.355942494412779142e+00 2.809249222661688528e+00 -1.448075160187128674e+00 -7.287942432372951362e-02 -6.213167396022331701e+00 -2.885882920012404096e+00 -4.451119995218439485e+00 -1.602872043528382306e+00 3.171301524099970237e+00 -1.674486576407118399e+00 -3.296036133625983577e+00 -3.315160723362353679e-01 -3.888123100648432917e-01 -5.174217522379365164e+00 -4.074366814132939218e+00 -2.053078202717360856e+00 1.075189013664290982e+00 1.868388614563867067e+00 -3.166601595761047161e-01 1.611206886403739880e-01 -2.504519835535231831e+00
1.169723121346444827e+01 4.451531132147138692e+00 5.574553083364872208e+00 2.980770725409838118e+00 8.242426771389080642e+00 2.552946378388999182e+00 2.989675748904681463e+00 7.020125735767965836e+00 -2.268668716846473643e-01 1.364595734645778657e+00 6.833807559116548802e+00 5.841731877434117592e+00 4.451531132147136915e+00 2.139788342081421746e+01 1.552438434867647743e+01 1.780542759608906955e+00 7.692011211742267207e+00 1.271441451756820840e+01 1.850797838424172559e+00 3.930727840821122143e+00 5.958200040677074760e+00 6.383182102873096397e+00 1.930367951746591260e+00 2.756159514110338105e+00 5.574553083364869543e+00 1.552438434867647743e+01 2.022902835949076916e+01 2.303334736785123571e+00 3.502026155601912549e+00 7.652171532353515104e+00 -1.551219130567742077e+00 7.585931725422985217e+00 7.996023761563151311e+00 7.698845774926392771e+00 4.210441112894598881e+00 1.717467445389453617e+00 2.980770725409838118e+00 1.780542759608906067e+00 2.303334736785122683e+00 1.070465424665748699e+01 4.230496282763232863e+00 2.771167292331926379e+00 3.344803893577095177e+00 2.870176632934912320e+00 4.251889054122246492e+00 4.888623115587863666e+00 7.066002933444708312e+00 6.388206530470147193e+00 8.242426771389077089e+00 7.692011211742266319e+00 3.502026155601911661e+00 4.230496282763234639e+00 2.022194262519131769e+01 1.110253603465277550e+01 7.487706082426292653e+00 2.125272993054331927e+00 -2.935043894520615204e+00 -1.774326871373089309e+00 6.414245511650659815e+00 1.353527707029180327e+01 2.552946378388997406e+00 1.271441451756820840e+01 7.652171532353515992e+00 2.771167292331927712e+00 1.110253603465277372e+01 1.378995560857882907e+01 4.777607980738618032e+00 1.400068680768702389e+00 1.869556628520746777e+00 2.564171856359065416e+00 2.937633973551216471e+00 6.246895141245713212e+00 2.989675748904680574e+00 1.850797838424172337e+00 -1.551219130567742521e+00 3.344803893577096510e+00 7.487706082426297982e+00 4.777607980738617144e+00 9.777801160877574560e+00 4.403709562471879835e+00 9.145932636115157166e-01 1.466193087637533310e+00 5.524070916526956587e+00 5.139534449067749478e+00 7.020125735767964947e+00 3.930727840821120367e+00 7.585931725422983440e+00 2.870176632934911432e+00 2.125272993054335480e+00 1.400068680768702833e+00 4.403709562471879835e+00 1.406893812689771295e+01 4.558418505003745125e+00 5.952894730093468922e+00 7.656910416857486190e+00 2.319371960301808588e+00 -2.268668716846464761e-01 5.958200040677073872e+00 7.996023761563151311e+00 4.251889054122245604e+00 -2.935043894520616092e+00 1.869556628520745889e+00 9.145932636115148284e-01 4.558418505003748677e+00 1.387723783285475321e+01 6.740171700179717007e+00 4.191083160660530105e+00 -1.562772172494518053e+00 1.364595734645777103e+00 6.383182102873093733e+00 7.698845774926390995e+00 4.888623115587861001e+00 -1.774326871373090642e+00 2.564171856359062751e+00 1.466193087637533754e+00 5.952894730093470699e+00 6.740171700179717007e+00 1.204597614542209882e+01 3.929083511126840289e+00 -7.034031079449076795e-01 6.833807559116547026e+00 1.930367951746592148e+00 4.210441112894599769e+00 7.066002933444708312e+00 6.414245511650663367e+00 2.937633973551218691e+00 5.524070916526956587e+00 7.656910416857484414e+00 4.191083160660530993e+00 3.929083511126842065e+00 1.291148661622602312e+01 6.295062346053247104e+00 5.841731877434117592e+00 2.756159514110337660e+00 1.717467445389452951e+00 6.388206530470147193e+00 1.353527707029180505e+01 6.246895141245712324e+00 5.139534449067747701e+00 2.319371960301807256e+00 -1.562772172494518941e+00 -7.034031079449064583e-01 6.295062346053246216e+00 1.446194122887044919e+01
-2.640572684439935092e+00 -5.701641668968004950e-01 -1.923337691864802412e+00 -7.531389417129683572e-01 -2.362468229482317827e+00 -3.717315478297645859e-01 1.216847600456329559e+00 -1.895263652692153189e-01 8.008250781944403762e-01 -1.958074028434293457e-01 2.793540574079694805e-02 -1.623609463125568642e+00 7.704133119010581066e-01 -8.376990601446124840e-01 -3.649189275873956362e-01 -2.278826664656723899e+00 5.820895447754912411e-01 -1.126943968430029752e+00 -1.484084849024983055e-01 1.129377786831071845e-01 -2.026770817390755042e+00 -1.457484191908608118e+00 8.263139398445898398e-02 -1.026275349523646963e+00 -6.036660756734996136e-01 -1.341070352614575523e+00 -2.114134377527081554e+00 -1.608626888804278066e+00 -1.289535321121300537e+00 -3.789755573561996438e-01 -7.013450232604584444e-01 -1.325342283917031905e+00 -1.314280892213058660e+00 -5.621415272756856707e-01 3.228990227067296548e-01 -1.563219755727374150e+00 -1.449017337700587271e+00 -5.975472778531859541e-01 -2.614690803379998929e+00 -1.695694173838562913e+00 -1.835748157584826457e+00 -6.453807910125426428e-01 1.705157227160010391e+00 9.210283912875125711e-01 2.948024610750002994e-01 4.196307256705180677e-01 -1.777134513407478078e+00 -2.043649299871807656e+00 -8.122671117697443099e-01 -6.668143858652892941e-01 3.891665775221244128e-01 -2.308745743934565442e-01 -7.870607946511112285e-01 -9.754182452958805316e-02 -2.040649212198041962e+00 -1.377725994252686048e+00 -1.591611047572532467e+00 -1.407397752344096364e+00 -3.570149484225906278e-01 -3.738721786377856571e-01 4.993299064144935406e-01 -1.134602252457681537e+00 -7.237523934155107863e-01 -1.656753506369329720e+00 6.610194878108399674e-01 -5.680623587001683017e-01 -2.188817902584836439e+00 -1.440966417943035704e+00 -1.775944374450248331e+00 -1.278259662277795972e+00 -7.200940925392029790e-01 4.735948297608965629e-01 9.355725549294816729e-03 -1.163817467477694434e+00 1.388675462360467461e-01 -1.150107972364552200e+00 4.736637380191665025e-01 -7.358808389771974712e-01 -2.060328446334867891e+00 -1.380613889120213766e+00 -1.290452754274231673e+00 -1.605173926540569784e+00 -8.014023228292099787e-01 2.046111235330502764e-01 1.408147773181049445e+00 -6.187820143177127363e-01 -6.056863077870797696e-01 -2.888220966185099048e+00 -1.114494342086981421e-01 -1.358799208257656321e+00 -1.408087824964857182e+00 -8.320795624169146087e-01 -2.189523322446473408e+00 -2.172201415507165834e+00 -6.546190702680507734e-01 -1.043669482530771520e+00 -2.900568596134558419e+00 -7.306608723979358677e-01 -1.686938895658274928e+00 5.413636404628956456e-01 -2.239589292837306456e+00 1.135818061186215505e-01 2.062895924706179551e-01 -1.326186708457873342e+00 1.123012643030895319e+00 1.232474891596149202e-01 -7.743554233611810167e-01 -1.081948786801985252e+00 -1.170301652406699811e+00 -4.867786362098148745e-01 1.975250850238142730e-01 -1.295997474974082964e-01 -2.386999967942875483e-03 -2.732318385609580069e-01 -1.539674567524665028e+00 -2.140394125806043046e+00 -1.604443863298277151e+00 -9.403261209098886519e-01 2.955788981422315942e-01 -9.199330157775797989e-01 3.404242117370655518e-01 -6.184572103513452657e-01 -5.290214718647840986e-01 -1.867458090847531560e+00 -2.771857233325998315e-01 -1.041782888095440507e+00 -1.380207853177173538e+00 -1.462550392956348588e+00 -2.250275267309669314e+00 -1.904659186546939775e+00 -1.688773704779602258e-01 -6.087408116763729504e-01 4.257874068677582891e-01 -3.495705181280617801e-01 -7.071359562417353084e-01 -2.371858556568314125e+00 -1.278718806504040850e-01 -9.361693338959380384e-01 -1.232014843303609997e+00 -1.017691958146574871e+00 -7.254026459464149035e-01 -1.679785557403606466e+00 -2.438577114257619860e-01 -1.797025568725930944e-01
-2.640572684439935092e+00 7.704133119010581066e-01 -6.036660756734996136e-01 -1.449017337700587271e+00 -8.122671117697443099e-01 4.993299064144935406e-01 9.355725549294816729e-03 1.408147773181049445e+00 -2.900568596134558419e+00 -1.170301652406699811e+00 3.404242117370655518e-01 4.257874068677582891e-01 -5.701641668968004950e-01 -8.376990601446124840e-01 -1.341070352614575523e+00 -5.975472778531859541e-01 -6.668143858652892941e-01 -1.134602252457681537e+00 -1.163817467477694434e+00 -6.187820143177127363e-01 -7.306608723979358677e-01 -4.867786362098148745e-01 -6.184572103513452657e-01 -3.495705181280617801e-01 -1.923337691864802412e+00 -3.649189275873956362e-01 -2.114134377527081554e+00 -2.614690803379998929e+00 3.891665775221244128e-01 -7.237523934155107863e-01 1.388675462360467461e-01 -6.056863077870797696e-01 -1.686938895658274928e+00 1.975250850238142730e-01 -5.290214718647840986e-01 -7.071359562417353084e-01 -7.531389417129683572e-01 -2.278826664656723899e+00 -1.608626888804278066e+00 -1.695694173838562913e+00 -2.308745743934565442e-01 -1.656753506369329720e+00 -1.150107972364552200e+00 -2.888220966185099048e+00 5.413636404628956456e-01 -1.295997474974082964e-01 -1.867458090847531560e+00 -2.371858556568314125e+00 -2.362468229482317827e+00 5.820895447754912411e-01 -1.289535321121300537e+00 -1.835748157584826457e+00 -7.870607946511112285e-01 6.610194878108399674e-01 4.736637380191665025e-01 -1.114494342086981421e-01 -2.239589292837306456e+00 -2.386999967942875483e-03 -2.771857233325998315e-01 -1.278718806504040850e-01 -3.717315478297645859e-01 -1.126943968430029752e+00 -3.789755573561996438e-01 -6.453807910125426428e-01 -9.754182452958805316e-02 -5.680623587001683017e-01 -7.358808389771974712e-01 -1.358799208257656321e+00 1.135818061186215505e-01 -2.732318385609580069e-01 -1.041782888095440507e+00 -9.361693338959380384e-01 1.216847600456329559e+00 -1.484084849024983055e-01 -7.013450232604584444e-01 1.705157227160010391e+00 -2.040649212198041962e+00 -2.188817902584836439e+00 -2.060328446334867891e+00 -1.408087824964857182e+00 2.062895924706179551e-01 -1.539674567524665028e+00 -1.380207853177173538e+00 -1.232014843303609997e+00 -1.895263652692153189e-01 1.129377786831071845e-01 -1.325342283917031905e+00 9.210283912875125711e-01 -1.377725994252686048e+00 -1.440966417943035704e+00 -1.380613889120213766e+00 -8.320795624169146087e-01 -1.326186708457873342e+00 -2.140394125806043046e+00 -1.462550392956348588e+00 -1.017691958146574871e+00 8.008250781944403762e-01 -2.026770817390755042e+00 -1.314280892213058660e+00 2.948024610750002994e-01 -1.591611047572532467e+00 -1.775944374450248331e+00 -1.290452754274231673e+00 -2.189523322446473408e+00 1.123012643030895319e+00 -1.604443863298277151e+00 -2.250275267309669314e+00 -7.254026459464149035e-01 -1.958074028434293457e-01 -1.457484191908608118e+00 -5.621415272756856707e-01 4.196307256705180677e-01 -1.407397752344096364e+00 -1.278259662277795972e+00 -1.605173926540569784e+00 -2.172201415507165834e+00 1.232474891596149202e-01 -9.403261209098886519e-01 -1.904659186546939775e+00 -1.679785557403606466e+00 2.793540574079694805e-02 8.263139398445898398e-02 3.228990227067296548e-01 -1.777134513407478078e+00 -3.570149484225906278e-01 -7.200940925392029790e-01 -8.014023228292099787e-01 -6.546190702680507734e-01 -7.743554233611810167e-01 2.955788981422315942e-01 -1.688773704779602258e-01 -2.438577114257619860e-01 -1.623609463125568642e+00 -1.026275349523646963e+00 -1.563219755727374150e+00 -2.043649299871807656e+00 -3.738721786377856571e-01 4.735948297608965629e-01 2.046111235330502764e-01 -1.043669482530771520e+00 -1.081948786801985252e+00 -9.199330157775797989e-01 -6.087408116763729504e-01 -1.797025568725930944e-01
9.462344978473073098e+00 3.971158313200255918e+00 6.070532824930917393e+00 5.269453697574949302e+00 4.833550498865929690e+00 2.155418924368921463e+00 2.644209547300233609e+00 5.133901755460050786e+00 4.465474609987746035e+00 4.244207698267506323e+00 5.061762871544893905e+00 4.868029006230930378e+00 3.971158313200255918e+00 8.781758531679820123e+00 6.745624361728660645e+00 3.963565431054463239e+00 4.912661151420600447e+00 4.619118683461581831e+00 4.602952660420574382e+00 7.410546998957846299e+00 1.672520144495388772e+00 4.796000406616193423e+00 6.666362125021798590e+00 5.804170161802044703e+00 6.070532824930915616e+00 6.745624361728660645e+00 1.292306740895574535e+01 5.783169199305147501e+00 6.753054004457774262e+00 7.247398447902132723e+00 6.406811839524682917e+00 9.939882476154487279e+00 5.345128817693764134e+00 6.907712048033011421e+00 8.770963004438719679e+00 6.890818647540706721e+00 5.269453697574947526e+00 3.963565431054463239e+00 5.783169199305146613e+00 1.043832869156750220e+01 4.512385124790839086e+00 4.722348422103150867e+00 4.635439281426020131e+00 6.177706159758062476e+00 4.397514460156674687e+00 2.900396258773334957e+00 5.695799656594253690e+00 4.860157507131237509e+00 4.833550498865927914e+00 4.912661151420598671e+00 6.753054004457774262e+00 4.512385124790839086e+00 1.145003655261507802e+01 6.074957438182817526e+00 7.215339635960137166e+00 6.854234377341874129e+00 4.672862088300074213e+00 7.652214670303198574e+00 7.378653446474771727e+00 6.338536998841258985e+00 2.155418924368921907e+00 4.619118683461581831e+00 7.247398447902131835e+00 4.722348422103149979e+00 6.074957438182818414e+00 1.115304490603286247e+01 8.166884713089764603e+00 8.630093308426978638e+00 4.152297736150298846e+00 5.714944078708456665e+00 8.290099717896964648e+00 6.354408138466855149e+00 2.644209547300233609e+00 4.602952660420574382e+00 6.406811839524683805e+00 4.635439281426020131e+00 7.215339635960137166e+00 8.166884713089764603e+00 1.203380953449829072e+01 8.735017112790682603e+00 5.498361409371223196e+00 6.731822961589694287e+00 8.966985168717076959e+00 6.631773816609812577e+00 5.133901755460049898e+00 7.410546998957847187e+00 9.939882476154490831e+00 6.177706159758061588e+00 6.854234377341875906e+00 8.630093308426978638e+00 8.735017112790684379e+00 1.551119236242076838e+01 5.274194659648967942e+00 6.581429204776955366e+00 1.214197930516548674e+01 8.499547620775423695e+00 4.465474609987746923e+00 1.672520144495389438e+00 5.345128817693765910e+00 4.397514460156675575e+00 4.672862088300075989e+00 4.152297736150298846e+00 5.498361409371224973e+00 5.274194659648968830e+00 8.507006654941307033e+00 4.858838065386111182e+00 6.073737220062277231e+00 3.917701854766275193e+00 4.244207698267507212e+00 4.796000406616193423e+00 6.907712048033010532e+00 2.900396258773334957e+00 7.652214670303201238e+00 5.714944078708456665e+00 6.731822961589695176e+00 6.581429204776952702e+00 4.858838065386111182e+00 9.918974790524885066e+00 7.186273095765987051e+00 5.309407968565516889e+00 5.061762871544893017e+00 6.666362125021798590e+00 8.770963004438719679e+00 5.695799656594253690e+00 7.378653446474772615e+00 8.290099717896964648e+00 8.966985168717075183e+00 1.214197930516548496e+01 6.073737220062276343e+00 7.186273095765987939e+00 1.386454237094813990e+01 8.404797589665342628e+00 4.868029006230928601e+00 5.804170161802042927e+00 6.890818647540705832e+00 4.860157507131236621e+00 6.338536998841258985e+00 6.354408138466855149e+00 6.631773816609813466e+00 8.499547620775421919e+00 3.917701854766273417e+00 5.309407968565516889e+00 8.404797589665342628e+00 9.405070461380297786e+00
-2.399256061075924595e+00 -4.656292256177184896e+00 -2.977085154040504555e+00 -1.860526210043778494e+00 -4.952431229219162567e+00 -2.484965371953065993e+00 -5.034211307210263442e+00 -4.589772518062259721e+00 -3.484085951419126914e+00 -4.915039974159528313e+00 -4.296958394480778765e+00 -3.408176969404704160e+00 -5.382011619218091347e+00 -7.586361865472211363e+00 -6.630882169078005539e+00 -2.476315266185300068e+00 -7.528971941808726420e+00 -1.324176492683333706e+00 -7.179640880547480286e+00 -6.702056124679424798e+00 -4.751742123359139036e+00 -8.713500636379585274e+00 -6.927333443344890540e+00 -4.351267791553681263e+00 -2.367747708956165820e+00 -5.401336214688778448e+00 -4.977293487967357599e+00 -1.922058785393209845e+00 -5.578779386138375429e+00 -2.784996750989352954e+00 -7.778636187476924313e+00 -4.808211890673016242e+00 -3.706687450354188229e+00 -7.498636307788107302e+00 -5.494243519756668803e+00 -4.339935681816940338e+00 -2.343343064138520671e+00 -5.338174846966110110e+00 -2.262912485233551596e+00 -1.123822340966355249e+00 -4.067050097667151753e+00 -2.961892573571739407e-01 -3.420804921051932013e+00 -2.808174284347088268e+00 -3.262603220103545976e+00 -3.709283360576598021e+00 -4.819842363981480915e+00 -4.346967767097373425e+00 -4.413423723474318550e+00 -4.815727338271114100e+00 -4.749424060847797335e+00 -8.139514204979778622e-01 -4.569677829702055050e+00 -2.280486918546682062e+00 -5.369722657316605918e+00 -4.350184587075975884e+00 -3.839880245370606904e+00 -6.781311447646063861e+00 -5.782356761878226337e+00 -3.923598986843291669e+00 -1.428432609314293833e+00 -5.761232801450503871e+00 -3.443869058198891331e+00 -1.042110382112835243e+00 -4.297174353430363247e+00 -2.596589500796547600e+00 -5.415990441447589454e+00 -5.838542092516451731e+00 -3.142882363101590304e+00 -4.586078380369782437e+00 -5.062641876036321875e+00 -3.077098880471464071e+00 -2.700405778058173389e+00 -4.472224244101766999e+00 -3.683354802100772929e+00 -1.321403320117416902e+00 -4.552972733648351422e+00 -8.113139778677782576e-01 -5.928955095804185227e+00 -5.251875858143502107e+00 -4.181083227394509549e+00 -5.400393896156890250e+00 -5.931199325357389363e+00 -3.247327174058424859e+00 -4.390773298972257876e+00 -5.768093422967166539e+00 -3.901534787194939291e+00 -1.339729815552837433e+00 -5.711680650995860198e+00 -7.382340864950462933e-01 -4.444282886299726343e+00 -5.220417036664004584e+00 -2.045402524074947159e+00 -5.329965525082836386e+00 -4.810515628363988050e+00 -3.516608045830265539e+00 -2.542456253013735346e+00 -3.884268760184330205e+00 -3.905879982985051679e+00 -1.891455230444937241e+00 -4.750067809337396696e+00 -1.086722516147793360e+00 -6.323227539647668038e+00 -5.872408645098314395e+00 -3.307290791271495500e+00 -4.390030404789934337e+00 -5.022002347223490482e+00 -2.398623361270884047e+00 -3.267278117021318984e+00 -3.712643179525736414e+00 -3.762610192790724728e+00 -2.026875334691973674e+00 -3.824146923206656723e+00 -1.656110212617958544e+00 -3.639133816470534910e+00 -3.655993457711105066e+00 -2.556551956845972917e+00 -4.104291262107291338e+00 -3.017810978028427460e+00 -2.587037848431208431e+00 -3.268473823967705361e+00 -4.892737371766519239e+00 -3.842494695747288969e+00 -2.520102741790104073e+00 -5.870106866089328079e+00 -2.517614588793497976e+00 -6.917059979281920512e+00 -3.832745991311753198e+00 -4.221166471720842139e+00 -5.568125789340151677e+00 -5.271175931454623154e+00 -4.022625810177547834e+00 -2.283798469686825872e+00 -5.084090450736680644e+00 -2.409264544899389016e+00 -2.754903501267304655e+00 -4.635885294771989074e+00 -1.448958479960288370e+00 -6.629183406097756581e+00 -6.537065190456096353e+00 -3.825836080490658819e+00 -4.470442956175245897e+00 -6.821397766788297901e+00 -3.551153253581232239e+00
-2.399256061075924595e+00 -5.382011619218091347e+00 -2.367747708956165820e+00 -2.343343064138520671e+00 -4.413423723474318550e+00 -1.428432609314293833e+00 -2.700405778058173389e+00 -4.390773298972257876e+00 -2.542456253013735346e+00 -3.267278117021318984e+00 -3.268473823967705361e+00 -2.283798469686825872e+00 -4.656292256177184896e+00 -7.586361865472211363e+00 -5.401336214688778448e+00 -5.338174846966110110e+00 -4.815727338271114100e+00 -5.761232801450503871e+00 -4.472224244101766999e+00 -5.768093422967166539e+00 -3.884268760184330205e+00 -3.712643179525736414e+00 -4.892737371766519239e+00 -5.084090450736680644e+00 -2.977085154040504555e+00 -6.630882169078005539e+00 -4.977293487967357599e+00 -2.262912485233551596e+00 -4.749424060847797335e+00 -3.443869058198891331e+00 -3.683354802100772929e+00 -3.901534787194939291e+00 -3.905879982985051679e+00 -3.762610192790724728e+00 -3.842494695747288969e+00 -2.409264544899389016e+00 -1.860526210043778494e+00 -2.476315266185300068e+00 -1.922058785393209845e+00 -1.123822340966355249e+00 -8.139514204979778622e-01 -1.042110382112835243e+00 -1.321403320117416902e+00 -1.339729815552837433e+00 -1.891455230444937241e+00 -2.026875334691973674e+00 -2.520102741790104073e+00 -2.754903501267304655e+00 -4.952431229219162567e+00 -7.528971941808726420e+00 -5.578779386138375429e+00 -4.067050097667151753e+00 -4.569677829702055050e+00 -4.297174353430363247e+00 -4.552972733648351422e+00 -5.711680650995860198e+00 -4.750067809337396696e+00 -3.824146923206656723e+00 -5.870106866089328079e+00 -4.635885294771989074e+00 -2.484965371953065993e+00 -1.324176492683333706e+00 -2.784996750989352954e+00 -2.961892573571739407e-01 -2.280486918546682062e+00 -2.596589500796547600e+00 -8.113139778677782576e-01 -7.382340864950462933e-01 -1.086722516147793360e+00 -1.656110212617958544e+00 -2.517614588793497976e+00 -1.448958479960288370e+00 -5.034211307210263442e+00 -7.179640880547480286e+00 -7.778636187476924313e+00 -3.420804921051932013e+00 -5.369722657316605918e+00 -5.415990441447589454e+00 -5.928955095804185227e+00 -4.444282886299726343e+00 -6.323227539647668038e+00 -3.639133816470534910e+00 -6.917059979281920512e+00 -6.629183406097756581e+00 -4.589772518062259721e+00 -6.702056124679424798e+00 -4.808211890673016242e+00 -2.808174284347088268e+00 -4.350184587075975884e+00 -5.838542092516451731e+00 -5.251875858143502107e+00 -5.220417036664004584e+00 -5.872408645098314395e+00 -3.655993457711105066e+00 -3.832745991311753198e+00 -6.537065190456096353e+00 -3.484085951419126914e+00 -4.751742123359139036e+00 -3.706687450354188229e+00 -3.262603220103545976e+00 -3.839880245370606904e+00 -3.142882363101590304e+00 -4.181083227394509549e+00 -2.045402524074947159e+00 -3.307290791271495500e+00 -2.556551956845972917e+00 -4.221166471720842139e+00 -3.825836080490658819e+00 -4.915039974159528313e+00 -8.713500636379585274e+00 -7.498636307788107302e+00 -3.709283360576598021e+00 -6.781311447646063861e+00 -4.586078380369782437e+00 -5.400393896156890250e+00 -5.329965525082836386e+00 -4.390030404789934337e+00 -4.104291262107291338e+00 -5.568125789340151677e+00 -4.470442956175245897e+00 -4.296958394480778765e+00 -6.927333443344890540e+00 -5.494243519756668803e+00 -4.819842363981480915e+00 -5.782356761878226337e+00 -5.062641876036321875e+00 -5.931199325357389363e+00 -4.810515628363988050e+00 -5.022002347223490482e+00 -3.017810978028427460e+00 -5.271175931454623154e+00 -6.821397766788297901e+00 -3.408176969404704160e+00 -4.351267791553681263e+00 -4.339935681816940338e+00 -4.346967767097373425e+00 -3.923598986843291669e+00 -3.077098880471464071e+00 -3.247327174058424859e+00 -3.516608045830265539e+00 -2.398623361270884047e+00 -2.587037848431208431e+00 -4.022625810177547834e+00 -3.551153253581232239e+00
2.722565196271670729e+01 2.918736568950324184e+01 2.646881176532451363e+01 1.860027501570944963e+01 2.543640127178544219e+01 1.898508558905417232e+01 2.153691578003810747e+01 2.219435880718324583e+01 1.869459172070703801e+01 1.785485051040341986e+01 2.579718573665132553e+01 2.259566451373465057e+01 2.918736568950323829e+01 5.173702693019843935e+01 3.860852753694482686e+01 2.577095200260038865e+01 3.556358264104407851e+01 3.239493443975810294e+01 3.251747092498077762e+01 3.276122213860561772e+01 3.192697755368314461e+01 2.697524032042549891e+01 3.500056255509777969e+01 3.423963267526994514e+01 2.646881176532451718e+01 3.860852753694483397e+01 3.616185377091117203e+01 2.132801628674947025e+01 3.068367857101823049e+01 2.588283907306212939e+01 2.617285511572613643e+01 2.618295980308190352e+01 2.531719592464729374e+01 2.191483530230592081e+01 2.993301957397983415e+01 2.813067124963638577e+01 1.860027501570944608e+01 2.577095200260038510e+01 2.132801628674946670e+01 2.025948439958915870e+01 2.014700227247120523e+01 1.727772240964677053e+01 1.819820928171048635e+01 1.812775562149479214e+01 1.561930499918789828e+01 1.442074061435850751e+01 2.029720065127010642e+01 2.011333468089023313e+01 2.543640127178544574e+01 3.556358264104407141e+01 3.068367857101823049e+01 2.014700227247120523e+01 3.345366517864527367e+01 2.161557134205295583e+01 2.488993639753226006e+01 2.512389180069774497e+01 2.262999731266956971e+01 2.128942262069105240e+01 2.821687142825852135e+01 2.458944504752794202e+01 1.898508558905417232e+01 3.239493443975810294e+01 2.588283907306212939e+01 1.727772240964677408e+01 2.161557134205296293e+01 2.916112248448329325e+01 2.074322368456261145e+01 2.049027183100044525e+01 2.223268133303967176e+01 1.771115872779691358e+01 2.285005808404391914e+01 2.490964129367986502e+01 2.153691578003810747e+01 3.251747092498077762e+01 2.617285511572613643e+01 1.819820928171048635e+01 2.488993639753226361e+01 2.074322368456261145e+01 2.519929051304384515e+01 2.179747974418178558e+01 2.202184023970826487e+01 1.734090043906137169e+01 2.483612773305484112e+01 2.402205778262166547e+01 2.219435880718324583e+01 3.276122213860562482e+01 2.618295980308190707e+01 1.812775562149479569e+01 2.512389180069774497e+01 2.049027183100044169e+01 2.179747974418178913e+01 2.616526544708888480e+01 2.077860847934879018e+01 1.776552372814236591e+01 2.384584911751052516e+01 2.329466742597560724e+01 1.869459172070703801e+01 3.192697755368314816e+01 2.531719592464729018e+01 1.561930499918790538e+01 2.262999731266957326e+01 2.223268133303966820e+01 2.202184023970826487e+01 2.077860847934878663e+01 2.559091561776510204e+01 1.816697081863155105e+01 2.257557561856352635e+01 2.430872303005390833e+01 1.785485051040342341e+01 2.697524032042549891e+01 2.191483530230591725e+01 1.442074061435851107e+01 2.128942262069105595e+01 1.771115872779691003e+01 1.734090043906137169e+01 1.776552372814236946e+01 1.816697081863155105e+01 1.863548241135907091e+01 2.011618107360702723e+01 1.934819785304770789e+01 2.579718573665132553e+01 3.500056255509777259e+01 2.993301957397983415e+01 2.029720065127010997e+01 2.821687142825851424e+01 2.285005808404391914e+01 2.483612773305483756e+01 2.384584911751052871e+01 2.257557561856352635e+01 2.011618107360702723e+01 3.160526943337638528e+01 2.603459555969099881e+01 2.259566451373465412e+01 3.423963267526994514e+01 2.813067124963638577e+01 2.011333468089023668e+01 2.458944504752794202e+01 2.490964129367986146e+01 2.402205778262166547e+01 2.329466742597560369e+01 2.430872303005390478e+01 1.934819785304770789e+01 2.603459555969100236e+01 3.044261817784255442e+01
-6.298591628567927481e-02 -1.309993032376662425e+00 -7.699405268779099254e-01 -1.726917415377304810e+00 -1.295343188068664164e-01 -5.138057421774104849e-01 -1.392670483079895050e+00 -6.451010941086779971e-01 -1.707061203657605830e+00 -7.009599988381911562e-01 -1.477877198659756086e-01 -1.928149874444099021e+00 1.387353108370610766e+00 -2.415961873106273305e+00 -1.011816487960281341e+00 -1.528920290451351027e+00 -6.734515270371925766e-01 -2.777300478428502917e+00 3.930742900437958487e-01 -1.464693191444884635e+00 -1.592142108169373182e+00 -1.527713101009863461e+00 -4.700685157860955421e-01 -1.585917316041810965e+00 -5.243755149694756312e+00 6.588492499768365818e-01 -2.000636265919504719e+00 -1.661150690826274756e+00 -3.102938940515563182e+00 2.023693203307703303e+00 -6.475199402318271291e-01 -2.810618288367897843e+00 1.211188627060406420e+00 -8.648437996515250248e-01 -3.041579540452626240e+00 1.190452348715023145e-01 -1.451569240927863547e+00 -1.098598028449150110e+00 -1.737264626625937503e+00 -1.198208634027877695e+00 -2.697268748182931386e+00 8.805585133232131101e-01 -4.432918007830755625e-01 -2.994354950253269365e+00 9.732119767470437388e-02 -1.266132037748032513e+00 -9.727583135986260787e-01 -4.803482157949294784e-01 -6.207639867410522649e-01 -1.746256916599256526e+00 -1.809786465774575914e+00 -7.245185387530559407e-01 -2.052121045461750892e+00 -1.809688069583461179e+00 2.135141168236447118e-01 -2.482659099681661097e+00 -1.004199326364853873e+00 -1.699726476736916458e+00 -2.384899922434544628e-01 -3.064394165819744886e-01 -1.376495465660846573e+00 -5.575220788695338658e-01 -6.297191125030718872e-01 -2.185799345033429333e-02 -2.517212524392430151e+00 -1.909321053841767313e+00 -1.599450135234519177e-01 -1.215808743179105145e+00 -1.871057562989359102e+00 -1.417547195277833350e+00 -4.119025542945540241e-01 -1.320500261473858128e+00 -5.612199941942581649e-01 -1.755233362782064432e+00 -9.606191793502046883e-01 -2.188596392313729933e+00 -1.822132147025962157e-01 -1.137939991424767733e-01 -6.803022516549104282e-01 -1.797127976280906481e+00 -1.753830356196004192e-01 -6.917956438287284904e-01 -4.873924371947118139e-01 -7.858401477347645159e-01 -4.089300304887006909e+00 2.769342374562069886e-01 -6.226720880639102784e-01 -1.497723960536570864e+00 -3.737701461055710883e+00 2.765152643690700796e+00 -8.864825761139265570e-01 -1.623189069493133685e+00 -6.039343422789837934e-01 -1.421098853131280704e+00 -2.013134528557333880e+00 5.224272405766039462e-02 -2.417496492246375084e+00 -2.577057684207036403e-01 -1.995779514425575663e+00 -1.133654807142233656e+00 -2.641339696130388770e+00 -3.055888450214693797e-01 -4.744432502284435388e-02 -1.553842533697074924e+00 4.120666258473475452e-01 -1.430675400617505533e+00 -6.625599028957378511e-01 -8.751808625357657689e-01 -6.112923729936088790e+00 1.126131884661837557e+00 -2.395721526509207333e+00 -1.465573208199616007e+00 -4.292806539174714331e+00 4.158375999854282412e+00 -5.973186489692561274e-01 -4.249728856039665104e+00 1.147595101707837184e+00 3.231369869154235297e-02 -2.320067931781367943e+00 4.573984109236420847e-01 -2.285113070720922845e+00 6.864558690726079160e-01 -1.013232042518255716e+00 -1.607925799447696147e-01 -3.035763757763938475e+00 9.554344646183792200e-01 -1.144832679345007209e+00 -7.646039806691511398e-01 -1.223315385641014386e+00 -1.249977707291093365e+00 -9.015704333181963070e-01 -9.309671397813170657e-01 -3.588091800410338372e+00 -2.437944715297152010e-01 -1.404810435158699633e+00 -1.419980298579254896e+00 -3.017219629863753916e+00 2.561997660789772091e-01 -1.241746661214537362e+00 -2.712250848183536345e+00 1.000981849986479766e+00 -9.013918024364515613e-01 -2.453174881512672378e+00 -6.048013829194769375e-01
-6.298591628567927481e-02 1.387353108370610766e+00 -5.243755149694756312e+00 -1.451569240927863547e+00 -6.207639867410522649e-01 -1.376495465660846573e+00 -5.612199941942581649e-01 -4.089300304887006909e+00 -2.417496492246375084e+00 -6.112923729936088790e+00 -2.285113070720922845e+00 -3.588091800410338372e+00 -1.309993032376662425e+00 -2.415961873106273305e+00 6.588492499768365818e-01 -1.098598028449150110e+00 -1.746256916599256526e+00 -5.575220788695338658e-01 -1.755233362782064432e+00 2.769342374562069886e-01 -2.577057684207036403e-01 1.126131884661837557e+00 6.864558690726079160e-01 -2.437944715297152010e-01 -7.699405268779099254e-01 -1.011816487960281341e+00 -2.000636265919504719e+00 -1.737264626625937503e+00 -1.809786465774575914e+00 -6.297191125030718872e-01 -9.606191793502046883e-01 -6.226720880639102784e-01 -1.995779514425575663e+00 -2.395721526509207333e+00 -1.013232042518255716e+00 -1.404810435158699633e+00 -1.726917415377304810e+00 -1.528920290451351027e+00 -1.661150690826274756e+00 -1.198208634027877695e+00 -7.245185387530559407e-01 -2.185799345033429333e-02 -2.188596392313729933e+00 -1.497723960536570864e+00 -1.133654807142233656e+00 -1.465573208199616007e+00 -1.607925799447696147e-01 -1.419980298579254896e+00 -1.295343188068664164e-01 -6.734515270371925766e-01 -3.102938940515563182e+00 -2.697268748182931386e+00 -2.052121045461750892e+00 -2.517212524392430151e+00 -1.822132147025962157e-01 -3.737701461055710883e+00 -2.641339696130388770e+00 -4.292806539174714331e+00 -3.035763757763938475e+00 -3.017219629863753916e+00 -5.138057421774104849e-01 -2.777300478428502917e+00 2.023693203307703303e+00 8.805585133232131101e-01 -1.809688069583461179e+00 -1.909321053841767313e+00 -1.137939991424767733e-01 2.765152643690700796e+00 -3.055888450214693797e-01 4.158375999854282412e+00 9.554344646183792200e-01 2.561997660789772091e-01 -1.392670483079895050e+00 3.930742900437958487e-01 -6.475199402318271291e-01 -4.432918007830755625e-01 2.135141168236447118e-01 -1.599450135234519177e-01 -6.803022516549104282e-01 -8.864825761139265570e-01 -4.744432502284435388e-02 -5.973186489692561274e-01 -1.144832679345007209e+00 -1.241746661214537362e+00 -6.451010941086779971e-01 -1.464693191444884635e+00 -2.810618288367897843e+00 -2.994354950253269365e+00 -2.482659099681661097e+00 -1.215808743179105145e+00 -1.797127976280906481e+00 -1.623189069493133685e+00 -1.553842533697074924e+00 -4.249728856039665104e+00 -7.646039806691511398e-01 -2.712250848183536345e+00 -1.707061203657605830e+00 -1.592142108169373182e+00 1.211188627060406420e+00 9.732119767470437388e-02 -1.004199326364853873e+00 -1.871057562989359102e+00 -1.753830356196004192e-01 -6.039343422789837934e-01 4.120666258473475452e-01 1.147595101707837184e+00 -1.223315385641014386e+00 1.000981849986479766e+00 -7.009599988381911562e-01 -1.527713101009863461e+00 -8.648437996515250248e-01 -1.266132037748032513e+00 -1.699726476736916458e+00 -1.417547195277833350e+00 -6.917956438287284904e-01 -1.421098853131280704e+00 -1.430675400617505533e+00 3.231369869154235297e-02 -1.249977707291093365e+00 -9.013918024364515613e-01 -1.477877198659756086e-01 -4.700685157860955421e-01 -3.041579540452626240e+00 -9.727583135986260787e-01 -2.384899922434544628e-01 -4.119025542945540241e-01 -4.873924371947118139e-01 -2.013134528557333880e+00 -6.625599028957378511e-01 -2.320067931781367943e+00 -9.015704333181963070e-01 -2.453174881512672378e+00 -1.928149874444099021e+00 -1.585917316041810965e+00 1.190452348715023145e-01 -4.803482157949294784e-01 -3.064394165819744886e-01 -1.320500261473858128e+00 -7.858401477347645159e-01 5.224272405766039462e-02 -8.751808625357657689e-01 4.573984109236420847e-01 -9.309671397813170657e-01 -6.048013829194769375e-01
9.366518608510087773e+00 6.274234311715595425e+00 5.604609654346979219e+00 5.271901639765051328e+00 5.018061595929026453e+00 5.736867079365488564e+00 6.062382394977000821e+00 5.055890286214218321e+00 4.392060885628445988e+00 4.289095876137577257e+00 5.174357357696254489e+00 6.049669239673377774e+00 6.274234311715595425e+00 1.364443980706505144e+01 7.268066246664289132e+00 8.051193503699686005e+00 9.430842785464411904e+00 7.624378549805654437e+00 7.151134784281819812e+00 6.186623616962012129e+00 7.235570316330441898e+00 4.977338832810922931e+00 5.208305989837337613e+00 7.842503795915524378e+00 5.604609654346979219e+00 7.268066246664290020e+00 1.573765864500894551e+01 9.410187155717125052e+00 8.164611258653630799e+00 8.324946367708854211e+00 6.115818619475890117e+00 1.063453581756716737e+01 9.223197410636458926e+00 1.286463226547804872e+01 7.578570389685793884e+00 1.162148679394991291e+01 5.271901639765049552e+00 8.051193503699687781e+00 9.410187155717125052e+00 1.152054766562208599e+01 9.345959929190623683e+00 7.466419444364372993e+00 6.395854710617258299e+00 7.612996001263302226e+00 7.767330909885648005e+00 9.510373074057717702e+00 6.568454541658894641e+00 9.894199492275767227e+00 5.018061595929025565e+00 9.430842785464413680e+00 8.164611258653630799e+00 9.345959929190625459e+00 1.394468517877989200e+01 9.739260483096616738e+00 6.094958872200377797e+00 6.630920124881542144e+00 9.092019019441664796e+00 8.417707453512960569e+00 6.364881601848449755e+00 9.092820130115129018e+00 5.736867079365488564e+00 7.624378549805654437e+00 8.324946367708854211e+00 7.466419444364373881e+00 9.739260483096618515e+00 1.297576681181853253e+01 3.839193209940462648e+00 7.419514468566031695e+00 8.380758400210975623e+00 7.931938762421553157e+00 8.293266640347248142e+00 8.634880830106292038e+00 6.062382394976999933e+00 7.151134784281819812e+00 6.115818619475891005e+00 6.395854710617257410e+00 6.094958872200376909e+00 3.839193209940461760e+00 8.865062085247384260e+00 5.573101162792225338e+00 4.737926831343584944e+00 4.678935894711457877e+00 3.376254864515845888e+00 6.649680895913944845e+00 5.055890286214218321e+00 6.186623616962013017e+00 1.063453581756716915e+01 7.612996001263301338e+00 6.630920124881541255e+00 7.419514468566030807e+00 5.573101162792224450e+00 1.369522102548772224e+01 7.804488666428767374e+00 1.082521696301580150e+01 7.828951966307840848e+00 9.622805452311350649e+00 4.392060885628445988e+00 7.235570316330441898e+00 9.223197410636458926e+00 7.767330909885647117e+00 9.092019019441663019e+00 8.380758400210975623e+00 4.737926831343584944e+00 7.804488666428767374e+00 1.126396582657269363e+01 9.180688786084550301e+00 7.132320722756742448e+00 9.161436407680589866e+00 4.289095876137576369e+00 4.977338832810924707e+00 1.286463226547804872e+01 9.510373074057719478e+00 8.417707453512960569e+00 7.931938762421556710e+00 4.678935894711458765e+00 1.082521696301579972e+01 9.180688786084550301e+00 1.734478187939552640e+01 8.271659460819407172e+00 1.112419586598926813e+01 5.174357357696254489e+00 5.208305989837339389e+00 7.578570389685798325e+00 6.568454541658894641e+00 6.364881601848450643e+00 8.293266640347248142e+00 3.376254864515845888e+00 7.828951966307841737e+00 7.132320722756744225e+00 8.271659460819408949e+00 1.046095034900286791e+01 7.777729785440602228e+00 6.049669239673376886e+00 7.842503795915526155e+00 1.162148679394991113e+01 9.894199492275769003e+00 9.092820130115129018e+00 8.634880830106286709e+00 6.649680895913943957e+00 9.622805452311348873e+00 9.161436407680588090e+00 1.112419586598926635e+01 7.777729785440601340e+00 1.386718456465029803e+01
-7.669961750429478142e-01 -6.372738642226654093e-01 -1.520041215039401150e+00 -1.221014386751297920e+00 -2.359901208815886886e-01 -1.464082269795236479e+00 8.119738175092122701e-01 -8.650476074808065297e-02 4.527319290433158561e-03 -1.199889189941807821e+00 -1.421522983970741061e+00 -5.509528893545869721e-01 -7.165216312235899165e-01 -7.904733750179893104e-01 -1.165113542829006921e+00 -2.329082566946673871e-01 9.511437873762625950e-01 1.844065680224496739e-01 4.271099132205362081e-01 -1.125106613804501832e+00 -7.842199475274720388e-01 -1.196308153197959578e+00 -9.303435520069911480e-01 -3.653773371797495173e-01 -1.625478864002546375e+00 -5.854380180855768279e-01 -9.639932081198211433e-01 -6.675941819720067061e-01 -7.805173829380070982e-01 -1.794937150077068999e+00 -1.215258641497832942e-02 -1.509507536748143364e-01 -2.160256519002609621e-01 -1.098597940158218406e-01 -9.457023730597505784e-01 3.862573373678287458e-01 -1.222062619763768732e+00 1.865497638511560419e-01 -1.189471588877365260e+00 8.703105944110491043e-02 -1.123777513965588559e+00 -1.936164088434169539e+00 -7.749481645739414448e-02 -9.630054022640944789e-01 -1.271741144627428266e+00 -1.587174063843080685e+00 -9.673597188615150333e-02 4.724381348847669360e-01 -3.097002594286163979e-01 -7.957084951614205037e-01 3.280032756856292031e-01 -2.996275682926268225e-01 -7.535601720637137291e-01 -5.636281831518782925e-02 -1.323478630526255806e+00 -5.656419419060606524e-01 6.619140871168571749e-02 4.278300760657921531e-01 -6.534827438297653446e-01 4.100782807145400555e-02 3.141228300256988792e-02 -4.757601511705825126e-01 7.133571184360081308e-01 -2.774539379908156911e-01 -1.943075481231155699e+00 -1.576547716958984324e+00 1.482970395907387551e-01 -1.678031605628316214e-01 -1.488871856548408035e+00 -8.043157345473916919e-01 -5.995145503159809985e-01 -7.624331119180890459e-01 -1.254612666352222794e+00 1.777492555318190837e-01 -4.775450783795341381e-01 -1.176824047312427624e+00 -7.314108196333308776e-01 -7.437489592341117728e-01 -8.362749816359243971e-01 -5.240854846649272147e-01 -3.350591757894147427e-01 -1.726889986266821886e-01 1.189323169645943451e-01 -3.242801660631241534e-01 -3.520707641725439596e-01 -9.933163992351430605e-02 -1.280824505207735164e+00 1.885523401040986868e-01 -1.179818876421799612e+00 -1.012620718910532736e+00 -1.522332328133018664e-01 -1.017030236498215112e+00 -1.019090481824037830e+00 -1.587190040596773599e+00 -3.441874866519926135e-01 -3.360463568545757340e-02 5.088456590718066774e-01 -4.202707215740110192e-01 -1.388477429404964547e-01 -6.588986644229235523e-01 5.692118321361011937e-03 -1.707165011132850019e+00 1.038884396979969704e+00 -1.228228294385431019e+00 -4.562684798437650624e-01 -2.101394051100283100e+00 -5.145420915312168830e-01 4.506649728471119609e-02 -1.397463707685698386e+00 4.250103047016494662e-01 -1.303555720312937760e+00 -1.442100796584171452e+00 -4.103128963228971221e-02 -2.079746828496181088e+00 2.562838163109443235e-01 5.047523033451501995e-01 1.291472176058149762e-02 -9.370547237352315761e-01 -1.141151945545206381e+00 3.396482077017509704e-03 -6.855848122741343698e-01 1.187276450362696745e-01 -1.459869850011177306e-01 -6.666124106020172857e-02 -9.232813481044297443e-01 -1.340439393565872717e+00 5.347754548497688637e-02 1.659804637186876666e-02 -1.084466796441705627e+00 -3.560561132091945025e-01 -1.114584532097309344e+00 -8.732501620434447442e-01 -5.318728284432624465e-01 -3.064318341468486029e-01 2.163097355950609479e-01 4.057125869257652284e-02 -1.297335499731657515e+00 -4.215792465729370497e-01 5.306096120856560461e-01 -3.524255432931812648e-01 -4.529957406484374505e-01 -1.408175293173711484e+00 -8.146257363086989445e-01 -3.494924625843866539e-01
-7.669961750429478142e-01 -7.165216312235899165e-01 -1.625478864002546375e+00 -1.222062619763768732e+00 -3.097002594286163979e-01 3.141228300256988792e-02 -1.254612666352222794e+00 -3.520707641725439596e-01 5.088456590718066774e-01 -1.397463707685698386e+00 -6.855848122741343698e-01 -5.318728284432624465e-01 -6.372738642226654093e-01 -7.904733750179893104e-01 -5.854380180855768279e-01 1.865497638511560419e-01 -7.957084951614205037e-01 -4.757601511705825126e-01 1.777492555318190837e-01 -9.933163992351430605e-02 -4.202707215740110192e-01 4.250103047016494662e-01 1.187276450362696745e-01 -3.064318341468486029e-01 -1.520041215039401150e+00 -1.165113542829006921e+00 -9.639932081198211433e-01 -1.189471588877365260e+00 3.280032756856292031e-01 7.133571184360081308e-01 -4.775450783795341381e-01 -1.280824505207735164e+00 -1.388477429404964547e-01 -1.303555720312937760e+00 -1.459869850011177306e-01 2.163097355950609479e-01 -1.221014386751297920e+00 -2.329082566946673871e-01 -6.675941819720067061e-01 8.703105944110491043e-02 -2.996275682926268225e-01 -2.774539379908156911e-01 -1.176824047312427624e+00 1.885523401040986868e-01 -6.588986644229235523e-01 -1.442100796584171452e+00 -6.666124106020172857e-02 4.057125869257652284e-02 -2.359901208815886886e-01 9.511437873762625950e-01 -7.805173829380070982e-01 -1.123777513965588559e+00 -7.535601720637137291e-01 -1.943075481231155699e+00 -7.314108196333308776e-01 -1.179818876421799612e+00 5.692118321361011937e-03 -4.103128963228971221e-02 -9.232813481044297443e-01 -1.297335499731657515e+00 -1.464082269795236479e+00 1.844065680224496739e-01 -1.794937150077068999e+00 -1.936164088434169539e+00 -5.636281831518782925e-02 -1.576547716958984324e+00 -7.437489592341117728e-01 -1.012620718910532736e+00 -1.707165011132850019e+00 -2.079746828496181088e+00 -1.340439393565872717e+00 -4.215792465729370497e-01 8.119738175092122701e-01 4.271099132205362081e-01 -1.215258641497832942e-02 -7.749481645739414448e-02 -1.323478630526255806e+00 1.482970395907387551e-01 -8.362749816359243971e-01 -1.522332328133018664e-01 1.038884396979969704e+00 2.562838163109443235e-01 5.347754548497688637e-02 5.306096120856560461e-01 -8.650476074808065297e-02 -1.125106613804501832e+00 -1.509507536748143364e-01 -9.630054022640944789e-01 -5.656419419060606524e-01 -1.678031605628316214e-01 -5.240854846649272147e-01 -1.017030236498215112e+00 -1.228228294385431019e+00 5.047523033451501995e-01 1.659804637186876666e-02 -3.524255432931812648e-01 4.527319290433158561e-03 -7.842199475274720388e-01 -2.160256519002609621e-01 -1.271741144627428266e+00 6.619140871168571749e-02 -1.488871856548408035e+00 -3.350591757894147427e-01 -1.019090481824037830e+00 -4.562684798437650624e-01 1.291472176058149762e-02 -1.084466796441705627e+00 -4.529957406484374505e-01 -1.199889189941807821e+00 -1.196308153197959578e+00 -1.098597940158218406e-01 -1.587174063843080685e+00 4.278300760657921531e-01 -8.043157345473916919e-01 -1.726889986266821886e-01 -1.587190040596773599e+00 -2.101394051100283100e+00 -9.370547237352315761e-01 -3.560561132091945025e-01 -1.408175293173711484e+00 -1.421522983970741061e+00 -9.303435520069911480e-01 -9.457023730597505784e-01 -9.673597188615150333e-02 -6.534827438297653446e-01 -5.995145503159809985e-01 1.189323169645943451e-01 -3.441874866519926135e-01 -5.145420915312168830e-01 -1.141151945545206381e+00 -1.114584532097309344e+00 -8.146257363086989445e-01 -5.509528893545869721e-01 -3.653773371797495173e-01 3.862573373678287458e-01 4.724381348847669360e-01 4.100782807145400555e-02 -7.624331119180890459e-01 -3.242801660631241534e-01 -3.360463568545757340e-02 4.506649728471119609e-02 3.396482077017509704e-03 -8.732501620434447442e-01 -3.494924625843866539e-01
8.265934043800037045e+00 4.435101263524041215e+00 5.642657970951585611e+00 4.831362063359590842e+00 2.106887525364264935e+00 4.218010595955212771e+00 3.663324310981335596e+00 4.272886154106585899e+00 4.570051549817399916e+00 5.510574103963512549e+00 3.950134034478829825e+00 2.864354121473889236e+00 4.435101263524040327e+00 6.088385746385868380e+00 3.643770262842297658e+00 3.669317642800388413e+00 1.010174661810454788e+00 2.597146420453066540e+00 2.674774633921939593e+00 3.380251811316003607e+00 3.489351913014827389e+00 3.153136182856668857e+00 2.539451612352734866e+00 2.071115875310781451e+00 5.642657970951586499e+00 3.643770262842297214e+00 8.478401349248542829e+00 5.390438486306845078e+00 2.443378537410557438e+00 4.394236429527570209e+00 4.590309033695581853e+00 3.289993621321844586e+00 3.742650510859768520e+00 5.184431453394644507e+00 3.997786726367013266e+00 2.009259718208621592e+00 4.831362063359591730e+00 3.669317642800387969e+00 5.390438486306845078e+00 8.740768854134222110e+00 1.975153719884646719e+00 4.772748556189773339e+00 4.151766033231087505e+00 5.540585432961952606e+00 4.408571032027615466e+00 4.867719368822491788e+00 4.047080449925292811e+00 3.047546563660617824e+00 2.106887525364264491e+00 1.010174661810455010e+00 2.443378537410558327e+00 1.975153719884646719e+00 5.380854444437844109e+00 1.987381841099906232e+00 3.245666609515401202e+00 2.969090651649394452e+00 1.592525487524907302e+00 2.399085592864942829e+00 1.813665308088108219e+00 1.875380333429178314e+00 4.218010595955212771e+00 2.597146420453066096e+00 4.394236429527570209e+00 4.772748556189772451e+00 1.987381841099906232e+00 7.822360398842340246e+00 3.391882877744385016e+00 3.904293390543486009e+00 3.529674628659802860e+00 3.039282782721462794e+00 4.708861262322923125e+00 2.985095276873538594e+00 3.663324310981336041e+00 2.674774633921939593e+00 4.590309033695581853e+00 4.151766033231086617e+00 3.245666609515402534e+00 3.391882877744384572e+00 7.600170442975589857e+00 4.352672285519329165e+00 3.472576584956134305e+00 4.388684123970310935e+00 2.953416115267948339e+00 2.764402741495037841e+00 4.272886154106585899e+00 3.380251811316004495e+00 3.289993621321844586e+00 5.540585432961951717e+00 2.969090651649394008e+00 3.904293390543487341e+00 4.352672285519330941e+00 9.228881353732427684e+00 4.453378034455115930e+00 4.398106503233503162e+00 3.367803840295456652e+00 4.981697303382095932e+00 4.570051549817399916e+00 3.489351913014828277e+00 3.742650510859769408e+00 4.408571032027615466e+00 1.592525487524907302e+00 3.529674628659803304e+00 3.472576584956133861e+00 4.453378034455116818e+00 7.669541536582785923e+00 4.436345219586848465e+00 2.433973809811636801e+00 2.763846686644436002e+00 5.510574103963511661e+00 3.153136182856669301e+00 5.184431453394644507e+00 4.867719368822490900e+00 2.399085592864942384e+00 3.039282782721462350e+00 4.388684123970311823e+00 4.398106503233502274e+00 4.436345219586847577e+00 8.270875488460381675e+00 3.334319893424883663e+00 2.313410854895233904e+00 3.950134034478829825e+00 2.539451612352734866e+00 3.997786726367013266e+00 4.047080449925291923e+00 1.813665308088108219e+00 4.708861262322923125e+00 2.953416115267948339e+00 3.367803840295457096e+00 2.433973809811637246e+00 3.334319893424884107e+00 5.685355185271406597e+00 2.344756008680934478e+00 2.864354121473889681e+00 2.071115875310781451e+00 2.009259718208621148e+00 3.047546563660617824e+00 1.875380333429178537e+00 2.985095276873539927e+00 2.764402741495038285e+00 4.981697303382096820e+00 2.763846686644436446e+00 2.313410854895234348e+00 2.344756008680934478e+00 5.874302312206776122e+00
-2.140586521138922727e-01 -5.087168906389778478e-01 -9.079238902043319515e-01 -2.046552327001934513e-01 2.015521394215825379e-01 -1.095339679178706671e+00 -1.131882923430700627e+00 1.110827469478821161e-01 -6.229390848203761877e-01 -1.017907964617911443e+00 -5.757360532214038651e-01 2.493708778796119852e-01 -8.905363688609035933e-01 -8.617816601075091176e-01 -3.710664274851107058e-01 -9.876159964382651424e-01 -1.045874709190270702e+00 -1.177747911298155703e+00 -1.253709916947754466e-01 -9.912816352039670598e-01 -1.203380648576646283e+00 -9.528130677048962660e-01 -3.057556582568378145e-01 -1.110900928340935012e+00 -3.783636405848498363e-01 3.072893089356018015e-01 4.440087431024646314e-01 2.505137769838689521e-01 -1.375091848064186939e+00 -3.873698236796028205e-01 -1.064349903912449324e+00 -2.481604429825963187e+00 -1.176790956601470040e+00 2.440316348379927280e-01 -1.068860826693684318e+00 -2.509806262692068746e+00 2.433648566475867803e-01 1.287526495900879198e-01 5.166179679356641685e-01 -3.816008594232834228e-01 -8.198853672111217072e-01 4.649359377622699213e-02 -1.121626429202343900e+00 -1.993371668850360434e+00 -6.457988837876065258e-01 -1.167757962749556011e+00 -1.705545698437382907e-01 -2.128243288775632180e+00 -8.469529167541383075e-01 -7.923510355829643803e-01 -1.230760400457849402e+00 -5.397895743777665345e-01 -1.614115081431046317e+00 -4.248734470140137776e-02 -9.061141872503433170e-01 -4.436633776976816601e-01 3.659356426870960521e-02 -9.901714760578808061e-01 -1.043991059276489608e+00 -5.104947856763439873e-01 1.921326086316007820e-01 -1.009767353451765937e+00 1.753482005716875403e-01 -6.190050562007580748e-01 -4.163236949332411174e-01 -4.717470664885914933e-01 -5.138237494906695568e-01 -8.856957415674023837e-01 -8.243228240374987914e-01 -1.212488372951352922e+00 -8.953742590916223820e-01 -1.704451363334368086e+00 -6.648157859184539165e-01 1.422950673497529184e-02 -4.248845452686349500e-01 5.131691534519916553e-01 -6.315027714783311152e-01 -1.384225112754436049e+00 -1.832776905090414576e+00 -1.653437730680159756e+00 -9.564376817967430444e-01 4.963365075510384195e-02 -3.850765560803872667e-01 -1.529014427841622448e+00 -1.275178608863336782e+00 -1.197203214553496320e+00 -1.355346559998282796e+00 8.119643982794816361e-02 -9.453994919504162819e-01 -4.041795339006274967e-01 -1.745015424079912725e+00 -1.712089211728756721e-01 -2.996863828245244776e-01 2.661485226254538539e-01 -5.590380453152631324e-01 -9.833430234331280717e-02 -2.747706857699782484e-02 -5.139483041475263470e-01 -7.296149855583714539e-01 -1.574205787781131349e-01 -1.100118592959290487e+00 1.877449765384391900e-01 -1.017413791261072786e+00 -1.436024247221275418e+00 -8.332557601759637000e-01 -9.672772176964148372e-01 -6.148439804438747824e-01 -1.824885148613184072e+00 -6.043403470921712151e-01 -2.384203045326681591e-01 -8.978520403316821996e-01 -1.317864407906207402e-01 -1.520490029477917338e+00 -1.026795480965725815e+00 -9.814829215275440166e-01 -3.379185140985501712e-01 -1.090587199418314057e+00 1.276272616178697472e-02 -7.809383601292773092e-01 -1.420041562508530752e+00 -5.655880977389574626e-01 -9.615505962887455071e-01 -1.909828678100622845e+00 -7.676865438642941353e-01 -5.521660001896955272e-01 -1.367109855742192348e+00 -8.071226942527511827e-01 -6.940175170275300065e-01 -7.530096037780729112e-01 9.832800413831788156e-02 -1.255173513713389255e+00 -3.220851679355452024e-02 -9.492601865171592657e-01 -1.060825586016427957e+00 -7.254859762752310370e-01 -4.205576998637578501e-01 -5.376712606578175624e-01 -1.322648684440450362e+00 -4.878515676921327815e-01 -6.601091443719485363e-02 -1.213503572905564765e+00 -7.610784313536926859e-01 -8.251388232032667025e-01 3.300744075249714138e-01
-2.140586521138922727e-01 -8.905363688609035933e-01 -3.783636405848498363e-01 2.433648566475867803e-01 -8.469529167541383075e-01 1.921326086316007820e-01 -6.648157859184539165e-01 -1.275178608863336782e+00 -2.747706857699782484e-02 -6.043403470921712151e-01 -5.655880977389574626e-01 -9.492601865171592657e-01 -5.087168906389778478e-01 -8.617816601075091176e-01 3.072893089356018015e-01 1.287526495900879198e-01 -7.923510355829643803e-01 -1.009767353451765937e+00 1.422950673497529184e-02 -1.197203214553496320e+00 -5.139483041475263470e-01 -2.384203045326681591e-01 -9.615505962887455071e-01 -1.060825586016427957e+00 -9.079238902043319515e-01 -3.710664274851107058e-01 4.440087431024646314e-01 5.166179679356641685e-01 -1.230760400457849402e+00 1.753482005716875403e-01 -4.248845452686349500e-01 -1.355346559998282796e+00 -7.296149855583714539e-01 -8.978520403316821996e-01 -1.909828678100622845e+00 -7.254859762752310370e-01 -2.046552327001934513e-01 -9.876159964382651424e-01 2.505137769838689521e-01 -3.816008594232834228e-01 -5.397895743777665345e-01 -6.190050562007580748e-01 5.131691534519916553e-01 8.119643982794816361e-02 -1.574205787781131349e-01 -1.317864407906207402e-01 -7.676865438642941353e-01 -4.205576998637578501e-01 2.015521394215825379e-01 -1.045874709190270702e+00 -1.375091848064186939e+00 -8.198853672111217072e-01 -1.614115081431046317e+00 -4.163236949332411174e-01 -6.315027714783311152e-01 -9.453994919504162819e-01 -1.100118592959290487e+00 -1.520490029477917338e+00 -5.521660001896955272e-01 -5.376712606578175624e-01 -1.095339679178706671e+00 -1.177747911298155703e+00 -3.873698236796028205e-01 4.649359377622699213e-02 -4.248734470140137776e-02 -4.717470664885914933e-01 -1.384225112754436049e+00 -4.041795339006274967e-01 1.877449765384391900e-01 -1.026795480965725815e+00 -1.367109855742192348e+00 -1.322648684440450362e+00 -1.131882923430700627e+00 -1.253709916947754466e-01 -1.064349903912449324e+00 -1.121626429202343900e+00 -9.061141872503433170e-01 -5.138237494906695568e-01 -1.832776905090414576e+00 -1.745015424079912725e+00 -1.017413791261072786e+00 -9.814829215275440166e-01 -8.071226942527511827e-01 -4.878515676921327815e-01 1.110827469478821161e-01 -9.912816352039670598e-01 -2.481604429825963187e+00 -1.993371668850360434e+00 -4.436633776976816601e-01 -8.856957415674023837e-01 -1.653437730680159756e+00 -1.712089211728756721e-01 -1.436024247221275418e+00 -3.379185140985501712e-01 -6.940175170275300065e-01 -6.601091443719485363e-02 -6.229390848203761877e-01 -1.203380648576646283e+00 -1.176790956601470040e+00 -6.457988837876065258e-01 3.659356426870960521e-02 -8.243228240374987914e-01 -9.564376817967430444e-01 -2.996863828245244776e-01 -8.332557601759637000e-01 -1.090587199418314057e+00 -7.530096037780729112e-01 -1.213503572905564765e+00 -1.017907964617911443e+00 -9.528130677048962660e-01 2.440316348379927280e-01 -1.167757962749556011e+00 -9.901714760578808061e-01 -1.212488372951352922e+00 4.963365075510384195e-02 2.661485226254538539e-01 -9.672772176964148372e-01 1.276272616178697472e-02 9.832800413831788156e-02 -7.610784313536926859e-01 -5.757360532214038651e-01 -3.057556582568378145e-01 -1.068860826693684318e+00 -1.705545698437382907e-01 -1.043991059276489608e+00 -8.953742590916223820e-01 -3.850765560803872667e-01 -5.590380453152631324e-01 -6.148439804438747824e-01 -7.809383601292773092e-01 -1.255173513713389255e+00 -8.251388232032667025e-01 2.493708778796119852e-01 -1.110900928340935012e+00 -2.509806262692068746e+00 -2.128243288775632180e+00 -5.104947856763439873e-01 -1.704451363334368086e+00 -1.529014427841622448e+00 -9.833430234331280717e-02 -1.824885148613184072e+00 -1.420041562508530752e+00 -3.220851679355452024e-02 3.300744075249714138e-01
6.637432667508198492e+00 2.511542414862556694e+00 1.105240647706838164e+00 4.490300553977494502e+00 3.183645387212895805e+00 4.959192054151912110e+00 4.142343331625398584e+00 2.385096893727277845e+00 6.332335437432221603e-01 2.405992520484156127e+00 5.001726480671162989e+00 3.192012761284417355e+00 2.511542414862557582e+00 1.330838468239981864e+01 8.429544620110188902e+00 1.301196252264781528e+00 7.177860129065693151e+00 1.121688083942777858e+00 6.531720583328137764e+00 6.071551152932885387e+00 8.846583261347248595e+00 6.217694667586280310e+00 2.267876387455685538e+00 6.316629391851293462e+00 1.105240647706839052e+00 8.429544620110188902e+00 1.394384182976395614e+01 2.168793503668972722e+00 6.617308850499185269e+00 7.895582559926950239e-02 8.588698850457431533e+00 4.495088892824917970e+00 9.133728637293806685e+00 5.705034339984754510e+00 1.533093910069705856e+00 6.874374446320670629e+00 4.490300553977494502e+00 1.301196252264781528e+00 2.168793503668970502e+00 1.708492205224008487e+01 3.343271314855400966e+00 1.384429959154077849e+01 3.713892989042999471e+00 1.052692947089228781e+00 2.229194240005476502e+00 5.890389726695669737e+00 8.295900927187057405e+00 2.046540370569230660e+00 3.183645387212895805e+00 7.177860129065691375e+00 6.617308850499184381e+00 3.343271314855402299e+00 1.096732954696437545e+01 2.858168335342528898e+00 4.002508874158462682e+00 6.236630777031825446e+00 7.387312931656512482e+00 4.311471210826263167e+00 1.954445897499934137e+00 5.868546841581405715e+00 4.959192054151911222e+00 1.121688083942776970e+00 7.895582559926772603e-02 1.384429959154077494e+01 2.858168335342527122e+00 1.904041607164761274e+01 2.450223127532000778e+00 3.753552040893091579e+00 2.032377368968316222e+00 7.787719597408447214e+00 8.948261378257090115e+00 3.153154338921341449e+00 4.142343331625398584e+00 6.531720583328137764e+00 8.588698850457431533e+00 3.713892989043001691e+00 4.002508874158461794e+00 2.450223127532001666e+00 1.226859538693107154e+01 4.829770277327041228e+00 5.891551142830113719e+00 4.647124859039932332e+00 5.405689642124658967e+00 6.804998903130510257e+00 2.385096893727278289e+00 6.071551152932884499e+00 4.495088892824917082e+00 1.052692947089227893e+00 6.236630777031826334e+00 3.753552040893092467e+00 4.829770277327039452e+00 1.247764812280621882e+01 7.076171305934060740e+00 6.814380899912446665e+00 4.374156423766896395e+00 5.299370878849909872e+00 6.332335437432230485e-01 8.846583261347248595e+00 9.133728637293804908e+00 2.229194240005476946e+00 7.387312931656512482e+00 2.032377368968318443e+00 5.891551142830111942e+00 7.076171305934060740e+00 1.351225620452462195e+01 5.535247470017660376e+00 7.207704691428871158e-01 6.933612419968143925e+00 2.405992520484156572e+00 6.217694667586281199e+00 5.705034339984755398e+00 5.890389726695667960e+00 4.311471210826264056e+00 7.787719597408445438e+00 4.647124859039933220e+00 6.814380899912447553e+00 5.535247470017662152e+00 1.276743168214077073e+01 5.824606291639023326e+00 3.640704874934541202e+00 5.001726480671162101e+00 2.267876387455684650e+00 1.533093910069704524e+00 8.295900927187055629e+00 1.954445897499933249e+00 8.948261378257088339e+00 5.405689642124658079e+00 4.374156423766896395e+00 7.207704691428862276e-01 5.824606291639023326e+00 1.748689938967940449e+01 1.750608426059778733e+00 3.192012761284417799e+00 6.316629391851289910e+00 6.874374446320670629e+00 2.046540370569231548e+00 5.868546841581405715e+00 3.153154338921341449e+00 6.804998903130511145e+00 5.299370878849910760e+00 6.933612419968143925e+00 3.640704874934541202e+00 1.750608426059780953e+00 1.041327832396727615e+01
-2.590540590902630225e+00 -3.143473265712942055e+00 -6.672373846946914044e-01 -3.897184022934338632e+00 -2.901918758765032802e+00 -6.331280396575870384e+00 -9.583858406269888386e-01 -6.603116036024622382e+00 -2.335953583657710109e+00 -7.826328965416335492e+00 3.061611864158249041e-01 -1.222249741917465604e+00 1.669783250302855210e-02 -2.643133889034426254e+00 -3.824576541973003341e+00 1.714183443244732541e-01 -3.161750604030154843e+00 -2.186086437180994491e+00 -2.474319544885300814e+00 -7.238743573120275165e+00 -5.039849561638233055e+00 -5.769786662642662378e+00 2.465622382805064738e+00 -3.183559942063485249e+00 -1.550469302895260526e+00 -6.514070703377909943e+00 -4.486911664771355390e+00 1.932887578668270434e+00 -5.226855888390889326e+00 3.360596183683316251e+00 -3.516085995380733298e+00 -5.353995003635431793e+00 -3.889293262443815458e+00 -2.262630176630596068e+00 3.120198952042375407e+00 -2.951911677524633681e+00 -2.182620038186606326e+00 -1.992289178276579253e+00 -1.500540683212786330e+00 -5.385047491696592026e+00 -4.283591321045384426e+00 -7.613584008408964543e+00 4.996089280797109677e-01 -8.454326393865075673e+00 -3.201670952575723206e+00 -8.811330279661905962e+00 -1.322245943652606837e+00 -9.643552954399758903e-01 -4.747881257729251736e+00 3.370325151865668722e+00 3.502606860777996101e+00 -1.364269914441924314e+01 -1.831631502844061066e+00 -1.344870014269414860e+01 1.549134842037134530e-01 -2.800153139684030013e+00 1.533946261222899121e+00 -2.918562545827107613e+00 -6.430530385315911701e+00 -1.308057843338766624e+00 -5.045851806339923584e+00 2.141666098472897684e+00 1.614561106090160569e+00 -1.037456961071431571e+01 -3.597938239615638967e+00 -1.142073530443477836e+01 -1.512894769035463050e+00 -4.683945196053190152e+00 1.979823918668742078e+00 -3.529433122051596428e+00 -4.625163096213315228e+00 -2.567788877021606186e+00 -2.951956250229726297e+00 2.828866854426585586e+00 1.544873662738586395e+00 -1.078959150988678317e+01 -1.919162846481222706e+00 -1.099791843566768890e+01 1.247194117259143642e+00 -3.111265975098564507e+00 1.277108604544277881e+00 -6.469349320223549249e+00 -6.448770158977271905e+00 1.351084135051583424e-02 2.284238921208987971e+00 -9.119765363169776151e+00 -1.034486845600561367e+01 8.473159905502575029e+00 -6.271916224388493610e+00 8.647693574343517042e+00 -4.485726729025103054e+00 -8.777633858347750007e+00 -1.110759067293863289e+01 -3.794561410610555185e+00 9.714750882590898584e+00 -7.267477154168647147e+00 -4.263879792165246485e+00 1.411729718449612203e-01 -1.804089345341951756e+00 -3.157011402692476043e+00 -1.016374649883776904e+00 -4.265256919477674380e+00 -4.697435092729010719e+00 -3.766931638390073722e+00 9.852915043768804004e-01 -2.468327559886734690e+00 -5.238513099693855146e+00 -3.060123481812369040e+00 -2.660755854934121700e+00 -1.288273076923089899e+00 1.598986572090816127e-01 -6.714137038021976700e+00 -2.612569155644949070e+00 -7.934491902951820386e+00 -1.330075035417423335e+00 -5.877537293883281500e+00 -1.807818534924162446e+00 -6.447656956005230811e+00 -2.781311418082777820e+00 -2.040564342220411831e+00 -1.791162128142838705e+00 -3.509108251019821267e+00 -2.823886795920632409e+00 9.232997647961082022e-01 -4.285888932490488301e+00 8.256815971220905492e-01 -2.432861786331838250e+00 -3.387041564202856403e+00 -3.965566126016023318e+00 1.771821193924678628e-01 2.642937942109977456e+00 -4.015228721865438999e+00 -1.920701914684249889e+00 -3.388780302458608062e+00 -2.462181848344732416e+00 -1.936191430862764240e-01 -3.907962843467299052e+00 3.282231598584894883e-01 -2.541153443382713206e+00 -4.827672719045011718e+00 -2.451204481852920836e+00 -4.668693549796815390e+00 -1.182967486967888338e+00 -1.335351749904163166e+00
-2.590540590902630225e+00 1.669783250302855210e-02 -1.550469302895260526e+00 -2.182620038186606326e+00 -4.747881257729251736e+00 -5.045851806339923584e+00 -2.951956250229726297e+00 2.284238921208987971e+00 -4.263879792165246485e+00 -2.660755854934121700e+00 -1.791162128142838705e+00 -1.920701914684249889e+00 -3.143473265712942055e+00 -2.643133889034426254e+00 -6.514070703377909943e+00 -1.992289178276579253e+00 3.370325151865668722e+00 2.141666098472897684e+00 2.828866854426585586e+00 -9.119765363169776151e+00 1.411729718449612203e-01 -1.288273076923089899e+00 -3.509108251019821267e+00 -3.388780302458608062e+00 -6.672373846946914044e-01 -3.824576541973003341e+00 -4.486911664771355390e+00 -1.500540683212786330e+00 3.502606860777996101e+00 1.614561106090160569e+00 1.544873662738586395e+00 -1.034486845600561367e+01 -1.804089345341951756e+00 1.598986572090816127e-01 -2.823886795920632409e+00 -2.462181848344732416e+00 -3.897184022934338632e+00 1.714183443244732541e-01 1.932887578668270434e+00 -5.385047491696592026e+00 -1.364269914441924314e+01 -1.037456961071431571e+01 -1.078959150988678317e+01 8.473159905502575029e+00 -3.157011402692476043e+00 -6.714137038021976700e+00 9.232997647961082022e-01 -1.936191430862764240e-01 -2.901918758765032802e+00 -3.161750604030154843e+00 -5.226855888390889326e+00 -4.283591321045384426e+00 -1.831631502844061066e+00 -3.597938239615638967e+00 -1.919162846481222706e+00 -6.271916224388493610e+00 -1.016374649883776904e+00 -2.612569155644949070e+00 -4.285888932490488301e+00 -3.907962843467299052e+00 -6.331280396575870384e+00 -2.186086437180994491e+00 3.360596183683316251e+00 -7.613584008408964543e+00 -1.344870014269414860e+01 -1.142073530443477836e+01 -1.099791843566768890e+01 8.647693574343517042e+00 -4.265256919477674380e+00 -7.934491902951820386e+00 8.256815971220905492e-01 3.282231598584894883e-01 -9.583858406269888386e-01 -2.474319544885300814e+00 -3.516085995380733298e+00 4.996089280797109677e-01 1.549134842037134530e-01 -1.512894769035463050e+00 1.247194117259143642e+00 -4.485726729025103054e+00 -4.697435092729010719e+00 -1.330075035417423335e+00 -2.432861786331838250e+00 -2.541153443382713206e+00 -6.603116036024622382e+00 -7.238743573120275165e+00 -5.353995003635431793e+00 -8.454326393865075673e+00 -2.800153139684030013e+00 -4.683945196053190152e+00 -3.111265975098564507e+00 -8.777633858347750007e+00 -3.766931638390073722e+00 -5.877537293883281500e+00 -3.387041564202856403e+00 -4.827672719045011718e+00 -2.335953583657710109e+00 -5.039849561638233055e+00 -3.889293262443815458e+00 -3.201670952575723206e+00 1.533946261222899121e+00 1.979823918668742078e+00 1.277108604544277881e+00 -1.110759067293863289e+01 9.852915043768804004e-01 -1.807818534924162446e+00 -3.965566126016023318e+00 -2.451204481852920836e+00 -7.826328965416335492e+00 -5.769786662642662378e+00 -2.262630176630596068e+00 -8.811330279661905962e+00 -2.918562545827107613e+00 -3.529433122051596428e+00 -6.469349320223549249e+00 -3.794561410610555185e+00 -2.468327559886734690e+00 -6.447656956005230811e+00 1.771821193924678628e-01 -4.668693549796815390e+00 3.061611864158249041e-01 2.465622382805064738e+00 3.120198952042375407e+00 -1.322245943652606837e+00 -6.430530385315911701e+00 -4.625163096213315228e+00 -6.448770158977271905e+00 9.714750882590898584e+00 -5.238513099693855146e+00 -2.781311418082777820e+00 2.642937942109977456e+00 -1.182967486967888338e+00 -1.222249741917465604e+00 -3.183559942063485249e+00 -2.951911677524633681e+00 -9.643552954399758903e-01 -1.308057843338766624e+00 -2.567788877021606186e+00 1.351084135051583424e-02 -7.267477154168647147e+00 -3.060123481812369040e+00 -2.040564342220411831e+00 -4.015228721865438999e+00 -1.335351749904163166e+00
3.023545771782113789e+01 1.939075544644605031e+01 1.534214503960043174e+01 2.803814360990486776e+01 2.013916850060973118e+01 2.252407005530017159e+01 1.938701833827161991e+01 1.912637093439645142e+01 1.679511806611291291e+01 2.676042820250922816e+01 1.074523201681222773e+01 1.575773641852490314e+01 1.939075544644605031e+01 2.410848658360210095e+01 1.578070940455974913e+01 2.343562589800457729e+01 1.375403457871089152e+01 1.826082431679493823e+01 1.510786477969795527e+01 2.266841943491862210e+01 1.575860017193630469e+01 1.936405825947615611e+01 1.155915984304070321e+01 1.694187986861270900e+01 1.534214503960043174e+01 1.578070940455974913e+01 2.071975053349330764e+01 1.756058731094474368e+01 1.010837704044575069e+01 1.385605199881861260e+01 9.630642984250110672e+00 2.181261674405115158e+01 1.358802731243964068e+01 1.463281216098408422e+01 1.203953040132290120e+01 1.531402189934872027e+01 2.803814360990487131e+01 2.343562589800457729e+01 1.756058731094474368e+01 3.802451952847101069e+01 2.523085232379400011e+01 2.715461463055130054e+01 2.573054761810795910e+01 2.124143893963789864e+01 2.080055647761459880e+01 2.927335509380742806e+01 1.267768631183613159e+01 2.019261881658417224e+01 2.013916850060972763e+01 1.375403457871088264e+01 1.010837704044574359e+01 2.523085232379398590e+01 3.535367709943672310e+01 3.083185791892138994e+01 2.700116335841763870e+01 4.985437902724358494e+00 1.969268914573426343e+01 2.439858074497372087e+01 1.028893198250354146e+01 1.169861914006149739e+01 2.252407005530016804e+01 1.826082431679492757e+01 1.385605199881860905e+01 2.715461463055129698e+01 3.083185791892138994e+01 3.497352431687261287e+01 2.650680761579453915e+01 9.246351639374399412e+00 2.280393074964458933e+01 2.624660069365107162e+01 1.322269097222376821e+01 1.643423298028133317e+01 1.938701833827161636e+01 1.510786477969795172e+01 9.630642984250107119e+00 2.573054761810795910e+01 2.700116335841764226e+01 2.650680761579453204e+01 2.890745594528994644e+01 6.374546520256023641e+00 1.784857741265097530e+01 2.242123012744243482e+01 9.215299543556472628e+00 1.484294192855222327e+01 1.912637093439645142e+01 2.266841943491862210e+01 2.181261674405115869e+01 2.124143893963790219e+01 4.985437902724372705e+00 9.246351639374410070e+00 6.374546520256031634e+00 4.125885920313869804e+01 1.336385911947280292e+01 1.512236929477885106e+01 1.390896496067085941e+01 1.714078176972250844e+01 1.679511806611290936e+01 1.575860017193630291e+01 1.358802731243964068e+01 2.080055647761459880e+01 1.969268914573427054e+01 2.280393074964458933e+01 1.784857741265097530e+01 1.336385911947279936e+01 2.485352724136371450e+01 1.956047402906360233e+01 1.074749804463932712e+01 1.523696906218229685e+01 2.676042820250922460e+01 1.936405825947615256e+01 1.463281216098408244e+01 2.927335509380742451e+01 2.439858074497372797e+01 2.624660069365107518e+01 2.242123012744243837e+01 1.512236929477884928e+01 1.956047402906360233e+01 3.127476052171478926e+01 1.186400055181367996e+01 1.629527533862407296e+01 1.074523201681222595e+01 1.155915984304069966e+01 1.203953040132289765e+01 1.267768631183613337e+01 1.028893198250354502e+01 1.322269097222376999e+01 9.215299543556476181e+00 1.390896496067085586e+01 1.074749804463932890e+01 1.186400055181367996e+01 1.378725148168602566e+01 1.093140458885841504e+01 1.575773641852489959e+01 1.694187986861270900e+01 1.531402189934872027e+01 2.019261881658416513e+01 1.169861914006150094e+01 1.643423298028133672e+01 1.484294192855222505e+01 1.714078176972250489e+01 1.523696906218230041e+01 1.629527533862406585e+01 1.093140458885841504e+01 2.135102122603488084e+01
-4.932140121165874413e-01 -1.667882427794042721e+00 -7.215343802392027994e-01 -1.129371603392935741e+00 -5.469761122463732139e-01 -1.651784930977431065e+00 -1.626661793742331108e-01 -1.077119501834943760e+00 -1.144886449080411595e+00 3.052077344973347373e-02 -8.497673234157621103e-01 -1.358995587314483888e+00 1.953944912849744808e+00 -2.878858564556157962e+00 -3.671449481127189607e+00 5.691631767157485644e-01 -2.408934239981847192e+00 -7.628583721523839456e-01 -2.395758750348011556e+00 -3.219650863713807709e+00 -2.620476175840849020e+00 3.710541961517300535e+00 -4.653660199456632895e-01 -5.039045704838638784e+00 1.839772962777868726e+00 -4.745335573058181211e+00 -2.092665287666436225e+00 1.201903453722571014e+00 1.880114421723273754e-01 -2.114883417427845913e+00 -1.758701555419787566e+00 -2.075697985489472153e+00 -1.108657635539269437e+00 1.633021384394778064e+00 -1.325017800887594355e+00 -6.273567278577151463e+00 2.509177204869656563e+00 -3.160023337925182307e+00 -1.475802079984866344e+00 6.657130414052411238e-01 -1.770308704053590310e+00 -1.578999489056502670e+00 -3.904037151400303607e+00 -2.282303463995931203e+00 -1.881069660454969483e+00 4.475226430394728894e+00 -3.040707444490948319e+00 -5.468202245323312560e+00 2.713185220752205584e+00 -3.613494787882659764e+00 -3.210495191503553336e+00 5.926989096901585929e-01 -1.634297025301897799e+00 -2.031052546246046475e+00 -2.995916043027099906e+00 -3.021075356599221884e+00 -2.306339568684691699e+00 3.592328961705125057e+00 -1.193816456470621512e+00 -5.267322789842808106e+00 1.934239346642237400e+00 -2.567593421574674739e+00 -2.288042132550063279e+00 3.061459218108286695e-01 -7.526096342002006612e-01 -1.525345439686004001e+00 -2.161216394661202411e+00 -3.102637573606394361e-01 -1.790774463885014045e+00 2.535829232341341388e+00 -2.472304785617984724e+00 -2.404146467613162308e+00 4.505790751206430578e+00 -3.779361240455914928e+00 -3.650326602683367838e+00 -1.642289060489349639e+00 -7.775477957931510309e-01 -2.275211638728275254e+00 -2.707832071489292503e+00 -2.347670606851396169e+00 -3.546770108666351007e+00 3.468602072631080446e+00 -1.549799214001093883e+00 -6.787915405211974118e+00 -4.252502712529207529e-01 -2.761295005632893526e-02 -2.191374766898032345e+00 -2.129014455900332781e+00 -1.491712663180592147e+00 7.165683397827470325e-01 3.942618355833186206e-01 -1.274831346888279038e+00 -1.870346826692669273e+00 -9.482844349006653850e-01 1.041279633261660065e+00 2.894865550742608540e-01 2.150085566816619664e+00 -3.793144762028564543e+00 -2.697469729759517154e+00 1.943331504736113935e+00 -2.348694867925738450e+00 -3.164807923744186180e+00 -3.875205259421139026e+00 -2.423578535025312508e+00 -1.796670668181186592e+00 4.762772413384058545e+00 -3.124596909792863197e+00 -4.428418235401166747e+00 5.222692151475227806e-01 -3.623983886376990871e+00 -2.615713869383644141e+00 -1.188902731282066139e+00 -4.620009248514796996e-01 -7.355388424414429638e-01 2.262942494874009905e-02 -3.270311595529591386e+00 -1.574685292523776869e+00 1.192553257418802470e+00 6.972845062189606535e-01 -5.453777923798975635e+00 1.890744655696464438e+00 -1.402021837389547443e+00 -3.156618661539484894e+00 -8.322717942145220205e-01 -2.306697224529556056e+00 -1.659423888582226114e+00 -1.181190550630917935e+00 -8.803843195380129938e-01 -1.214717194429757452e+00 1.764661703025256267e+00 -1.082770100985644079e+00 -9.752942249073791592e-01 3.371607600564004770e+00 -3.515008986177023509e+00 -1.050796541015319274e+00 -9.935544934569426889e-01 -7.004034562442338352e-01 -2.631412200345485619e+00 -2.009385299415243686e+00 -2.896811877035270766e-01 -1.939456858041324061e+00 1.227768516187363712e+00 -2.265800492397101351e+00 -4.467186936326060120e+00
-4.932140121165874413e-01 1.953944912849744808e+00 1.839772962777868726e+00 2.509177204869656563e+00 2.713185220752205584e+00 1.934239346642237400e+00 4.505790751206430578e+00 -4.252502712529207529e-01 2.150085566816619664e+00 5.222692151475227806e-01 1.890744655696464438e+00 3.371607600564004770e+00 -1.667882427794042721e+00 -2.878858564556157962e+00 -4.745335573058181211e+00 -3.160023337925182307e+00 -3.613494787882659764e+00 -2.567593421574674739e+00 -3.779361240455914928e+00 -2.761295005632893526e-02 -3.793144762028564543e+00 -3.623983886376990871e+00 -1.402021837389547443e+00 -3.515008986177023509e+00 -7.215343802392027994e-01 -3.671449481127189607e+00 -2.092665287666436225e+00 -1.475802079984866344e+00 -3.210495191503553336e+00 -2.288042132550063279e+00 -3.650326602683367838e+00 -2.191374766898032345e+00 -2.697469729759517154e+00 -2.615713869383644141e+00 -3.156618661539484894e+00 -1.050796541015319274e+00 -1.129371603392935741e+00 5.691631767157485644e-01 1.201903453722571014e+00 6.657130414052411238e-01 5.926989096901585929e-01 3.061459218108286695e-01 -1.642289060489349639e+00 -2.129014455900332781e+00 1.943331504736113935e+00 -1.188902731282066139e+00 -8.322717942145220205e-01 -9.935544934569426889e-01 -5.469761122463732139e-01 -2.408934239981847192e+00 1.880114421723273754e-01 -1.770308704053590310e+00 -1.634297025301897799e+00 -7.526096342002006612e-01 -7.775477957931510309e-01 -1.491712663180592147e+00 -2.348694867925738450e+00 -4.620009248514796996e-01 -2.306697224529556056e+00 -7.004034562442338352e-01 -1.651784930977431065e+00 -7.628583721523839456e-01 -2.114883417427845913e+00 -1.578999489056502670e+00 -2.031052546246046475e+00 -1.525345439686004001e+00 -2.275211638728275254e+00 7.165683397827470325e-01 -3.164807923744186180e+00 -7.355388424414429638e-01 -1.659423888582226114e+00 -2.631412200345485619e+00 -1.626661793742331108e-01 -2.395758750348011556e+00 -1.758701555419787566e+00 -3.904037151400303607e+00 -2.995916043027099906e+00 -2.161216394661202411e+00 -2.707832071489292503e+00 3.942618355833186206e-01 -3.875205259421139026e+00 2.262942494874009905e-02 -1.181190550630917935e+00 -2.009385299415243686e+00 -1.077119501834943760e+00 -3.219650863713807709e+00 -2.075697985489472153e+00 -2.282303463995931203e+00 -3.021075356599221884e+00 -3.102637573606394361e-01 -2.347670606851396169e+00 -1.274831346888279038e+00 -2.423578535025312508e+00 -3.270311595529591386e+00 -8.803843195380129938e-01 -2.896811877035270766e-01 -1.144886449080411595e+00 -2.620476175840849020e+00 -1.108657635539269437e+00 -1.881069660454969483e+00 -2.306339568684691699e+00 -1.790774463885014045e+00 -3.546770108666351007e+00 -1.870346826692669273e+00 -1.796670668181186592e+00 -1.574685292523776869e+00 -1.214717194429757452e+00 -1.939456858041324061e+00 3.052077344973347373e-02 3.710541961517300535e+00 1.633021384394778064e+00 4.475226430394728894e+00 3.592328961705125057e+00 2.535829232341341388e+00 3.468602072631080446e+00 -9.482844349006653850e-01 4.762772413384058545e+00 1.192553257418802470e+00 1.764661703025256267e+00 1.227768516187363712e+00 -8.497673234157621103e-01 -4.653660199456632895e-01 -1.325017800887594355e+00 -3.040707444490948319e+00 -1.193816456470621512e+00 -2.472304785617984724e+00 -1.549799214001093883e+00 1.041279633261660065e+00 -3.124596909792863197e+00 6.972845062189606535e-01 -1.082770100985644079e+00 -2.265800492397101351e+00 -1.358995587314483888e+00 -5.039045704838638784e+00 -6.273567278577151463e+00 -5.468202245323312560e+00 -5.267322789842808106e+00 -2.404146467613162308e+00 -6.787915405211974118e+00 2.894865550742608540e-01 -4.428418235401166747e+00 -5.453777923798975635e+00 -9.752942249073791592e-01 -4.467186936326060120e+00
8.526116829181624723e+00 5.493013492078357984e+00 5.948229734847774175e+00 5.474409792282719955e+00 6.208337067472235127e+00 4.390201279976033710e+00 7.613873454038841082e+00 5.008160302815762854e+00 6.757885759983166984e+00 7.067200458539716124e+00 5.522890434188484576e+00 6.722601545513702703e+00 5.493013492078358873e+00 1.664452886644258811e+01 1.008054105837436332e+01 1.175744811775692789e+01 1.354418268419199300e+01 7.559297141454425883e+00 1.391801168600744809e+01 5.196827242791147050e+00 1.272648178029864496e+01 1.063393712445037664e+01 7.696789262533792808e+00 7.983260062083577857e+00 5.948229734847775951e+00 1.008054105837436509e+01 1.512283317916094560e+01 1.020240166848197916e+01 1.189042336311725201e+01 6.324508414769151265e+00 1.265830801661032723e+01 2.372433575531072147e+00 1.170149501419057358e+01 1.120311214264912358e+01 4.934570027516582691e+00 9.842268408766001286e+00 5.474409792282719955e+00 1.175744811775692789e+01 1.020240166848197738e+01 1.703795887658251473e+01 1.276593723475727060e+01 8.257728234613624707e+00 1.336400625608547621e+01 2.599052189839689220e+00 1.412044374328157303e+01 8.712354465201023856e+00 6.593586658550886881e+00 9.468925269988494264e+00 6.208337067472238679e+00 1.354418268419199300e+01 1.189042336311725023e+01 1.276593723475727060e+01 1.567291937660318268e+01 8.231421049426664638e+00 1.496199264021755582e+01 4.371912659209383989e+00 1.396312391924123553e+01 1.109659942393622423e+01 7.721806406782618204e+00 1.016567704519942339e+01 4.390201279976035487e+00 7.559297141454424995e+00 6.324508414769150377e+00 8.257728234613624707e+00 8.231421049426664638e+00 9.070584642433846767e+00 9.213620149667239190e+00 2.694292984440326055e+00 9.605361038227036019e+00 5.444405177183540445e+00 5.766123425281587167e+00 6.286735230267789909e+00 7.613873454038843747e+00 1.391801168600744987e+01 1.265830801661032723e+01 1.336400625608547443e+01 1.496199264021755404e+01 9.213620149667239190e+00 2.084443607529734521e+01 5.932107609643739288e+00 1.353284460581866711e+01 1.292588100613232527e+01 8.645051197254657538e+00 1.288134731299204994e+01 5.008160302815761966e+00 5.196827242791146162e+00 2.372433575531070815e+00 2.599052189839687887e+00 4.371912659209380436e+00 2.694292984440325611e+00 5.932107609643735735e+00 9.838209595090535942e+00 2.587086093069319581e+00 5.996274064144094140e+00 5.499763144312619367e+00 3.427194134659742986e+00 6.757885759983167873e+00 1.272648178029864496e+01 1.170149501419057358e+01 1.412044374328157303e+01 1.396312391924123553e+01 9.605361038227034243e+00 1.353284460581866888e+01 2.587086093069321802e+00 1.847583814728616147e+01 8.755909294188464642e+00 8.074683644276476002e+00 1.016771785296707264e+01 7.067200458539717012e+00 1.063393712445037842e+01 1.120311214264912358e+01 8.712354465201025633e+00 1.109659942393622600e+01 5.444405177183540445e+00 1.292588100613232527e+01 5.996274064144094140e+00 8.755909294188462866e+00 1.565915200473630975e+01 5.772722171253583667e+00 8.255003266071103241e+00 5.522890434188484576e+00 7.696789262533792808e+00 4.934570027516581803e+00 6.593586658550885993e+00 7.721806406782616428e+00 5.766123425281587167e+00 8.645051197254657538e+00 5.499763144312621144e+00 8.074683644276474226e+00 5.772722171253583667e+00 9.784085110889954251e+00 5.994163071795716391e+00 6.722601545513702703e+00 7.983260062083577857e+00 9.842268408766001286e+00 9.468925269988494264e+00 1.016567704519942339e+01 6.286735230267787244e+00 1.288134731299204994e+01 3.427194134659744318e+00 1.016771785296707087e+01 8.255003266071105017e+00 5.994163071795716391e+00 1.340646228777847959e+01
-9.954190844440371500e-01 -7.538303073000711674e-01 1.685173060567659031e-01 -1.310819026131952780e+00 -6.431046533551564304e-01 -1.478607254616621125e+00 -8.938847016490801822e-01 3.377427201547170826e-02 -1.396941397117388073e+00 -9.740412544540872908e-01 -2.019265232392923048e-01 -5.225433162580963575e-01 -2.917650959713466996e-01 -9.912477024628844058e-01 1.811765761193898927e-01 -5.322747745831749588e-01 -4.082271974468575926e-01 -2.172194043108808259e+00 -1.558431326879054613e+00 -6.903706007760952446e-01 -1.592052082145186453e+00 -9.047020083494908826e-01 -2.168124649503788415e-01 3.622203876319469718e-01 -5.084780261973617099e-01 -9.501104850895563114e-01 -7.471214615614137911e-01 4.010400547797909887e-02 -7.175901411510351990e-02 -1.108548138986596987e+00 -5.547982544178310382e-01 -3.669670879004960917e-01 -1.508679037331603467e+00 -1.678541053308252318e-01 -2.786973864220215202e-01 -6.721756793239822558e-01 -4.667362361807199100e-01 -1.418612849273879206e+00 -2.294584120428857232e-01 -2.570729371436474286e-01 -1.234168964184628514e+00 -9.304399989154181760e-01 -1.203208293819211905e+00 -1.084408608769160232e+00 -1.424957326196063301e+00 1.288951952546575630e-01 -4.902061009635312328e-01 3.738441375885304119e-01 -4.478902460926761364e-01 -1.048612263791676852e-02 -5.184064563271105486e-02 -9.421590003796693757e-01 -7.271354357151239844e-02 -2.298565553793582072e+00 -1.058185999731384053e+00 -3.776980122054516414e-02 -9.770217870830890661e-01 -1.578519231382179866e+00 -9.984490193215568299e-01 7.109209935734349672e-01 -9.908886313348699293e-01 -1.499817143431123823e+00 3.727558456790884267e-01 -2.079213327440739612e+00 -4.110597657088458506e-02 -1.085005507432492244e+00 -1.859650908719393536e+00 -7.857755966098446399e-01 -2.502928402841200772e-01 -3.818545787106313316e-01 -1.101804193575152802e+00 8.923855699002436470e-01 -8.424136157124609836e-01 -1.455853308079357422e+00 1.768504971467478870e-01 -1.926210896819392504e+00 -8.887005647652586326e-02 -1.654347772953984608e+00 -1.932652043982616474e+00 -5.434327293411989057e-01 -1.086720563067474776e+00 -1.357804228459725260e-01 -1.967311399477717160e+00 9.965013677591760821e-01 -4.815397237457861301e-01 -8.687553999955398565e-01 -8.281767764156783285e-01 -4.692472432726420006e-01 -9.227816516753748477e-01 -1.085234853919329501e+00 -6.216324667069639265e-01 -1.073313029909868321e+00 -1.138605575868156139e+00 -6.008895846926012307e-01 -9.216129051124534177e-01 1.765515061628333549e-01 -2.017027114422239586e-01 -2.023243495467896391e+00 -8.069096867770735315e-01 -1.131260270504733434e+00 -5.578435804292395384e-01 -1.877252353668205753e+00 -9.585802212520957988e-02 -1.342667686617331213e-01 -1.365693598422500266e+00 -9.487266996608225700e-01 -1.694092630280498391e+00 9.435200800029389656e-01 -8.538268608215638933e-01 -1.430655697012253480e+00 4.278383986237737635e-01 -1.286450644971430524e-01 -3.530707718048718413e-01 -1.053778801188701486e+00 -1.837206654088308966e+00 -3.259158354014566883e-01 -1.093570542770305076e+00 -8.843231143429589602e-01 -2.482737679600018899e-01 -5.116175438106049800e-01 -6.982894195255213710e-01 -2.023179674103919190e+00 -3.824894619683569252e-01 2.063554509565085349e-01 -3.008912292166558422e-01 -1.736600269661590312e+00 -1.251454494104508486e+00 2.728755077869337575e-01 -1.151786053516511865e+00 -9.352617032376870920e-01 -1.426209060413095475e+00 2.654948134024870399e-01 -8.017085425183431147e-01 -1.445778701733802629e+00 -8.995242315074178929e-01 -1.694153787720670268e-01 -7.287369310346599738e-01 -1.489407766322839555e+00 -1.712949855859742021e+00 5.066532850151349299e-02 -1.499036129721208477e+00 -4.946480929680235339e-01 -3.474468663705394533e-01 -4.104443287979668287e-01
-9.954190844440371500e-01 -2.917650959713466996e-01 -5.084780261973617099e-01 -4.667362361807199100e-01 -4.478902460926761364e-01 -9.908886313348699293e-01 -8.424136157124609836e-01 -4.815397237457861301e-01 -2.017027114422239586e-01 -8.538268608215638933e-01 -6.982894195255213710e-01 -8.017085425183431147e-01 -7.538303073000711674e-01 -9.912477024628844058e-01 -9.501104850895563114e-01 -1.418612849273879206e+00 -1.048612263791676852e-02 -1.499817143431123823e+00 -1.455853308079357422e+00 -8.687553999955398565e-01 -2.023243495467896391e+00 -1.430655697012253480e+00 -2.023179674103919190e+00 -1.445778701733802629e+00 1.685173060567659031e-01 1.811765761193898927e-01 -7.471214615614137911e-01 -2.294584120428857232e-01 -5.184064563271105486e-02 3.727558456790884267e-01 1.768504971467478870e-01 -8.281767764156783285e-01 -8.069096867770735315e-01 4.278383986237737635e-01 -3.824894619683569252e-01 -8.995242315074178929e-01 -1.310819026131952780e+00 -5.322747745831749588e-01 4.010400547797909887e-02 -2.570729371436474286e-01 -9.421590003796693757e-01 -2.079213327440739612e+00 -1.926210896819392504e+00 -4.692472432726420006e-01 -1.131260270504733434e+00 -1.286450644971430524e-01 2.063554509565085349e-01 -1.694153787720670268e-01 -6.431046533551564304e-01 -4.082271974468575926e-01 -7.175901411510351990e-02 -1.234168964184628514e+00 -7.271354357151239844e-02 -4.110597657088458506e-02 -8.887005647652586326e-02 -9.227816516753748477e-01 -5.578435804292395384e-01 -3.530707718048718413e-01 -3.008912292166558422e-01 -7.287369310346599738e-01 -1.478607254616621125e+00 -2.172194043108808259e+00 -1.108548138986596987e+00 -9.304399989154181760e-01 -2.298565553793582072e+00 -1.085005507432492244e+00 -1.654347772953984608e+00 -1.085234853919329501e+00 -1.877252353668205753e+00 -1.053778801188701486e+00 -1.736600269661590312e+00 -1.489407766322839555e+00 -8.938847016490801822e-01 -1.558431326879054613e+00 -5.547982544178310382e-01 -1.203208293819211905e+00 -1.058185999731384053e+00 -1.859650908719393536e+00 -1.932652043982616474e+00 -6.216324667069639265e-01 -9.585802212520957988e-02 -1.837206654088308966e+00 -1.251454494104508486e+00 -1.712949855859742021e+00 3.377427201547170826e-02 -6.903706007760952446e-01 -3.669670879004960917e-01 -1.084408608769160232e+00 -3.776980122054516414e-02 -7.857755966098446399e-01 -5.434327293411989057e-01 -1.073313029909868321e+00 -1.342667686617331213e-01 -3.259158354014566883e-01 2.728755077869337575e-01 5.066532850151349299e-02 -1.396941397117388073e+00 -1.592052082145186453e+00 -1.508679037331603467e+00 -1.424957326196063301e+00 -9.770217870830890661e-01 -2.502928402841200772e-01 -1.086720563067474776e+00 -1.138605575868156139e+00 -1.365693598422500266e+00 -1.093570542770305076e+00 -1.151786053516511865e+00 -1.499036129721208477e+00 -9.740412544540872908e-01 -9.047020083494908826e-01 -1.678541053308252318e-01 1.288951952546575630e-01 -1.578519231382179866e+00 -3.818545787106313316e-01 -1.357804228459725260e-01 -6.008895846926012307e-01 -9.487266996608225700e-01 -8.843231143429589602e-01 -9.352617032376870920e-01 -4.946480929680235339e-01 -2.019265232392923048e-01 -2.168124649503788415e-01 -2.786973864220215202e-01 -4.902061009635312328e-01 -9.984490193215568299e-01 -1.101804193575152802e+00 -1.967311399477717160e+00 -9.216129051124534177e-01 -1.694092630280498391e+00 -2.482737679600018899e-01 -1.426209060413095475e+00 -3.474468663705394533e-01 -5.225433162580963575e-01 3.622203876319469718e-01 -6.721756793239822558e-01 3.738441375885304119e-01 7.109209935734349672e-01 8.923855699002436470e-01 9.965013677591760821e-01 1.765515061628333549e-01 9.435200800029389656e-01 -5.116175438106049800e-01 2.654948134024870399e-01 -4.104443287979668287e-01
1.632557075890951737e+01 1.016426737870225949e+01 1.112053890462292927e+01 -8.592358163616609090e+00 4.745140579598451147e+00 -3.121835683843262821e+00 -3.096431294290510117e+00 1.175249453412221001e+01 4.993895795738283461e+00 1.256452458471247979e+01 1.588936567852478454e+01 3.338057203067237744e+00 1.016426737870225949e+01 1.494549979767687908e+01 1.540593593505473535e+01 -5.544016469814986081e+00 8.072765938920037243e+00 -1.630835024180449011e+00 -5.427746900642392625e+00 1.352910899378540677e+01 6.123406139702574968e+00 1.587337102260386601e+01 1.284675502767889910e+01 5.518976979050978393e+00 1.112053890462293460e+01 1.540593593505474068e+01 2.785019718864993621e+01 -1.257084370206007407e+01 4.789942372042991892e+00 -9.279309290660970433e+00 -1.624708399007059256e+01 1.631746365599062543e+01 4.601429361805741358e+00 2.365532225997291960e+01 1.741594193138511315e+01 8.048497804927578159e+00 -8.592358163616610867e+00 -5.544016469814981640e+00 -1.257084370206006341e+01 3.430346298408093730e+01 -5.033374906198633703e+00 1.685325494609696761e+01 2.516123423742322274e+01 -1.511572423377407581e+01 3.045555530952736678e+00 -1.120699747528362877e+01 -7.485455019003688371e+00 1.566142919488473950e+01 4.745140579598451147e+00 8.072765938920037243e+00 4.789942372042992780e+00 -5.033374906198631926e+00 2.586633245605920806e+01 6.981723310029508411e+00 3.989417340129373546e+00 1.675924166183731856e+01 8.708170379274779549e+00 4.594028005542613258e+00 -3.006081395536371659e+00 -8.570221860692200266e+00 -3.121835683843263709e+00 -1.630835024180447235e+00 -9.279309290660965104e+00 1.685325494609696761e+01 6.981723310029508411e+00 1.838320765612030883e+01 2.012765116767348061e+01 -3.517482110344586577e+00 5.460663697830899110e+00 -7.394207623839730736e+00 -7.673631598198269010e+00 2.441584285764214268e+00 -3.096431294290513669e+00 -5.427746900642395289e+00 -1.624708399007058546e+01 2.516123423742322984e+01 3.989417340129374434e+00 2.012765116767348417e+01 3.219200684314171212e+01 -9.791167732986604477e+00 5.985376211962618598e+00 -1.395938560608168544e+01 -5.904395233641406726e+00 6.425513949022217730e+00 1.175249453412221001e+01 1.352910899378540854e+01 1.631746365599062187e+01 -1.511572423377407226e+01 1.675924166183731501e+01 -3.517482110344590129e+00 -9.791167732986608030e+00 2.537809333692775482e+01 7.539007350033632981e+00 1.629822340467167052e+01 9.344983577759046867e+00 -5.611759134356558931e+00 4.993895795738283461e+00 6.123406139702574968e+00 4.601429361805738694e+00 3.045555530952738454e+00 8.708170379274779549e+00 5.460663697830900887e+00 5.985376211962622151e+00 7.539007350033630317e+00 1.066058251525557843e+01 3.699573584538747184e+00 4.520474620825121193e+00 3.303058480113322481e+00 1.256452458471248157e+01 1.587337102260386601e+01 2.365532225997291249e+01 -1.120699747528363233e+01 4.594028005542611481e+00 -7.394207623839735177e+00 -1.395938560608168721e+01 1.629822340467167052e+01 3.699573584538748960e+00 2.598877896392009390e+01 1.918090529173943892e+01 8.494609928447564684e+00 1.588936567852478632e+01 1.284675502767889910e+01 1.741594193138510605e+01 -7.485455019003689259e+00 -3.006081395536369882e+00 -7.673631598198270787e+00 -5.904395233641405838e+00 9.344983577759045090e+00 4.520474620825122081e+00 1.918090529173943537e+01 2.958549481585105667e+01 1.297392142180191854e+01 3.338057203067239076e+00 5.518976979050981058e+00 8.048497804927581711e+00 1.566142919488473595e+01 -8.570221860692200266e+00 2.441584285764211160e+00 6.425513949022217730e+00 -5.611759134356558931e+00 3.303058480113320261e+00 8.494609928447566460e+00 1.297392142180192209e+01 2.496915967608411080e+01
-3.868573787700077649e+00 -4.863272141089752587e+00 -6.594767704331933267e+00 6.095085616911927850e+00 -2.975147594778942750e+00 3.752717280308204284e+00 5.662753460657209637e+00 -6.507218467971308762e+00 -6.486517735323420464e-01 -7.568763786388631232e+00 -5.181705529190390180e+00 1.905232928427151862e-01 -4.246656842788059549e+00 -7.531125879033635506e+00 -1.462828689185324116e+01 7.666240081041637566e+00 -9.940376109619377676e-01 6.523222269048112310e+00 1.272884489351103632e+01 -6.400260171878487725e+00 -5.741150778743442373e-01 -1.368816154273604369e+01 -7.551651922274917439e+00 -5.133379728974512446e+00 -8.767342243196686979e+00 -1.606129924649963669e+01 -3.067257730047432673e+01 2.127025364641887251e+01 -1.355406515471485385e+00 1.605440489322759845e+01 2.869796780585825147e+01 -1.701229606572397657e+01 -3.325377207686059933e-01 -2.819218328447486499e+01 -1.750835375673210592e+01 -5.844448452112104953e+00 1.521673224123405888e+00 -1.878387254547929208e+00 -3.906117118798495547e+00 -3.820539098002225575e+00 1.691792663845767430e+00 -5.050697933809485951e-01 1.571215910009017280e+00 7.974213338224660497e-01 -7.723043824305906302e-01 -3.107125730535070129e+00 -1.144579644056597623e+00 -5.198577297000516850e+00 -1.278734445849018364e+01 -1.339937436187524966e+01 -2.382729351642233340e+01 1.950303592243469808e+01 3.866960874625802180e+00 1.643958800966262146e+01 2.400847417453528365e+01 -1.451960979306084454e+01 -2.080060012079139042e-01 -2.442230384285584677e+01 -2.262662899305829356e+01 -6.545118609770373297e+00 -4.358864535032820342e+00 -2.511245106872044719e+00 -3.635564319364112063e+00 -6.184935166448026767e-01 5.739164048306772514e+00 2.307180026325225786e+00 2.246218183609470120e+00 1.274731208645555114e+00 8.734969747833369880e-01 -5.624332715256496584e+00 -9.165441135163611364e+00 -5.463783264305920540e+00 -1.972304256856122606e+01 -1.939701530453225331e+01 -3.426737510695392075e+01 3.523991131881110306e+01 -4.985804637993665800e+00 2.241747423696050490e+01 3.414106679496664754e+01 -2.607862532342722162e+01 -1.068983616927811520e+00 -3.367858440848335988e+01 -2.812969430658747427e+01 7.180731812783207602e-01 -6.465597284587389026e+00 -5.701019887805408359e+00 -1.256169316765335608e+01 5.089249668044198316e+00 8.863098697461714082e+00 8.724833917336244582e+00 1.041295754124024420e+01 -9.239557825764128651e-01 1.123560237718982169e+00 -1.169815879294657535e+01 -1.518821963753515192e+01 -9.304823953007536730e+00 -1.275928241392994522e+01 -1.536571319642000510e+01 -2.494055075664501331e+01 2.526530270989828963e+01 -4.700261952775025343e+00 1.529538811688514244e+01 2.514300946076849641e+01 -1.974738323879319424e+01 -1.660605852347248002e+00 -2.422897072578432187e+01 -1.848057508769806390e+01 3.019066290610394887e-01 -1.442734579985342869e+01 -1.422575531503184720e+01 -2.821449520515303533e+01 1.718913548172835348e+01 1.595973086091783699e+01 2.021369174205542052e+01 2.632065671914011062e+01 -6.242947724106678642e+00 2.016715390381955686e+00 -2.830502056981639214e+01 -3.246672319514276239e+01 -1.762775659461146205e+01 -7.407249637741615267e+00 -1.289895968602377785e+01 -2.178527878025341380e+01 1.776366726510298832e+01 -4.650801956213027388e+00 1.123241059440913148e+01 2.058361111177888603e+01 -1.496211713197839543e+01 -2.717172213631162236e+00 -1.877110981377302323e+01 -1.180338007689656088e+01 1.932164424356135335e-01 -1.446400624951475855e+01 -2.276784036908684072e+01 -3.899212181750953476e+01 3.702622949102561734e+01 -1.551093200606242917e+01 2.036811650873711343e+01 3.864397025380271344e+01 -3.353187345807527464e+01 -3.314223274735659253e+00 -3.597511173573345644e+01 -1.738783565064655434e+01 7.001091652292297240e+00
-3.868573787700077649e+00 -4.246656842788059549e+00 -8.767342243196686979e+00 1.521673224123405888e+00 -1.278734445849018364e+01 -4.358864535032820342e+00 -1.972304256856122606e+01 -6.465597284587389026e+00 -1.275928241392994522e+01 -1.442734579985342869e+01 -7.407249637741615267e+00 -1.446400624951475855e+01 -4.863272141089752587e+00 -7.531125879033635506e+00 -1.606129924649963669e+01 -1.878387254547929208e+00 -1.339937436187524966e+01 -2.511245106872044719e+00 -1.939701530453225331e+01 -5.701019887805408359e+00 -1.536571319642000510e+01 -1.422575531503184720e+01 -1.289895968602377785e+01 -2.276784036908684072e+01 -6.594767704331933267e+00 -1.462828689185324116e+01 -3.067257730047432673e+01 -3.906117118798495547e+00 -2.382729351642233340e+01 -3.635564319364112063e+00 -3.426737510695392075e+01 -1.256169316765335608e+01 -2.494055075664501331e+01 -2.821449520515303533e+01 -2.178527878025341380e+01 -3.899212181750953476e+01 6.095085616911927850e+00 7.666240081041637566e+00 2.127025364641887251e+01 -3.820539098002225575e+00 1.950303592243469808e+01 -6.184935166448026767e-01 3.523991131881110306e+01 5.089249668044198316e+00 2.526530270989828963e+01 1.718913548172835348e+01 1.776366726510298832e+01 3.702622949102561734e+01 -2.975147594778942750e+00 -9.940376109619377676e-01 -1.355406515471485385e+00 1.691792663845767430e+00 3.866960874625802180e+00 5.739164048306772514e+00 -4.985804637993665800e+00 8.863098697461714082e+00 -4.700261952775025343e+00 1.595973086091783699e+01 -4.650801956213027388e+00 -1.551093200606242917e+01 3.752717280308204284e+00 6.523222269048112310e+00 1.605440489322759845e+01 -5.050697933809485951e-01 1.643958800966262146e+01 2.307180026325225786e+00 2.241747423696050490e+01 8.724833917336244582e+00 1.529538811688514244e+01 2.021369174205542052e+01 1.123241059440913148e+01 2.036811650873711343e+01 5.662753460657209637e+00 1.272884489351103632e+01 2.869796780585825147e+01 1.571215910009017280e+00 2.400847417453528365e+01 2.246218183609470120e+00 3.414106679496664754e+01 1.041295754124024420e+01 2.514300946076849641e+01 2.632065671914011062e+01 2.058361111177888603e+01 3.864397025380271344e+01 -6.507218467971308762e+00 -6.400260171878487725e+00 -1.701229606572397657e+01 7.974213338224660497e-01 -1.451960979306084454e+01 1.274731208645555114e+00 -2.607862532342722162e+01 -9.239557825764128651e-01 -1.974738323879319424e+01 -6.242947724106678642e+00 -1.496211713197839543e+01 -3.353187345807527464e+01 -6.486517735323420464e-01 -5.741150778743442373e-01 -3.325377207686059933e-01 -7.723043824305906302e-01 -2.080060012079139042e-01 8.734969747833369880e-01 -1.068983616927811520e+00 1.123560237718982169e+00 -1.660605852347248002e+00 2.016715390381955686e+00 -2.717172213631162236e+00 -3.314223274735659253e+00 -7.568763786388631232e+00 -1.368816154273604369e+01 -2.819218328447486499e+01 -3.107125730535070129e+00 -2.442230384285584677e+01 -5.624332715256496584e+00 -3.367858440848335988e+01 -1.169815879294657535e+01 -2.422897072578432187e+01 -2.830502056981639214e+01 -1.877110981377302323e+01 -3.597511173573345644e+01 -5.181705529190390180e+00 -7.551651922274917439e+00 -1.750835375673210592e+01 -1.144579644056597623e+00 -2.262662899305829356e+01 -9.165441135163611364e+00 -2.812969430658747427e+01 -1.518821963753515192e+01 -1.848057508769806390e+01 -3.246672319514276239e+01 -1.180338007689656088e+01 -1.738783565064655434e+01 1.905232928427151862e-01 -5.133379728974512446e+00 -5.844448452112104953e+00 -5.198577297000516850e+00 -6.545118609770373297e+00 -5.463783264305920540e+00 7.180731812783207602e-01 -9.304823953007536730e+00 3.019066290610394887e-01 -1.762775659461146205e+01 1.932164424356135335e-01 7.001091652292297240e+00
2.282571895555328823e+01 1.103364600527888761e+01 1.308279852188911718e+01 1.030502204154112533e+01 1.335659649555907258e+01 9.390235304051358867e+00 1.451168575564064689e+01 1.137662473285086051e+01 1.511547517032303745e+01 1.128781360115968013e+01 3.690079028398661976e+00 1.473134449206828833e+01 1.103364600527888584e+01 2.353069663537900169e+01 2.048079438871281255e+01 9.074169809055321778e+00 2.291084090055094080e+01 4.211588800036082603e+00 2.639741664507751651e+01 1.387368569858915635e+01 1.883957810921592824e+01 2.224056719548952188e+01 1.790000978974516244e+01 2.895118732108212711e+01 1.308279852188913495e+01 2.048079438871281965e+01 5.673015612685259867e+01 9.467870233093556465e+00 3.296299058747921151e+01 1.089701076188374529e+01 5.086463360409391044e+01 1.721541095990711767e+01 4.120613643467087428e+01 4.891344633757964999e+01 3.035339199034554625e+01 5.391411970657798491e+01 1.030502204154112533e+01 9.074169809055327107e+00 9.467870233093551136e+00 1.655780897812994112e+01 1.092093280821726786e+01 4.822013455805720383e+00 8.682856295342702424e+00 8.251271760823136958e+00 6.752640227681879104e+00 8.424338594626821219e+00 2.217212106713032149e+00 7.916351807417635555e+00 1.335659649555906725e+01 2.291084090055091949e+01 3.296299058747919020e+01 1.092093280821726431e+01 4.613369731476151969e+01 7.859801837599964536e+00 4.934772103877723026e+01 2.135673146267089706e+01 3.345710348674695211e+01 4.473080262717269306e+01 2.768512092722653861e+01 4.364906718426858845e+01 9.390235304051341103e+00 4.211588800036078162e+00 1.089701076188372930e+01 4.822013455805707061e+00 7.859801837599968088e+00 3.428071008125706243e+01 6.703397868490257316e+00 1.294733986220632005e+01 1.064827986199988175e+01 1.657656208975098622e+01 8.109920758585992928e+00 1.232998189753927498e+01 1.451168575564064511e+01 2.639741664507750230e+01 5.086463360409389622e+01 8.682856295342704200e+00 4.934772103877725158e+01 6.703397868490258205e+00 8.205779754497702072e+01 2.456235338553554826e+01 4.900247813044261136e+01 4.908780591030048157e+01 3.384457397402557177e+01 7.387421519246707646e+01 1.137662473285085696e+01 1.387368569858915635e+01 1.721541095990710701e+01 8.251271760823131629e+00 2.135673146267089351e+01 1.294733986220632538e+01 2.456235338553555891e+01 2.225799636692293859e+01 1.583091492593239735e+01 2.490912881020009451e+01 9.844352232598653885e+00 1.890309974440146235e+01 1.511547517032303389e+01 1.883957810921591758e+01 4.120613643467085296e+01 6.752640227681869334e+00 3.345710348674695922e+01 1.064827986199987286e+01 4.900247813044261136e+01 1.583091492593239558e+01 3.984674718150259309e+01 3.956033515940819001e+01 2.787907541321756000e+01 5.014463408785145049e+01 1.128781360115967658e+01 2.224056719548950767e+01 4.891344633757962157e+01 8.424338594626814114e+00 4.473080262717270017e+01 1.657656208975099332e+01 4.908780591030046736e+01 2.490912881020008740e+01 3.956033515940821133e+01 7.573122386165609043e+01 3.176219037909959297e+01 3.577999193034207082e+01 3.690079028398661087e+00 1.790000978974516244e+01 3.035339199034553914e+01 2.217212106713031261e+00 2.768512092722654927e+01 8.109920758585982270e+00 3.384457397402559309e+01 9.844352232598648555e+00 2.787907541321757421e+01 3.176219037909960718e+01 3.690140247322220546e+01 4.408180407192040917e+01 1.473134449206829188e+01 2.895118732108212356e+01 5.391411970657797781e+01 7.916351807417636444e+00 4.364906718426860266e+01 1.232998189753927321e+01 7.387421519246709067e+01 1.890309974440145524e+01 5.014463408785146470e+01 3.577999193034208503e+01 4.408180407192039496e+01 9.621717412184779050e+01
-8.789648599911744853e+00 2.972004223236305087e+00 1.277334690720727250e+00 -7.659234885488277911e+00 2.099155911679162045e+00 -1.013425210071789451e+01 -5.443516087705227768e+00 -6.757725552954579662e+00 -1.231773836293762026e+00 1.127033331203480948e+01 1.151460792705429981e+01 -9.035871703933771926e+00 8.349793303555662627e-01 -7.605654151425304654e+00 1.016370169965076542e+01 -2.754155893408418265e+00 -5.346380056441829787e+00 5.010108450423803816e+00 -9.457256340982581833e+00 -6.617301726110346394e+00 3.823009485816100117e+00 1.150625432923580149e+01 1.241859158525691065e-01 -1.036344780645474728e+01 3.456077801800071736e+00 4.053336537836378650e-02 -2.018563798469862114e+00 -1.426569935457957961e+00 2.650271684397013328e+00 -2.395828682679824961e+00 -1.471582489278379757e+00 7.884657589014444357e-01 2.400386975573809423e-01 8.701346502688336315e-01 -4.240301431717723446e-01 -6.029772099497439086e+00 -7.445320333354415787e+00 -3.270341583889866954e-01 -3.844409696881582406e+00 -8.150879299880134710e+00 -3.166256535084879697e+00 7.240021486653199112e+00 -6.191632183436471593e+00 -2.392643436100222232e+00 -2.645597815207584524e+00 7.864216256360969659e-01 7.760701234963560680e+00 4.265719869048509416e+00 -1.312432410855072185e+01 -7.613803700278173325e-01 4.152454789628365894e+00 -1.057912959306059086e+01 -1.920962266193813273e+00 -4.075311814245029751e+00 -8.351552509919116574e+00 -1.011608488402971417e+01 -4.863501642363863287e-01 1.311821201256576863e+01 1.472856222740197474e+01 -6.843573583667069471e+00 3.652933918140639946e+00 6.624404493238248648e+00 -8.126718357799633807e+00 2.642439911880309023e+00 6.146567433192920760e+00 -1.033034306560060145e+01 1.255446377022642057e+00 3.275490528369062293e+00 -3.018784847874799837e+00 -4.619720893165977671e+00 -1.948643200171468415e+00 -2.447593986687289558e+00 -7.770755352313446274e+00 -1.576694675852504224e+00 -3.354385197177859546e+00 -2.196318885930686804e+00 9.908232063071159557e-01 2.825250144580160327e+00 -4.051706707455258183e+00 -3.371974819889694608e+00 -2.291340276154718136e+00 5.105069388885741244e-01 6.138437162860249430e+00 2.976115311868022584e+00 -3.685921739801095054e+00 1.223116506360816924e+00 6.773018575633513172e-02 8.245137970636333691e-01 9.685947070377849411e-01 -8.284126185843529555e+00 4.761698881139938777e+00 -1.993795610907258542e+00 -1.118731018728416071e+00 1.234357283808776629e+00 -4.579205428021805302e-01 1.201499100338644599e+00 -4.467796161658529108e+00 4.710353910356623430e+00 -6.214696809761347751e+00 3.549686477314415445e-01 7.814887698635546442e+00 -1.421008330484034055e+01 3.759614522972599904e+00 -1.203541691759343779e+00 -2.353460540727156936e+00 9.069436269157016284e-02 3.680721073699248613e+00 -2.805735914359168248e+00 -4.190757930950789856e+00 -2.699295606766770828e+00 6.595357061905190221e+00 -4.136901578569938565e+00 -1.610145520301704325e+00 -6.383191345640169878e+00 -1.002307240849328096e+00 -5.344519746631780421e+00 1.763663080309597841e+00 9.020756939973816557e+00 1.982074178219676686e+00 -6.939175890571611660e+00 2.432330305316734165e-01 -3.421496451941208328e-02 -1.972808737348618502e+00 -2.240586691480934256e+00 -1.139821854858631855e+00 3.965750417295467845e+00 -5.410688511210770990e+00 2.183228094736454697e-02 -1.463569357470949406e+00 -5.937540245580799070e-01 1.397805990408069743e+00 -8.338828007945102705e-01 1.792422839151349978e-01 -5.336395265969619217e+00 6.623984818516458262e+00 5.062792857955310533e-01 -5.127650656701960408e+00 2.255135702702895095e+00 -1.573015752515056542e+00 -2.825660242022774327e+00 2.391044192410295199e+00 3.185843142675864215e+00 -3.996287849949013982e+00 -1.928947409120667089e+00
-8.789648599911744853e+00 8.349793303555662627e-01 3.456077801800071736e+00 -7.445320333354415787e+00 -1.312432410855072185e+01 3.652933918140639946e+00 -7.770755352313446274e+00 -3.685921739801095054e+00 -4.467796161658529108e+00 -4.190757930950789856e+00 2.432330305316734165e-01 1.792422839151349978e-01 2.972004223236305087e+00 -7.605654151425304654e+00 4.053336537836378650e-02 -3.270341583889866954e-01 -7.613803700278173325e-01 6.624404493238248648e+00 -1.576694675852504224e+00 1.223116506360816924e+00 4.710353910356623430e+00 -2.699295606766770828e+00 -3.421496451941208328e-02 -5.336395265969619217e+00 1.277334690720727250e+00 1.016370169965076542e+01 -2.018563798469862114e+00 -3.844409696881582406e+00 4.152454789628365894e+00 -8.126718357799633807e+00 -3.354385197177859546e+00 6.773018575633513172e-02 -6.214696809761347751e+00 6.595357061905190221e+00 -1.972808737348618502e+00 6.623984818516458262e+00 -7.659234885488277911e+00 -2.754155893408418265e+00 -1.426569935457957961e+00 -8.150879299880134710e+00 -1.057912959306059086e+01 2.642439911880309023e+00 -2.196318885930686804e+00 8.245137970636333691e-01 3.549686477314415445e-01 -4.136901578569938565e+00 -2.240586691480934256e+00 5.062792857955310533e-01 2.099155911679162045e+00 -5.346380056441829787e+00 2.650271684397013328e+00 -3.166256535084879697e+00 -1.920962266193813273e+00 6.146567433192920760e+00 9.908232063071159557e-01 9.685947070377849411e-01 7.814887698635546442e+00 -1.610145520301704325e+00 -1.139821854858631855e+00 -5.127650656701960408e+00 -1.013425210071789451e+01 5.010108450423803816e+00 -2.395828682679824961e+00 7.240021486653199112e+00 -4.075311814245029751e+00 -1.033034306560060145e+01 2.825250144580160327e+00 -8.284126185843529555e+00 -1.421008330484034055e+01 -6.383191345640169878e+00 3.965750417295467845e+00 2.255135702702895095e+00 -5.443516087705227768e+00 -9.457256340982581833e+00 -1.471582489278379757e+00 -6.191632183436471593e+00 -8.351552509919116574e+00 1.255446377022642057e+00 -4.051706707455258183e+00 4.761698881139938777e+00 3.759614522972599904e+00 -1.002307240849328096e+00 -5.410688511210770990e+00 -1.573015752515056542e+00 -6.757725552954579662e+00 -6.617301726110346394e+00 7.884657589014444357e-01 -2.392643436100222232e+00 -1.011608488402971417e+01 3.275490528369062293e+00 -3.371974819889694608e+00 -1.993795610907258542e+00 -1.203541691759343779e+00 -5.344519746631780421e+00 2.183228094736454697e-02 -2.825660242022774327e+00 -1.231773836293762026e+00 3.823009485816100117e+00 2.400386975573809423e-01 -2.645597815207584524e+00 -4.863501642363863287e-01 -3.018784847874799837e+00 -2.291340276154718136e+00 -1.118731018728416071e+00 -2.353460540727156936e+00 1.763663080309597841e+00 -1.463569357470949406e+00 2.391044192410295199e+00 1.127033331203480948e+01 1.150625432923580149e+01 8.701346502688336315e-01 7.864216256360969659e-01 1.311821201256576863e+01 -4.619720893165977671e+00 5.105069388885741244e-01 1.234357283808776629e+00 9.069436269157016284e-02 9.020756939973816557e+00 -5.937540245580799070e-01 3.185843142675864215e+00 1.151460792705429981e+01 1.241859158525691065e-01 -4.240301431717723446e-01 7.760701234963560680e+00 1.472856222740197474e+01 -1.948643200171468415e+00 6.138437162860249430e+00 -4.579205428021805302e-01 3.680721073699248613e+00 1.982074178219676686e+00 1.397805990408069743e+00 -3.996287849949013982e+00 -9.035871703933771926e+00 -1.036344780645474728e+01 -6.029772099497439086e+00 4.265719869048509416e+00 -6.843573583667069471e+00 -2.447593986687289558e+00 2.976115311868022584e+00 1.201499100338644599e+00 -2.805735914359168248e+00 -6.939175890571611660e+00 -8.338828007945102705e-01 -1.928947409120667089e+00
3.534431030167245780e+01 1.369599271576437971e+01 6.719502938867159436e+00 1.118418454977293308e+01 3.273821679489029179e+01 7.205859481338483086e+00 1.033414468928580376e+01 5.435946150380813080e+00 1.442023892426115594e+01 1.679420400033099625e+01 6.663198779648933368e+00 3.845753354751115793e-01 1.369599271576437793e+01 3.283896041325289872e+01 6.755844833851730513e+00 3.525420997468239115e+00 1.968335217031077988e+01 -4.020668031640690643e+00 5.193177217232770815e+00 -1.663794949644945786e+00 -3.789876254964064550e+00 1.427258510486991128e+01 6.000866939361142016e+00 1.455704920981415640e+01 6.719502938867147002e+00 6.755844833851717190e+00 1.575388853115715193e+01 2.682473836977623982e+00 5.758788656657230831e+00 1.212636954372089804e+01 7.279777917136808219e-01 1.857617053058158163e+00 7.121622597052373216e+00 4.177425469747767295e+00 5.890675380796905891e+00 1.993214991594403074e-01 1.118418454977294729e+01 3.525420997468232898e+00 2.682473836977625314e+00 2.356912358761638870e+01 1.797861049957788282e+01 1.825433218201473418e+00 1.255459462124503922e+01 2.432512903336029542e+00 1.994381117219260258e+00 2.422074927143448075e+00 1.122688940233147648e+01 -3.709956423856635155e-01 3.273821679489029179e+01 1.968335217031077988e+01 5.758788656657245042e+00 1.797861049957786150e+01 4.541278715002995625e+01 8.063361928084837871e-01 1.202036443671902965e+01 5.385883678741215874e+00 9.262743958118280219e+00 1.678091518224300316e+01 8.735609108333649786e+00 5.643733161462209935e+00 7.205859481338472428e+00 -4.020668031640699525e+00 1.212636954372089804e+01 1.825433218201473862e+00 8.063361928084752384e-01 2.471067285058259699e+01 3.150443311506057942e+00 6.302075487028918843e+00 1.552008882557261238e+01 1.675919798600778110e+00 4.998929837993980385e+00 -2.836543922839587228e+00 1.033414468928581442e+01 5.193177217232772591e+00 7.279777917136849297e-01 1.255459462124503744e+01 1.202036443671904564e+01 3.150443311506061494e+00 1.580454705040336094e+01 2.138846507142428077e+00 5.846199070289530120e+00 2.998979740128079108e+00 6.872861704277605455e+00 1.167449188141741256e+00 5.435946150380810415e+00 -1.663794949644938903e+00 1.857617053058163492e+00 2.432512903336023768e+00 5.385883678741215874e+00 6.302075487028921508e+00 2.138846507142420528e+00 9.788784781145201563e+00 7.788985945868179606e+00 4.397842784781317071e+00 1.732709935474026741e+00 1.880116778707283665e+00 1.442023892426114529e+01 -3.789876254964069435e+00 7.121622597052374104e+00 1.994381117219246935e+00 9.262743958118262455e+00 1.552008882557261593e+01 5.846199070289516797e+00 7.788985945868177829e+00 2.165992744627913780e+01 7.178752960912108350e+00 2.692798656334097096e+00 -1.447135009825254004e+00 1.679420400033098915e+01 1.427258510486991128e+01 4.177425469747779729e+00 2.422074927143441414e+00 1.678091518224299961e+01 1.675919798600780997e+00 2.998979740128067561e+00 4.397842784781311742e+00 7.178752960912110126e+00 1.921634339384799262e+01 1.267493873820907391e+00 9.155125191589315037e+00 6.663198779648936032e+00 6.000866939361136687e+00 5.890675380796909444e+00 1.122688940233147825e+01 8.735609108333656891e+00 4.998929837993980385e+00 6.872861704277607231e+00 1.732709935474026519e+00 2.692798656334101537e+00 1.267493873820907835e+00 1.259030422899829382e+01 2.341979473626741637e+00 3.845753354751098030e-01 1.455704920981415817e+01 1.993214991594489671e-01 -3.709956423856570762e-01 5.643733161462214376e+00 -2.836543922839582343e+00 1.167449188141738814e+00 1.880116778707278336e+00 -1.447135009825251561e+00 9.155125191589320366e+00 2.341979473626746078e+00 1.619350974897279372e+01
1.092029159087082535e+00 1.922370951375829584e+00 -4.855691829569122930e+00 -4.714457599387333886e+00 -2.326004197827945319e+00 -2.179033172128778340e+00 -1.200686387289653378e+00 -3.473159188797064978e+00 6.184616395408988332e-01 2.242117424760790456e+00 -4.450242375825302688e+00 3.225267875984569876e+00 5.771088685178227262e-01 -1.468201868847536784e-01 -1.300096533276321908e+00 -2.458288954396120385e+00 -7.072623698270983361e-01 -1.321264336527207650e+00 -1.101638462526800089e+00 -1.925570158309061863e+00 -1.595444629189533448e+00 -3.546840196971857706e-01 -7.129517668219668147e-01 -6.354501001599526244e-01 2.554827088961110770e-01 2.354534027525240436e+00 -3.590042610815710855e+00 -3.971729980546538474e+00 5.949770769086283329e-01 -3.243412861797962510e+00 -1.389806045401222878e+00 -3.320415598652101341e+00 -8.199850178615157859e-01 -9.212403733570129205e-03 -2.578584112510329263e+00 2.496013698772243217e+00 1.444999345041700911e-01 -2.879218603807029431e-01 -8.403805764468776918e-01 -1.812158647456602489e+00 -1.315186400628225227e+00 1.152938870388393357e-02 -1.722026384307367430e-01 -1.075315319158393068e+00 -1.857550745265090786e-02 -2.796664108027608897e-01 -2.110819843432188314e+00 5.115518294282672684e-01 -2.004200542546435315e+00 1.766113591747723310e+00 -1.555730778557681715e+00 -4.824001193713482571e+00 2.169505294207222157e+00 -1.906591426878839757e+00 -3.405555555977195947e+00 -2.352769647247443086e+00 -1.429237671609995264e+00 4.503113104693035051e-03 -3.828385403550643051e+00 3.370563909838037553e+00 2.432057608107427715e-01 2.038114715322888681e+00 -4.395621321914112478e+00 -5.105374448926482955e+00 6.652838611868527874e-01 -3.746681058352193450e+00 -2.573686229835725037e+00 -2.421729012587282792e+00 -1.990693040033479910e-01 4.434750726405267685e-01 -3.924709803047607526e+00 3.903704028407101401e+00 -1.020928898313050448e+00 -1.863355682527865653e+00 -3.023109941045300619e+00 -1.734529886457121528e-01 -1.895064737753209938e+00 -2.160854350873732344e+00 -5.483001037571491043e-01 -4.281518046313013692e-01 -6.010245351868304109e-01 -1.034139005880030382e-02 -1.051509887548243594e+00 2.577776562733058441e-01 1.989768550215649467e+00 8.794098438560529196e-01 -3.089025816677319458e+00 -9.698614335461971381e-01 -2.147695641360320429e-01 -3.132518789322004338e+00 6.133976590948331253e-01 -2.072003706627517428e+00 -2.654816996715219979e+00 -1.318568203470547040e+00 -8.280242466403511248e-01 -1.691048315930011814e+00 -8.667888148208354737e-01 3.179993684692187461e+00 -9.886767600894524888e-02 -2.733747885403682965e+00 3.538404487538227894e+00 -2.152971357423994370e+00 -2.163600088534005206e+00 -3.030097453169779076e+00 -3.828580927342172480e+00 -4.064649924357750521e+00 -1.923350976672267176e+00 -5.979173155532877537e-01 -8.367982750251039270e-02 2.344788995454630598e+00 -2.666575700040880736e+00 -1.936879834676416445e+00 1.509816582280464337e+00 -2.005473205073142751e+00 -1.915149856809573725e+00 -2.481456047528682873e+00 -2.853751833400141713e+00 -2.238879148477261438e+00 -2.899856042929349176e+00 3.707393282422661862e-01 -9.441269444067037497e-01 -1.093666122769220594e+00 -3.049048066697757964e+00 -3.220520919892152278e+00 -1.315200445485062319e+00 -3.232369079069882023e+00 -1.985617028852534549e+00 -1.123960986382955385e+00 2.711644649478070490e-02 1.058570364674108699e+00 -6.066165994748029533e-01 2.982319146216876327e+00 1.499125852681273130e-01 1.711965572843431982e+00 -5.106730884659527625e+00 -2.372509135269392555e+00 1.255399085781571333e+00 -5.480977275041123420e+00 -1.643411153485591969e+00 -2.629498817896638752e+00 -8.686113926889249548e-01 -2.042783864153935536e+00 -1.132794742119493048e+00 2.215322714152462069e+00
1.092029159087082535e+00 5.771088685178227262e-01 2.554827088961110770e-01 1.444999345041700911e-01 -2.004200542546435315e+00 2.432057608107427715e-01 -1.020928898313050448e+00 1.989768550215649467e+00 -8.667888148208354737e-01 -8.367982750251039270e-02 -9.441269444067037497e-01 1.499125852681273130e-01 1.922370951375829584e+00 -1.468201868847536784e-01 2.354534027525240436e+00 -2.879218603807029431e-01 1.766113591747723310e+00 2.038114715322888681e+00 -1.863355682527865653e+00 8.794098438560529196e-01 3.179993684692187461e+00 2.344788995454630598e+00 -1.093666122769220594e+00 1.711965572843431982e+00 -4.855691829569122930e+00 -1.300096533276321908e+00 -3.590042610815710855e+00 -8.403805764468776918e-01 -1.555730778557681715e+00 -4.395621321914112478e+00 -3.023109941045300619e+00 -3.089025816677319458e+00 -9.886767600894524888e-02 -2.666575700040880736e+00 -3.049048066697757964e+00 -5.106730884659527625e+00 -4.714457599387333886e+00 -2.458288954396120385e+00 -3.971729980546538474e+00 -1.812158647456602489e+00 -4.824001193713482571e+00 -5.105374448926482955e+00 -1.734529886457121528e-01 -9.698614335461971381e-01 -2.733747885403682965e+00 -1.936879834676416445e+00 -3.220520919892152278e+00 -2.372509135269392555e+00 -2.326004197827945319e+00 -7.072623698270983361e-01 5.949770769086283329e-01 -1.315186400628225227e+00 2.169505294207222157e+00 6.652838611868527874e-01 -1.895064737753209938e+00 -2.147695641360320429e-01 3.538404487538227894e+00 1.509816582280464337e+00 -1.315200445485062319e+00 1.255399085781571333e+00 -2.179033172128778340e+00 -1.321264336527207650e+00 -3.243412861797962510e+00 1.152938870388393357e-02 -1.906591426878839757e+00 -3.746681058352193450e+00 -2.160854350873732344e+00 -3.132518789322004338e+00 -2.152971357423994370e+00 -2.005473205073142751e+00 -3.232369079069882023e+00 -5.480977275041123420e+00 -1.200686387289653378e+00 -1.101638462526800089e+00 -1.389806045401222878e+00 -1.722026384307367430e-01 -3.405555555977195947e+00 -2.573686229835725037e+00 -5.483001037571491043e-01 6.133976590948331253e-01 -2.163600088534005206e+00 -1.915149856809573725e+00 -1.985617028852534549e+00 -1.643411153485591969e+00 -3.473159188797064978e+00 -1.925570158309061863e+00 -3.320415598652101341e+00 -1.075315319158393068e+00 -2.352769647247443086e+00 -2.421729012587282792e+00 -4.281518046313013692e-01 -2.072003706627517428e+00 -3.030097453169779076e+00 -2.481456047528682873e+00 -1.123960986382955385e+00 -2.629498817896638752e+00 6.184616395408988332e-01 -1.595444629189533448e+00 -8.199850178615157859e-01 -1.857550745265090786e-02 -1.429237671609995264e+00 -1.990693040033479910e-01 -6.010245351868304109e-01 -2.654816996715219979e+00 -3.828580927342172480e+00 -2.853751833400141713e+00 2.711644649478070490e-02 -8.686113926889249548e-01 2.242117424760790456e+00 -3.546840196971857706e-01 -9.212403733570129205e-03 -2.796664108027608897e-01 4.503113104693035051e-03 4.434750726405267685e-01 -1.034139005880030382e-02 -1.318568203470547040e+00 -4.064649924357750521e+00 -2.238879148477261438e+00 1.058570364674108699e+00 -2.042783864153935536e+00 -4.450242375825302688e+00 -7.129517668219668147e-01 -2.578584112510329263e+00 -2.110819843432188314e+00 -3.828385403550643051e+00 -3.924709803047607526e+00 -1.051509887548243594e+00 -8.280242466403511248e-01 -1.923350976672267176e+00 -2.899856042929349176e+00 -6.066165994748029533e-01 -1.132794742119493048e+00 3.225267875984569876e+00 -6.354501001599526244e-01 2.496013698772243217e+00 5.115518294282672684e-01 3.370563909838037553e+00 3.903704028407101401e+00 2.577776562733058441e-01 -1.691048315930011814e+00 -5.979173155532877537e-01 3.707393282422661862e-01 2.982319146216876327e+00 2.215322714152462069e+00
1.710778867767156086e+01 6.637038733842294924e+00 1.040147755138664998e+01 5.294118037786513575e+00 9.665722171601620616e+00 1.309246308400147640e+01 7.536944502186190498e+00 6.241979270600524821e+00 6.805706733214281101e+00 9.619006801544076168e+00 8.145863394494050169e+00 1.093427870541426472e+01 6.637038733842294924e+00 9.132084653894420256e+00 6.137501484408471875e+00 3.915504308960633395e+00 6.780635645246476884e+00 6.368019415946833739e+00 6.287770129105711980e+00 6.680048377839113982e+00 7.798915421784534452e+00 6.993558055104657889e+00 6.305093879800815593e+00 6.736230020181407596e+00 1.040147755138665175e+01 6.137501484408473651e+00 1.175217746462259782e+01 3.874604339129328778e+00 1.007606806598149696e+01 1.113625446501658978e+01 5.641700809025903318e+00 6.533324590460692249e+00 9.758389120168548203e+00 9.486154353920994708e+00 7.754742005713540998e+00 1.034933996157795910e+01 5.294118037786515352e+00 3.915504308960633839e+00 3.874604339129328334e+00 6.836963511848159314e+00 4.163766783695328044e+00 4.938117465400169159e+00 4.807778549316154226e+00 3.615559092392507168e+00 4.239489443028864102e+00 4.781325218597870297e+00 3.504045013914548257e+00 4.491373989249053622e+00 9.665722171601618840e+00 6.780635645246476884e+00 1.007606806598149340e+01 4.163766783695327156e+00 1.581709773216991799e+01 1.259242564967826006e+01 6.215916700858210575e+00 5.471929596245635352e+00 1.255135183076476757e+01 1.033854470592260988e+01 8.383673674120950992e+00 9.984029053573642898e+00 1.309246308400147463e+01 6.368019415946831074e+00 1.113625446501658800e+01 4.938117465400166495e+00 1.259242564967825828e+01 1.656304287169611200e+01 6.847414215528845993e+00 6.576111349924151916e+00 1.049152801002037982e+01 1.072348412571659360e+01 8.930418475590807148e+00 1.222990723770735322e+01 7.536944502186191386e+00 6.287770129105712869e+00 5.641700809025903318e+00 4.807778549316155114e+00 6.215916700858211463e+00 6.847414215528847770e+00 1.216619836629455342e+01 6.592547271770762052e+00 5.723036387169222472e+00 7.815132527207939717e+00 7.301165183206444809e+00 7.765941245027025985e+00 6.241979270600524821e+00 6.680048377839113982e+00 6.533324590460690473e+00 3.615559092392507612e+00 5.471929596245635352e+00 6.576111349924154581e+00 6.592547271770762052e+00 1.153000910438497684e+01 8.319231857452324519e+00 8.051604724585732953e+00 4.682451517417863585e+00 8.483612158697454220e+00 6.805706733214282877e+00 7.798915421784536228e+00 9.758389120168546427e+00 4.239489443028864990e+00 1.255135183076476935e+01 1.049152801002038160e+01 5.723036387169222472e+00 8.319231857452324519e+00 1.878783155735418120e+01 1.220480971659272029e+01 5.965221975223245821e+00 1.025213655808051350e+01 9.619006801544076168e+00 6.993558055104658777e+00 9.486154353920994708e+00 4.781325218597871185e+00 1.033854470592261166e+01 1.072348412571659892e+01 7.815132527207940605e+00 8.051604724585734729e+00 1.220480971659272207e+01 1.505127635717425960e+01 6.388255526381708016e+00 1.100841520256322603e+01 8.145863394494050169e+00 6.305093879800813816e+00 7.754742005713539221e+00 3.504045013914548701e+00 8.383673674120956321e+00 8.930418475590807148e+00 7.301165183206445697e+00 4.682451517417863585e+00 5.965221975223244932e+00 6.388255526381707128e+00 1.161722194637038186e+01 7.882405527180779359e+00 1.093427870541426472e+01 6.736230020181410261e+00 1.034933996157796088e+01 4.491373989249054510e+00 9.984029053573642898e+00 1.222990723770735855e+01 7.765941245027027762e+00 8.483612158697454220e+00 1.025213655808051172e+01 1.100841520256322603e+01 7.882405527180781135e+00 1.600963180143132902e+01
-9.336880815662946809e-01 -1.652009199506200288e+00 -1.240071141561090773e+00 -2.286928501823399795e+00 -8.117431776595271931e-01 -2.199685401397400319e+00 -1.279937647870692308e+00 -2.020530078719816824e+00 -2.028226629528677272e+00 -1.250203649409694862e+00 -5.524475813766887011e-01 -1.102378961721509842e+00 -1.676295287023278568e+00 -1.484839117694282340e+00 -2.041476740133401524e+00 -2.646435549975239443e+00 -1.438071605777339501e+00 -1.162742459201529188e+00 -1.577389981941864416e+00 -1.340905800486415167e+00 -1.021907611264046611e+00 -1.325317454863449873e+00 -7.405287041087504907e-01 -1.933466651668166669e+00 -1.706282709757615645e+00 -1.530374549361704473e+00 -2.885762751839346052e+00 -3.335357495180363063e+00 -1.253682266659688960e+00 -1.453070585647900703e+00 -3.347268705878213790e+00 -7.867058613777248022e-01 -1.636257173227788853e+00 -3.550287386263999423e+00 -2.104768108906820867e+00 -1.919037782910577139e+00 -2.061084289641974987e+00 -2.422112640304666886e+00 -1.277788559729504669e+00 -2.357649396297147426e+00 -9.557247859810975577e-01 -1.022233682432617252e+00 -3.221001796492823033e+00 -1.115690444514307877e+00 -7.071125215165946498e-01 -2.746910973684230761e+00 -1.490821833484245573e+00 -2.197243375545135713e+00 -2.237373169646433624e+00 -1.190285464040975905e+00 -1.846707298604657099e+00 -2.247854815672128748e+00 -1.641436294446755040e-01 -1.040682786696260465e+00 -2.405405969246947162e+00 -3.963038052531002720e-01 -5.331334580751907470e-01 -3.072890662455715738e+00 -1.099321136300254853e+00 -1.580353652192219682e+00 -9.665719570546887907e-01 -2.716572320791105888e+00 -1.231446369605564861e+00 -3.594064787632881952e+00 -1.141999852455158226e+00 -9.138103244360602506e-01 -3.011894739066624638e+00 -8.868468044774876491e-01 -1.087392484231950895e+00 -1.894790128122007422e+00 -5.624187251805351506e-01 -2.546991008276028978e+00 -1.704367417250544081e+00 -2.218493592874797304e+00 -1.326932245292385959e+00 -1.427628327929206131e+00 -8.112903562628995813e-01 -2.276021748684020629e+00 -2.546267665836956073e+00 -1.062655657907312312e+00 -1.830972617741579711e+00 -3.033911925634707352e+00 -1.673426324010408583e+00 -1.774524067360640611e+00 -2.121341685195387683e+00 -7.964629984627920045e-01 -1.628545453105566532e+00 -1.039777376472049042e+00 -1.471857131876944891e+00 -1.340356208105766722e+00 -1.267086515530704505e+00 -2.050478643387902533e+00 -1.463986765617369734e+00 -1.282693369930509864e+00 -3.539882577890990367e-01 -1.822287441564856891e+00 -7.413438388657631606e-01 -8.525644163029062472e-01 -2.825961291699381928e+00 -3.235152445107925434e+00 -6.894757081022918621e-01 -1.794091180485099191e+00 -1.656401422948277524e+00 -1.114697899156005256e+00 -2.284650992866838592e+00 -3.082063490264088657e+00 -1.410936515685061732e+00 -1.382331251941749883e+00 -1.295870006764172633e+00 -1.961412663609163332e-01 -2.112327113442815207e+00 -5.954793849467058253e-01 -1.236532549769719491e+00 -2.122421305360089328e+00 -1.077059519130312060e+00 -1.140312599229281076e+00 -1.363282487915741026e+00 -6.801284097161057751e-01 -1.889582555579287504e-01 -8.953235883279817564e-01 -7.021285642580582520e-01 -2.508769189455885229e+00 -1.433710496705241200e+00 -3.700553052140990395e+00 -1.720762535937471860e+00 -1.061914953248579208e+00 -2.907688061012039249e+00 -2.183754410218508912e+00 -1.479432176372807106e+00 -2.453031905814786029e+00 -2.014164685608034855e+00 -2.865039136131211084e+00 -2.774370143862562976e+00 -1.919781143175928406e+00 -2.711173418013120173e+00 -2.652734582544897357e+00 -5.332241682568656937e-01 -2.350739943807671484e+00 -2.348664072256239077e+00 -8.041057556382380511e-01 -2.014391464670511667e+00 -2.538422778777602140e+00 -9.101862150821421471e-01 -2.115781362022692846e+00
-9.336880815662946809e-01 -1.676295287023278568e+00 -1.706282709757615645e+00 -2.061084289641974987e+00 -2.237373169646433624e+00 -9.665719570546887907e-01 -1.704367417250544081e+00 -2.121341685195387683e+00 -7.413438388657631606e-01 -1.295870006764172633e+00 -7.021285642580582520e-01 -2.774370143862562976e+00 -1.652009199506200288e+00 -1.484839117694282340e+00 -1.530374549361704473e+00 -2.422112640304666886e+00 -1.190285464040975905e+00 -2.716572320791105888e+00 -2.218493592874797304e+00 -7.964629984627920045e-01 -8.525644163029062472e-01 -1.961412663609163332e-01 -2.508769189455885229e+00 -1.919781143175928406e+00 -1.240071141561090773e+00 -2.041476740133401524e+00 -2.885762751839346052e+00 -1.277788559729504669e+00 -1.846707298604657099e+00 -1.231446369605564861e+00 -1.326932245292385959e+00 -1.628545453105566532e+00 -2.825961291699381928e+00 -2.112327113442815207e+00 -1.433710496705241200e+00 -2.711173418013120173e+00 -2.286928501823399795e+00 -2.646435549975239443e+00 -3.335357495180363063e+00 -2.357649396297147426e+00 -2.247854815672128748e+00 -3.594064787632881952e+00 -1.427628327929206131e+00 -1.039777376472049042e+00 -3.235152445107925434e+00 -5.954793849467058253e-01 -3.700553052140990395e+00 -2.652734582544897357e+00 -8.117431776595271931e-01 -1.438071605777339501e+00 -1.253682266659688960e+00 -9.557247859810975577e-01 -1.641436294446755040e-01 -1.141999852455158226e+00 -8.112903562628995813e-01 -1.471857131876944891e+00 -6.894757081022918621e-01 -1.236532549769719491e+00 -1.720762535937471860e+00 -5.332241682568656937e-01 -2.199685401397400319e+00 -1.162742459201529188e+00 -1.453070585647900703e+00 -1.022233682432617252e+00 -1.040682786696260465e+00 -9.138103244360602506e-01 -2.276021748684020629e+00 -1.340356208105766722e+00 -1.794091180485099191e+00 -2.122421305360089328e+00 -1.061914953248579208e+00 -2.350739943807671484e+00 -1.279937647870692308e+00 -1.577389981941864416e+00 -3.347268705878213790e+00 -3.221001796492823033e+00 -2.405405969246947162e+00 -3.011894739066624638e+00 -2.546267665836956073e+00 -1.267086515530704505e+00 -1.656401422948277524e+00 -1.077059519130312060e+00 -2.907688061012039249e+00 -2.348664072256239077e+00 -2.020530078719816824e+00 -1.340905800486415167e+00 -7.867058613777248022e-01 -1.115690444514307877e+00 -3.963038052531002720e-01 -8.868468044774876491e-01 -1.062655657907312312e+00 -2.050478643387902533e+00 -1.114697899156005256e+00 -1.140312599229281076e+00 -2.183754410218508912e+00 -8.041057556382380511e-01 -2.028226629528677272e+00 -1.021907611264046611e+00 -1.636257173227788853e+00 -7.071125215165946498e-01 -5.331334580751907470e-01 -1.087392484231950895e+00 -1.830972617741579711e+00 -1.463986765617369734e+00 -2.284650992866838592e+00 -1.363282487915741026e+00 -1.479432176372807106e+00 -2.014391464670511667e+00 -1.250203649409694862e+00 -1.325317454863449873e+00 -3.550287386263999423e+00 -2.746910973684230761e+00 -3.072890662455715738e+00 -1.894790128122007422e+00 -3.033911925634707352e+00 -1.282693369930509864e+00 -3.082063490264088657e+00 -6.801284097161057751e-01 -2.453031905814786029e+00 -2.538422778777602140e+00 -5.524475813766887011e-01 -7.405287041087504907e-01 -2.104768108906820867e+00 -1.490821833484245573e+00 -1.099321136300254853e+00 -5.624187251805351506e-01 -1.673426324010408583e+00 -3.539882577890990367e-01 -1.410936515685061732e+00 -1.889582555579287504e-01 -2.014164685608034855e+00 -9.101862150821421471e-01 -1.102378961721509842e+00 -1.933466651668166669e+00 -1.919037782910577139e+00 -2.197243375545135713e+00 -1.580353652192219682e+00 -2.546991008276028978e+00 -1.774524067360640611e+00 -1.822287441564856891e+00 -1.382331251941749883e+00 -8.953235883279817564e-01 -2.865039136131211084e+00 -2.115781362022692846e+00
1.821316338534180090e+01 1.378533225419724140e+01 1.366410378057199715e+01 1.667355086771085482e+01 9.315454059189461233e+00 8.866218391560044765e+00 1.116796110216395199e+01 1.059872109000295914e+01 1.419436167649931768e+01 1.082674112360264651e+01 1.618041914845138862e+01 1.639825196467226931e+01 1.378533225419724317e+01 1.867201413678123956e+01 1.543364016105297587e+01 1.691281141741890082e+01 1.341079747050170212e+01 1.219661225208264987e+01 1.168579701932315018e+01 1.036397587223028971e+01 1.235649140733290352e+01 1.085608462446899480e+01 1.785639110138297170e+01 1.546481250433359200e+01 1.366410378057199715e+01 1.543364016105297587e+01 2.342690677682281830e+01 1.963332858268956471e+01 1.547245125097420448e+01 1.304049029390552761e+01 1.364211054341342155e+01 1.035496761889363881e+01 1.604671048826041257e+01 7.348023397709011917e+00 2.032458357005679872e+01 1.783442800371494030e+01 1.667355086771085837e+01 1.691281141741890082e+01 1.963332858268956471e+01 2.504624652028124387e+01 1.537967618244992707e+01 1.295842254908837887e+01 1.362635267538465911e+01 1.088274966109151265e+01 1.524949975642486599e+01 9.906988347739865475e+00 2.138002554528187105e+01 1.939776606387732727e+01 9.315454059189461233e+00 1.341079747050170212e+01 1.547245125097420448e+01 1.537967618244992707e+01 1.619758194992313349e+01 1.196296871224929781e+01 1.181799158457242171e+01 7.393614993149706827e+00 1.064966252708381766e+01 7.600880468590213823e+00 1.539751988175400754e+01 1.360401929591676407e+01 8.866218391560044765e+00 1.219661225208264810e+01 1.304049029390552761e+01 1.295842254908838420e+01 1.196296871224929781e+01 1.553502526001355655e+01 1.185067739658020258e+01 7.348770088833979308e+00 1.023251322357578275e+01 7.829381973197191869e+00 1.537960242141030065e+01 1.236273203560733158e+01 1.116796110216395022e+01 1.168579701932315018e+01 1.364211054341342155e+01 1.362635267538465911e+01 1.181799158457241994e+01 1.185067739658020258e+01 1.685382091530866688e+01 9.917038177482906391e+00 1.225042067174576843e+01 9.730628719011061634e+00 1.490922869238088744e+01 1.474745479019968109e+01 1.059872109000296092e+01 1.036397587223028971e+01 1.035496761889364237e+01 1.088274966109151443e+01 7.393614993149705938e+00 7.348770088833979308e+00 9.917038177482904615e+00 1.240627746157204214e+01 1.012358872540330523e+01 9.854126134575279750e+00 1.155019043755859087e+01 1.174210850244653770e+01 1.419436167649931946e+01 1.235649140733290707e+01 1.604671048826041613e+01 1.524949975642486599e+01 1.064966252708381589e+01 1.023251322357578452e+01 1.225042067174576843e+01 1.012358872540330879e+01 1.836774928935066598e+01 1.012461887353444823e+01 1.609359082467630486e+01 1.727913159842930924e+01 1.082674112360264651e+01 1.085608462446899480e+01 7.348023397709011917e+00 9.906988347739863698e+00 7.600880468590215600e+00 7.829381973197193645e+00 9.730628719011061634e+00 9.854126134575279750e+00 1.012461887353444645e+01 1.571474276936315206e+01 1.000773573410261008e+01 1.209434235990974749e+01 1.618041914845138862e+01 1.785639110138296815e+01 2.032458357005679517e+01 2.138002554528187105e+01 1.539751988175400754e+01 1.537960242141029887e+01 1.490922869238088744e+01 1.155019043755858910e+01 1.609359082467630486e+01 1.000773573410260830e+01 2.515796503303457499e+01 1.781622209639988696e+01 1.639825196467226576e+01 1.546481250433359023e+01 1.783442800371493675e+01 1.939776606387732727e+01 1.360401929591676407e+01 1.236273203560733158e+01 1.474745479019968109e+01 1.174210850244653592e+01 1.727913159842930568e+01 1.209434235990974571e+01 1.781622209639988696e+01 2.222204963663001109e+01
0.000000000000000000e+00 0.000000000000000000e+00 0.000000000000000000e+00 0.000000000000000000e+00 0.000000000000000000e+00 0.000000000000000000e+00 0.000000000000000000e+00 0.000000000000000000e+00 0.000000000000000000e+00 0.000000000000000000e+00 0.000000000000000000e+00 0.000000000000000000e+00 0.000000000000000000e+00 0.000000000000000000e+00 0.000000000000000000e+00 0.000000000000000000e+00 0.000000000000000000e+00 0.000000000000000000e+00 0.000000000000000000e+00 0.000000000000000000e+00 0.000000000000000000e+00 0.000000000000000000e+00 0.000000000000000000e+00 0.000000000000000000e+00 0.000000000000000000e+00 0.000000000000000000e+00 0.000000000000000000e+00 0.000000000000000000e+00 0.000000000000000000e+00 0.000000000000000000e+00 0.000000000000000000e+00 0.000000000000000000e+00 0.000000000000000000e+00 0.000000000000000000e+00 0.000000000000000000e+00 0.000000000000000000e+00 0.000000000000000000e+00 0.000000000000000000e+00 0.000000000000000000e+00 0.000000000000000000e+00 0.000000000000000000e+00 0.000000000000000000e+00 0.000000000000000000e+00 0.000000000000000000e+00 0.000000000000000000e+00 0.000000000000000000e+00 0.000000000000000000e+00 0.000000000000000000e+00 0.000000000000000000e+00 0.000000000000000000e+00 0.000000000000000000e+00 0.000000000000000000e+00 0.000000000000000000e+00 0.000000000000000000e+00 0.000000000000000000e+00 0.000000000000000000e+00 0.000000000000000000e+00 0.000000000000000000e+00 0.000000000000000000e+00 0.000000000000000000e+00 0.000000000000000000e+00 0.000000000000000000e+00 0.000000000000000000e+00 0.000000000000000000e+00 0.000000000000000000e+00 0.000000000000000000e+00 0.000000000000000000e+00 0.000000000000000000e+00 0.000000000000000000e+00 0.000000000000000000e+00 0.000000000000000000e+00 0.000000000000000000e+00 0.000000000000000000e+00 0.000000000000000000e+00 0.000000000000000000e+00 0.000000000000000000e+00 0.000000000000000000e+00 0.000000000000000000e+00 0.000000000000000000e+00 0.000000000000000000e+00 0.000000000000000000e+00 0.000000000000000000e+00 0.000000000000000000e+00 0.000000000000000000e+00 0.000000000000000000e+00 0.000000000000000000e+00 0.000000000000000000e+00 0.000000000000000000e+00 0.000000000000000000e+00 0.000000000000000000e+00 0.000000000000000000e+00 0.000000000000000000e+00 0.000000000000000000e+00 0.000000000000000000e+00 0.000000000000000000e+00 0.000000000000000000e+00 0.000000000000000000e+00 0.000000000000000000e+00 0.000000000000000000e+00 0.000000000000000000e+00 0.000000000000000000e+00 0.000000000000000000e+00 0.000000000000000000e+00 0.000000000000000000e+00 0.000000000000000000e+00 0.000000000000000000e+00 0.000000000000000000e+00 0.000000000000000000e+00 0.000000000000000000e+00 0.000000000000000000e+00 0.000000000000000000e+00 0.000000000000000000e+00 0.000000000000000000e+00 0.000000000000000000e+00 0.000000000000000000e+00 0.000000000000000000e+00 0.000000000000000000e+00 0.000000000000000000e+00 0.000000000000000000e+00 0.000000000000000000e+00 0.000000000000000000e+00 0.000000000000000000e+00 0.000000000000000000e+00 0.000000000000000000e+00 0.000000000000000000e+00 0.000000000000000000e+00 0.000000000000000000e+00 0.000000000000000000e+00 0.000000000000000000e+00 0.000000000000000000e+00 0.000000000000000000e+00 0.000000000000000000e+00 0.000000000000000000e+00 0.000000000000000000e+00 0.000000000000000000e+00 0.000000000000000000e+00 0.000000000000000000e+00 0.000000000000000000e+00 0.000000000000000000e+00 0.000000000000000000e+00 0.000000000000000000e+00 0.000000000000000000e+00 0.000000000000000000e+00 0.000000000000000000e+00
