0.000000000000000000e+00 0.000000000000000000e+00 0.000000000000000000e+00 0.000000000000000000e+00 0.000000000000000000e+00 0.000000000000000000e+00 0.000000000000000000e+00 0.000000000000000000e+00 0.000000000000000000e+00 0.000000000000000000e+00 0.000000000000000000e+00 0.000000000000000000e+00 0.000000000000000000e+00 0.000000000000000000e+00 0.000000000000000000e+00 0.000000000000000000e+00 0.000000000000000000e+00 0.000000000000000000e+00 0.000000000000000000e+00 0.000000000000000000e+00 0.000000000000000000e+00 0.000000000000000000e+00 0.000000000000000000e+00 0.000000000000000000e+00 0.000000000000000000e+00 0.000000000000000000e+00 0.000000000000000000e+00 0.000000000000000000e+00 0.000000000000000000e+00 0.000000000000000000e+00 0.000000000000000000e+00 0.000000000000000000e+00 0.000000000000000000e+00 0.000000000000000000e+00 0.000000000000000000e+00 0.000000000000000000e+00 0.000000000000000000e+00 0.000000000000000000e+00 0.000000000000000000e+00 0.000000000000000000e+00 0.000000000000000000e+00 0.000000000000000000e+00 0.000000000000000000e+00 0.000000000000000000e+00 0.000000000000000000e+00 0.000000000000000000e+00 0.000000000000000000e+00 0.000000000000000000e+00 0.000000000000000000e+00 0.000000000000000000e+00 0.000000000000000000e+00 0.000000000000000000e+00 0.000000000000000000e+00 0.000000000000000000e+00 0.000000000000000000e+00 0.000000000000000000e+00 0.000000000000000000e+00 0.000000000000000000e+00 0.000000000000000000e+00 0.000000000000000000e+00 0.000000000000000000e+00 0.000000000000000000e+00 0.000000000000000000e+00 0.000000000000000000e+00 0.000000000000000000e+00 0.000000000000000000e+00 0.000000000000000000e+00 0.000000000000000000e+00 0.000000000000000000e+00 0.000000000000000000e+00 0.000000000000000000e+00 0.000000000000000000e+00 0.000000000000000000e+00 0.000000000000000000e+00 0.000000000000000000e+00 0.000000000000000000e+00 0.000000000000000000e+00 0.000000000000000000e+00 0.000000000000000000e+00 0.000000000000000000e+00 0.000000000000000000e+00 0.000000000000000000e+00 0.000000000000000000e+00 0.000000000000000000e+00 0.000000000000000000e+00 0.000000000000000000e+00 0.000000000000000000e+00 0.000000000000000000e+00 0.000000000000000000e+00 0.000000000000000000e+00 0.000000000000000000e+00 0.000000000000000000e+00 0.000000000000000000e+00 0.000000000000000000e+00 0.000000000000000000e+00 0.000000000000000000e+00 0.000000000000000000e+00 0.000000000000000000e+00 0.000000000000000000e+00 0.000000000000000000e+00 0.000000000000000000e+00 0.000000000000000000e+00 0.000000000000000000e+00 0.000000000000000000e+00 0.000000000000000000e+00 0.000000000000000000e+00 0.000000000000000000e+00 0.000000000000000000e+00 0.000000000000000000e+00 0.000000000000000000e+00 0.000000000000000000e+00 0.000000000000000000e+00 0.000000000000000000e+00 0.000000000000000000e+00 0.000000000000000000e+00 0.000000000000000000e+00 0.000000000000000000e+00 0.000000000000000000e+00 0.000000000000000000e+00 0.000000000000000000e+00 0.000000000000000000e+00 0.000000000000000000e+00 0.000000000000000000e+00 0.000000000000000000e+00 0.000000000000000000e+00 0.000000000000000000e+00 0.000000000000000000e+00 0.000000000000000000e+00 0.000000000000000000e+00 0.000000000000000000e+00 0.000000000000000000e+00 0.000000000000000000e+00 0.000000000000000000e+00 0.000000000000000000e+00 0.000000000000000000e+00 0.000000000000000000e+00 0.000000000000000000e+00 0.000000000000000000e+00 0.000000000000000000e+00 0.000000000000000000e+00 0.000000000000000000e+00 0.000000000000000000e+00 0.000000000000000000e+00 0.000000000000000000e+00
3.903182831525701668e-01 2.461029038700023319e-01 1.271214891284252746e-01 -9.954979553462686703e-02 -9.238784564082881678e-02 1.128781931688605661e-01 9.561595747757280564e-03 -7.072453493233480347e-03 -4.437156953548970946e-03 4.060422488219737197e-02 -8.350010023472843185e-03 9.280695219610422125e-04 2.461029038700022764e-01 6.098113210238188531e-01 1.340366388459655611e-01 -2.764482559662806427e-02 3.523626193158390513e-02 -2.786859517428164155e-03 -2.315501492505873601e-02 -1.248331688043463061e-01 -5.467335679614600957e-02 1.971699995768399008e-02 6.725395711875722937e-02 -1.133532341446436970e-01 1.271214891284254966e-01 1.340366388459659497e-01 3.514508966640981780e-01 -2.635400010196298562e-02 -4.981939855309460569e-02 1.755355518771628195e-02 1.811722752216155530e-01 1.503231347573305392e-02 -9.284128502804887828e-02 2.276186856096163585e-02 -1.202795608118464865e-01 3.060071498252830199e-03 -9.954979553462695030e-02 -2.764482559662812325e-02 -2.635400010196298562e-02 2.839402914786636756e-01 1.112939516253084321e-01 -1.128627272936223030e-01 4.114544149016601676e-02 -3.379676963770918835e-02 -4.705557664250759400e-03 -5.351012451559747536e-03 -4.807878819602499389e-03 -3.208846082634135566e-02 -9.238784564082894168e-02 3.523626193158394676e-02 -4.981939855309452242e-02 1.112939516253084737e-01 5.199005690638903721e-01 4.866876457202824052e-02 -8.037481252229008999e-02 -1.383630385876167546e-01 -1.222515019772708739e-01 -1.932353037704525045e-01 -2.503201188243861161e-02 4.256760609497729081e-02 1.128781931688605522e-01 -2.786859517428094766e-03 1.755355518771642073e-02 -1.128627272936223308e-01 4.866876457202832379e-02 4.945276288225396999e-01 -1.321531292155018467e-01 5.543374279748192190e-02 -5.515906652188981574e-02 -1.435250731426485904e-01 -5.573585344588264864e-03 5.558850914743666827e-02 9.561595747757304850e-03 -2.315501492505848274e-02 1.811722752216154697e-01 4.114544149016602370e-02 -8.037481252229024264e-02 -1.321531292155019854e-01 5.150369532868248612e-01 8.148935283879102376e-02 -8.500236841161427914e-02 1.396947819250779661e-02 -1.797549326534712832e-01 -5.431499642006136497e-02 -7.072453493233289527e-03 -1.248331688043461674e-01 1.503231347573305218e-02 -3.379676963770924386e-02 -1.383630385876167268e-01 5.543374279748188721e-02 8.148935283879092661e-02 3.088924246369190718e-01 8.298835757263635371e-02 1.127516892195720580e-03 -9.177237048487635329e-02 2.479423701880965891e-02 -4.437156953549022988e-03 -5.467335679614626631e-02 -9.284128502804890604e-02 -4.705557664250709961e-03 -1.222515019772707767e-01 -5.515906652188980186e-02 -8.500236841161437629e-02 8.298835757263643698e-02 4.012258255684576502e-01 2.382782868489354694e-02 9.013273185871002735e-02 -1.815880900546680832e-01 4.060422488219755238e-02 1.971699995768401090e-02 2.276186856096167402e-02 -5.351012451559848150e-03 -1.932353037704523935e-01 -1.435250731426483961e-01 1.396947819250762141e-02 1.127516892195515232e-03 2.382782868489346020e-02 5.388513796094119845e-01 1.061622457501512073e-01 1.788428744597682363e-01 -8.350010023472626344e-03 6.725395711875713223e-02 -1.202795608118464588e-01 -4.807878819602545359e-03 -2.503201188243833059e-02 -5.573585344588028942e-03 -1.797549326534714775e-01 -9.177237048487667248e-02 9.013273185870995796e-02 1.061622457501509159e-01 3.838064354622237606e-01 1.632084698604152895e-01 9.280695219610924111e-04 -1.133532341446437247e-01 3.060071498253037064e-03 -3.208846082634144586e-02 4.256760609497745734e-02 5.558850914743682786e-02 -5.431499642006135803e-02 2.479423701880935013e-02 -1.815880900546682220e-01 1.788428744597680142e-01 1.632084698604152340e-01 4.107490865912803990e-01
5.395586166894385249e-02 3.396723591299589950e-02 6.754560152017526076e-02 -1.496977538949472103e-03 -2.393653844301180545e-03 3.437121560588658059e-02 1.951707102664033619e-02 5.164468358038942081e-02 -4.535440162603799480e-02 -3.932678000842597041e-03 -5.778194433477727016e-02 2.794256784490280893e-02 -5.950658690474011636e-02 -2.487030583556168462e-02 -7.271962819030718117e-02 -2.567356238677384953e-02 1.153548667924114007e-01 7.668840688680310380e-03 -5.011406455666853749e-02 4.033016907705044840e-02 -6.180540263964385932e-03 -7.061691749272898389e-02 -1.982526916378376039e-02 1.434836190557828989e-02 -1.535728437373485786e-02 -7.655140097867757509e-02 1.328115602109826605e-02 3.261004928411171538e-02 3.260415097765290149e-02 1.746542179937565081e-02 -1.041996752022445426e-02 -3.047948510072930745e-02 6.509802732040240354e-03 2.086483311020975381e-02 -9.414720918549335238e-03 2.927050316771015459e-02 1.765451617845231400e-02 -3.257820377892087921e-02 -1.491970692340362573e-02 3.814261840123767122e-02 9.396432698531188843e-02 6.460816668134901353e-02 -3.792356571670820603e-02 -1.304784146214422319e-02 -9.237233190195544286e-02 -6.933294544738313747e-02 -1.318587083541480735e-02 6.205249060675923495e-02 5.883494866202059609e-02 2.553341903269247884e-02 1.313137146231209071e-02 -6.673077911437781673e-02 -1.151689125795551938e-01 7.454544122793724248e-02 9.561279471230494514e-03 2.213991623796687097e-02 5.115709900716719494e-02 8.544706709085646279e-02 -1.096456392799946208e-02 -3.969246355286278755e-02 1.432137441146730944e-02 2.645247224712431872e-02 -9.325795662822232435e-03 4.378045485142045140e-02 -2.762892415442395194e-02 -1.073093225213245239e-02 6.833595559644892181e-02 -4.302840079967232972e-02 -1.193005446704316873e-02 1.373713821130863495e-02 -2.133049914278554657e-02 -4.871256341254160543e-02 -5.677277149504707937e-02 4.483913938971278296e-02 7.815989261536725186e-03 3.948328244302634626e-02 9.280829352130901683e-03 -9.030182318866203373e-02 -4.038572199232046134e-02 -7.543613069508322937e-03 5.671701782100794370e-02 6.755566301649308658e-02 2.204867179760361048e-02 -4.340099531263075239e-02 4.554856842833986813e-02 -2.581502784501683162e-02 9.789847947078300638e-02 -6.637351088258389153e-02 -4.066390073640063080e-02 1.061118158176656452e-03 8.500219558964365596e-02 -1.899245108294337833e-02 1.997805371052240736e-02 -1.846813448977647348e-02 2.406073777752837026e-02 2.274375717620964743e-02 2.715692567950199129e-02 -1.308638828033732021e-02 7.243154599888543266e-03 -7.740212193210119218e-02 3.371503638512386714e-03 2.112345452866045553e-02 7.580603643013653081e-02 6.285476595870649608e-02 -9.057163816014682928e-03 -3.054993465188865845e-02 -4.134592583633199536e-02 1.125619834294104560e-02 -3.214045433981598671e-02 6.464760239269498610e-02 1.263070987204265375e-02 2.140076999563409778e-03 -6.063243776747873071e-02 3.757741001098429540e-02 -1.131436987291189675e-02 6.707170357977340625e-04 -1.650790121515487152e-02 -5.413085831329387046e-03 7.871381311514637213e-02 2.688014221530961312e-02 1.541881673331418900e-02 2.783895530220391323e-02 -3.575002936113547136e-02 7.537898671067126688e-02 -2.095713710639281191e-02 -1.353823354671827017e-01 -3.277185694029284557e-02 -4.082168459548222300e-02 7.259496100417922593e-02 4.964178220480243431e-02 5.810094530122157652e-02 -2.862076038141582457e-02 -1.855167942104195278e-02 -3.052904416052913683e-02 -4.394803967428226321e-02 3.590559061080361020e-02 5.236639951056233644e-02 4.097934705762667357e-02 -1.231268343468662485e-02 -5.486876627479250756e-04 6.342397234772138848e-03 -2.942276687465087207e-02 3.575096911596718774e-02 1.107326951879798044e-02
5.395586166894385249e-02 -5.950658690474011636e-02 -1.535728437373485786e-02 1.765451617845231400e-02 5.883494866202059609e-02 1.432137441146730944e-02 -5.677277149504707937e-02 4.554856842833986813e-02 2.715692567950199129e-02 -3.214045433981598671e-02 1.541881673331418900e-02 -1.855167942104195278e-02 3.396723591299589950e-02 -2.487030583556168462e-02 -7.655140097867757509e-02 -3.257820377892087921e-02 2.553341903269247884e-02 2.645247224712431872e-02 4.483913938971278296e-02 -2.581502784501683162e-02 -1.308638828033732021e-02 6.464760239269498610e-02 2.783895530220391323e-02 -3.052904416052913683e-02 6.754560152017526076e-02 -7.271962819030718117e-02 1.328115602109826605e-02 -1.491970692340362573e-02 1.313137146231209071e-02 -9.325795662822232435e-03 7.815989261536725186e-03 9.789847947078300638e-02 7.243154599888543266e-03 1.263070987204265375e-02 -3.575002936113547136e-02 -4.394803967428226321e-02 -1.496977538949472103e-03 -2.567356238677384953e-02 3.261004928411171538e-02 3.814261840123767122e-02 -6.673077911437781673e-02 4.378045485142045140e-02 3.948328244302634626e-02 -6.637351088258389153e-02 -7.740212193210119218e-02 2.140076999563409778e-03 7.537898671067126688e-02 3.590559061080361020e-02 -2.393653844301180545e-03 1.153548667924114007e-01 3.260415097765290149e-02 9.396432698531188843e-02 -1.151689125795551938e-01 -2.762892415442395194e-02 9.280829352130901683e-03 -4.066390073640063080e-02 3.371503638512386714e-03 -6.063243776747873071e-02 -2.095713710639281191e-02 5.236639951056233644e-02 3.437121560588658059e-02 7.668840688680310380e-03 1.746542179937565081e-02 6.460816668134901353e-02 7.454544122793724248e-02 -1.073093225213245239e-02 -9.030182318866203373e-02 1.061118158176656452e-03 2.112345452866045553e-02 3.757741001098429540e-02 -1.353823354671827017e-01 4.097934705762667357e-02 1.951707102664033619e-02 -5.011406455666853749e-02 -1.041996752022445426e-02 -3.792356571670820603e-02 9.561279471230494514e-03 6.833595559644892181e-02 -4.038572199232046134e-02 8.500219558964365596e-02 7.580603643013653081e-02 -1.131436987291189675e-02 -3.277185694029284557e-02 -1.231268343468662485e-02 5.164468358038942081e-02 4.033016907705044840e-02 -3.047948510072930745e-02 -1.304784146214422319e-02 2.213991623796687097e-02 -4.302840079967232972e-02 -7.543613069508322937e-03 -1.899245108294337833e-02 6.285476595870649608e-02 6.707170357977340625e-04 -4.082168459548222300e-02 -5.486876627479250756e-04 -4.535440162603799480e-02 -6.180540263964385932e-03 6.509802732040240354e-03 -9.237233190195544286e-02 5.115709900716719494e-02 -1.193005446704316873e-02 5.671701782100794370e-02 1.997805371052240736e-02 -9.057163816014682928e-03 -1.650790121515487152e-02 7.259496100417922593e-02 6.342397234772138848e-03 -3.932678000842597041e-03 -7.061691749272898389e-02 2.086483311020975381e-02 -6.933294544738313747e-02 8.544706709085646279e-02 1.373713821130863495e-02 6.755566301649308658e-02 -1.846813448977647348e-02 -3.054993465188865845e-02 -5.413085831329387046e-03 4.964178220480243431e-02 -2.942276687465087207e-02 -5.778194433477727016e-02 -1.982526916378376039e-02 -9.414720918549335238e-03 -1.318587083541480735e-02 -1.096456392799946208e-02 -2.133049914278554657e-02 2.204867179760361048e-02 2.406073777752837026e-02 -4.134592583633199536e-02 7.871381311514637213e-02 5.810094530122157652e-02 3.575096911596718774e-02 2.794256784490280893e-02 1.434836190557828989e-02 2.927050316771015459e-02 6.205249060675923495e-02 -3.969246355286278755e-02 -4.871256341254160543e-02 -4.340099531263075239e-02 2.274375717620964743e-02 1.125619834294104560e-02 2.688014221530961312e-02 -2.862076038141582457e-02 1.107326951879798044e-02
1.261548901641415532e-01 -1.630991809609642559e-02 -2.528759689099774680e-02 -2.812015350254877793e-03 -2.461233444100337578e-02 2.155920640821903933e-02 -2.996996615006333048e-02 1.783183465681309129e-02 4.713943246623791133e-02 -1.766039158819509430e-02 -6.971531377012811503e-02 -2.179753818055979800e-02 -1.630991809609635620e-02 1.887574014038462811e-01 -4.759586643008654333e-02 3.068103485719811396e-02 -3.333736489438367777e-03 -6.729692337203951880e-02 -6.174038299990682651e-04 -1.429905282206404317e-02 8.175134504752120876e-03 -6.488647128330397862e-02 -6.638482911029833233e-02 3.124624472538710396e-02 -2.528759689099790639e-02 -4.759586643008648088e-02 1.945405150767633429e-01 9.212975220315805513e-02 -7.118708394863822175e-02 -1.975129307488590613e-02 -2.803342119851334746e-02 2.767161672068638775e-03 5.345748771184930664e-02 -3.427791896295745433e-02 -6.146905092848251734e-02 -2.351843776464342204e-03 -2.812015350255008764e-03 3.068103485719809662e-02 9.212975220315813840e-02 2.251350626304142455e-01 -5.969124924160270490e-02 -2.153534784474674807e-03 -4.514096750502467892e-02 2.299158194900155841e-04 5.679188301807247541e-03 -4.405404990323813497e-02 -1.169510106729362842e-01 -4.924579107923839766e-02 -2.461233444100320925e-02 -3.333736489438706915e-03 -7.118708394863819400e-02 -5.969124924160271184e-02 2.231965170625603845e-01 -4.998933432945348865e-02 -9.131996003392546524e-03 2.442532629222499488e-02 -4.727410374642334462e-02 8.886381485097591057e-03 6.118567119174102981e-03 -1.373913430008220915e-02 2.155920640821894566e-02 -6.729692337203942165e-02 -1.975129307488588531e-02 -2.153534784474797105e-03 -4.998933432945360661e-02 1.580304192872500069e-01 1.651932958255566963e-02 -1.665060115735579951e-02 -2.730850163986769095e-04 1.345382105912715058e-02 -6.392431061258982763e-04 -4.366685448061127101e-02 -2.996996615006334783e-02 -6.174038299988340774e-04 -2.803342119851341685e-02 -4.514096750502466504e-02 -9.131996003392537850e-03 1.651932958255553432e-02 1.150605850509092698e-01 -4.399116712907708004e-02 -4.173098753604379679e-02 4.809006074700587080e-03 7.395598731586069952e-02 -3.852739607760059803e-02 1.783183465681311558e-02 -1.429905282206424787e-02 2.767161672068752399e-03 2.299158194901081750e-04 2.442532629222500876e-02 -1.665060115735567808e-02 -4.399116712907711474e-02 1.722512802566351919e-01 3.694393062642062353e-03 -4.174068450992985541e-02 -4.897810131805820782e-02 -2.476799704937577076e-02 4.713943246623784888e-02 8.175134504752174652e-03 5.345748771184930664e-02 5.679188301807203305e-03 -4.727410374642335156e-02 -2.730850163987570320e-04 -4.173098753604380373e-02 3.694393062642057583e-03 1.969560249004737029e-01 -4.368856682356873911e-02 -1.007849738751104424e-01 -3.670209218074126784e-02 -1.766039158819508043e-02 -6.488647128330400637e-02 -3.427791896295746821e-02 -4.405404990323812803e-02 8.886381485097457483e-03 1.345382105912720956e-02 4.809006074700692898e-03 -4.174068450992986234e-02 -4.368856682356880849e-02 1.489411245354169411e-01 4.490189338730787155e-02 2.906485599172070611e-02 -6.971531377012807340e-02 -6.638482911029804090e-02 -6.146905092848265612e-02 -1.169510106729362842e-01 6.118567119174112522e-03 -6.392431061260712066e-04 7.395598731586076890e-02 -4.897810131805819395e-02 -1.007849738751104701e-01 4.490189338730776053e-02 2.703405376988557429e-01 4.063922871391734137e-02 -2.179753818055969738e-02 3.124624472538708314e-02 -2.351843776464417664e-03 -4.924579107923840460e-02 -1.373913430008211374e-02 -4.366685448061130570e-02 -3.852739607760067436e-02 -2.476799704937568056e-02 -3.670209218074131641e-02 2.906485599172074427e-02 4.063922871391728586e-02 1.405385951060777461e-01
3.321705516566007300e-03 -1.109984231037212075e-02 -5.419045867978722689e-03 1.110192751276478526e-04 3.713309297141301202e-02 -1.337542940987361539e-02 -6.553856402447862627e-03 1.418266266115771231e-02 -8.232858076218738802e-03 -5.774850762420291606e-03 2.907014008784756642e-03 -6.618408392999237423e-03 -2.610773108991859548e-02 3.243668553433030899e-02 -3.632930741180006445e-02 6.860515580029860269e-03 4.522709278108762859e-02 -1.915729979824028206e-02 2.115483045592224040e-02 2.488649044888559259e-02 -6.263999219991299439e-02 -7.918326490781467386e-03 1.620118992567899999e-02 -1.242957438283000954e-02 -7.189562065881939697e-03 -3.376273618116158726e-02 -2.013450817354326197e-02 4.933093443382263786e-04 3.971837917130639078e-02 -1.505740918987379974e-02 -1.234729573029422038e-02 1.288061923197910059e-04 -1.208201458338115618e-02 4.103963583943430471e-02 2.894831149370095252e-02 -7.175816837225324450e-03 1.046830517638179872e-02 1.964042079481644748e-02 1.576654320672160256e-02 1.397480771516738766e-02 -2.253750295704885602e-03 -1.871203762160504949e-02 1.041773347636078956e-02 -1.759760614295493783e-03 2.872521512071171679e-02 -3.330512393467768145e-02 -2.171125930480825167e-02 -2.172781156233257946e-02 1.210352992729823648e-02 8.754594829483571764e-04 8.422525414408721031e-03 -2.466277155383437419e-02 5.124565048764320903e-03 1.136365019802752091e-02 -7.726064938808545161e-03 -1.053323131447130197e-03 -7.739130107457573536e-03 -1.048008153278575001e-02 -1.307731857883807219e-02 2.818800367189309292e-02 6.574945565411291493e-02 -3.219687812559152151e-02 -4.914937101798637527e-03 -7.022485439452918685e-03 -2.991640161517994043e-02 3.067144600601200838e-02 -2.622406780207727633e-02 7.896785413000864326e-03 4.258471017571557882e-02 4.382517048748375832e-03 -3.352234281042060920e-02 -7.145707689017722491e-03 9.858357935592408985e-03 2.844874108381997141e-02 -4.270402663339299687e-03 2.059099387296535466e-02 5.460039937480145461e-03 -3.104618726471218559e-02 -5.116820040720479294e-03 -1.143050448621908514e-02 -2.833727689018191755e-03 -1.438067227227238926e-02 -8.126379954709972084e-03 5.658000177488305138e-03 -1.117092053971901165e-02 -4.462169203866513112e-02 2.600573197545942572e-02 -3.648082748779395840e-02 -2.564648822052366384e-02 4.020184513335084420e-02 3.163768781692322118e-02 -9.647084730209185433e-04 4.082277760073542427e-02 -1.221978313231459647e-02 3.434606032828681904e-02 -3.453737597769376139e-02 -3.115977111423963788e-02 4.215846809944906459e-02 3.113267324094518354e-02 1.018492941745069436e-02 6.404593271582999237e-04 -4.355268751482915812e-02 3.381252957355819141e-03 -5.043553147678891957e-02 2.135203046704640950e-02 1.256706786861076612e-02 -2.270838086179689103e-02 2.890430747540584031e-02 4.137291440980490377e-03 -1.368774113449994570e-02 -2.514431729667642411e-04 9.391571392752384034e-03 -5.572825372281978162e-02 3.570084255911248894e-02 1.155784192156117732e-02 3.206860598113466920e-03 -2.391986142597555404e-02 -1.733297662985333696e-04 2.472873094234958116e-02 6.762293659033531690e-03 -2.636702086580668819e-02 -9.226749648184680644e-03 1.145347632711215743e-02 1.519731868431641562e-02 -3.876371015765515959e-02 1.792948809517320649e-02 -1.545982969605862872e-02 -2.026919545649217072e-02 2.585388375463446020e-03 4.270262499201755990e-02 9.376955493672567421e-03 2.458299603682443518e-02 2.630195803230461413e-03 3.449252463024629622e-02 -2.353507528645298885e-02 2.680790937241291083e-02 1.834245910762122636e-02 1.135636795737262131e-02 1.648613458035973894e-03 4.429851469177714662e-02 -2.151926604232855256e-02 -3.254846258025656525e-02 -3.850341655955436676e-02 -3.062550657631053080e-02
3.321705516566007300e-03 -2.610773108991859548e-02 -7.189562065881939697e-03 1.046830517638179872e-02 1.210352992729823648e-02 6.574945565411291493e-02 9.858357935592408985e-03 -1.117092053971901165e-02 -3.115977111423963788e-02 4.137291440980490377e-03 -2.636702086580668819e-02 2.630195803230461413e-03 -1.109984231037212075e-02 3.243668553433030899e-02 -3.376273618116158726e-02 1.964042079481644748e-02 8.754594829483571764e-04 -3.219687812559152151e-02 2.844874108381997141e-02 -4.462169203866513112e-02 4.215846809944906459e-02 -1.368774113449994570e-02 -9.226749648184680644e-03 3.449252463024629622e-02 -5.419045867978722689e-03 -3.632930741180006445e-02 -2.013450817354326197e-02 1.576654320672160256e-02 8.422525414408721031e-03 -4.914937101798637527e-03 -4.270402663339299687e-03 2.600573197545942572e-02 3.113267324094518354e-02 -2.514431729667642411e-04 1.145347632711215743e-02 -2.353507528645298885e-02 1.110192751276478526e-04 6.860515580029860269e-03 4.933093443382263786e-04 1.397480771516738766e-02 -2.466277155383437419e-02 -7.022485439452918685e-03 2.059099387296535466e-02 -3.648082748779395840e-02 1.018492941745069436e-02 9.391571392752384034e-03 1.519731868431641562e-02 2.680790937241291083e-02 3.713309297141301202e-02 4.522709278108762859e-02 3.971837917130639078e-02 -2.253750295704885602e-03 5.124565048764320903e-03 -2.991640161517994043e-02 5.460039937480145461e-03 -2.564648822052366384e-02 6.404593271582999237e-04 -5.572825372281978162e-02 -3.876371015765515959e-02 1.834245910762122636e-02 -1.337542940987361539e-02 -1.915729979824028206e-02 -1.505740918987379974e-02 -1.871203762160504949e-02 1.136365019802752091e-02 3.067144600601200838e-02 -3.104618726471218559e-02 4.020184513335084420e-02 -4.355268751482915812e-02 3.570084255911248894e-02 1.792948809517320649e-02 1.135636795737262131e-02 -6.553856402447862627e-03 2.115483045592224040e-02 -1.234729573029422038e-02 1.041773347636078956e-02 -7.726064938808545161e-03 -2.622406780207727633e-02 -5.116820040720479294e-03 3.163768781692322118e-02 3.381252957355819141e-03 1.155784192156117732e-02 -1.545982969605862872e-02 1.648613458035973894e-03 1.418266266115771231e-02 2.488649044888559259e-02 1.288061923197910059e-04 -1.759760614295493783e-03 -1.053323131447130197e-03 7.896785413000864326e-03 -1.143050448621908514e-02 -9.647084730209185433e-04 -5.043553147678891957e-02 3.206860598113466920e-03 -2.026919545649217072e-02 4.429851469177714662e-02 -8.232858076218738802e-03 -6.263999219991299439e-02 -1.208201458338115618e-02 2.872521512071171679e-02 -7.739130107457573536e-03 4.258471017571557882e-02 -2.833727689018191755e-03 4.082277760073542427e-02 2.135203046704640950e-02 -2.391986142597555404e-02 2.585388375463446020e-03 -2.151926604232855256e-02 -5.774850762420291606e-03 -7.918326490781467386e-03 4.103963583943430471e-02 -3.330512393467768145e-02 -1.048008153278575001e-02 4.382517048748375832e-03 -1.438067227227238926e-02 -1.221978313231459647e-02 1.256706786861076612e-02 -1.733297662985333696e-04 4.270262499201755990e-02 -3.254846258025656525e-02 2.907014008784756642e-03 1.620118992567899999e-02 2.894831149370095252e-02 -2.171125930480825167e-02 -1.307731857883807219e-02 -3.352234281042060920e-02 -8.126379954709972084e-03 3.434606032828681904e-02 -2.270838086179689103e-02 2.472873094234958116e-02 9.376955493672567421e-03 -3.850341655955436676e-02 -6.618408392999237423e-03 -1.242957438283000954e-02 -7.175816837225324450e-03 -2.172781156233257946e-02 2.818800367189309292e-02 -7.145707689017722491e-03 5.658000177488305138e-03 -3.453737597769376139e-02 2.890430747540584031e-02 6.762293659033531690e-03 2.458299603682443518e-02 -3.062550657631053080e-02
2.010684411118813797e-01 -3.439063226817325181e-02 6.333490075580124057e-02 -2.755717682355119866e-02 -9.604411241199088678e-03 -4.298674767467229596e-02 -8.751732218677396591e-02 -9.517219174418874161e-02 -7.186202534164613798e-02 1.385766184836944009e-03 -1.511294315021962688e-02 6.909268164120865863e-02 -3.439063226817330038e-02 1.675114350273030628e-01 7.658011089856373368e-03 -1.378401822525778496e-02 2.962231698307808345e-02 -1.180974507747825641e-01 2.042503261215443400e-02 1.466779569009509995e-02 4.355504936037191827e-02 -1.260977530280842085e-02 -3.474815194743534341e-02 -2.564797886170729416e-02 6.333490075580125445e-02 7.658011089856434951e-03 1.732971918104539155e-01 -6.191079880086164389e-02 -7.489506501292988831e-03 9.805109737894812313e-03 -1.273530800157535448e-01 -8.555267326870037714e-02 -5.638179371155565417e-02 3.312843136924817616e-03 5.408436070664841833e-02 -1.550636677379103531e-02 -2.755717682355120907e-02 -1.378401822525780231e-02 -6.191079880086165776e-02 1.360129933009221470e-01 -4.681069049965286971e-02 -3.940427216950470601e-02 5.185731275585667849e-02 -2.665414291782167849e-02 5.520807624028296889e-02 6.312580819416559273e-04 -3.378540826541327063e-02 4.644696199858212166e-02 -9.604411241199050514e-03 2.962231698307798977e-02 -7.489506501293014852e-03 -4.681069049965284196e-02 1.927844114922371010e-01 6.478144042810329416e-04 -7.966367469444093213e-03 3.308265577767029869e-02 1.606387772389930579e-02 -1.862592263374356419e-02 -4.764952548116648673e-02 -1.065826428071914578e-01 -4.298674767467221269e-02 -1.180974507747826197e-01 9.805109737894878233e-03 -3.940427216950474071e-02 6.478144042809656127e-04 3.150596856843612681e-01 -4.696788610395397773e-02 6.005351187857737444e-02 -9.868037953732693157e-02 -2.224260498253957663e-02 -5.722836553275616536e-03 2.382798832929041571e-02 -8.751732218677393815e-02 2.042503261215434726e-02 -1.273530800157534337e-01 5.185731275585660910e-02 -7.966367469444070662e-03 -4.696788610395384589e-02 2.711385557007073288e-01 2.927908096249844799e-02 6.337995915311611661e-02 -2.280933970429174784e-02 -1.365432659826141398e-02 -4.768167669742624099e-02 -9.517219174418875549e-02 1.466779569009505832e-02 -8.555267326870040490e-02 -2.665414291782167502e-02 3.308265577767029175e-02 6.005351187857742995e-02 2.927908096249853473e-02 2.389484991851751339e-01 -3.090426019017460460e-02 -2.895365194435449777e-02 -4.718900571709975372e-02 -2.021599192212876830e-02 -7.186202534164619349e-02 4.355504936037186275e-02 -5.638179371155573744e-02 5.520807624028303828e-02 1.606387772389936131e-02 -9.868037953732694545e-02 6.337995915311624151e-02 -3.090426019017454562e-02 2.701459037686523290e-01 -3.108808624423983064e-02 -1.778437076074424264e-02 -1.022242044582649112e-01 1.385766184836925794e-03 -1.260977530280844340e-02 3.312843136924825856e-03 6.312580819416635167e-04 -1.862592263374354684e-02 -2.224260498253959398e-02 -2.280933970429174090e-02 -2.895365194435449083e-02 -3.108808624423984104e-02 1.743826172559096999e-01 2.667097862092164193e-02 -5.430697620563951916e-02 -1.511294315021963035e-02 -3.474815194743528096e-02 5.408436070664842527e-02 -3.378540826541334002e-02 -4.764952548116645897e-02 -5.722836553275613934e-03 -1.365432659826146602e-02 -4.718900571709971209e-02 -1.778437076074423570e-02 2.667097862092162458e-02 1.514340655593259533e-01 -1.351414463396240218e-02 6.909268164120861699e-02 -2.564797886170714844e-02 -1.550636677379103011e-02 4.644696199858213553e-02 -1.065826428071914994e-01 2.382798832929032898e-02 -4.768167669742621323e-02 -2.021599192212883075e-02 -1.022242044582648418e-01 -5.430697620563950528e-02 -1.351414463396237095e-02 2.513452814050922690e-01
-3.863996268771552334e-02 -3.535853002950188617e-02 -3.546513003622393106e-02 2.817394971928461472e-02 -4.173303330104559394e-02 3.270541874927197085e-02 4.580230533248240421e-02 9.656034400911646734e-03 -1.416729945400341945e-02 -1.301813430305334869e-02 3.258674589420838125e-02 5.033378046292955044e-02 -1.971308496425228443e-02 3.150562090061802961e-02 -2.621710170338362872e-02 3.639211230801434743e-02 2.496479849350624267e-02 -9.840803832496448911e-02 3.089829058306062942e-02 1.703991854561316341e-02 3.932974381439841016e-02 1.586894846514460417e-02 -8.335704270248165196e-03 -3.440154070115584301e-02 8.191074730861457043e-02 -2.902545118364301124e-02 7.240990354309373433e-02 -4.580049491179939009e-02 -3.635399274199975495e-02 2.071704108481307871e-02 -7.105234045260903908e-02 -5.285625080665022624e-02 -8.757072838359918066e-02 2.467096762773565016e-02 3.466507775227481436e-02 5.202074197978710096e-02 7.992494643696447520e-02 6.262324671282631580e-03 2.706950921790697920e-02 2.786381060557181072e-02 -4.809595355680444662e-02 -8.078096811825398460e-02 -5.416515306815651576e-02 -5.627805466299352910e-02 -1.409449255539937419e-03 -1.090945178110257208e-02 2.891351386228138351e-03 7.633527593970437786e-02 -1.349819761629947497e-02 -2.313140621234456226e-02 -4.442313075102806604e-03 -1.502057729237028273e-02 -3.878295740877834262e-03 6.925011052478707851e-02 4.396382473331019586e-02 2.049854914273544979e-02 -4.792704323958962148e-02 -3.248138211440641798e-02 2.541974830059678253e-02 -1.869404953386517377e-03 -3.415732640958561717e-02 -4.373517652519554044e-02 -3.926766784004166039e-02 2.280860938590601600e-02 -2.917136430838992989e-02 1.012599096229967327e-01 -3.828670547104043309e-02 6.416810636706828108e-02 2.686837129503215522e-03 -1.754219781766985786e-02 -3.571391617461163598e-02 5.710817544617092373e-02 -4.006582697176271773e-02 -3.017466630711497858e-02 7.527840301904647168e-03 3.925055944288215193e-02 -1.083098972655986876e-02 2.645612762925483516e-02 -3.180946006429757368e-03 -3.694399087341430216e-02 1.060548858089566809e-02 5.204531343419306622e-02 2.802981150160895746e-02 -2.943819727702392045e-02 4.274379351668615434e-02 -2.458646015059715376e-02 1.375709670928543585e-02 -6.459151188203883683e-03 5.723377377220709161e-02 3.749380350088241109e-02 -1.970916927741448235e-02 -1.607231254712416027e-02 -1.995477609721949680e-02 -2.772008735381501984e-02 -4.640951623843372897e-02 2.135296842406893443e-03 -3.931897062361963679e-02 3.170477382349955187e-02 -3.995425091810413110e-02 -2.653058821397147327e-02 3.813753284828357709e-02 -4.414226192767969903e-02 9.400514097172799066e-02 4.091876636102414339e-02 4.549865136114575326e-02 -2.669843300886486429e-02 -9.681933650137281022e-03 -4.891168546721821192e-02 3.436841406170877689e-03 1.331409840367359099e-02 -4.830233737768847846e-02 -5.998272033142513712e-03 -1.678795774848994282e-02 -2.707623214828084116e-02 5.181353967648122394e-02 1.117016081318569602e-02 3.997648990565753901e-02 3.817592965616622286e-02 -7.561021725433918900e-03 -3.517811290282098213e-02 8.874694262710472112e-04 4.695048873042309556e-02 1.804109226435670135e-02 -1.925805876108542883e-02 4.253921084151755794e-02 -3.619238943380707202e-04 -2.126468624618375533e-02 -1.607044973268280733e-02 1.698879108630630547e-02 -6.283634286327298424e-02 -5.559596800506730330e-03 1.027502116940362531e-02 -1.753266464534337932e-02 2.727664512981295766e-02 6.322239838879525897e-02 -2.370584417676884631e-02 -5.364372754657519698e-03 1.952510622767859513e-02 -5.962184521098092688e-02 -1.174628272847589097e-02 -5.354039718928449432e-03 3.271037222000106742e-02 8.011578401819124950e-03 -3.383019359076787358e-02
-3.863996268771552334e-02 -1.971308496425228443e-02 8.191074730861457043e-02 7.992494643696447520e-02 -1.349819761629947497e-02 -3.415732640958561717e-02 -4.006582697176271773e-02 4.274379351668615434e-02 -3.931897062361963679e-02 3.436841406170877689e-03 8.874694262710472112e-04 -1.753266464534337932e-02 -3.535853002950188617e-02 3.150562090061802961e-02 -2.902545118364301124e-02 6.262324671282631580e-03 -2.313140621234456226e-02 -4.373517652519554044e-02 -3.017466630711497858e-02 -2.458646015059715376e-02 3.170477382349955187e-02 1.331409840367359099e-02 4.695048873042309556e-02 2.727664512981295766e-02 -3.546513003622393106e-02 -2.621710170338362872e-02 7.240990354309373433e-02 2.706950921790697920e-02 -4.442313075102806604e-03 -3.926766784004166039e-02 7.527840301904647168e-03 1.375709670928543585e-02 -3.995425091810413110e-02 -4.830233737768847846e-02 1.804109226435670135e-02 6.322239838879525897e-02 2.817394971928461472e-02 3.639211230801434743e-02 -4.580049491179939009e-02 2.786381060557181072e-02 -1.502057729237028273e-02 2.280860938590601600e-02 3.925055944288215193e-02 -6.459151188203883683e-03 -2.653058821397147327e-02 -5.998272033142513712e-03 -1.925805876108542883e-02 -2.370584417676884631e-02 -4.173303330104559394e-02 2.496479849350624267e-02 -3.635399274199975495e-02 -4.809595355680444662e-02 -3.878295740877834262e-03 -2.917136430838992989e-02 -1.083098972655986876e-02 5.723377377220709161e-02 3.813753284828357709e-02 -1.678795774848994282e-02 4.253921084151755794e-02 -5.364372754657519698e-03 3.270541874927197085e-02 -9.840803832496448911e-02 2.071704108481307871e-02 -8.078096811825398460e-02 6.925011052478707851e-02 1.012599096229967327e-01 2.645612762925483516e-02 3.749380350088241109e-02 -4.414226192767969903e-02 -2.707623214828084116e-02 -3.619238943380707202e-04 1.952510622767859513e-02 4.580230533248240421e-02 3.089829058306062942e-02 -7.105234045260903908e-02 -5.416515306815651576e-02 4.396382473331019586e-02 -3.828670547104043309e-02 -3.180946006429757368e-03 -1.970916927741448235e-02 9.400514097172799066e-02 5.181353967648122394e-02 -2.126468624618375533e-02 -5.962184521098092688e-02 9.656034400911646734e-03 1.703991854561316341e-02 -5.285625080665022624e-02 -5.627805466299352910e-02 2.049854914273544979e-02 6.416810636706828108e-02 -3.694399087341430216e-02 -1.607231254712416027e-02 4.091876636102414339e-02 1.117016081318569602e-02 -1.607044973268280733e-02 -1.174628272847589097e-02 -1.416729945400341945e-02 3.932974381439841016e-02 -8.757072838359918066e-02 -1.409449255539937419e-03 -4.792704323958962148e-02 2.686837129503215522e-03 1.060548858089566809e-02 -1.995477609721949680e-02 4.549865136114575326e-02 3.997648990565753901e-02 1.698879108630630547e-02 -5.354039718928449432e-03 -1.301813430305334869e-02 1.586894846514460417e-02 2.467096762773565016e-02 -1.090945178110257208e-02 -3.248138211440641798e-02 -1.754219781766985786e-02 5.204531343419306622e-02 -2.772008735381501984e-02 -2.669843300886486429e-02 3.817592965616622286e-02 -6.283634286327298424e-02 3.271037222000106742e-02 3.258674589420838125e-02 -8.335704270248165196e-03 3.466507775227481436e-02 2.891351386228138351e-03 2.541974830059678253e-02 -3.571391617461163598e-02 2.802981150160895746e-02 -4.640951623843372897e-02 -9.681933650137281022e-03 -7.561021725433918900e-03 -5.559596800506730330e-03 8.011578401819124950e-03 5.033378046292955044e-02 -3.440154070115584301e-02 5.202074197978710096e-02 7.633527593970437786e-02 -1.869404953386517377e-03 5.710817544617092373e-02 -2.943819727702392045e-02 2.135296842406893443e-03 -4.891168546721821192e-02 -3.517811290282098213e-02 1.027502116940362531e-02 -3.383019359076787358e-02
3.781241165759962053e-01 -1.210583447814129049e-01 -2.683088266246251574e-02 -8.276149726574337159e-03 1.726561705951560471e-02 -6.366947193859316678e-02 -1.018745838021133665e-01 -6.895317346787316337e-02 -1.724445014056015177e-02 6.212590295179289818e-02 -3.526890989126865716e-02 2.225604210811103420e-02 -1.210583447814115449e-01 4.447679619907263238e-01 3.116063907738871389e-02 -1.193068481402453918e-01 -1.416949088526308909e-01 1.369079923803084679e-02 -9.583320481705605298e-02 -5.833381898984650593e-02 -8.015606774693982695e-02 2.071242859822143914e-02 1.646676559426859740e-02 -1.017303206305936597e-01 -2.683088266246178716e-02 3.116063907738843980e-02 3.035892468193588933e-01 -7.984326869515658009e-02 7.177334567279862465e-03 -2.807594140763393711e-02 1.130536739447309674e-02 -1.095765004569391882e-01 -1.106728657636635166e-01 -9.192742631146569310e-03 6.840155312629928042e-02 2.715584399081342245e-03 -8.276149726574979007e-03 -1.193068481402446146e-01 -7.984326869515692704e-02 4.578704387177663926e-01 -8.081277078346428555e-02 -1.121703167106932915e-02 -5.636146528666560046e-03 -4.408009301587985374e-02 -1.499755093402795579e-02 -6.898262612073287336e-02 -6.657742508250510949e-02 1.009015614208903094e-01 1.726561705951536532e-02 -1.416949088526309741e-01 7.177334567279917976e-03 -8.081277078346402187e-02 3.121650144134233695e-01 6.896323692596487143e-02 -2.486859693814560957e-02 9.488930754473806628e-02 -3.961310777420812973e-02 -7.769618284882552628e-02 -1.965660018754540606e-02 5.904994390055206405e-02 -6.366947193859318066e-02 1.369079923803083465e-02 -2.807594140763403773e-02 -1.121703167106942629e-02 6.896323692596488530e-02 2.846183477478363422e-01 -1.383030917602752399e-03 -2.870014118117443155e-02 -1.290872313802787254e-02 -9.551745696632890636e-02 -5.548069853275207353e-02 -5.695573546415892696e-02 -1.018745838021141159e-01 -9.583320481705581706e-02 1.130536739447349399e-02 -5.636146528666312848e-03 -2.486859693814566855e-02 -1.383030917602612753e-03 3.496046283384660613e-01 -7.909926396409092120e-02 6.374524556102136030e-02 6.242270968278943594e-02 2.786179181806144531e-02 -5.064252793027204658e-02 -6.895317346787301072e-02 -5.833381898984552755e-02 -1.095765004569388412e-01 -4.408009301588006884e-02 9.488930754473787199e-02 -2.870014118117472993e-02 -7.909926396409121263e-02 3.813545478593629023e-01 -7.175215223592468217e-02 -5.651503226995369111e-02 -3.492528824661345066e-02 5.214731457611106180e-02 -1.724445014056123771e-02 -8.015606774693949388e-02 -1.106728657636631974e-01 -1.499755093402812926e-02 -3.961310777420810197e-02 -1.290872313802781182e-02 6.374524556102174888e-02 -7.175215223592418257e-02 2.862702897258375678e-01 4.432651685933160918e-02 1.029520174032559458e-02 -1.148826253876168019e-01 6.212590295179292593e-02 2.071242859822082505e-02 -9.192742631146463492e-03 -6.898262612073272071e-02 -7.769618284882530423e-02 -9.551745696632879534e-02 6.242270968278981758e-02 -5.651503226995386459e-02 4.432651685933182428e-02 1.846061888712935695e-01 -3.928683112474191941e-03 -6.485590794367732115e-02 -3.526890989126837961e-02 1.646676559426853495e-02 6.840155312629903062e-02 -6.657742508250483193e-02 -1.965660018754546157e-02 -5.548069853275208047e-02 2.786179181806119204e-02 -3.492528824661344372e-02 1.029520174032545234e-02 -3.928683112474201482e-03 2.407095220447813266e-01 -3.156399548633992413e-02 2.225604210811088848e-02 -1.017303206305936736e-01 2.715584399081015250e-03 1.009015614208905037e-01 5.904994390055203629e-02 -5.695573546415905880e-02 -5.064252793027212984e-02 5.214731457611130466e-02 -1.148826253876166353e-01 -6.485590794367737666e-02 -3.156399548634011148e-02 2.249771324783856885e-01
-5.162664609398055077e-02 6.067724024606246241e-02 2.107643571874289953e-02 4.382600106267975359e-02 -4.370487699163355666e-02 4.753700439999288679e-02 -1.160614763827552990e-03 -1.259989285503894559e-02 -4.247432776184049963e-02 -2.998587367479420632e-02 1.300192041242930786e-02 -1.224289894243076396e-02 6.664218765300070242e-03 -6.454900693679137963e-03 4.214300540374577020e-02 3.241366863782684654e-02 1.816469622248797350e-02 1.851145167864846550e-02 3.168777742983807516e-02 -3.779713516643738030e-02 -4.112555114486504682e-02 7.713266646941848922e-03 -3.323363730767092683e-02 1.867963837769405543e-03 2.288649818101665123e-02 3.657090084997978441e-02 -4.782306611709008504e-02 3.570472210120773787e-02 -5.561410370325825525e-02 -2.739857894265724375e-02 -6.391565214563078119e-04 2.074170997254370583e-02 -2.751774324691373674e-02 1.890400118223773893e-02 -2.130230471711381645e-03 8.226441632458027925e-03 9.020840350538130228e-03 -4.678679286214183775e-02 1.253930374632002999e-02 -2.229585855078405551e-02 9.208862943696971212e-03 -2.471006321880913140e-02 2.116720938327158741e-02 1.582475234414840171e-02 4.191763570381908956e-04 7.685812331435351585e-03 9.055018733171450382e-03 2.512068645764100466e-02 2.360869600012564448e-02 -1.272406452359301464e-02 4.225058684243721864e-03 -9.823587272608479137e-02 1.347359449845781862e-02 2.068359827112279184e-02 2.261686865719676753e-02 -2.274858255219807182e-02 5.310028577378880787e-02 3.280260396740062451e-02 1.836684361981938754e-02 -5.345246972282783476e-02 -4.581519306740575864e-02 -4.908192751546674309e-02 -1.618776819881321410e-02 1.136448783092872290e-02 5.460716905941033136e-03 4.602969881302931832e-02 6.846222030647891588e-02 -5.137206066959924648e-03 6.745691844232905299e-02 -1.562367021163710464e-02 9.094641388585594788e-03 -5.115775344069475872e-02 6.939677914267158073e-04 -5.090069413350412769e-02 1.304866239465921236e-02 6.105743925088338853e-02 3.420305748196931367e-02 -1.527571127528829864e-03 -2.243716843308713859e-03 -3.560964558628626660e-03 9.516079686954991360e-03 -1.929741838357630287e-02 3.416329527022561076e-03 1.793466860948786726e-03 5.563817328863158995e-02 -4.652269868773135919e-02 -4.195646704764351836e-02 3.364021520070732685e-02 3.755261572503203887e-02 -2.781574960802752662e-03 -3.790642668645299862e-02 4.796558637600714659e-02 -2.318592949180342880e-02 -2.241156243475172366e-02 -5.988008878920913353e-02 5.162604631018128526e-02 -2.650188507085193129e-02 -2.599960169014690556e-02 -4.179456425015638105e-02 2.670955947508846240e-02 8.731034085239307296e-03 -1.625105536421015198e-02 1.973240311053663099e-02 -2.022449090916984826e-04 3.714170881967287369e-02 9.031647961076000319e-03 -2.698345135645976653e-02 2.859322290134713035e-02 -5.713679852509170182e-02 7.544905253619035856e-02 -1.214037839577933320e-02 -1.778601411266125115e-02 -4.797793634954200526e-02 -6.562029911588668218e-02 -7.484951468554155649e-03 3.064101536756835831e-02 8.002847607442074504e-03 2.064014828667072241e-02 5.384929083232016522e-02 -1.025774963677332854e-02 -5.530201090408262687e-03 6.735035387261117945e-02 5.707472769781608835e-02 -8.832167309558812407e-02 -3.379436591017869612e-03 1.781989467545761971e-02 -2.460606918819800704e-02 -3.064939163955172213e-02 -2.576651670161618154e-03 6.601727012737110788e-03 5.215387894637436156e-02 -5.432335340874491769e-02 8.626778193138125161e-02 -2.172783626108265587e-02 3.578052937689601282e-02 -1.713579807569014582e-02 2.891311502361105373e-02 -7.257918430359018742e-03 -5.899632215851020878e-02 -3.517250401578957131e-02 -4.419129305899469062e-02 -3.791783493061768456e-04 -4.216212633287492323e-03 4.972053434056210308e-02
-5.162664609398055077e-02 6.664218765300070242e-03 2.288649818101665123e-02 9.020840350538130228e-03 2.360869600012564448e-02 -4.581519306740575864e-02 6.939677914267158073e-04 5.563817328863158995e-02 -2.650188507085193129e-02 -5.713679852509170182e-02 -5.530201090408262687e-03 8.626778193138125161e-02 6.067724024606246241e-02 -6.454900693679137963e-03 3.657090084997978441e-02 -4.678679286214183775e-02 -1.272406452359301464e-02 -4.908192751546674309e-02 -5.090069413350412769e-02 -4.652269868773135919e-02 -2.599960169014690556e-02 7.544905253619035856e-02 6.735035387261117945e-02 -2.172783626108265587e-02 2.107643571874289953e-02 4.214300540374577020e-02 -4.782306611709008504e-02 1.253930374632002999e-02 4.225058684243721864e-03 -1.618776819881321410e-02 1.304866239465921236e-02 -4.195646704764351836e-02 -4.179456425015638105e-02 -1.214037839577933320e-02 5.707472769781608835e-02 3.578052937689601282e-02 4.382600106267975359e-02 3.241366863782684654e-02 3.570472210120773787e-02 -2.229585855078405551e-02 -9.823587272608479137e-02 1.136448783092872290e-02 6.105743925088338853e-02 3.364021520070732685e-02 2.670955947508846240e-02 -1.778601411266125115e-02 -8.832167309558812407e-02 -1.713579807569014582e-02 -4.370487699163355666e-02 1.816469622248797350e-02 -5.561410370325825525e-02 9.208862943696971212e-03 1.347359449845781862e-02 5.460716905941033136e-03 3.420305748196931367e-02 3.755261572503203887e-02 8.731034085239307296e-03 -4.797793634954200526e-02 -3.379436591017869612e-03 2.891311502361105373e-02 4.753700439999288679e-02 1.851145167864846550e-02 -2.739857894265724375e-02 -2.471006321880913140e-02 2.068359827112279184e-02 4.602969881302931832e-02 -1.527571127528829864e-03 -2.781574960802752662e-03 -1.625105536421015198e-02 -6.562029911588668218e-02 1.781989467545761971e-02 -7.257918430359018742e-03 -1.160614763827552990e-03 3.168777742983807516e-02 -6.391565214563078119e-04 2.116720938327158741e-02 2.261686865719676753e-02 6.846222030647891588e-02 -2.243716843308713859e-03 -3.790642668645299862e-02 1.973240311053663099e-02 -7.484951468554155649e-03 -2.460606918819800704e-02 -5.899632215851020878e-02 -1.259989285503894559e-02 -3.779713516643738030e-02 2.074170997254370583e-02 1.582475234414840171e-02 -2.274858255219807182e-02 -5.137206066959924648e-03 -3.560964558628626660e-03 4.796558637600714659e-02 -2.022449090916984826e-04 3.064101536756835831e-02 -3.064939163955172213e-02 -3.517250401578957131e-02 -4.247432776184049963e-02 -4.112555114486504682e-02 -2.751774324691373674e-02 4.191763570381908956e-04 5.310028577378880787e-02 6.745691844232905299e-02 9.516079686954991360e-03 -2.318592949180342880e-02 3.714170881967287369e-02 8.002847607442074504e-03 -2.576651670161618154e-03 -4.419129305899469062e-02 -2.998587367479420632e-02 7.713266646941848922e-03 1.890400118223773893e-02 7.685812331435351585e-03 3.280260396740062451e-02 -1.562367021163710464e-02 -1.929741838357630287e-02 -2.241156243475172366e-02 9.031647961076000319e-03 2.064014828667072241e-02 6.601727012737110788e-03 -3.791783493061768456e-04 1.300192041242930786e-02 -3.323363730767092683e-02 -2.130230471711381645e-03 9.055018733171450382e-03 1.836684361981938754e-02 9.094641388585594788e-03 3.416329527022561076e-03 -5.988008878920913353e-02 -2.698345135645976653e-02 5.384929083232016522e-02 5.215387894637436156e-02 -4.216212633287492323e-03 -1.224289894243076396e-02 1.867963837769405543e-03 8.226441632458027925e-03 2.512068645764100466e-02 -5.345246972282783476e-02 -5.115775344069475872e-02 1.793466860948786726e-03 5.162604631018128526e-02 2.859322290134713035e-02 -1.025774963677332854e-02 -5.432335340874491769e-02 4.972053434056210308e-02
3.141551714225515601e-01 -3.207857955586255333e-02 1.418710223678644466e-02 -3.019786865190493032e-03 -4.624167400375027437e-02 -2.056967726162976448e-02 1.178192392704401764e-02 -5.997425820537890390e-02 -2.151713816568375653e-02 -2.010913297157753549e-02 -3.904287630006940402e-02 -4.160061973400094870e-02 -3.207857955586255333e-02 2.038857456408788849e-01 6.153631290638090362e-02 -4.213336587646719644e-02 -1.090479341423826291e-02 -7.011899166645824133e-02 -3.334544533689796225e-02 1.069444329008925956e-02 -2.556774862421240177e-02 -4.632780158698243667e-02 9.878320580592847566e-03 1.427304732691056857e-02 1.418710223678642558e-02 6.153631290638093138e-02 3.545864441004648038e-01 -4.734433336708266521e-02 7.821307260574605902e-02 -2.451537048451272321e-02 -1.043921406247818734e-01 -8.585195468502067329e-02 -8.154952750399268799e-03 -2.740131025562870387e-02 -1.261180168985070460e-01 -5.661655524130452394e-02 -3.019786865190451398e-03 -4.213336587646714787e-02 -4.734433336708264439e-02 2.411154505592907338e-01 2.873048803084018304e-02 -1.008665544162033745e-01 2.138409611629803544e-02 -6.761453802745340247e-02 -7.397142871404732700e-02 1.834575967010945372e-02 -4.849369466022084019e-02 2.837593075683248617e-02 -4.624167400375028131e-02 -1.090479341423825424e-02 7.821307260574601739e-02 2.873048803084021080e-02 4.227327914379268026e-01 -1.883751164199082978e-02 -7.271630082721840249e-02 8.434413195445163505e-03 -4.644812904337453086e-02 -9.244254622066970517e-02 -1.394937342825522918e-02 -8.909060508841722126e-02 -2.056967726162979571e-02 -7.011899166645829684e-02 -2.451537048451273362e-02 -1.008665544162033606e-01 -1.883751164199082631e-02 2.927577012212692065e-01 -4.862643034873408848e-02 4.921066969327918955e-02 5.785687515183338819e-02 -6.649717357098053339e-02 1.939154142811837928e-02 -8.294819367679019673e-02 1.178192392704400897e-02 -3.334544533689804552e-02 -1.043921406247818318e-01 2.138409611629799034e-02 -7.271630082721845800e-02 -4.862643034873397052e-02 3.146529664227408207e-01 3.355358972540111590e-02 -1.228113265622547967e-01 6.681031294869218054e-03 -2.458094564876165886e-02 8.170775826200576963e-02 -5.997425820537889696e-02 1.069444329008921793e-02 -8.585195468502075655e-02 -6.761453802745348574e-02 8.434413195445092382e-03 4.921066969327925200e-02 3.355358972540110202e-02 3.085527657503153165e-01 -1.819930612300214509e-02 -1.129034293662854044e-01 2.073564196530027891e-03 -9.114207987073651152e-03 -2.151713816568376000e-02 -2.556774862421228728e-02 -8.154952750399232370e-03 -7.397142871404725761e-02 -4.644812904337455861e-02 5.785687515183320778e-02 -1.228113265622547273e-01 -1.819930612300221795e-02 3.444849676865477939e-01 1.232773843633736335e-02 -8.524824749193447848e-02 -1.394605694140296434e-02 -2.010913297157745569e-02 -4.632780158698245748e-02 -2.740131025562863101e-02 1.834575967010950229e-02 -9.244254622066962190e-02 -6.649717357098054726e-02 6.681031294869179890e-03 -1.129034293662855154e-01 1.232773843633736335e-02 2.472906755617603203e-01 7.013229986232388802e-02 -2.528455503852044400e-02 -3.904287630006937626e-02 9.878320580592748687e-03 -1.261180168985071848e-01 -4.849369466022077080e-02 -1.394937342825519275e-02 1.939154142811842091e-02 -2.458094564876171784e-02 2.073564196529950263e-03 -8.524824749193442297e-02 7.013229986232394353e-02 2.763568223981437422e-01 -5.222829137531069012e-03 -4.160061973400095564e-02 1.427304732691058939e-02 -5.661655524130449618e-02 2.837593075683249658e-02 -8.909060508841723514e-02 -8.294819367679026612e-02 8.170775826200583902e-02 -9.114207987073621661e-03 -1.394605694140307363e-02 -2.528455503852042319e-02 -5.222829137531087226e-03 2.062424181659262834e-01
4.939272360917974780e-02 3.596863086942738569e-02 -2.915853925740170827e-02 5.832671984595040604e-02 -1.119848611513287601e-02 -4.991361873199737231e-02 -7.771216174217964769e-03 -2.833535146136980428e-03 -3.199388182666160207e-02 4.466130853306585425e-05 9.657566807633520198e-03 -2.096213047996357826e-02 3.759449866014606678e-02 -1.926797442249802983e-02 -5.335210343470057209e-02 -1.643219245177773846e-02 3.504915254236619371e-02 4.152533600030119260e-02 -9.186519007636917769e-03 3.411756656758260352e-03 7.100492652809556327e-02 -3.142177918615825932e-02 -3.310679266789667580e-03 -2.874208071239607934e-02 2.000604104672712089e-02 4.127046407236312914e-02 3.446623241397440279e-02 -5.930790305122479733e-02 -6.510917410962348273e-02 1.903652921443383869e-02 -1.664660986873238088e-02 7.487744772439746885e-03 -4.988269909897397915e-03 -2.677839149133499214e-02 9.944923517775917238e-03 3.481289664269179851e-02 7.397914845050568809e-03 -5.618900658886578567e-03 3.124459185703586453e-02 7.236810862436972303e-03 8.943393659014566011e-02 -3.486903092619229871e-02 -2.374800611354487001e-02 3.212532458448439515e-02 -2.054346609615980822e-03 1.807521245307548707e-02 -5.436666397285216251e-02 -4.525692105736564552e-02 1.596598229098692562e-02 4.279752459151071886e-02 -4.401607193770149321e-03 -2.011240839382090820e-02 -1.121368208205060849e-02 -4.867636130338393735e-02 -3.011599009660538562e-02 6.825235047893851888e-03 1.226636202326511493e-02 1.447683532095460530e-02 3.796764232905669792e-03 3.484707417155628179e-02 1.996609574951604960e-02 -5.296148304925765021e-02 -6.568131257955281410e-02 -1.729255431056092238e-02 -5.206120761923616058e-02 3.998936328687041630e-02 4.771303739494460461e-02 -1.951207262523306854e-02 -1.381416357514368351e-02 4.394744250166911226e-02 5.362518495159517701e-02 1.394124567001691489e-02 -2.442174642164358922e-02 -1.056581342178560673e-02 3.335844568768708135e-02 2.080253677231183682e-03 5.892322157830062745e-02 -3.632377821649684490e-03 5.214303931093545313e-02 1.187226773390662009e-02 2.230683171839360768e-02 -7.165413135204715123e-02 -7.520841225065898195e-02 4.578617272832102153e-02 -2.895562737262229874e-02 -8.497786074009422083e-03 2.798366940071523451e-02 -7.721763201852176184e-02 3.495579415820115193e-02 4.304015213195455658e-02 -6.163213653417654730e-02 1.218751469763767331e-02 7.355206433860776716e-02 2.785866988440145828e-03 6.241142253179361721e-02 -5.273236133982054513e-02 -4.364397206054164424e-02 4.933318423848113282e-02 3.841443864087851212e-02 -3.549396409322046891e-02 4.320979106471915798e-02 -2.475053632200562362e-03 3.789188896275147433e-02 9.203899002993773393e-03 -6.697012927625686785e-02 1.319101587384384142e-02 1.322414780428880082e-02 -2.303338333464595086e-02 2.200107608072950777e-02 -4.592017165290953468e-02 4.497457025377193940e-02 4.632484525817354148e-02 3.296706117003798085e-03 4.201742450804216156e-02 -6.239740809262157850e-02 -4.916959992846568761e-02 1.041260929310171279e-02 1.583372367753566740e-02 -2.779507152743733792e-02 -4.266014781949807599e-02 -3.753459511589644915e-02 -1.626797626580552686e-02 1.224469936702693440e-04 4.326586077666580432e-02 -8.948353991326517265e-02 -3.045715983729958137e-02 5.620054604740710308e-02 1.158412072273274501e-02 -2.517597934534359858e-02 1.109350381089886997e-02 -9.825875339471289160e-03 5.065318348340316218e-02 -4.136694606209245784e-02 2.236878774912839582e-02 -2.444640189389707396e-02 3.905336404349434021e-02 4.312646176677696619e-03 -2.737201609578552089e-02 5.738904360170229979e-03 -2.833283222941857318e-02 -4.209036473356124464e-02 1.821976329262448013e-02 4.769863995482261088e-02 9.968668849200321147e-03
4.939272360917974780e-02 3.759449866014606678e-02 2.000604104672712089e-02 7.397914845050568809e-03 1.596598229098692562e-02 1.996609574951604960e-02 -2.442174642164358922e-02 -2.895562737262229874e-02 -4.364397206054164424e-02 2.200107608072950777e-02 -3.753459511589644915e-02 -4.136694606209245784e-02 3.596863086942738569e-02 -1.926797442249802983e-02 4.127046407236312914e-02 -5.618900658886578567e-03 4.279752459151071886e-02 -5.296148304925765021e-02 -1.056581342178560673e-02 -8.497786074009422083e-03 4.933318423848113282e-02 -4.592017165290953468e-02 -1.626797626580552686e-02 2.236878774912839582e-02 -2.915853925740170827e-02 -5.335210343470057209e-02 3.446623241397440279e-02 3.124459185703586453e-02 -4.401607193770149321e-03 -6.568131257955281410e-02 3.335844568768708135e-02 2.798366940071523451e-02 3.841443864087851212e-02 4.497457025377193940e-02 1.224469936702693440e-04 -2.444640189389707396e-02 5.832671984595040604e-02 -1.643219245177773846e-02 -5.930790305122479733e-02 7.236810862436972303e-03 -2.011240839382090820e-02 -1.729255431056092238e-02 2.080253677231183682e-03 -7.721763201852176184e-02 -3.549396409322046891e-02 4.632484525817354148e-02 4.326586077666580432e-02 3.905336404349434021e-02 -1.119848611513287601e-02 3.504915254236619371e-02 -6.510917410962348273e-02 8.943393659014566011e-02 -1.121368208205060849e-02 -5.206120761923616058e-02 5.892322157830062745e-02 3.495579415820115193e-02 4.320979106471915798e-02 3.296706117003798085e-03 -8.948353991326517265e-02 4.312646176677696619e-03 -4.991361873199737231e-02 4.152533600030119260e-02 1.903652921443383869e-02 -3.486903092619229871e-02 -4.867636130338393735e-02 3.998936328687041630e-02 -3.632377821649684490e-03 4.304015213195455658e-02 -2.475053632200562362e-03 4.201742450804216156e-02 -3.045715983729958137e-02 -2.737201609578552089e-02 -7.771216174217964769e-03 -9.186519007636917769e-03 -1.664660986873238088e-02 -2.374800611354487001e-02 -3.011599009660538562e-02 4.771303739494460461e-02 5.214303931093545313e-02 -6.163213653417654730e-02 3.789188896275147433e-02 -6.239740809262157850e-02 5.620054604740710308e-02 5.738904360170229979e-03 -2.833535146136980428e-03 3.411756656758260352e-03 7.487744772439746885e-03 3.212532458448439515e-02 6.825235047893851888e-03 -1.951207262523306854e-02 1.187226773390662009e-02 1.218751469763767331e-02 9.203899002993773393e-03 -4.916959992846568761e-02 1.158412072273274501e-02 -2.833283222941857318e-02 -3.199388182666160207e-02 7.100492652809556327e-02 -4.988269909897397915e-03 -2.054346609615980822e-03 1.226636202326511493e-02 -1.381416357514368351e-02 2.230683171839360768e-02 7.355206433860776716e-02 -6.697012927625686785e-02 1.041260929310171279e-02 -2.517597934534359858e-02 -4.209036473356124464e-02 4.466130853306585425e-05 -3.142177918615825932e-02 -2.677839149133499214e-02 1.807521245307548707e-02 1.447683532095460530e-02 4.394744250166911226e-02 -7.165413135204715123e-02 2.785866988440145828e-03 1.319101587384384142e-02 1.583372367753566740e-02 1.109350381089886997e-02 1.821976329262448013e-02 9.657566807633520198e-03 -3.310679266789667580e-03 9.944923517775917238e-03 -5.436666397285216251e-02 3.796764232905669792e-03 5.362518495159517701e-02 -7.520841225065898195e-02 6.241142253179361721e-02 1.322414780428880082e-02 -2.779507152743733792e-02 -9.825875339471289160e-03 4.769863995482261088e-02 -2.096213047996357826e-02 -2.874208071239607934e-02 3.481289664269179851e-02 -4.525692105736564552e-02 3.484707417155628179e-02 1.394124567001691489e-02 4.578617272832102153e-02 -5.273236133982054513e-02 -2.303338333464595086e-02 -4.266014781949807599e-02 5.065318348340316218e-02 9.968668849200321147e-03
3.158176245595731291e-01 -7.178214434380568443e-02 7.633396811106311908e-02 4.212767209961615356e-02 -9.532121748356220392e-02 8.803282993539141010e-02 -1.148620126038491819e-02 -1.461232044967119004e-01 9.830950056942547657e-03 -6.968655043801509630e-02 -9.290377280039967267e-02 -7.628830698644981784e-03 -7.178214434380596198e-02 3.101793075321602755e-01 -6.096339796704251107e-02 -3.561258037479294453e-02 4.790492147599491324e-02 -6.213919831577690428e-02 -5.566506839808126397e-04 -1.769528341079362743e-02 2.567618094132721740e-02 -7.382516611954061418e-04 4.850648950786554808e-02 -1.798549490816678809e-01 7.633396811106352153e-02 -6.096339796704275393e-02 2.530241677621228313e-01 -2.394839292869142475e-02 -1.124346252104242438e-01 -6.175002281342124866e-02 -4.352833148188203424e-03 -1.744957653005387022e-02 4.353820154936960396e-02 3.184827584572750767e-03 -3.776319234361010663e-02 -1.250288643896863838e-01 4.212767209961582743e-02 -3.561258037479190369e-02 -2.394839292869213251e-02 2.126655039023553073e-01 -1.331832833744842071e-02 -2.656310511667869453e-02 4.095943647451923825e-02 4.051760795771810336e-02 -4.496033061987683016e-02 -2.348075880447959146e-02 -1.041458659516485974e-01 -6.409859845554159719e-02 -9.532121748356219004e-02 4.790492147599518385e-02 -1.124346252104242161e-01 -1.331832833744905215e-02 3.615796884953170753e-01 -1.156210522992252437e-01 -8.162213412565124185e-03 -2.424441789488742185e-02 -4.531023072473918528e-02 -6.294760869759584432e-02 5.845957684814513666e-02 1.211508529311109555e-01 8.803282993539139623e-02 -6.213919831577738306e-02 -6.175002281342158172e-02 -2.656310511667844473e-02 -1.156210522992253964e-01 3.603322136476629911e-01 -2.173061560201001302e-02 -3.998205418011607087e-02 -5.886068808924810325e-02 -1.180019196549584731e-01 -2.224071529478570744e-02 6.036502538727654688e-02 -1.148620126038527381e-02 -5.566506839800904527e-04 -4.352833148188879099e-03 4.095943647451934927e-02 -8.162213412564848364e-03 -2.173061560201003384e-02 2.010542251353928389e-01 2.781784741586109180e-02 -9.783255747462646368e-02 -6.114712067768211801e-02 -7.832072693182197398e-02 3.845085634832649162e-04 -1.461232044967120114e-01 -1.769528341079328049e-02 -1.744957653005396042e-02 4.051760795771817275e-02 -2.424441789488717899e-02 -3.998205418011645945e-02 2.781784741586090098e-02 3.085317278765581372e-01 -2.784272444001932925e-02 3.487975301852597187e-02 -1.378396694813853185e-01 5.070596727657477459e-02 9.830950056942816540e-03 2.567618094132669004e-02 4.353820154937016601e-02 -4.496033061987679547e-02 -4.531023072473949753e-02 -5.886068808924803386e-02 -9.783255747462626939e-02 -2.784272444001944721e-02 2.731417300167721107e-01 3.711360478099547111e-02 2.073912996089789795e-02 -4.095276019950910146e-02 -6.968655043801497140e-02 -7.382516611955926246e-04 3.184827584573461570e-03 -2.348075880447964003e-02 -6.294760869759580268e-02 -1.180019196549589588e-01 -6.114712067768222903e-02 3.487975301852568044e-02 3.711360478099570009e-02 2.813214612057609587e-01 4.155083543924262962e-02 -4.913925565301484333e-02 -9.290377280039927022e-02 4.850648950786453500e-02 -3.776319234360949600e-02 -1.041458659516489305e-01 5.845957684814465094e-02 -2.224071529478525988e-02 -7.832072693182208500e-02 -1.378396694813852907e-01 2.073912996089805408e-02 4.155083543924237982e-02 3.269441496241233258e-01 -9.074750049016430675e-02 -7.628830698644973110e-03 -1.798549490816679086e-01 -1.250288643896863561e-01 -6.409859845554130575e-02 1.211508529311109972e-01 6.036502538727599176e-02 3.845085634834020136e-04 5.070596727657498276e-02 -4.095276019950909452e-02 -4.913925565301442699e-02 -9.074750049016476472e-02 4.120104320034222445e-01
-3.008747839154802053e-02 1.600341329495039849e-02 2.401729848140479393e-02 -2.611787236653727654e-02 4.507375370399958892e-02 -8.085778432001997085e-02 -4.805110299571280566e-03 -1.429443160940781395e-02 1.644322436333850446e-02 4.605315170223651250e-02 4.186550216989755324e-02 -2.506270153669054243e-02 -4.745676602276922840e-02 2.635656054602545165e-02 -1.318742440476032736e-02 3.060334753044269968e-02 1.414471585975419880e-02 -2.528480677206963734e-02 2.744553569595185871e-02 5.512565809891466911e-02 -1.367913847137023492e-02 1.842075340101525594e-03 -2.219003000707496856e-02 -2.737528349014683657e-02 -3.983025102359775277e-02 4.068271106772102658e-02 -4.303135208016171942e-02 -4.750284258532856685e-02 1.589294993386431570e-02 4.753131505336848778e-02 2.192632257168504288e-03 9.307249101026811126e-04 -2.625347409757225817e-02 -1.598682824860087753e-02 4.376806577903499113e-02 1.179928258657077407e-02 -1.123567284640098439e-02 3.018121710288968178e-03 -6.699619709208982921e-02 1.310100941453425268e-02 7.330332829595426376e-03 4.463374498174561833e-02 -2.955834922382118493e-02 -1.971057797227465658e-02 2.697983848754655078e-02 1.625179882411307772e-02 3.179072548459100506e-02 9.416320028051245947e-03 3.262465439880266049e-02 -2.121392956700138971e-02 2.749784610804832316e-02 1.324572021618083788e-02 -5.501754720947722721e-02 5.332606846511087767e-02 1.304626461675123875e-02 3.227940893111122707e-03 -4.811771482152749427e-03 -5.022347737496992565e-02 -2.467973065776193908e-02 -1.146355321457208191e-02 5.462144607407697777e-02 -5.916411119524202233e-02 4.595110150149994688e-02 -2.043632987038760188e-02 2.282314511830717263e-02 -2.664905161000823142e-02 -4.700678024276781775e-03 -3.687122224077937771e-02 -5.991764604880026393e-03 8.772302999085148864e-03 -1.169319327764309357e-02 4.363648500579046796e-02 4.925257699087889733e-03 -2.957994067417022560e-02 2.946242569203254280e-02 2.437305123205076376e-02 -1.372010355964430918e-02 -5.479503977694085565e-03 -1.018495752205943530e-02 5.050075403845551841e-02 1.775374539421690698e-02 -1.265595812881184674e-03 -7.854011825747511666e-02 2.727971071915018600e-02 -2.124422190147455883e-02 1.924401319991495343e-02 1.870376378495742717e-02 6.944032549589010091e-04 4.722200249569300304e-03 -1.348634214747246145e-02 5.923305325907810004e-02 3.340793399984811479e-02 -5.686244400452524633e-02 -1.969375510498355686e-02 -4.031504220897827451e-02 -4.720008628423490692e-03 -9.402636950830461915e-03 3.122239251379997638e-02 -2.685302317654697513e-02 -3.195084543424403511e-02 1.028346781253379819e-02 1.250492105970832379e-02 -3.400362243043508759e-02 -2.329883714021559193e-02 3.382082552502725659e-02 4.796294731484719576e-03 2.629063333690883492e-02 1.716896000133702471e-02 1.273122702434385453e-02 -2.167081143010651800e-02 4.600043390229029139e-02 -6.588547827629021025e-03 -5.431477089505726968e-02 8.580865599635991922e-03 -1.361978341323721864e-02 -3.793974556687254585e-02 4.709278056477017582e-02 4.774142258810828987e-03 5.556288667299584538e-02 -6.347395101609758228e-02 7.014772860575680877e-04 -3.689923587072950484e-04 1.344623815162716840e-02 -1.966044637971148257e-03 -1.821201517189990557e-02 -5.530732733481780183e-02 -9.271589023092580151e-03 -1.977004935973851463e-03 3.968882917790912679e-03 5.710987149153961412e-02 2.881296722727866993e-02 -2.507658618080758905e-02 4.010267151455353118e-02 -5.548894395635953214e-03 -5.011167132029996363e-02 4.393878917117371996e-02 3.665110591680305341e-02 2.381242826845594851e-02 -6.280551420775104532e-03 -2.706462470360549571e-02 -2.603233360422817222e-02 -3.631130133830387519e-02 -1.300094263873696754e-02 3.457456052182744655e-02
-3.008747839154802053e-02 -4.745676602276922840e-02 -3.983025102359775277e-02 -1.123567284640098439e-02 3.262465439880266049e-02 5.462144607407697777e-02 4.925257699087889733e-03 -2.124422190147455883e-02 -9.402636950830461915e-03 1.273122702434385453e-02 7.014772860575680877e-04 4.010267151455353118e-02 1.600341329495039849e-02 2.635656054602545165e-02 4.068271106772102658e-02 3.018121710288968178e-03 -2.121392956700138971e-02 -5.916411119524202233e-02 -2.957994067417022560e-02 1.924401319991495343e-02 3.122239251379997638e-02 -2.167081143010651800e-02 -3.689923587072950484e-04 -5.548894395635953214e-03 2.401729848140479393e-02 -1.318742440476032736e-02 -4.303135208016171942e-02 -6.699619709208982921e-02 2.749784610804832316e-02 4.595110150149994688e-02 2.946242569203254280e-02 1.870376378495742717e-02 -2.685302317654697513e-02 4.600043390229029139e-02 1.344623815162716840e-02 -5.011167132029996363e-02 -2.611787236653727654e-02 3.060334753044269968e-02 -4.750284258532856685e-02 1.310100941453425268e-02 1.324572021618083788e-02 -2.043632987038760188e-02 2.437305123205076376e-02 6.944032549589010091e-04 -3.195084543424403511e-02 -6.588547827629021025e-03 -1.966044637971148257e-03 4.393878917117371996e-02 4.507375370399958892e-02 1.414471585975419880e-02 1.589294993386431570e-02 7.330332829595426376e-03 -5.501754720947722721e-02 2.282314511830717263e-02 -1.372010355964430918e-02 4.722200249569300304e-03 1.028346781253379819e-02 -5.431477089505726968e-02 -1.821201517189990557e-02 3.665110591680305341e-02 -8.085778432001997085e-02 -2.528480677206963734e-02 4.753131505336848778e-02 4.463374498174561833e-02 5.332606846511087767e-02 -2.664905161000823142e-02 -5.479503977694085565e-03 -1.348634214747246145e-02 1.250492105970832379e-02 8.580865599635991922e-03 -5.530732733481780183e-02 2.381242826845594851e-02 -4.805110299571280566e-03 2.744553569595185871e-02 2.192632257168504288e-03 -2.955834922382118493e-02 1.304626461675123875e-02 -4.700678024276781775e-03 -1.018495752205943530e-02 5.923305325907810004e-02 -3.400362243043508759e-02 -1.361978341323721864e-02 -9.271589023092580151e-03 -6.280551420775104532e-03 -1.429443160940781395e-02 5.512565809891466911e-02 9.307249101026811126e-04 -1.971057797227465658e-02 3.227940893111122707e-03 -3.687122224077937771e-02 5.050075403845551841e-02 3.340793399984811479e-02 -2.329883714021559193e-02 -3.793974556687254585e-02 -1.977004935973851463e-03 -2.706462470360549571e-02 1.644322436333850446e-02 -1.367913847137023492e-02 -2.625347409757225817e-02 2.697983848754655078e-02 -4.811771482152749427e-03 -5.991764604880026393e-03 1.775374539421690698e-02 -5.686244400452524633e-02 3.382082552502725659e-02 4.709278056477017582e-02 3.968882917790912679e-03 -2.603233360422817222e-02 4.605315170223651250e-02 1.842075340101525594e-03 -1.598682824860087753e-02 1.625179882411307772e-02 -5.022347737496992565e-02 8.772302999085148864e-03 -1.265595812881184674e-03 -1.969375510498355686e-02 4.796294731484719576e-03 4.774142258810828987e-03 5.710987149153961412e-02 -3.631130133830387519e-02 4.186550216989755324e-02 -2.219003000707496856e-02 4.376806577903499113e-02 3.179072548459100506e-02 -2.467973065776193908e-02 -1.169319327764309357e-02 -7.854011825747511666e-02 -4.031504220897827451e-02 2.629063333690883492e-02 5.556288667299584538e-02 2.881296722727866993e-02 -1.300094263873696754e-02 -2.506270153669054243e-02 -2.737528349014683657e-02 1.179928258657077407e-02 9.416320028051245947e-03 -1.146355321457208191e-02 4.363648500579046796e-02 2.727971071915018600e-02 -4.720008628423490692e-03 1.716896000133702471e-02 -6.347395101609758228e-02 -2.507658618080758905e-02 3.457456052182744655e-02
2.282018941124479838e-01 4.669122538225516095e-02 -6.726134720047226290e-02 -4.754234765254354567e-02 -7.936695019932826778e-02 6.649339884125569922e-02 4.232419293027493701e-02 -1.189885230988044912e-02 -7.634069918250536990e-02 7.270194744362470929e-02 1.902348078430667402e-02 -9.488730548988286162e-02 4.669122538225979613e-02 2.745485095429653910e-01 -8.870675029163985204e-02 -2.977370141027209718e-02 -1.139322137861936875e-02 -3.890034590066120124e-02 -9.321565346745638858e-02 6.178569941654118991e-02 -8.152112636430700054e-02 3.506669280236170659e-03 8.154785315322932160e-02 -8.274263691531096032e-02 -6.726134720047284576e-02 -8.870675029164626357e-02 2.926408944107143362e-01 -1.536249938644649107e-02 3.979263478002523224e-02 2.014240544517337944e-02 -2.114492829313513803e-02 3.621280867392637475e-03 6.532328701834744233e-02 -3.112106192301125271e-02 -1.357467470352032302e-01 -5.009257124827750512e-02 -4.754234765254543305e-02 -2.977370141027241984e-02 -1.536249938644431920e-02 1.912648426357446696e-01 -5.710985939269862255e-02 -8.953436674955106422e-02 -3.929674116439343945e-02 -4.007975288687972565e-02 5.763090884669491015e-02 -2.683626605843931340e-02 5.582650369059765499e-02 2.077547616707877895e-02 -7.936695019932685224e-02 -1.139322137861575358e-02 3.979263478002450366e-02 -5.710985939270151607e-02 1.824958141464659289e-01 3.559974119268809883e-02 -6.005611338419945128e-02 8.659915328009354721e-03 -1.423381087495542707e-02 -4.048604958080460892e-02 -6.778010624748595503e-02 2.730141926584897863e-02 6.649339884125478328e-02 -3.890034590066233922e-02 2.014240544516783873e-02 -8.953436674954992625e-02 3.559974119268623921e-02 2.467486031800901480e-01 2.201032765381834982e-02 -3.616224569780479570e-02 -9.383627692350199334e-02 2.900117679285584699e-02 -7.816170658902500679e-02 -6.517134052331949486e-03 4.232419293027562396e-02 -9.321565346745261382e-02 -2.114492829314583433e-02 -3.929674116439614562e-02 -6.005611338419992312e-02 2.201032765381769410e-02 3.160663105171335197e-01 -5.504649292373945541e-02 1.434871812460201089e-02 7.411525217944654916e-03 -1.063131642396013266e-01 -3.323404098214028518e-02 -1.189885230988225844e-02 6.178569941653652697e-02 3.621280867403730164e-03 -4.007975288688086363e-02 8.659915328014496441e-03 -3.616224569779735026e-02 -5.504649292374386160e-02 2.702174802233944240e-01 -6.378100814674278474e-02 -2.436397961371987789e-02 -6.789202747481608291e-02 -7.206206680061637282e-02 -7.634069918250291353e-02 -8.152112636430691728e-02 6.532328701834440310e-02 5.763090884669382075e-02 -1.423381087495776375e-02 -9.383627692350236804e-02 1.434871812461068624e-02 -6.378100814674221575e-02 1.774759639865837180e-01 -5.748013605622199346e-02 -9.191527014763516482e-03 1.971794387959027381e-02 7.270194744362196149e-02 3.506669280232114442e-03 -3.112106192301186680e-02 -2.683626605843617008e-02 -4.048604958080615629e-02 2.900117679285385899e-02 7.411525217942802231e-03 -2.436397961372232385e-02 -5.748013605622037669e-02 2.229081057538399024e-01 9.640446009830711330e-03 -7.678028187027170770e-02 1.902348078430743036e-02 8.154785315322787831e-02 -1.357467470351985117e-01 5.582650369060231099e-02 -6.778010624748916080e-02 -7.816170658902873991e-02 -1.063131642396024090e-01 -6.789202747480946321e-02 -9.191527014761276954e-03 9.640446009828535986e-03 3.207332795311200191e-01 -3.808649088589659976e-02 -9.488730548988548452e-02 -8.274263691529940012e-02 -5.009257124828227908e-02 2.077547616707916753e-02 2.730141926585323911e-02 -6.517134052341087141e-03 -3.323404098215108904e-02 -7.206206680061238989e-02 1.971794387959205017e-02 -7.678028187027861884e-02 -3.808649088588849513e-02 3.287589220125411438e-01
1.238181073724615826e-02 3.676273611738413438e-02 2.216091867321596381e-02 -2.853352685408007058e-02 3.830661995703597833e-02 4.318096346428828419e-02 -7.702373071150601935e-02 -8.634151877771601563e-03 -4.618391524359079930e-02 6.147903636191529714e-03 1.383260665604653036e-02 1.420076888246290213e-02 -1.728090073734777493e-02 -4.492627528030822964e-02 1.136652895051135093e-02 1.775388731091765218e-02 -3.224597733999999289e-03 2.692134255742126975e-02 3.998470334667921650e-02 -7.376013406040277109e-02 3.832445887705973608e-02 2.588749725025239409e-02 2.979795287982826835e-02 -4.809728469880113905e-02 -1.598980082911543145e-03 3.915833162997568034e-02 -3.742673613573738872e-02 1.305982994181993130e-02 1.044256488440991823e-02 1.391526140858229121e-02 -6.659844895387950769e-02 7.052215629746137748e-02 3.207295506808934861e-03 -2.553546096749743921e-02 -5.461551824202094674e-02 3.312723968038644440e-02 -1.130833451046312464e-02 -4.035092210695786358e-02 4.767808549970540405e-02 6.607147076310541066e-03 -3.380843779922945019e-02 -3.922111381730022939e-02 5.018592260552272311e-02 4.408310438511585383e-02 3.158139842793190877e-02 1.782808103456261575e-02 -6.136904103401827348e-02 -1.937659160027821112e-02 1.009119594053559804e-02 -4.637308344578805475e-02 -3.681923253445992805e-02 2.187614124289229828e-02 -9.701318069921133561e-03 -7.371826489862337052e-03 4.777461862554835403e-02 6.214374701347682300e-02 -4.238692866775660428e-02 -3.359946459300591770e-02 -2.614756278920526977e-02 3.760076510959944190e-02 1.177129965805653183e-02 4.236612231511417692e-02 7.489970203058689963e-03 -5.749844670185415459e-03 1.329480688496677450e-02 -2.410356467193116876e-03 -5.909649306974665978e-02 -1.081258675528285439e-02 -1.248217066694060767e-02 -8.215381477319962100e-03 2.536088622129898176e-02 1.048143881717616618e-02 2.715535817846781441e-02 3.099559760042303828e-03 -6.143600958230128854e-03 3.698973044137994839e-03 2.747355718463470597e-02 -3.044876324552538843e-02 1.570644414790356089e-02 -1.247391665184638399e-02 3.747022528670843067e-02 -1.101913286334598070e-02 -9.137504174228778392e-03 -5.358831454499696917e-02 3.303435132733204688e-02 3.402888388165473815e-02 3.142731359877069808e-02 -2.004639959283879835e-02 -4.347206493605861727e-02 2.808289604464841993e-02 6.963415930495361894e-02 -4.734728718141368448e-02 2.136935529389690294e-02 -8.631822500477875871e-04 -3.020677131349710012e-02 -4.430888868931254915e-02 -1.068967747047466083e-02 2.691469705651937383e-02 -2.023670716235135073e-02 9.832953702261226780e-04 -1.803499760014976722e-02 5.087015312768384395e-03 4.035675355666429320e-03 -3.665666317568292559e-03 -1.780346543916703703e-02 3.833018653354061667e-02 5.109404742766422702e-02 -4.653903727186217698e-02 3.690341144879015489e-02 -7.696623843440904278e-02 3.518204887398736908e-02 -1.896819287739837795e-02 -1.407540877061281073e-02 3.317337702039478697e-02 4.669458864684641886e-02 -2.727924300415485517e-02 -7.086345749259197191e-03 5.897310062864839081e-02 -5.652401093138029881e-02 1.874572441838158465e-02 -3.695619447532651203e-02 9.530785148654697878e-03 -2.032274062897101649e-02 7.988832405059112518e-03 3.385626490320612497e-02 4.280135369767727738e-03 -3.834503460239934575e-02 1.234314451748913175e-02 -1.350436649638160971e-02 -3.396015508008378564e-02 3.703097206475883252e-02 1.452940705379409531e-02 -4.630676756473214861e-02 1.505787695422768774e-02 -2.119649622709178852e-02 6.976779354305934211e-03 -1.449687258546510614e-02 -8.627492291925104029e-02 -3.496051725783502068e-02 -2.728495587282733434e-02 4.396046580082880323e-02 -2.036416678043665232e-02 7.017494488960415722e-02 7.588570846272782444e-02
1.238181073724615826e-02 -1.728090073734777493e-02 -1.598980082911543145e-03 -1.130833451046312464e-02 1.009119594053559804e-02 1.177129965805653183e-02 2.715535817846781441e-02 3.303435132733204688e-02 -1.068967747047466083e-02 3.690341144879015489e-02 -3.695619447532651203e-02 -4.630676756473214861e-02 3.676273611738413438e-02 -4.492627528030822964e-02 3.915833162997568034e-02 -4.035092210695786358e-02 -4.637308344578805475e-02 4.236612231511417692e-02 3.099559760042303828e-03 3.402888388165473815e-02 2.691469705651937383e-02 -7.696623843440904278e-02 9.530785148654697878e-03 1.505787695422768774e-02 2.216091867321596381e-02 1.136652895051135093e-02 -3.742673613573738872e-02 4.767808549970540405e-02 -3.681923253445992805e-02 7.489970203058689963e-03 -6.143600958230128854e-03 3.142731359877069808e-02 -2.023670716235135073e-02 3.518204887398736908e-02 -2.032274062897101649e-02 -2.119649622709178852e-02 -2.853352685408007058e-02 1.775388731091765218e-02 1.305982994181993130e-02 6.607147076310541066e-03 2.187614124289229828e-02 -5.749844670185415459e-03 3.698973044137994839e-03 -2.004639959283879835e-02 9.832953702261226780e-04 -1.896819287739837795e-02 7.988832405059112518e-03 6.976779354305934211e-03 3.830661995703597833e-02 -3.224597733999999289e-03 1.044256488440991823e-02 -3.380843779922945019e-02 -9.701318069921133561e-03 1.329480688496677450e-02 2.747355718463470597e-02 -4.347206493605861727e-02 -1.803499760014976722e-02 -1.407540877061281073e-02 3.385626490320612497e-02 -1.449687258546510614e-02 4.318096346428828419e-02 2.692134255742126975e-02 1.391526140858229121e-02 -3.922111381730022939e-02 -7.371826489862337052e-03 -2.410356467193116876e-03 -3.044876324552538843e-02 2.808289604464841993e-02 5.087015312768384395e-03 3.317337702039478697e-02 4.280135369767727738e-03 -8.627492291925104029e-02 -7.702373071150601935e-02 3.998470334667921650e-02 -6.659844895387950769e-02 5.018592260552272311e-02 4.777461862554835403e-02 -5.909649306974665978e-02 1.570644414790356089e-02 6.963415930495361894e-02 4.035675355666429320e-03 4.669458864684641886e-02 -3.834503460239934575e-02 -3.496051725783502068e-02 -8.634151877771601563e-03 -7.376013406040277109e-02 7.052215629746137748e-02 4.408310438511585383e-02 6.214374701347682300e-02 -1.081258675528285439e-02 -1.247391665184638399e-02 -4.734728718141368448e-02 -3.665666317568292559e-03 -2.727924300415485517e-02 1.234314451748913175e-02 -2.728495587282733434e-02 -4.618391524359079930e-02 3.832445887705973608e-02 3.207295506808934861e-03 3.158139842793190877e-02 -4.238692866775660428e-02 -1.248217066694060767e-02 3.747022528670843067e-02 2.136935529389690294e-02 -1.780346543916703703e-02 -7.086345749259197191e-03 -1.350436649638160971e-02 4.396046580082880323e-02 6.147903636191529714e-03 2.588749725025239409e-02 -2.553546096749743921e-02 1.782808103456261575e-02 -3.359946459300591770e-02 -8.215381477319962100e-03 -1.101913286334598070e-02 -8.631822500477875871e-04 3.833018653354061667e-02 5.897310062864839081e-02 -3.396015508008378564e-02 -2.036416678043665232e-02 1.383260665604653036e-02 2.979795287982826835e-02 -5.461551824202094674e-02 -6.136904103401827348e-02 -2.614756278920526977e-02 2.536088622129898176e-02 -9.137504174228778392e-03 -3.020677131349710012e-02 5.109404742766422702e-02 -5.652401093138029881e-02 3.703097206475883252e-02 7.017494488960415722e-02 1.420076888246290213e-02 -4.809728469880113905e-02 3.312723968038644440e-02 -1.937659160027821112e-02 3.760076510959944190e-02 1.048143881717616618e-02 -5.358831454499696917e-02 -4.430888868931254915e-02 -4.653903727186217698e-02 1.874572441838158465e-02 1.452940705379409531e-02 7.588570846272782444e-02
1.877595136098858808e-01 -5.840185932612335790e-03 2.725215348189486547e-02 -8.345140661873168275e-02 -1.261507324450829581e-01 1.012373267239413815e-01 -1.418180028824126727e-02 -1.402261408182294694e-02 -3.529620750657690847e-02 -3.295398540254657060e-02 3.750331568265760640e-02 -8.151434963045194049e-02 -5.840185932612390433e-03 2.154267342436031463e-01 -2.205264457250711088e-02 -2.886484942965959061e-02 -9.014331755555335390e-02 3.867333481584818433e-02 -1.000052886483531953e-02 8.832784061783635274e-03 -2.426257095604306829e-02 3.321627485812275044e-02 -3.520819151673629244e-02 -8.146818913884312785e-02 2.725215348189502507e-02 -2.205264457250674312e-02 2.246928768948958932e-01 -5.792655954027387671e-02 -3.017456649217325343e-02 6.038997724884357515e-02 -1.674416752196321301e-02 -5.126793958480638236e-02 -8.449906191845994730e-02 -7.553590116573861979e-02 1.766476170021968536e-02 -1.339188128530573695e-02 -8.345140661873153010e-02 -2.886484942965948999e-02 -5.792655954027377263e-02 3.027992479125264369e-01 6.899430497389312522e-02 3.253478882274148023e-03 1.906784744872450782e-02 -1.422816536291910544e-02 -1.068222385147697684e-01 -1.010852759986297089e-02 -2.772101709620402102e-02 1.922308042952752816e-02 -1.261507324450829859e-01 -9.014331755555311798e-02 -3.017456649217317363e-02 6.899430497389351380e-02 2.997815181852447886e-01 -4.048040061753989394e-02 -8.397824580941089245e-02 2.027305068036760680e-02 2.523739962920954882e-03 -2.362599105292090967e-02 -1.723136951933196964e-02 2.240922921571520537e-02 1.012373267239417285e-01 3.867333481584873250e-02 6.038997724884331147e-02 3.253478882274102920e-03 -4.048040061754044211e-02 2.902208526674472933e-01 -3.836648676380186029e-02 -6.417437876520422357e-02 -7.866680516339577545e-02 -1.104941362172101177e-01 -1.026083438074857496e-01 -8.088330868964953291e-02 -1.418180028824136095e-02 -1.000052886483565606e-02 -1.674416752196308464e-02 1.906784744872453904e-02 -8.397824580941068429e-02 -3.836648676380201295e-02 1.566710511120891491e-01 -3.601045964812676220e-02 5.667599872512033010e-02 3.254527011350598353e-02 -3.952365311514383084e-02 -1.608577183280688119e-02 -1.402261408182311174e-02 8.832784061783647417e-03 -5.126793958480647950e-02 -1.422816536291920952e-02 2.027305068036759639e-02 -6.417437876520430684e-02 -3.601045964812655403e-02 2.273417294865057170e-01 7.489174330046351712e-03 -1.517025532415280410e-02 1.767015914239589147e-02 -8.711734766036170752e-02 -3.529620750657713746e-02 -2.426257095604344299e-02 -8.449906191845987791e-02 -1.068222385147693937e-01 2.523739962921248050e-03 -7.866680516339570606e-02 5.667599872512038561e-02 7.489174330045980481e-03 2.497362157130805504e-01 7.602546188220959955e-02 -7.099213837178193487e-02 6.218250271029526766e-03 -3.295398540254673714e-02 3.321627485812227165e-02 -7.553590116573848101e-02 -1.010852759986296742e-02 -2.362599105292072579e-02 -1.104941362172102565e-01 3.254527011350613619e-02 -1.517025532415311115e-02 7.602546188220976608e-02 2.014331779555154633e-01 -4.209588246774188108e-02 1.553919742936637864e-02 3.750331568265753007e-02 -3.520819151673628550e-02 1.766476170021976863e-02 -2.772101709620436796e-02 -1.723136951933155331e-02 -1.026083438074856941e-01 -3.952365311514413615e-02 1.767015914239623148e-02 -7.099213837178197650e-02 -4.209588246774197129e-02 1.876248778360452840e-01 6.864246453109243418e-02 -8.151434963045182946e-02 -8.146818913884330826e-02 -1.339188128530536398e-02 1.922308042952755591e-02 2.240922921571544477e-02 -8.088330868964910270e-02 -1.608577183280728365e-02 -8.711734766036166588e-02 6.218250271029087881e-03 1.553919742936591721e-02 6.864246453109261459e-02 3.282415619063497325e-01
-8.680166339487331920e-03 5.169035267187521016e-02 6.296363894575182293e-03 4.388601789452663271e-02 3.388100790030915913e-03 7.248386861139599624e-02 -1.521431208104460919e-02 -2.235637447869389532e-02 -6.077134673587524655e-02 -3.562473229328801810e-02 -2.888789255773269865e-02 5.293287285507463844e-03 -3.986401981322455247e-03 -1.743346626573415441e-04 5.337943925253433274e-03 9.088129128614090557e-02 4.607278302868845349e-02 4.868110773949235054e-02 -1.701430792954496118e-02 -3.941557903108113686e-02 -6.057093472735945033e-02 -4.178079856678117154e-02 -5.772387081783228110e-03 -2.183206034038666019e-02 2.798850318871242901e-02 5.209288136347214188e-02 -7.871074348473422466e-03 -2.413145881434174481e-02 -7.563356048915344243e-02 3.119318389525664245e-02 3.218722993334731386e-02 -4.159442927650398858e-02 1.617515171926117018e-02 1.301280178159995755e-02 -1.075396746927955935e-02 -1.904126849479341466e-02 -6.116390302559857571e-03 -5.512373192728798298e-03 1.204674062274140207e-02 -5.587391901164513730e-02 -1.017207758451395966e-02 -5.732499790788061350e-02 1.165411472374438748e-02 -2.092776080956695525e-02 4.658614170857757614e-02 2.016555877147766657e-02 2.699533977585741665e-02 3.368724484602835662e-02 1.852934650966261889e-03 6.865687946636483963e-02 -8.629568480284748391e-03 3.326122880585218738e-02 -4.830779455698391844e-02 -9.124765664460899456e-03 -5.085610311152424096e-03 2.598817666711242865e-03 -4.869973563624581392e-02 4.559056766390367360e-02 7.342365630502454069e-03 -2.608992817980793771e-02 4.602368267019736961e-03 -2.850838973356075931e-02 1.525448236598869398e-02 3.074932844446922817e-02 -1.725456530478064465e-02 -1.949557440707571504e-02 1.901631862190808530e-03 6.142251967180970343e-03 -5.359895539354696953e-02 -2.671638777529097147e-03 4.732598476172329011e-02 3.036242342144744588e-02 -2.609208921570274273e-02 1.546107014399242946e-02 -8.274968452194844670e-03 -4.771498684770416471e-02 2.548917567544711077e-02 -4.070577501851084523e-02 7.797044496300611222e-03 5.813094963921557057e-02 5.054502762326533449e-02 4.410272435935157220e-02 -3.593274971305407406e-02 -5.356034923239943318e-02 -1.599242255012613134e-02 -1.355424873689252928e-02 -2.792824928357203612e-02 -5.273454489166770794e-03 1.007704811382876056e-02 5.252940696538820758e-03 1.787765732903544291e-02 -1.486443821183324951e-02 7.441119072074016405e-02 4.115480836353146293e-02 -6.427024693429017610e-02 8.418324006254022940e-03 -2.702534835151793047e-02 -1.906265503473357492e-03 -2.422522276334868746e-02 9.755338883507283509e-03 7.199355453775536928e-02 8.902841859367455202e-02 -2.424804155841629033e-02 1.633365914722880244e-02 3.696995180937504011e-02 -3.659782446730325267e-02 -8.537075992112613809e-02 -3.061353931361161101e-02 2.742492735770316742e-02 -4.893112909609904221e-02 -3.124811316574538367e-02 4.664021455035513575e-02 -1.364163939103013763e-02 -2.602954252094421411e-02 1.084355952361472884e-02 1.925557904235077403e-02 -2.337694575008422357e-02 -2.445206894421009941e-02 4.506522878100482216e-02 3.460490269908030048e-02 1.245766221702997167e-02 -3.873269580775680343e-02 -3.144119871742602490e-02 -4.976693247742195597e-03 1.270974815052731098e-02 -6.769532773975754647e-02 8.722661528736342512e-03 4.152408481614693753e-02 3.445165784704083689e-02 2.090253532342346149e-02 3.218697222813125119e-02 -3.190126043294697067e-02 3.737834191690037316e-03 -2.384228755064886698e-02 6.862603214755698400e-02 -7.297392863514720607e-02 4.606414492927747746e-04 -7.563183117599699308e-03 -2.994944748255312303e-02 -1.372367002605153624e-02 -1.839741984030916419e-02 -2.502662784544658001e-02 4.728258624786844250e-02 6.761779736669498719e-02
-8.680166339487331920e-03 -3.986401981322455247e-03 2.798850318871242901e-02 -6.116390302559857571e-03 1.852934650966261889e-03 4.602368267019736961e-03 -2.609208921570274273e-02 -1.599242255012613134e-02 -2.702534835151793047e-02 2.742492735770316742e-02 1.245766221702997167e-02 3.737834191690037316e-03 5.169035267187521016e-02 -1.743346626573415441e-04 5.209288136347214188e-02 -5.512373192728798298e-03 6.865687946636483963e-02 -2.850838973356075931e-02 1.546107014399242946e-02 -1.355424873689252928e-02 -1.906265503473357492e-03 -4.893112909609904221e-02 -3.873269580775680343e-02 -2.384228755064886698e-02 6.296363894575182293e-03 5.337943925253433274e-03 -7.871074348473422466e-03 1.204674062274140207e-02 -8.629568480284748391e-03 1.525448236598869398e-02 -8.274968452194844670e-03 -2.792824928357203612e-02 -2.422522276334868746e-02 -3.124811316574538367e-02 -3.144119871742602490e-02 6.862603214755698400e-02 4.388601789452663271e-02 9.088129128614090557e-02 -2.413145881434174481e-02 -5.587391901164513730e-02 3.326122880585218738e-02 3.074932844446922817e-02 -4.771498684770416471e-02 -5.273454489166770794e-03 9.755338883507283509e-03 4.664021455035513575e-02 -4.976693247742195597e-03 -7.297392863514720607e-02 3.388100790030915913e-03 4.607278302868845349e-02 -7.563356048915344243e-02 -1.017207758451395966e-02 -4.830779455698391844e-02 -1.725456530478064465e-02 2.548917567544711077e-02 1.007704811382876056e-02 7.199355453775536928e-02 -1.364163939103013763e-02 1.270974815052731098e-02 4.606414492927747746e-04 7.248386861139599624e-02 4.868110773949235054e-02 3.119318389525664245e-02 -5.732499790788061350e-02 -9.124765664460899456e-03 -1.949557440707571504e-02 -4.070577501851084523e-02 5.252940696538820758e-03 8.902841859367455202e-02 -2.602954252094421411e-02 -6.769532773975754647e-02 -7.563183117599699308e-03 -1.521431208104460919e-02 -1.701430792954496118e-02 3.218722993334731386e-02 1.165411472374438748e-02 -5.085610311152424096e-03 1.901631862190808530e-03 7.797044496300611222e-03 1.787765732903544291e-02 -2.424804155841629033e-02 1.084355952361472884e-02 8.722661528736342512e-03 -2.994944748255312303e-02 -2.235637447869389532e-02 -3.941557903108113686e-02 -4.159442927650398858e-02 -2.092776080956695525e-02 2.598817666711242865e-03 6.142251967180970343e-03 5.813094963921557057e-02 -1.486443821183324951e-02 1.633365914722880244e-02 1.925557904235077403e-02 4.152408481614693753e-02 -1.372367002605153624e-02 -6.077134673587524655e-02 -6.057093472735945033e-02 1.617515171926117018e-02 4.658614170857757614e-02 -4.869973563624581392e-02 -5.359895539354696953e-02 5.054502762326533449e-02 7.441119072074016405e-02 3.696995180937504011e-02 -2.337694575008422357e-02 3.445165784704083689e-02 -1.839741984030916419e-02 -3.562473229328801810e-02 -4.178079856678117154e-02 1.301280178159995755e-02 2.016555877147766657e-02 4.559056766390367360e-02 -2.671638777529097147e-03 4.410272435935157220e-02 4.115480836353146293e-02 -3.659782446730325267e-02 -2.445206894421009941e-02 2.090253532342346149e-02 -2.502662784544658001e-02 -2.888789255773269865e-02 -5.772387081783228110e-03 -1.075396746927955935e-02 2.699533977585741665e-02 7.342365630502454069e-03 4.732598476172329011e-02 -3.593274971305407406e-02 -6.427024693429017610e-02 -8.537075992112613809e-02 4.506522878100482216e-02 3.218697222813125119e-02 4.728258624786844250e-02 5.293287285507463844e-03 -2.183206034038666019e-02 -1.904126849479341466e-02 3.368724484602835662e-02 -2.608992817980793771e-02 3.036242342144744588e-02 -5.356034923239943318e-02 8.418324006254022940e-03 -3.061353931361161101e-02 3.460490269908030048e-02 -3.190126043294697067e-02 6.761779736669498719e-02
2.607643732877116260e-01 -4.607682071722120354e-02 7.230135426507142138e-02 -4.314404428593227037e-02 -2.546328849257609508e-02 -1.764041969249362241e-02 2.222261366272086994e-02 -1.866971312557455798e-01 1.028715640254916353e-01 6.104635311600978970e-02 -6.832301890722604354e-02 -6.760211590373009505e-02 -4.607682071722151579e-02 3.779461341287182474e-01 -8.045569308800656905e-02 -5.879062950056046510e-02 -1.495159313092869757e-01 9.366277844503143046e-02 -6.798852082420188403e-02 2.423033918856318247e-02 -1.867597961262386710e-02 -7.612285977604817122e-02 -1.891363728624236712e-02 1.214423834084580288e-02 7.230135426507178220e-02 -8.045569308800591679e-02 3.581587021782929869e-01 3.906462083344662550e-02 -3.640157448622514252e-02 -2.697215714559032460e-02 1.853994321679077991e-03 -9.867151907673761893e-03 -6.588017424311262693e-02 2.339092145110276133e-02 -1.091738116255648594e-01 -1.119749133304594607e-01 -4.314404428593202057e-02 -5.879062950056045123e-02 3.906462083344694469e-02 2.028534324428824531e-01 -2.668863474957789902e-02 -8.103396054349761013e-02 -4.491958992380594429e-02 -6.568865185089767245e-02 -6.822926779240592876e-02 -2.510551193320363986e-02 6.153299798805626081e-02 8.336687558133874798e-02 -2.546328849257615060e-02 -1.495159313092866982e-01 -3.640157448622467068e-02 -2.668863474957804821e-02 3.738689670243408592e-01 -1.157329559313988315e-01 -8.862793894710473130e-02 6.395257189044627200e-02 1.286070178327144292e-02 -1.369529493097778293e-02 1.726128833890936548e-02 1.569520155404938860e-02 -1.764041969249389996e-02 9.366277844503105576e-02 -2.697215714559074093e-02 -8.103396054349712441e-02 -1.157329559313988315e-01 2.016367529192286123e-01 9.626629327024878446e-02 3.412237339987850282e-02 -1.085760762113816141e-01 -7.343308672948413787e-03 -7.226405665811569401e-02 -9.175124410051291313e-03 2.222261366272169913e-02 -6.798852082420293874e-02 1.853994321679888323e-03 -4.491958992380551408e-02 -8.862793894710449538e-02 9.626629327024843752e-02 4.157841115054393133e-01 -7.327779074642050416e-02 -3.533246403786713397e-02 -8.936661728516555325e-02 2.722514036784575223e-02 -1.259085409525123045e-01 -1.866971312557461071e-01 2.423033918856337676e-02 -9.867151907673715056e-03 -6.568865185089758918e-02 6.395257189044568913e-02 3.412237339987897466e-02 -7.327779074641965762e-02 4.479192459168386820e-01 -1.610516010502192202e-02 -4.380589152611147341e-02 -1.329212057739914687e-01 -1.384978257087688715e-02 1.028715640254915659e-01 -1.867597961262365894e-02 -6.588017424311269632e-02 -6.822926779240638673e-02 1.286070178327146894e-02 -1.085760762113812949e-01 -3.533246403786718254e-02 -1.610516010502128711e-02 2.373045285204970212e-01 4.312991422374957279e-02 2.029544198898289211e-03 -3.660565222894953535e-02 6.104635311600935949e-02 -7.612285977604768550e-02 2.339092145110222010e-02 -2.510551193320370578e-02 -1.369529493097789222e-02 -7.343308672948091996e-03 -8.936661728516581693e-02 -4.380589152611127912e-02 4.312991422374928829e-02 2.115831105931289258e-01 3.348438076199911073e-02 -8.481096370923377203e-02 -6.832301890722573823e-02 -1.891363728624270713e-02 -1.091738116255642765e-01 6.153299798805626081e-02 1.726128833890981304e-02 -7.226405665811622137e-02 2.722514036784591876e-02 -1.329212057739917741e-01 2.029544198898559828e-03 3.348438076199895808e-02 2.744108301277007333e-01 -3.154825410525395613e-02 -6.760211590373030321e-02 1.214423834084569186e-02 -1.119749133304595856e-01 8.336687558133881737e-02 1.569520155404977371e-02 -9.175124410051860302e-03 -1.259085409525124710e-01 -1.384978257087659051e-02 -3.660565222894911902e-02 -8.481096370923396632e-02 -3.154825410525368551e-02 2.977910503470763692e-01
-2.561809792961841289e-02 3.538309218718092841e-02 8.375402346512371421e-02 -1.005362554269876967e-02 -7.134431459308963885e-02 5.188831097829271072e-02 9.848655361510968986e-02 5.665182436194577537e-02 -4.372838162788615646e-02 -2.859318271754442489e-02 -4.975565067818141923e-02 -7.535320514135109005e-02 1.495090875934751602e-02 -4.092536203713314363e-02 9.329252665060465410e-02 -8.799798400730628536e-03 4.927560272593288493e-02 5.397978319946114198e-03 9.090330953547220115e-04 3.587936763159062931e-02 -3.741397773919118153e-02 -1.937487131899272644e-02 -7.972530184588837165e-02 -3.655304371079516352e-03 -4.485189546048404252e-02 -5.819584089815842826e-02 -4.883585142220731729e-02 4.169511074244393323e-02 6.710320284708666538e-02 -2.436195097983612917e-02 1.289549584742982584e-02 2.581269065326092030e-02 -2.569350806128948075e-02 -3.931930058581366988e-02 2.430672364953124012e-02 5.331587007231684827e-02 4.592775168189410645e-02 -1.947520200683103969e-02 3.677186548152363600e-03 -9.088209099346152486e-04 -5.523324161544033301e-02 -2.869211331868375212e-03 7.439978528555440951e-02 -3.666134520761708121e-02 4.279155207250042586e-02 2.312101940364754207e-02 9.958191123393880101e-03 -6.281807840669263732e-02 -2.968749489992142734e-02 2.373004767023422987e-02 -3.779032775183326781e-02 -1.231228806346224003e-02 -1.527125877735532530e-02 4.905768922503502688e-02 1.719595691105557655e-02 3.687339169233340430e-02 -2.686197713830794712e-02 -6.190489498367980105e-03 -3.089250718799088635e-02 1.869168161924549335e-02 -5.147964784420935164e-02 3.054272131409672270e-02 -7.592662737969500808e-02 -4.035507870872793285e-04 5.012681684082689187e-02 -1.468068628095274206e-02 3.538330082426477396e-02 -2.087952253885935402e-02 -2.749140380145228841e-03 -6.354545031695296720e-02 6.010380840363085952e-02 3.919650582303093461e-02 -2.920553484521179813e-02 8.904598241182652696e-02 -1.954580240537757280e-02 -2.569515434503039444e-02 -4.168946841086430127e-02 5.833800030232220990e-02 5.633239556044249662e-03 3.602696142575026461e-02 -4.335932196117248116e-02 -2.182221184856947618e-02 9.622491679523913211e-03 -2.338943297564970505e-02 2.394073345812378420e-02 -4.639581590654461019e-02 3.875575153678387924e-02 -2.237237936138639083e-02 -3.574726215720579886e-02 -6.184889506355494915e-04 4.480223494361250391e-02 -1.089263018329169122e-02 1.906944048786681986e-02 2.003536700058250811e-02 7.253959942829460265e-03 -2.340492166153960649e-02 1.393628762410678221e-02 3.365492156741094198e-02 -1.639928746426902798e-02 -2.422318268535289532e-02 2.262969681633274915e-02 2.938465738967279556e-02 -8.311015815362736425e-02 2.413212457923750304e-02 -1.305325316943331537e-02 2.450983839132541559e-02 -4.516107642210513695e-02 3.607245143661823306e-02 1.594534597412810076e-02 5.112827473036203607e-02 7.426691157991939865e-03 2.360780415821706057e-02 -5.150367055404193178e-02 -3.291918426245235563e-02 -8.431349849435867960e-02 -4.384565661425422756e-02 3.734579249722478483e-02 2.555933655433088175e-02 -4.578461303997388709e-03 4.557611911994119414e-02 4.785695926057820238e-03 2.821427689453204213e-03 -2.850380588362400047e-03 5.147650923852420402e-02 4.996459140649646413e-03 -3.805717234846801855e-02 -8.043356316561210695e-02 4.657776859996281410e-03 1.694740491775889590e-02 -2.374595569187397393e-02 -1.946008160454823152e-02 6.469242089222497494e-02 4.663106051439862287e-02 -9.122356750247935520e-02 -1.786061637518748801e-02 -2.341519685033634224e-03 7.758334836614089181e-02 -6.740034431525357417e-02 -1.447799137969957989e-02 -7.509010947191377405e-02 6.126320824032432250e-02 8.231412464928629380e-02 8.439378877029463100e-02 -6.267581711649493348e-02
-2.561809792961841289e-02 1.495090875934751602e-02 -4.485189546048404252e-02 4.592775168189410645e-02 -2.968749489992142734e-02 -5.147964784420935164e-02 -2.920553484521179813e-02 2.394073345812378420e-02 1.393628762410678221e-02 1.594534597412810076e-02 4.785695926057820238e-03 4.663106051439862287e-02 3.538309218718092841e-02 -4.092536203713314363e-02 -5.819584089815842826e-02 -1.947520200683103969e-02 2.373004767023422987e-02 3.054272131409672270e-02 8.904598241182652696e-02 -4.639581590654461019e-02 3.365492156741094198e-02 5.112827473036203607e-02 2.821427689453204213e-03 -9.122356750247935520e-02 8.375402346512371421e-02 9.329252665060465410e-02 -4.883585142220731729e-02 3.677186548152363600e-03 -3.779032775183326781e-02 -7.592662737969500808e-02 -1.954580240537757280e-02 3.875575153678387924e-02 -1.639928746426902798e-02 7.426691157991939865e-03 -2.850380588362400047e-03 -1.786061637518748801e-02 -1.005362554269876967e-02 -8.799798400730628536e-03 4.169511074244393323e-02 -9.088209099346152486e-04 -1.231228806346224003e-02 -4.035507870872793285e-04 -2.569515434503039444e-02 -2.237237936138639083e-02 -2.422318268535289532e-02 2.360780415821706057e-02 5.147650923852420402e-02 -2.341519685033634224e-03 -7.134431459308963885e-02 4.927560272593288493e-02 6.710320284708666538e-02 -5.523324161544033301e-02 -1.527125877735532530e-02 5.012681684082689187e-02 -4.168946841086430127e-02 -3.574726215720579886e-02 2.262969681633274915e-02 -5.150367055404193178e-02 4.996459140649646413e-03 7.758334836614089181e-02 5.188831097829271072e-02 5.397978319946114198e-03 -2.436195097983612917e-02 -2.869211331868375212e-03 4.905768922503502688e-02 -1.468068628095274206e-02 5.833800030232220990e-02 -6.184889506355494915e-04 2.938465738967279556e-02 -3.291918426245235563e-02 -3.805717234846801855e-02 -6.740034431525357417e-02 9.848655361510968986e-02 9.090330953547220115e-04 1.289549584742982584e-02 7.439978528555440951e-02 1.719595691105557655e-02 3.538330082426477396e-02 5.633239556044249662e-03 4.480223494361250391e-02 -8.311015815362736425e-02 -8.431349849435867960e-02 -8.043356316561210695e-02 -1.447799137969957989e-02 5.665182436194577537e-02 3.587936763159062931e-02 2.581269065326092030e-02 -3.666134520761708121e-02 3.687339169233340430e-02 -2.087952253885935402e-02 3.602696142575026461e-02 -1.089263018329169122e-02 2.413212457923750304e-02 -4.384565661425422756e-02 4.657776859996281410e-03 -7.509010947191377405e-02 -4.372838162788615646e-02 -3.741397773919118153e-02 -2.569350806128948075e-02 4.279155207250042586e-02 -2.686197713830794712e-02 -2.749140380145228841e-03 -4.335932196117248116e-02 1.906944048786681986e-02 -1.305325316943331537e-02 3.734579249722478483e-02 1.694740491775889590e-02 6.126320824032432250e-02 -2.859318271754442489e-02 -1.937487131899272644e-02 -3.931930058581366988e-02 2.312101940364754207e-02 -6.190489498367980105e-03 -6.354545031695296720e-02 -2.182221184856947618e-02 2.003536700058250811e-02 2.450983839132541559e-02 2.555933655433088175e-02 -2.374595569187397393e-02 8.231412464928629380e-02 -4.975565067818141923e-02 -7.972530184588837165e-02 2.430672364953124012e-02 9.958191123393880101e-03 -3.089250718799088635e-02 6.010380840363085952e-02 9.622491679523913211e-03 7.253959942829460265e-03 -4.516107642210513695e-02 -4.578461303997388709e-03 -1.946008160454823152e-02 8.439378877029463100e-02 -7.535320514135109005e-02 -3.655304371079516352e-03 5.331587007231684827e-02 -6.281807840669263732e-02 1.869168161924549335e-02 3.919650582303093461e-02 -2.338943297564970505e-02 -2.340492166153960649e-02 3.607245143661823306e-02 4.557611911994119414e-02 6.469242089222497494e-02 -6.267581711649493348e-02
2.812235832358609411e-01 3.101010847314746022e-02 -4.119389200567269427e-02 -1.270988111041078394e-02 -5.027151922812232721e-02 -8.504347402495979202e-02 6.038366843477129681e-02 4.257821284788910338e-02 -2.975172565164776670e-02 -6.242654829721343973e-02 -6.042084216099818939e-02 3.021646429940509290e-02 3.101010847314757818e-02 3.406043784182271605e-01 -1.366411545129644911e-01 9.982897290937228774e-02 -1.639065459126713697e-01 -2.327633840238638521e-02 -3.020477249065967734e-02 -6.922096588988276011e-02 1.553558769459778555e-02 -1.719115298572617204e-02 -3.390775798422658582e-02 -9.003309032911988377e-03 -4.119389200567274978e-02 -1.366411545129645744e-01 4.239235752511200661e-01 -1.258418811261290127e-01 2.042774616926170544e-02 -3.990509574348416466e-02 1.048548113358268447e-02 -2.017419603071168854e-03 -9.539686099464309010e-02 6.236116295196809933e-02 -5.446736156824098091e-02 2.398231023946787929e-02 -1.270988111041045955e-02 9.982897290937295387e-02 -1.258418811261290404e-01 3.343056621919492377e-01 -1.053314829869248931e-01 3.418290385629049744e-02 -2.173698478258177108e-02 3.275920206470085000e-02 -2.923050013724641863e-02 2.626318902188529147e-02 -1.829075524170543088e-01 -3.378549560408889568e-02 -5.027151922812228557e-02 -1.639065459126714808e-01 2.042774616926130299e-02 -1.053314829869243102e-01 3.125204306455107717e-01 1.189275465408166400e-02 -2.449151679722687963e-02 9.312986431596183279e-02 8.093713367255545021e-02 -1.266679173909610046e-01 7.221006813009435421e-02 -1.306307462937089658e-01 -8.504347402495988917e-02 -2.327633840238645113e-02 -3.990509574348458793e-02 3.418290385629078193e-02 1.189275465408168829e-02 3.089313147381905766e-01 2.906459981159035394e-02 -1.078416853411821863e-01 -2.498797982842661941e-02 -6.031610446099527900e-02 3.791326174633592727e-02 -7.119445663139561953e-02 6.038366843477151191e-02 -3.020477249065995837e-02 1.048548113358280763e-02 -2.173698478258230884e-02 -2.449151679722675473e-02 2.906459981159021169e-02 2.345548184371686329e-01 -1.182645109023212349e-01 5.207165871164090576e-02 1.172001913648772035e-02 -1.690253705029780285e-01 -2.089035092124045742e-02 4.257821284788908256e-02 -6.922096588988251031e-02 -2.017419603071125486e-03 3.275920206470110674e-02 9.312986431596166625e-02 -1.078416853411821724e-01 -1.182645109023213043e-01 2.282331377884058432e-01 2.026313459227762834e-02 -6.497824841981467148e-02 -1.993027805468664676e-02 1.172175950620113309e-02 -2.975172565164761404e-02 1.553558769459741258e-02 -9.539686099464295133e-02 -2.923050013724686619e-02 8.093713367255564450e-02 -2.498797982842674084e-02 5.207165871164094739e-02 2.026313459227768038e-02 2.632572154611196869e-01 -6.343341309726806265e-02 -8.480948601951777965e-02 -2.723868016479149765e-02 -6.242654829721351606e-02 -1.719115298572608530e-02 6.236116295196830750e-02 2.626318902188529841e-02 -1.266679173909612266e-01 -6.031610446099532064e-02 1.172001913648781056e-02 -6.497824841981474087e-02 -6.343341309726804877e-02 2.431724290245880493e-01 1.378304691179361129e-02 3.851515979039707313e-05 -6.042084216099872368e-02 -3.390775798422680787e-02 -5.446736156824111275e-02 -1.829075524170535871e-01 7.221006813009432646e-02 3.791326174633605217e-02 -1.690253705029785003e-01 -1.993027805468639349e-02 -8.480948601951808496e-02 1.378304691179398078e-02 4.482196719409987651e-01 -4.999065044722648260e-02 3.021646429940523862e-02 -9.003309032912038684e-03 2.398231023946835114e-02 -3.378549560408914548e-02 -1.306307462937086328e-01 -7.119445663139553626e-02 -2.089035092124063783e-02 1.172175950620119207e-02 -2.723868016479162601e-02 3.851515979003452948e-05 -4.999065044722644097e-02 2.729711621684358658e-01
5.817098554072763078e-03 -8.420494223292579461e-03 6.992328894866203792e-02 -5.323129492558686254e-02 -5.025530076213875763e-02 -3.816112524276010082e-02 -2.480708014507605058e-02 2.984811447384126248e-03 -2.877588493501639574e-02 4.705299139728821856e-02 3.463614122635523540e-02 5.129240860492826487e-02 -6.461572257867642666e-03 2.284683243721635434e-02 -1.025375913185335580e-01 5.041480445514660153e-02 -1.851793403262329274e-02 5.051046895213924526e-02 2.343766799945724150e-02 -1.875481492623259569e-02 3.046407149201257880e-02 -1.627792882663214868e-02 -1.443046563880941505e-02 -6.234213355326365287e-03 -1.313631380819498505e-02 -6.055199884053297232e-02 7.848738989795069065e-02 -2.182643651012554364e-02 6.840331760468031097e-02 3.164790758098200542e-04 1.638076496825865633e-04 4.442255912992264244e-02 -8.874187061956372718e-03 -3.882854406225150906e-02 -3.311919516715318423e-02 -1.067283832850193792e-02 -2.960523482569991580e-02 5.450372038925714591e-02 -6.823496530902800616e-02 6.253043370557587188e-02 -2.325596547065849826e-02 -1.295662437662413284e-02 9.273792991959329884e-04 -1.175723463133054088e-03 4.739770039772249477e-02 6.159674676951561829e-04 -4.550000607537231512e-02 6.716791499945642778e-03 7.824972188182735544e-02 6.299003152852428178e-02 -1.809496134870165751e-02 6.075018567743960263e-02 -6.358099889065038646e-02 -2.948411211714995969e-02 5.359858448475774556e-02 -1.340702377296687856e-02 6.078770865266537940e-03 8.353465571175027870e-04 -1.005951075211107409e-01 4.255574435220030511e-04 -3.091176112538265006e-04 -4.719213146027152056e-02 3.877024214927254214e-02 -7.387278676933750968e-03 2.530346770244841156e-02 -2.038097969608204316e-02 5.269708063992339236e-02 -9.405347453142047856e-03 3.332937491231091620e-02 2.887273599396526086e-02 -4.966817607649116201e-02 -3.041566486230872293e-02 3.418575279341775491e-02 2.805029443273457726e-02 -6.861508170657533781e-03 -2.073263183200718153e-03 4.370453909842746988e-03 -5.657829389827531696e-02 -4.063700931184429516e-02 5.219670319884408410e-02 6.105806734048312666e-03 -3.848560528832534883e-02 -7.689698083334483431e-03 3.942623287054770193e-02 6.726029671923772213e-02 -5.382277550194505822e-02 -5.658836778693687210e-03 -6.179574998215375120e-02 3.201905776328605596e-02 -3.192194522514174050e-03 7.098968966135479897e-02 -2.359884948097202423e-02 -1.629409404308982410e-03 -8.125590624275022544e-03 3.336128514557758218e-03 -1.183447343656412847e-02 1.174828141605947091e-02 2.921485866984870755e-02 -6.001998314718649807e-02 -3.522312531318333440e-02 6.833384123467792226e-02 -6.625483568705413211e-03 -7.575479209221433474e-02 5.126864953137211245e-02 1.785316509499908222e-02 -6.505152611706588317e-02 1.017569964321724946e-01 -3.565773019876054828e-02 -6.336128439212826424e-02 -4.298140200632460245e-02 1.631256406234316350e-02 2.243437419723616488e-02 3.515453577502793830e-02 8.180632402700452332e-02 -7.596391770507092238e-03 -2.697284400275894861e-02 -1.634388665661220055e-02 6.331333046412371095e-03 2.997884397736996775e-02 -4.872928306781022789e-02 -4.204194255807212899e-02 -2.040380296758301584e-02 7.446626027398059455e-02 2.247923652667161223e-02 -2.955460316650260211e-02 8.948064905246740780e-03 -1.247760913754692932e-02 -1.779601610296772246e-02 -5.227226402842013314e-02 5.101326309643973433e-02 -1.594871500748048024e-02 1.968493142093028642e-02 -5.738030973797696860e-03 2.105880642740735713e-03 1.290441617115961614e-02 -6.647660725881242294e-02 -2.546713908376904353e-02 1.219193900944689699e-02 4.258637495991104971e-05 -3.930694526662638355e-02 -1.227554018569157815e-02 3.224821454678084010e-02 7.505367887715065633e-02 6.195730728861122485e-03
5.817098554072763078e-03 -6.461572257867642666e-03 -1.313631380819498505e-02 -2.960523482569991580e-02 7.824972188182735544e-02 -3.091176112538265006e-04 3.418575279341775491e-02 6.726029671923772213e-02 1.174828141605947091e-02 -6.336128439212826424e-02 -4.204194255807212899e-02 -5.738030973797696860e-03 -8.420494223292579461e-03 2.284683243721635434e-02 -6.055199884053297232e-02 5.450372038925714591e-02 6.299003152852428178e-02 -4.719213146027152056e-02 2.805029443273457726e-02 -5.382277550194505822e-02 2.921485866984870755e-02 -4.298140200632460245e-02 -2.040380296758301584e-02 2.105880642740735713e-03 6.992328894866203792e-02 -1.025375913185335580e-01 7.848738989795069065e-02 -6.823496530902800616e-02 -1.809496134870165751e-02 3.877024214927254214e-02 -6.861508170657533781e-03 -5.658836778693687210e-03 -6.001998314718649807e-02 1.631256406234316350e-02 7.446626027398059455e-02 1.290441617115961614e-02 -5.323129492558686254e-02 5.041480445514660153e-02 -2.182643651012554364e-02 6.253043370557587188e-02 6.075018567743960263e-02 -7.387278676933750968e-03 -2.073263183200718153e-03 -6.179574998215375120e-02 -3.522312531318333440e-02 2.243437419723616488e-02 2.247923652667161223e-02 -6.647660725881242294e-02 -5.025530076213875763e-02 -1.851793403262329274e-02 6.840331760468031097e-02 -2.325596547065849826e-02 -6.358099889065038646e-02 2.530346770244841156e-02 4.370453909842746988e-03 3.201905776328605596e-02 6.833384123467792226e-02 3.515453577502793830e-02 -2.955460316650260211e-02 -2.546713908376904353e-02 -3.816112524276010082e-02 5.051046895213924526e-02 3.164790758098200542e-04 -1.295662437662413284e-02 -2.948411211714995969e-02 -2.038097969608204316e-02 -5.657829389827531696e-02 -3.192194522514174050e-03 -6.625483568705413211e-03 8.180632402700452332e-02 8.948064905246740780e-03 1.219193900944689699e-02 -2.480708014507605058e-02 2.343766799945724150e-02 1.638076496825865633e-04 9.273792991959329884e-04 5.359858448475774556e-02 5.269708063992339236e-02 -4.063700931184429516e-02 7.098968966135479897e-02 -7.575479209221433474e-02 -7.596391770507092238e-03 -1.247760913754692932e-02 4.258637495991104971e-05 2.984811447384126248e-03 -1.875481492623259569e-02 4.442255912992264244e-02 -1.175723463133054088e-03 -1.340702377296687856e-02 -9.405347453142047856e-03 5.219670319884408410e-02 -2.359884948097202423e-02 5.126864953137211245e-02 -2.697284400275894861e-02 -1.779601610296772246e-02 -3.930694526662638355e-02 -2.877588493501639574e-02 3.046407149201257880e-02 -8.874187061956372718e-03 4.739770039772249477e-02 6.078770865266537940e-03 3.332937491231091620e-02 6.105806734048312666e-03 -1.629409404308982410e-03 1.785316509499908222e-02 -1.634388665661220055e-02 -5.227226402842013314e-02 -1.227554018569157815e-02 4.705299139728821856e-02 -1.627792882663214868e-02 -3.882854406225150906e-02 6.159674676951561829e-04 8.353465571175027870e-04 2.887273599396526086e-02 -3.848560528832534883e-02 -8.125590624275022544e-03 -6.505152611706588317e-02 6.331333046412371095e-03 5.101326309643973433e-02 3.224821454678084010e-02 3.463614122635523540e-02 -1.443046563880941505e-02 -3.311919516715318423e-02 -4.550000607537231512e-02 -1.005951075211107409e-01 -4.966817607649116201e-02 -7.689698083334483431e-03 3.336128514557758218e-03 1.017569964321724946e-01 2.997884397736996775e-02 -1.594871500748048024e-02 7.505367887715065633e-02 5.129240860492826487e-02 -6.234213355326365287e-03 -1.067283832850193792e-02 6.716791499945642778e-03 4.255574435220030511e-04 -3.041566486230872293e-02 3.942623287054770193e-02 -1.183447343656412847e-02 -3.565773019876054828e-02 -4.872928306781022789e-02 1.968493142093028642e-02 6.195730728861122485e-03
2.016817911054701595e-01 3.449754789746387745e-02 -1.585794959327046019e-02 -6.987788746195616740e-02 -1.004354311318948062e-02 6.834845023674640530e-02 -3.134023400222507149e-03 -5.898602768796420287e-02 -1.054688768992548265e-02 -4.654149857643895272e-02 -3.200835586401338390e-02 -1.741088034780691185e-02 3.449754789746404399e-02 2.928779103062639777e-01 -4.232592452819311513e-02 -1.794520444161439368e-02 4.845780356218300569e-03 -5.344384575865194359e-02 -8.686771309083562986e-02 3.938638313533985441e-02 -9.861626320571954471e-03 -5.743585554567380569e-02 -7.100552705060524279e-03 -5.538943003495908068e-02 -1.585794959327050876e-02 -4.232592452819304574e-02 3.069913192261914392e-01 -4.383499528627311792e-02 -6.839309421083733520e-02 -6.419940934992754422e-02 6.645068128298617025e-03 -4.051852464792262548e-02 -7.359121781437276584e-03 1.251658077544594337e-03 -1.704962954315224904e-03 -3.213346314548967686e-02 -6.987788746195613965e-02 -1.794520444161432776e-02 -4.383499528627297914e-02 2.848691264444497828e-01 -2.589805094987092729e-02 -4.373306191928746922e-02 4.122905598238933017e-02 -3.891917668556123949e-02 -9.508460797881382320e-02 -1.023750579296276303e-01 2.292810053882583798e-02 5.471469295407654226e-02 -1.004354311318942858e-02 4.845780356218237252e-03 -6.839309421083741847e-02 -2.589805094987067402e-02 2.549267907294122115e-01 3.341429958771100633e-02 3.225961800548610842e-02 -1.111977849182645486e-02 -2.712621255530848000e-02 -3.940768237294587500e-02 -5.447406354550905078e-02 -4.016845697099824530e-02 6.834845023674639142e-02 -5.344384575865226278e-02 -6.419940934992750259e-02 -4.373306191928735820e-02 3.341429958771090919e-02 3.613884526047163037e-01 -9.603617345524274179e-03 -1.874461816129063471e-02 6.420472847203094989e-03 2.873358222286583681e-04 -6.503406515114386333e-02 -1.258425379333403538e-01 -3.134023400222566997e-03 -8.686771309083574089e-02 6.645068128298658658e-03 4.122905598238942038e-02 3.225961800548601821e-02 -9.603617345524423365e-03 1.843846252237453798e-01 -4.579907780936112727e-02 -2.429960867002946626e-02 -2.604307623490695334e-02 -5.396326421633174109e-02 -4.277970415516263447e-02 -5.898602768796414042e-02 3.938638313533993768e-02 -4.051852464792275038e-02 -3.891917668556123949e-02 -1.111977849182633864e-02 -1.874461816129055144e-02 -4.579907780936107869e-02 2.218533161901197481e-01 1.309414795537180293e-02 -4.266500078614891139e-02 1.728116089851821496e-02 3.584355498780499721e-02 -1.054688768992543928e-02 -9.861626320571951002e-03 -7.359121781437258369e-03 -9.508460797881383708e-02 -2.712621255530844877e-02 6.420472847203084581e-03 -2.429960867002943850e-02 1.309414795537179772e-02 2.281551322835045081e-01 9.620810828145602914e-03 -2.137642176943341937e-02 -3.198934022403175648e-02 -4.654149857643904292e-02 -5.743585554567376406e-02 1.251658077544546199e-03 -1.023750579296277552e-01 -3.940768237294575010e-02 2.873358222286577718e-04 -2.604307623490703660e-02 -4.266500078614880731e-02 9.620810828145660160e-03 2.707514657543389491e-01 -1.868971253798381270e-03 2.661117530529123407e-03 -3.200835586401333532e-02 -7.100552705060359480e-03 -1.704962954315200618e-03 2.292810053882577206e-02 -5.447406354550897445e-02 -6.503406515114394659e-02 -5.396326421633177578e-02 1.728116089851826354e-02 -2.137642176943343672e-02 -1.868971253798482534e-03 2.065019136411697653e-01 -2.897683546556728551e-03 -1.741088034780699165e-02 -5.538943003495892803e-02 -3.213346314548965604e-02 5.471469295407651451e-02 -4.016845697099831469e-02 -1.258425379333404093e-01 -4.277970415516280100e-02 3.584355498780507354e-02 -3.198934022403173566e-02 2.661117530529195398e-03 -2.897683546556689520e-03 2.507662578523510710e-01
6.680072020614107042e-02 2.137626948743967178e-02 5.354543731055359107e-02 1.697182266354036254e-02 -1.388726322948803486e-02 4.494441823180814893e-02 -1.675023727372292395e-02 -1.319507333417493412e-02 -1.135969404287373932e-02 -8.702492237244971451e-02 -2.734646348483276215e-02 -8.699907761444266793e-03 -3.878262307282381860e-02 -5.369219015954696667e-02 -4.609933860227700790e-03 5.333144188553921861e-02 -7.475987808444832690e-03 -6.862103297961896775e-02 1.813632044330822438e-02 2.475207544182612615e-02 -1.610548270675672342e-02 -1.013794819848407719e-02 2.715116287608810436e-02 5.863891361209227354e-02 1.153111027542726846e-02 3.021081878591794223e-02 -2.750461205081394106e-02 -6.051277120598036463e-02 -1.920503234187813293e-03 -2.209043888111343959e-02 -4.280410855245761481e-02 5.008170515713053494e-02 5.627238786501648909e-02 1.031026391862356791e-02 1.230338195162606653e-02 5.122362925220370899e-03 -1.524062578823775181e-02 -1.820023341065523867e-02 -2.769077460516893019e-02 8.005787051385057987e-03 -2.367312123932653611e-02 3.006250950778408069e-03 -1.073520679986351631e-02 -3.365179370660349029e-02 -1.957019429031361252e-02 6.587029010969125409e-02 7.206732654983759485e-03 4.684933694671245680e-02 -2.797964775186603109e-02 -1.750885310124239078e-02 -6.715548308943700487e-03 3.819860440230782306e-02 -7.407785956459815926e-03 1.638530650849996315e-02 5.189721214843368360e-03 2.811787926740507218e-02 1.984854140201812445e-02 -4.833791195698092930e-02 4.874268249903371958e-02 -3.610185811949755824e-02 -2.581881332868419740e-02 -1.965437780651238184e-02 5.574728889685590105e-02 2.613922941047199661e-02 2.083842929439020525e-02 4.283382266102762903e-02 2.894444321650942523e-02 -2.332077989676911364e-02 -3.751623367353643795e-02 -1.580411211065546259e-02 -1.248685855633595645e-02 -3.873374358540230405e-02 1.412566945731989071e-02 5.187715507619566901e-02 6.662043547283326428e-02 -8.081397498086265174e-02 -1.171101033161579298e-02 -3.962838462520607702e-02 -2.427346480027359546e-02 1.841644926372208724e-02 3.936281649080993622e-02 -4.974386923572070296e-03 -1.804264194658032269e-02 6.520021207157038895e-03 1.770004185311375641e-02 -5.378116344908460966e-02 -3.373179256062235759e-02 -5.481849453736501072e-03 5.336019069621710312e-03 4.573073165573483811e-02 6.981657470113390544e-03 -2.527995047370767967e-02 1.801209173288695689e-02 4.293143354409676565e-02 -4.956485306444401162e-02 2.768838322015133163e-02 -2.752454732483648487e-03 6.686208126910048177e-02 -2.191572051555194800e-02 8.419203567124198401e-03 4.466944501190066308e-02 -6.093784981473140960e-02 3.046625716439163578e-02 2.561738575435943896e-02 -5.318965756981131054e-02 -3.291504555266396015e-02 1.979461001055839164e-02 -2.329233532202020646e-02 1.431246129948883852e-02 3.271364407250735434e-02 -2.233165461518241829e-02 -2.083631931175035715e-02 -3.193109124616767824e-02 7.438727016197382857e-02 2.786332116730121100e-03 1.330564929243351416e-02 4.069767256253212229e-02 -2.190165528093699146e-02 7.006060903166501375e-03 -6.479673742942272663e-02 2.568155541326209296e-02 3.029887596782861528e-02 3.871200241989824868e-03 -2.147591340736728239e-03 -8.131475629276171957e-03 -1.391896286587401138e-02 -1.744406730947532791e-02 -2.788994953445297215e-02 -5.213112332488847867e-03 3.375986505590157505e-02 -6.066138086584156076e-04 -3.167487074342219266e-02 -2.927929364514882116e-02 -3.820464472838389774e-02 -1.292538132330331088e-02 -1.253222780776427556e-02 4.038781019398915428e-02 -1.458928437206117451e-02 2.284395662919497770e-03 -9.903104258731990073e-04 -2.896616647874643985e-03 3.637269309349504959e-02 -9.238815535949421176e-03 4.025057571834287501e-02
6.680072020614107042e-02 -3.878262307282381860e-02 1.153111027542726846e-02 -1.524062578823775181e-02 -2.797964775186603109e-02 -2.581881332868419740e-02 1.412566945731989071e-02 1.770004185311375641e-02 -2.752454732483648487e-03 1.431246129948883852e-02 2.568155541326209296e-02 -2.927929364514882116e-02 2.137626948743967178e-02 -5.369219015954696667e-02 3.021081878591794223e-02 -1.820023341065523867e-02 -1.750885310124239078e-02 -1.965437780651238184e-02 5.187715507619566901e-02 -5.378116344908460966e-02 6.686208126910048177e-02 3.271364407250735434e-02 3.029887596782861528e-02 -3.820464472838389774e-02 5.354543731055359107e-02 -4.609933860227700790e-03 -2.750461205081394106e-02 -2.769077460516893019e-02 -6.715548308943700487e-03 5.574728889685590105e-02 6.662043547283326428e-02 -3.373179256062235759e-02 -2.191572051555194800e-02 -2.233165461518241829e-02 3.871200241989824868e-03 -1.292538132330331088e-02 1.697182266354036254e-02 5.333144188553921861e-02 -6.051277120598036463e-02 8.005787051385057987e-03 3.819860440230782306e-02 2.613922941047199661e-02 -8.081397498086265174e-02 -5.481849453736501072e-03 8.419203567124198401e-03 -2.083631931175035715e-02 -2.147591340736728239e-03 -1.253222780776427556e-02 -1.388726322948803486e-02 -7.475987808444832690e-03 -1.920503234187813293e-03 -2.367312123932653611e-02 -7.407785956459815926e-03 2.083842929439020525e-02 -1.171101033161579298e-02 5.336019069621710312e-03 4.466944501190066308e-02 -3.193109124616767824e-02 -8.131475629276171957e-03 4.038781019398915428e-02 4.494441823180814893e-02 -6.862103297961896775e-02 -2.209043888111343959e-02 3.006250950778408069e-03 1.638530650849996315e-02 4.283382266102762903e-02 -3.962838462520607702e-02 4.573073165573483811e-02 -6.093784981473140960e-02 7.438727016197382857e-02 -1.391896286587401138e-02 -1.458928437206117451e-02 -1.675023727372292395e-02 1.813632044330822438e-02 -4.280410855245761481e-02 -1.073520679986351631e-02 5.189721214843368360e-03 2.894444321650942523e-02 -2.427346480027359546e-02 6.981657470113390544e-03 3.046625716439163578e-02 2.786332116730121100e-03 -1.744406730947532791e-02 2.284395662919497770e-03 -1.319507333417493412e-02 2.475207544182612615e-02 5.008170515713053494e-02 -3.365179370660349029e-02 2.811787926740507218e-02 -2.332077989676911364e-02 1.841644926372208724e-02 -2.527995047370767967e-02 2.561738575435943896e-02 1.330564929243351416e-02 -2.788994953445297215e-02 -9.903104258731990073e-04 -1.135969404287373932e-02 -1.610548270675672342e-02 5.627238786501648909e-02 -1.957019429031361252e-02 1.984854140201812445e-02 -3.751623367353643795e-02 3.936281649080993622e-02 1.801209173288695689e-02 -5.318965756981131054e-02 4.069767256253212229e-02 -5.213112332488847867e-03 -2.896616647874643985e-03 -8.702492237244971451e-02 -1.013794819848407719e-02 1.031026391862356791e-02 6.587029010969125409e-02 -4.833791195698092930e-02 -1.580411211065546259e-02 -4.974386923572070296e-03 4.293143354409676565e-02 -3.291504555266396015e-02 -2.190165528093699146e-02 3.375986505590157505e-02 3.637269309349504959e-02 -2.734646348483276215e-02 2.715116287608810436e-02 1.230338195162606653e-02 7.206732654983759485e-03 4.874268249903371958e-02 -1.248685855633595645e-02 -1.804264194658032269e-02 -4.956485306444401162e-02 1.979461001055839164e-02 7.006060903166501375e-03 -6.066138086584156076e-04 -9.238815535949421176e-03 -8.699907761444266793e-03 5.863891361209227354e-02 5.122362925220370899e-03 4.684933694671245680e-02 -3.610185811949755824e-02 -3.873374358540230405e-02 6.520021207157038895e-03 2.768838322015133163e-02 -2.329233532202020646e-02 -6.479673742942272663e-02 -3.167487074342219266e-02 4.025057571834287501e-02
2.630030274786160360e-01 1.515549000101819657e-02 1.337612189415568129e-02 -4.749689990639820170e-02 -4.482467201095662740e-02 1.416932708292254622e-02 2.994366505225661695e-02 -2.720628238745945518e-02 -5.768247658705669828e-02 -2.312330374565659333e-02 -2.561808550033542117e-02 -6.033584310737614281e-02 1.515549000101824861e-02 2.692344002550132176e-01 -4.382246955930480664e-02 3.539132637564892936e-02 -1.338555157305834804e-02 -1.580887460115177473e-02 2.299005539244937391e-02 -5.013454111545227049e-02 -3.092718492403587552e-02 -7.803213423077653976e-02 1.261129487727091075e-02 -7.891025832994774669e-02 1.337612189415573680e-02 -4.382246955930491072e-02 2.633823221163640871e-01 -3.547556509954958442e-02 -2.977106809557183986e-02 -5.837458217097830915e-02 1.968592937184663987e-03 -2.033525239725370026e-02 -2.541872024959727222e-02 -1.790331289088505085e-02 -8.116338350006563340e-02 9.745821970048856864e-02 -4.749689990639805598e-02 3.539132637564886691e-02 -3.547556509954953585e-02 2.139494149909005605e-01 -1.138928001531774870e-01 3.113102253213699544e-02 -3.169204122763128600e-02 -2.075487906445193723e-02 -8.394439538892270458e-02 -4.855436515390773589e-02 7.894457977534795334e-02 -3.293985643197740176e-02 -4.482467201095691189e-02 -1.338555157305802538e-02 -2.977106809557198905e-02 -1.138928001531768902e-01 3.370668037536879713e-01 -1.164816849161189188e-01 -2.851041623014780035e-02 -6.396830504539523232e-02 6.515839748399861187e-02 9.607063487767054932e-02 -8.915050657003009693e-02 1.459689137196166879e-02 1.416932708292261561e-02 -1.580887460115184412e-02 -5.837458217097828139e-02 3.113102253213658951e-02 -1.164816849161185719e-01 3.005439109596834135e-01 -4.203869422296218489e-02 -5.438389866326975852e-02 -5.617697947539015968e-02 -3.913722775173509444e-02 4.565579575339392265e-02 -1.371238478835081799e-02 2.994366505225660308e-02 2.299005539244931146e-02 1.968592937184663553e-03 -3.169204122763129988e-02 -2.851041623014774831e-02 -4.203869422296219877e-02 2.146263713898994840e-01 -2.031258355901409407e-02 -2.469415069801824195e-02 -1.801548141632515823e-02 2.168896481437818883e-03 -2.162944399424415048e-02 -2.720628238745935110e-02 -5.013454111545225661e-02 -2.033525239725365516e-02 -2.075487906445212805e-02 -6.396830504539498252e-02 -5.438389866326959199e-02 -2.031258355901414264e-02 1.994612373131154637e-01 -3.165086800683025031e-02 4.491849242628105643e-02 9.981610101144079358e-03 2.975042807694556340e-02 -5.768247658705683012e-02 -3.092718492403590674e-02 -2.541872024959735896e-02 -8.394439538892267683e-02 6.515839748399861187e-02 -5.617697947539052050e-02 -2.469415069801823154e-02 -3.165086800682999357e-02 2.508111606446286057e-01 -2.652686591956738768e-02 -3.461477864681041655e-02 4.581932918531323590e-02 -2.312330374565660721e-02 -7.803213423077641486e-02 -1.790331289088508554e-02 -4.855436515390766650e-02 9.607063487767074361e-02 -3.913722775173510138e-02 -1.801548141632520680e-02 4.491849242628095928e-02 -2.652686591956757503e-02 1.795429238342346190e-01 1.928762868371420441e-02 -7.003917625447934892e-02 -2.561808550033528933e-02 1.261129487727087085e-02 -8.116338350006555014e-02 7.894457977534774518e-02 -8.915050657003023571e-02 4.565579575339406143e-02 2.168896481437847506e-03 9.981610101144271913e-03 -3.461477864681052063e-02 1.928762868371425993e-02 1.464148926347993707e-01 -9.030227044846053652e-02 -6.033584310737610812e-02 -7.891025832994787159e-02 9.745821970048852700e-02 -3.293985643197734625e-02 1.459689137196175900e-02 -1.371238478835088218e-02 -2.162944399424417130e-02 2.975042807694549055e-02 4.581932918531332610e-02 -7.003917625447933504e-02 -9.030227044846055040e-02 1.776284511577238268e-01
-4.117927692695718539e-02 -5.770019540898509852e-02 -9.810775058492897036e-03 3.443607041655467882e-02 4.092560583617063652e-02 2.543344889047113519e-02 -2.113635654139325859e-02 -5.245740523775389158e-02 2.693320780069502138e-02 -1.209787298259508079e-02 1.246703056481321674e-04 3.611860977915123949e-02 -2.750783399101547344e-02 2.166425303740159708e-02 2.031086716380993765e-02 -1.027327131159319965e-02 -5.081448211849320246e-02 2.933261505411356371e-02 5.223942583103278331e-02 9.716576081667782985e-03 -2.942080877248855544e-02 1.040738739275110999e-02 3.103773589639603064e-02 -1.945655974570141902e-02 -1.563740297804128501e-02 -2.619350620819874131e-02 -9.965799773198094971e-03 7.372330755752865526e-03 4.301591432534999926e-02 -5.138839897550850216e-02 1.271393622722747502e-02 1.733653260358074266e-02 -2.140703866832931873e-02 2.395611911329910068e-02 -1.092274142637382657e-04 1.308368498073752238e-02 -1.601718448513126530e-02 -3.412061027962650511e-02 -4.911163895576683980e-02 -1.936547083696359833e-02 -1.706944416424394095e-02 3.146563742660281326e-02 1.902247219337975873e-02 3.973752376074324300e-02 3.308208903574118287e-03 4.573832617658569327e-02 3.150855218135376751e-02 -3.251172000345755458e-02 1.913049923865211763e-02 6.065233823466448931e-02 -6.522086085537776370e-03 -2.524405087355885511e-03 -3.167790509942015192e-02 1.659630057443556989e-02 -6.449335616889908564e-03 8.589524241152747585e-04 5.281310036731464222e-03 -2.586741035565283744e-02 -1.432109330571808628e-02 -8.112010316584424702e-03 -1.978407947131530231e-02 -2.742274619323827739e-02 -5.011383663941294114e-02 -4.801802359938801834e-02 6.061316063636942170e-02 -1.670658059188304470e-02 -1.721277942385756893e-03 4.466756270403248602e-02 3.900021128491423100e-02 3.964059752463824568e-03 -3.279269647012039712e-02 3.690128000085324267e-02 2.269416701831458716e-02 2.408433124829300817e-02 6.404162823084220968e-02 -9.905120401588153253e-03 3.049785053256946071e-02 -5.346863241274384115e-02 2.719222089984936475e-02 -1.557842552440649557e-02 -1.561048066159239321e-02 -3.537356722621729649e-02 -5.649883591769405689e-02 4.030009717274319475e-02 -2.995992543865829273e-04 -1.109273841883637139e-02 -6.009599998223493465e-03 3.166725679333457638e-02 -1.068934816470647371e-02 -6.997812968900703201e-02 4.837429856712388392e-03 -1.014689592051329359e-02 5.748364056464031618e-02 -6.606098710560769430e-03 2.273370524719605518e-02 -1.751574471117717247e-02 4.404522145267621841e-02 7.484862659389596162e-02 -5.153763436821077321e-02 -7.583822594626990488e-03 -2.014631713004930158e-02 -5.028265922346297073e-03 2.269823907275376335e-02 4.237563327537101354e-03 5.965807980754179313e-03 -4.841062768293738494e-02 9.994387300347518099e-03 -1.938319116417359239e-02 -1.120770185327447932e-03 4.244487240527144989e-03 2.600177222764646356e-02 1.151293871244427752e-02 -2.604590784253633939e-02 -1.094624368751077187e-02 -4.668999970760270152e-02 2.590172327836657781e-02 -1.125779251918487822e-02 3.473936805305390119e-02 9.484836861151105247e-03 -2.031513415110438106e-02 5.079297555648889378e-02 -2.943352833679815928e-04 7.051220022407868326e-02 -1.018520980154245803e-02 -5.744223957549129955e-03 3.528322119797554224e-02 -3.262413897412493741e-02 -4.210501127209257538e-02 -2.001223093569380954e-02 -1.575973452033271188e-02 -3.504572011445940272e-02 1.969306156171729896e-02 8.229195341197658581e-03 2.068060919451977786e-02 -7.937152292630908490e-03 5.339239981394010987e-02 -3.325888999939662083e-02 6.605307208804789276e-02 -2.706892523359430425e-02 -2.118717288311487007e-02 -6.863654543894870397e-02 2.429036366372726297e-03 3.936626474215402377e-02 -3.916404913957129141e-02
-4.117927692695718539e-02 -2.750783399101547344e-02 -1.563740297804128501e-02 -1.601718448513126530e-02 1.913049923865211763e-02 -1.978407947131530231e-02 2.269416701831458716e-02 -2.995992543865829273e-04 4.404522145267621841e-02 -1.120770185327447932e-03 5.079297555648889378e-02 8.229195341197658581e-03 -5.770019540898509852e-02 2.166425303740159708e-02 -2.619350620819874131e-02 -3.412061027962650511e-02 6.065233823466448931e-02 -2.742274619323827739e-02 2.408433124829300817e-02 -1.109273841883637139e-02 7.484862659389596162e-02 4.244487240527144989e-03 -2.943352833679815928e-04 2.068060919451977786e-02 -9.810775058492897036e-03 2.031086716380993765e-02 -9.965799773198094971e-03 -4.911163895576683980e-02 -6.522086085537776370e-03 -5.011383663941294114e-02 6.404162823084220968e-02 -6.009599998223493465e-03 -5.153763436821077321e-02 2.600177222764646356e-02 7.051220022407868326e-02 -7.937152292630908490e-03 3.443607041655467882e-02 -1.027327131159319965e-02 7.372330755752865526e-03 -1.936547083696359833e-02 -2.524405087355885511e-03 -4.801802359938801834e-02 -9.905120401588153253e-03 3.166725679333457638e-02 -7.583822594626990488e-03 1.151293871244427752e-02 -1.018520980154245803e-02 5.339239981394010987e-02 4.092560583617063652e-02 -5.081448211849320246e-02 4.301591432534999926e-02 -1.706944416424394095e-02 -3.167790509942015192e-02 6.061316063636942170e-02 3.049785053256946071e-02 -1.068934816470647371e-02 -2.014631713004930158e-02 -2.604590784253633939e-02 -5.744223957549129955e-03 -3.325888999939662083e-02 2.543344889047113519e-02 2.933261505411356371e-02 -5.138839897550850216e-02 3.146563742660281326e-02 1.659630057443556989e-02 -1.670658059188304470e-02 -5.346863241274384115e-02 -6.997812968900703201e-02 -5.028265922346297073e-03 -1.094624368751077187e-02 3.528322119797554224e-02 6.605307208804789276e-02 -2.113635654139325859e-02 5.223942583103278331e-02 1.271393622722747502e-02 1.902247219337975873e-02 -6.449335616889908564e-03 -1.721277942385756893e-03 2.719222089984936475e-02 4.837429856712388392e-03 2.269823907275376335e-02 -4.668999970760270152e-02 -3.262413897412493741e-02 -2.706892523359430425e-02 -5.245740523775389158e-02 9.716576081667782985e-03 1.733653260358074266e-02 3.973752376074324300e-02 8.589524241152747585e-04 4.466756270403248602e-02 -1.557842552440649557e-02 -1.014689592051329359e-02 4.237563327537101354e-03 2.590172327836657781e-02 -4.210501127209257538e-02 -2.118717288311487007e-02 2.693320780069502138e-02 -2.942080877248855544e-02 -2.140703866832931873e-02 3.308208903574118287e-03 5.281310036731464222e-03 3.900021128491423100e-02 -1.561048066159239321e-02 5.748364056464031618e-02 5.965807980754179313e-03 -1.125779251918487822e-02 -2.001223093569380954e-02 -6.863654543894870397e-02 -1.209787298259508079e-02 1.040738739275110999e-02 2.395611911329910068e-02 4.573832617658569327e-02 -2.586741035565283744e-02 3.964059752463824568e-03 -3.537356722621729649e-02 -6.606098710560769430e-03 -4.841062768293738494e-02 3.473936805305390119e-02 -1.575973452033271188e-02 2.429036366372726297e-03 1.246703056481321674e-04 3.103773589639603064e-02 -1.092274142637382657e-04 3.150855218135376751e-02 -1.432109330571808628e-02 -3.279269647012039712e-02 -5.649883591769405689e-02 2.273370524719605518e-02 9.994387300347518099e-03 9.484836861151105247e-03 -3.504572011445940272e-02 3.936626474215402377e-02 3.611860977915123949e-02 -1.945655974570141902e-02 1.308368498073752238e-02 -3.251172000345755458e-02 -8.112010316584424702e-03 3.690128000085324267e-02 4.030009717274319475e-02 -1.751574471117717247e-02 -1.938319116417359239e-02 -2.031513415110438106e-02 1.969306156171729896e-02 -3.916404913957129141e-02
2.389297627667688051e-01 -7.193812641269048402e-02 -3.441147845224328677e-02 -1.222189530080062571e-02 8.466669632926543398e-02 -2.550200914329953800e-02 -5.498833642005507283e-02 1.053664724309250240e-02 -5.053442770348103019e-03 -1.270169087330599300e-01 -8.226151546081562904e-03 1.847139849947153703e-02 -7.193812641269013708e-02 1.969894574794547049e-01 -6.465026035606273591e-02 3.745385758615622784e-02 -7.067856784706029460e-02 -5.405013672633100785e-02 -1.014184048235111657e-03 7.171650403753794534e-02 -2.639574508060856320e-02 1.021616421612631803e-02 -1.481156094500488477e-02 -7.290387245978335873e-02 -3.441147845224373086e-02 -6.465026035606238897e-02 2.178551415350235276e-01 -2.514826403540914787e-02 1.015145985200761013e-02 -4.586830435713110631e-03 7.396145066769992116e-02 -1.969588112767306151e-02 -6.742401185206399472e-02 7.240122069886426037e-02 -1.316686871972858608e-01 4.959488646773183712e-02 -1.222189530080063785e-02 3.745385758615659560e-02 -2.514826403540966829e-02 2.623818083677412760e-01 6.632458298217810966e-02 -2.931417462404167090e-02 -9.818208989450245838e-02 2.017500878350977217e-02 -6.636985904602199504e-02 -1.075426689119816509e-01 -2.138089200730314623e-02 -1.138664009010778300e-01 8.466669632926528133e-02 -7.067856784706032236e-02 1.015145985200784085e-02 6.632458298217860926e-02 3.058296631505466601e-01 -5.245435682268007049e-02 -1.021308725198026394e-02 -4.691931805970130098e-02 2.708115459195982455e-02 -1.046578855255118484e-01 -8.014442559257954624e-02 -2.781756944428190326e-02 -2.550200914329951024e-02 -5.405013672633091765e-02 -4.586830435712956240e-03 -2.931417462404180274e-02 -5.245435682268002886e-02 1.981554501764880016e-01 2.127192070154208369e-03 -5.583558166345707618e-02 6.506590370324773914e-03 6.371220264447617632e-02 1.301421875182806089e-02 -6.923630488983786857e-02 -5.498833642005510058e-02 -1.014184048234809165e-03 7.396145066769972687e-02 -9.818208989450245838e-02 -1.021308725198044436e-02 2.127192070154135511e-03 1.676136754048672406e-01 -1.474314898671944159e-02 -2.730201090287271912e-02 3.182639379599122575e-02 2.907735843082887364e-02 -4.039999075128238720e-02 1.053664724309267241e-02 7.171650403753800085e-02 -1.969588112767331131e-02 2.017500878350947380e-02 -4.691931805970139813e-02 -5.583558166345743007e-02 -1.474314898671964455e-02 2.024659037187963584e-01 -4.911993169586574733e-03 -1.541997110035538132e-02 -6.888234802423474912e-02 -1.010178099589223027e-01 -5.053442770347958170e-03 -2.639574508060921199e-02 -6.742401185206337022e-02 -6.636985904602163422e-02 2.708115459196054967e-02 6.506590370324394877e-03 -2.730201090287288218e-02 -4.911993169587039638e-03 2.628411314585831215e-01 -1.123066210385040564e-01 -1.782062751134634582e-02 1.203168677063714692e-01 -1.270169087330601521e-01 1.021616421612664416e-02 7.240122069886413547e-02 -1.075426689119817619e-01 -1.046578855255120150e-01 6.371220264447638448e-02 3.182639379599140617e-02 -1.541997110035522693e-02 -1.123066210385038899e-01 2.914183331331536286e-01 -1.300424268591074232e-02 2.541280986232341207e-02 -8.226151546081391167e-03 -1.481156094500484140e-02 -1.316686871972860551e-01 -2.138089200730370482e-02 -8.014442559257979604e-02 1.301421875182856569e-02 2.907735843082891181e-02 -6.888234802423481851e-02 -1.782062751134603357e-02 -1.300424268591066426e-02 2.653376949867952694e-01 -1.750468565805657697e-02 1.847139849947128723e-02 -7.290387245978399711e-02 4.959488646773254489e-02 -1.138664009010772471e-01 -2.781756944428116773e-02 -6.923630488983788245e-02 -4.039999075128229700e-02 -1.010178099589229966e-01 1.203168677063708447e-01 2.541280986232370004e-02 -1.750468565805663596e-02 3.225471315547143170e-01
3.656309565590448035e-02 -5.908761115196330821e-02 -5.593819362895022934e-03 -9.980462185005685091e-03 5.408535825432200794e-02 -2.364514773475941134e-03 -2.879499342119973271e-02 -4.075866754233682665e-02 4.067714149686164210e-02 -1.429279813512902321e-02 2.616014653269655224e-03 6.051782244372812952e-02 -2.803676049836346940e-02 3.571735284423635526e-02 -1.684574737492713567e-02 -1.624418398252336707e-02 -3.338971966980477501e-03 7.614179840772444287e-03 -8.148395248281927253e-03 -2.653182769119290241e-02 -2.040305401800618715e-02 5.788856573099113861e-02 2.069730563729368401e-03 1.174334887427316496e-02 -2.575526667190987645e-03 -2.672580968624600067e-02 7.621491875254302051e-02 -3.746349073955625858e-02 2.638389355945468598e-02 -9.300967637274426200e-03 1.720197512195102696e-02 5.433924375126525028e-03 3.586078849857637918e-02 6.048504583370351712e-03 -8.721053371106898822e-02 5.562347321002549666e-02 -2.176814171931488670e-02 -3.558344006982586127e-02 2.875712601954905079e-02 -2.979482970556211058e-02 -7.315627869801923956e-03 5.162847134628021500e-02 3.279965807295519287e-02 -2.982175261163290750e-02 1.708207632896913131e-02 1.925902782656024881e-02 -1.831967575986113398e-04 -1.835668854462030580e-03 6.858052523795701155e-03 3.623652021972616905e-02 -5.451804411009068124e-02 -2.963430567066553667e-02 1.963740888238493798e-02 -1.480333236924145923e-02 3.251452268885014069e-02 4.661397379490305609e-02 5.614432085718443904e-02 -5.387710270930069073e-02 1.511832537846975397e-02 -4.834559294318071382e-02 9.626019774642707166e-03 -5.193492354019208640e-02 -3.898265541797126671e-02 4.919107866276067192e-02 2.673364125080228068e-02 -2.806655438056962037e-04 -3.778423861461662793e-03 -3.833566627411714306e-02 -3.061320121360420598e-03 -5.397683429557358081e-02 1.017670531212158669e-01 -1.690286691858478019e-02 -4.779525466437723608e-02 2.088349562924461320e-02 5.921518708930603725e-02 6.675081738015928301e-02 -1.052746791903352505e-02 -7.038040732864231375e-02 4.842120219794047650e-03 1.276211404892813733e-02 -3.630704378788783548e-02 -1.860334067625659575e-03 -2.740735968214028095e-02 2.261728105535913691e-02 7.433477506359867371e-02 -5.516320139097873748e-03 -4.764160967481114589e-02 3.084594003676895818e-02 6.202682612600811385e-02 -1.271609839325501742e-02 -3.110471174195571231e-02 1.033125189043286422e-02 2.960505147278786470e-02 -8.999654185296951381e-02 2.499158289056968053e-03 -2.647707646840227400e-02 -3.342167695274932127e-02 1.148838137301497024e-02 -2.740116759676235192e-02 -6.547211866054222784e-02 -1.126804311112310497e-01 3.702305643565149962e-02 2.114627013214825935e-03 -2.342300732236191757e-02 2.079390355619976927e-02 5.690953266694533108e-02 6.254140816597374142e-02 5.233766063496145260e-02 2.483877242229026554e-03 1.372711795828331777e-02 -4.960403611762109755e-02 1.025761202436380470e-01 -3.987694753950082188e-02 3.575416701369169004e-02 -7.287747444649714246e-02 3.549339562803974224e-02 2.191728065407226936e-02 -6.486780932387574417e-02 4.953126782030383563e-03 -5.231878818469890002e-02 -5.972345884714288372e-03 -2.149652466661580719e-02 3.571897271626595094e-02 -6.289116432444825586e-03 2.809704379010400516e-02 1.171583629663061621e-02 4.584633616852118454e-02 1.046796961835193968e-03 -6.070918801148862676e-02 3.309103592813734951e-02 2.308647628208688237e-03 -5.316731284223330523e-02 4.953248518565919051e-02 5.307940221625631616e-02 -3.551014115191751877e-03 -2.260009026833710230e-02 3.099177783942463210e-02 -2.893821583811201359e-02 -8.069296250824812416e-03 5.583271918551911683e-02 -3.315872407095741409e-02 1.316562508582924847e-02 -6.841039524581131459e-02 -3.132456922334274363e-02
3.656309565590448035e-02 -2.803676049836346940e-02 -2.575526667190987645e-03 -2.176814171931488670e-02 6.858052523795701155e-03 9.626019774642707166e-03 -4.779525466437723608e-02 7.433477506359867371e-02 -3.342167695274932127e-02 2.483877242229026554e-03 -5.972345884714288372e-03 4.953248518565919051e-02 -5.908761115196330821e-02 3.571735284423635526e-02 -2.672580968624600067e-02 -3.558344006982586127e-02 3.623652021972616905e-02 -5.193492354019208640e-02 2.088349562924461320e-02 -5.516320139097873748e-03 1.148838137301497024e-02 1.372711795828331777e-02 -2.149652466661580719e-02 5.307940221625631616e-02 -5.593819362895022934e-03 -1.684574737492713567e-02 7.621491875254302051e-02 2.875712601954905079e-02 -5.451804411009068124e-02 -3.898265541797126671e-02 5.921518708930603725e-02 -4.764160967481114589e-02 -2.740116759676235192e-02 -4.960403611762109755e-02 3.571897271626595094e-02 -3.551014115191751877e-03 -9.980462185005685091e-03 -1.624418398252336707e-02 -3.746349073955625858e-02 -2.979482970556211058e-02 -2.963430567066553667e-02 4.919107866276067192e-02 6.675081738015928301e-02 3.084594003676895818e-02 -6.547211866054222784e-02 1.025761202436380470e-01 -6.289116432444825586e-03 -2.260009026833710230e-02 5.408535825432200794e-02 -3.338971966980477501e-03 2.638389355945468598e-02 -7.315627869801923956e-03 1.963740888238493798e-02 2.673364125080228068e-02 -1.052746791903352505e-02 6.202682612600811385e-02 -1.126804311112310497e-01 -3.987694753950082188e-02 2.809704379010400516e-02 3.099177783942463210e-02 -2.364514773475941134e-03 7.614179840772444287e-03 -9.300967637274426200e-03 5.162847134628021500e-02 -1.480333236924145923e-02 -2.806655438056962037e-04 -7.038040732864231375e-02 -1.271609839325501742e-02 3.702305643565149962e-02 3.575416701369169004e-02 1.171583629663061621e-02 -2.893821583811201359e-02 -2.879499342119973271e-02 -8.148395248281927253e-03 1.720197512195102696e-02 3.279965807295519287e-02 3.251452268885014069e-02 -3.778423861461662793e-03 4.842120219794047650e-03 -3.110471174195571231e-02 2.114627013214825935e-03 -7.287747444649714246e-02 4.584633616852118454e-02 -8.069296250824812416e-03 -4.075866754233682665e-02 -2.653182769119290241e-02 5.433924375126525028e-03 -2.982175261163290750e-02 4.661397379490305609e-02 -3.833566627411714306e-02 1.276211404892813733e-02 1.033125189043286422e-02 -2.342300732236191757e-02 3.549339562803974224e-02 1.046796961835193968e-03 5.583271918551911683e-02 4.067714149686164210e-02 -2.040305401800618715e-02 3.586078849857637918e-02 1.708207632896913131e-02 5.614432085718443904e-02 -3.061320121360420598e-03 -3.630704378788783548e-02 2.960505147278786470e-02 2.079390355619976927e-02 2.191728065407226936e-02 -6.070918801148862676e-02 -3.315872407095741409e-02 -1.429279813512902321e-02 5.788856573099113861e-02 6.048504583370351712e-03 1.925902782656024881e-02 -5.387710270930069073e-02 -5.397683429557358081e-02 -1.860334067625659575e-03 -8.999654185296951381e-02 5.690953266694533108e-02 -6.486780932387574417e-02 3.309103592813734951e-02 1.316562508582924847e-02 2.616014653269655224e-03 2.069730563729368401e-03 -8.721053371106898822e-02 -1.831967575986113398e-04 1.511832537846975397e-02 1.017670531212158669e-01 -2.740735968214028095e-02 2.499158289056968053e-03 6.254140816597374142e-02 4.953126782030383563e-03 2.308647628208688237e-03 -6.841039524581131459e-02 6.051782244372812952e-02 1.174334887427316496e-02 5.562347321002549666e-02 -1.835668854462030580e-03 -4.834559294318071382e-02 -1.690286691858478019e-02 2.261728105535913691e-02 -2.647707646840227400e-02 5.233766063496145260e-02 -5.231878818469890002e-02 -5.316731284223330523e-02 -3.132456922334274363e-02
2.580485444654812555e-01 -7.204170915758935367e-02 9.716659398198421171e-02 -6.543578217392036211e-02 9.066321981560668264e-03 6.359271138672284440e-02 -6.009225650913945643e-02 -8.726036676967707101e-03 1.249337927190381954e-02 -8.871579036889398751e-02 -4.070263542271421175e-02 -2.625135855479341154e-02 -7.204170915758861815e-02 3.948686802001621921e-01 -1.413404520544001008e-01 -3.644000153480415893e-02 -1.656767537967314971e-03 -6.730106595640568401e-02 6.037006238824374482e-02 3.726247122611699852e-02 -1.141390985563382338e-01 -1.880310128819146637e-02 -8.836396303756527404e-02 5.504970875249700496e-02 9.716659398198462805e-02 -1.413404520544028486e-01 2.937376598661982086e-01 1.078494280013790468e-01 -5.313757693141094723e-02 -1.040051645204653624e-01 3.491590203403298343e-02 -1.146357406496250758e-01 -2.296450265882747296e-02 -5.794141790077090431e-02 -1.532985692268897492e-02 -6.288229124452920926e-02 -6.543578217391990415e-02 -3.644000153480541487e-02 1.078494280013797130e-01 2.112767294121448980e-01 -3.941558813006348222e-02 -2.181801615676017339e-02 -7.886750771375345206e-03 -3.958820777329365853e-02 -1.956431141431843809e-02 1.689301159846914868e-02 8.638150646933297552e-03 -1.033126820023437115e-01 9.066321981560140908e-03 -1.656767537966297556e-03 -5.313757693141191174e-02 -3.941558813006384304e-02 2.770264538244505137e-01 3.991827585969601189e-02 -1.340373346002728117e-01 3.260922830329034128e-02 -1.047401827976159744e-02 -1.732018564935773261e-02 1.321325363994324195e-02 -1.427296867294465359e-02 6.359271138672210888e-02 -6.730106595640371336e-02 -1.040051645204665837e-01 -2.181801615676030176e-02 3.991827585969619230e-02 2.083992164712294703e-01 -3.975344221177415371e-02 4.570952573822174153e-02 3.149234304201832535e-02 -1.967103366727700545e-02 1.857048303961834901e-02 -7.699719117829649517e-02 -6.009225650913947725e-02 6.037006238824306481e-02 3.491590203403343445e-02 -7.886750771375211633e-03 -1.340373346002725619e-01 -3.975344221177427861e-02 2.657488403817426792e-01 -9.084603940375249320e-02 -2.008965286414033172e-02 2.079043560772929691e-02 -4.941094129042450378e-02 -1.682003788575698114e-02 -8.726036676967535363e-03 3.726247122611719975e-02 -1.146357406496248954e-01 -3.958820777329362384e-02 3.260922830329025801e-02 4.570952573822156112e-02 -9.084603940375232667e-02 3.654055320186060940e-01 -1.565143371701770494e-02 -3.648344639909188031e-02 -1.088978951414305008e-01 9.172294616599305228e-02 1.249337927190319331e-02 -1.141390985563369986e-01 -2.296450265882850339e-02 -1.956431141431870524e-02 -1.047401827976172407e-02 3.149234304201860291e-02 -2.008965286414021376e-02 -1.565143371701785066e-02 2.337929004213449846e-01 -1.547213188030732364e-02 -3.607912116131923447e-02 -3.175177594241200552e-02 -8.871579036889339076e-02 -1.880310128819153576e-02 -5.794141790077093207e-02 1.689301159846905848e-02 -1.732018564935783669e-02 -1.967103366727687014e-02 2.079043560772913385e-02 -3.648344639909177622e-02 -1.547213188030648057e-02 3.659765002878411777e-01 -3.935976664839490463e-02 -7.628008455645375607e-02 -4.070263542271462115e-02 -8.836396303756481607e-02 -1.532985692268966534e-02 8.638150646933285409e-03 1.321325363994318124e-02 1.857048303961859534e-02 -4.941094129042473970e-02 -1.088978951414302093e-01 -3.607912116131949121e-02 -3.935976664839452299e-02 2.457374721388689287e-01 2.613881471944246720e-02 -2.625135855479337338e-02 5.504970875249654699e-02 -6.288229124452884844e-02 -1.033126820023435172e-01 -1.427296867294512717e-02 -7.699719117829667558e-02 -1.682003788575698808e-02 9.172294616599305228e-02 -3.175177594241207490e-02 -7.628008455645360342e-02 2.613881471944267537e-02 2.599001626111941965e-01
4.515178803446105553e-03 3.237922896294492814e-02 -1.112286144217133768e-03 2.497865979679370074e-02 -7.178686311651454738e-03 -1.849503741014803943e-02 -5.625821790516002951e-02 7.232448615880640586e-02 -3.383511173230129010e-02 -2.196662715641869296e-02 -1.059353337706911251e-02 4.518383520542744447e-02 1.711848663022428815e-02 4.123380937626672238e-02 -2.180295266025883763e-02 -5.066921005240883347e-02 -1.201782774426270878e-02 -1.973414933827240952e-02 2.632140186744299712e-02 2.184520402884164848e-04 1.264783606742422590e-03 4.941051169076822458e-02 -4.203040935980729975e-02 2.334762764173872740e-02 -3.705744940562190337e-02 -1.374973856929696293e-03 -4.127614901676622539e-02 7.920553069352199646e-03 7.975677091632625559e-03 2.618748607185087188e-02 -1.285784744360501291e-03 6.570782546303653715e-02 -5.647792797545025034e-04 1.618717275037693734e-02 -1.465471379157829747e-02 5.822021761062564022e-04 3.106077606397468147e-02 3.367576591046291673e-02 -8.139782449000174114e-02 -8.310220895115633111e-02 5.721857678194745139e-02 3.944492852561352902e-02 -3.145446009304069673e-02 2.410918216447833357e-02 3.573551737833154801e-02 -3.246873258689959851e-02 -5.202875182836115206e-03 3.825680745014135159e-02 -2.561859586913997275e-02 2.413736426960541581e-02 -1.959801023288128274e-02 -8.007042849028433518e-05 7.522513850818176966e-03 9.148893618508510423e-04 2.320878736916839186e-02 -2.957938206214038093e-02 1.898671793314537972e-04 2.979245898955347124e-02 -1.380007178473363454e-02 1.162530842290624127e-03 6.610518280980638706e-02 -7.713965602252217946e-02 3.021938425631823591e-02 -3.032680481006953116e-02 1.410185620666746381e-02 2.540779213596777719e-02 -2.080703877098546983e-02 -4.440548498513869485e-02 4.388379680015060125e-02 -1.972403616064617032e-02 3.491025391201115630e-02 -3.570272437410514782e-02 1.194125957376827342e-02 -3.591526424464628470e-02 5.687861984647334113e-02 3.825797850735955519e-02 -1.835366160028242474e-02 7.244630228605672753e-03 4.074268470285214577e-02 -9.511760610799957494e-02 -5.796459388124727136e-03 1.479117161501121436e-02 9.499995360197452388e-03 -4.562122451480866980e-02 -4.065310464612914565e-02 -5.935324373519665353e-02 4.123641837327739895e-02 5.566994146402680366e-02 -5.670065705170118653e-02 -1.806939480817698271e-02 2.840964856427445270e-02 -5.402164705843930104e-02 2.816189519702004540e-02 -2.654343494713047244e-02 5.998111104250664766e-02 -1.313879961505987244e-03 -2.934148206474095424e-02 8.282102143663563898e-02 3.045223279232633570e-02 4.690775055049289932e-02 -1.181781244268075015e-02 -5.645834853751220683e-02 1.155831516675070135e-02 -3.927404476585330539e-02 -7.312608262916664437e-02 3.005041993124354591e-02 7.940757046305133016e-03 -2.065743760055058220e-02 4.264264518361368661e-02 -7.815779421872334765e-02 -1.501719658934434244e-02 -3.332607876323854385e-02 1.144322985025052197e-02 5.534278154177910830e-02 -3.197311247576770793e-02 5.351210978053323047e-02 2.731637287037242887e-02 -9.727628359704348221e-03 -6.206939383339230010e-04 1.342189821690958212e-02 -5.615906312529519995e-03 4.309478034536499969e-02 4.491121437379911631e-03 2.484226943613991601e-02 3.186862314990435152e-03 2.050482558627234053e-03 1.427369012648440835e-02 4.242761252814461481e-03 -2.723059687595337161e-02 1.239743568866702103e-02 -1.148989157995525257e-02 -6.127456405904464082e-02 -2.586679475706187697e-02 -2.772268026035244748e-02 1.693112026631971717e-02 -1.254155703982636795e-02 -4.575484346885655938e-03 -3.916686838692842731e-02 1.108489211354646113e-02 3.994127658907870027e-02 1.238257708677907923e-02 -1.399491394036075920e-02 6.499117607293089516e-04 3.152177295923944828e-02
4.515178803446105553e-03 1.711848663022428815e-02 -3.705744940562190337e-02 3.106077606397468147e-02 -2.561859586913997275e-02 6.610518280980638706e-02 1.194125957376827342e-02 -4.065310464612914565e-02 -2.934148206474095424e-02 4.264264518361368661e-02 -5.615906312529519995e-03 -2.586679475706187697e-02 3.237922896294492814e-02 4.123380937626672238e-02 -1.374973856929696293e-03 3.367576591046291673e-02 2.413736426960541581e-02 -7.713965602252217946e-02 -3.591526424464628470e-02 -5.935324373519665353e-02 8.282102143663563898e-02 -7.815779421872334765e-02 4.309478034536499969e-02 -2.772268026035244748e-02 -1.112286144217133768e-03 -2.180295266025883763e-02 -4.127614901676622539e-02 -8.139782449000174114e-02 -1.959801023288128274e-02 3.021938425631823591e-02 5.687861984647334113e-02 4.123641837327739895e-02 3.045223279232633570e-02 -1.501719658934434244e-02 4.491121437379911631e-03 1.693112026631971717e-02 2.497865979679370074e-02 -5.066921005240883347e-02 7.920553069352199646e-03 -8.310220895115633111e-02 -8.007042849028433518e-05 -3.032680481006953116e-02 3.825797850735955519e-02 5.566994146402680366e-02 4.690775055049289932e-02 -3.332607876323854385e-02 2.484226943613991601e-02 -1.254155703982636795e-02 -7.178686311651454738e-03 -1.201782774426270878e-02 7.975677091632625559e-03 5.721857678194745139e-02 7.522513850818176966e-03 1.410185620666746381e-02 -1.835366160028242474e-02 -5.670065705170118653e-02 -1.181781244268075015e-02 1.144322985025052197e-02 3.186862314990435152e-03 -4.575484346885655938e-03 -1.849503741014803943e-02 -1.973414933827240952e-02 2.618748607185087188e-02 3.944492852561352902e-02 9.148893618508510423e-04 2.540779213596777719e-02 7.244630228605672753e-03 -1.806939480817698271e-02 -5.645834853751220683e-02 5.534278154177910830e-02 2.050482558627234053e-03 -3.916686838692842731e-02 -5.625821790516002951e-02 2.632140186744299712e-02 -1.285784744360501291e-03 -3.145446009304069673e-02 2.320878736916839186e-02 -2.080703877098546983e-02 4.074268470285214577e-02 2.840964856427445270e-02 1.155831516675070135e-02 -3.197311247576770793e-02 1.427369012648440835e-02 1.108489211354646113e-02 7.232448615880640586e-02 2.184520402884164848e-04 6.570782546303653715e-02 2.410918216447833357e-02 -2.957938206214038093e-02 -4.440548498513869485e-02 -9.511760610799957494e-02 -5.402164705843930104e-02 -3.927404476585330539e-02 5.351210978053323047e-02 4.242761252814461481e-03 3.994127658907870027e-02 -3.383511173230129010e-02 1.264783606742422590e-03 -5.647792797545025034e-04 3.573551737833154801e-02 1.898671793314537972e-04 4.388379680015060125e-02 -5.796459388124727136e-03 2.816189519702004540e-02 -7.312608262916664437e-02 2.731637287037242887e-02 -2.723059687595337161e-02 1.238257708677907923e-02 -2.196662715641869296e-02 4.941051169076822458e-02 1.618717275037693734e-02 -3.246873258689959851e-02 2.979245898955347124e-02 -1.972403616064617032e-02 1.479117161501121436e-02 -2.654343494713047244e-02 3.005041993124354591e-02 -9.727628359704348221e-03 1.239743568866702103e-02 -1.399491394036075920e-02 -1.059353337706911251e-02 -4.203040935980729975e-02 -1.465471379157829747e-02 -5.202875182836115206e-03 -1.380007178473363454e-02 3.491025391201115630e-02 9.499995360197452388e-03 5.998111104250664766e-02 7.940757046305133016e-03 -6.206939383339230010e-04 -1.148989157995525257e-02 6.499117607293089516e-04 4.518383520542744447e-02 2.334762764173872740e-02 5.822021761062564022e-04 3.825680745014135159e-02 1.162530842290624127e-03 -3.570272437410514782e-02 -4.562122451480866980e-02 -1.313879961505987244e-03 -2.065743760055058220e-02 1.342189821690958212e-02 -6.127456405904464082e-02 3.152177295923944828e-02
2.578237593214247059e-01 -2.808950034709040838e-02 -5.792508931953000567e-02 5.369789856675897394e-02 -3.905605956660415656e-02 4.321069454682852085e-02 -1.168502025623595481e-01 1.062432936208137710e-02 -5.277982832118773698e-02 -2.710086957504080629e-02 -3.482139350737295524e-02 -3.261908786886488776e-02 -2.808950034709046042e-02 1.750125059662965554e-01 1.109933139104723153e-02 -2.919032971627002690e-02 -2.546029825738556698e-02 -1.937491378314916413e-02 5.992676573889987347e-03 -3.989049059344719483e-02 -2.422421935721161615e-02 -4.168057531455639231e-03 9.314449613961692936e-03 1.680393275521176177e-02 -5.792508931952999179e-02 1.109933139104722112e-02 1.904528089746934383e-01 -4.874387998450577936e-02 2.574390916906081281e-02 -1.072968080794874379e-01 -4.733524012635549963e-03 -1.424390260161526207e-02 2.170560762936712615e-02 -7.455762416299908067e-03 3.343668569583466144e-02 3.401884294051603363e-03 5.369789856675898088e-02 -2.919032971627001996e-02 -4.874387998450586956e-02 2.863190788242790386e-01 -9.927918396579225868e-02 -1.303192422633965390e-02 -4.579870693697336154e-02 -2.188293566473708054e-02 -2.709794068749184215e-02 1.927727224527244279e-02 -9.458845029664760679e-03 -6.939895258941566891e-02 -3.905605956660432310e-02 -2.546029825738560168e-02 2.574390916906077117e-02 -9.927918396579225868e-02 3.560014841773623262e-01 -3.080783895858245358e-02 -8.516492729513493176e-02 -6.183673939617672505e-02 -3.593550750271877481e-02 -2.097858204147671699e-02 -5.683096373852791067e-02 4.165800072589463665e-02 4.321069454682847227e-02 -1.937491378314908433e-02 -1.072968080794874240e-01 -1.303192422633974237e-02 -3.080783895858245011e-02 2.977006624717626337e-01 5.264569928726918480e-02 2.539883541159593857e-03 -1.207692674879524003e-01 4.336015166259420822e-02 -1.058024989042837122e-01 -2.776258351951358186e-02 -1.168502025623593676e-01 5.992676573889903213e-03 -4.733524012635586392e-03 -4.579870693697340317e-02 -8.516492729513504278e-02 5.264569928726938602e-02 2.631818847424181040e-01 7.639251334633269386e-02 9.980091222338152712e-02 -2.147654758383091278e-02 -6.298527621854826952e-02 -2.221991125231426514e-02 1.062432936208155924e-02 -3.989049059344722953e-02 -1.424390260161522738e-02 -2.188293566473716381e-02 -6.183673939617679444e-02 2.539883541159850162e-03 7.639251334633258284e-02 2.915672259537242517e-01 1.294887420434086625e-02 -6.841394700430386555e-02 4.599541747829342248e-02 -1.489008639257763944e-01 -5.277982832118756351e-02 -2.422421935721179656e-02 2.170560762936708452e-02 -2.709794068749180398e-02 -3.593550750271887889e-02 -1.207692674879523032e-01 9.980091222338163814e-02 1.294887420434108309e-02 2.596612593733030327e-01 -9.139720485988694909e-02 -1.169001343276621606e-02 -7.939924582042639026e-03 -2.710086957504103874e-02 -4.168057531455597597e-03 -7.455762416299924547e-03 1.927727224527233177e-02 -2.097858204147680025e-02 4.336015166259414577e-02 -2.147654758383078788e-02 -6.841394700430385167e-02 -9.139720485988678256e-02 2.792757579381396349e-01 -4.633358533843000976e-02 -8.777912955474299200e-03 -3.482139350737292055e-02 9.314449613961731100e-03 3.343668569583485572e-02 -9.458845029664705167e-03 -5.683096373852792454e-02 -1.058024989042838648e-01 -6.298527621854831116e-02 4.599541747829333227e-02 -1.169001343276620045e-02 -4.633358533843007915e-02 2.930752708061612477e-01 -8.857083294750972557e-02 -3.261908786886495021e-02 1.680393275521176524e-02 3.401884294051584715e-03 -6.939895258941561340e-02 4.165800072589476849e-02 -2.776258351951377615e-02 -2.221991125231420963e-02 -1.489008639257762834e-01 -7.939924582042522799e-03 -8.777912955474318282e-03 -8.857083294750980884e-02 2.789313583627944793e-01
2.524230434492595251e-02 -1.566161604655155748e-02 1.052293147205643833e-02 -3.886823870402329045e-02 1.532014410367596620e-02 -2.274890771421611384e-03 -2.100644889461348100e-02 6.144896138185352436e-02 -2.186774258867541995e-02 6.868180012149506519e-02 4.833432981448585949e-03 -5.940308984539505871e-02 -4.847213098911577756e-02 -3.241166214295641140e-02 4.195462130361294478e-02 4.266501154344004391e-03 1.552953815661913808e-03 -3.039811855084769560e-02 3.701455150515679110e-02 -1.857380022856524107e-02 6.742398838670173034e-02 -2.554667216514625028e-02 -3.626294496883795265e-02 3.846879098457776230e-02 -2.158416651760593219e-02 1.309626258336600915e-02 -5.632684026822948158e-03 -6.892005937492123868e-02 3.475209984814204428e-02 6.930478930978112295e-02 4.699190033923797416e-02 2.161183941529440378e-02 -2.123373877633438767e-02 7.575888220211992978e-03 -3.410058587400270624e-02 -1.099515440298676379e-02 5.058664761392595022e-02 4.350970554521552819e-03 1.507278300484654219e-03 3.295504252044110377e-02 3.685274405508726786e-02 -5.043533451842712595e-02 -8.192953116528292612e-02 4.784464474182972826e-03 -2.984808950839176744e-02 -4.889224922441537391e-02 7.847816742858623740e-02 -3.280561896768054153e-02 2.276907042661283423e-02 -2.953398334261773603e-02 -3.844057626057419130e-02 4.261738084124275239e-02 -3.114014586938093632e-02 -1.301213372521758428e-02 -2.445774844291854350e-02 1.224856321364277412e-02 8.645553483583664697e-03 4.267107676198371446e-02 8.190311328605431526e-03 -1.505610726127498168e-02 -1.677682579224509807e-02 1.386720179208791176e-02 2.466293353530529114e-02 4.709564559254723545e-03 3.059637373859652038e-02 -3.342149516804668319e-02 -2.517095733459839835e-02 2.778614211021442071e-02 -1.045493170896306771e-02 -7.987343127663651399e-03 1.083192904145541084e-02 -1.501545216445786431e-02 1.446747943622949360e-02 3.446663495879909861e-02 -2.641569430855646855e-02 -4.513147444535592703e-03 -1.114125907490536894e-02 2.686638977961853733e-02 5.672416763180179212e-03 -2.051746128805106636e-02 -1.819836598337826530e-02 -2.556905786695362268e-02 -1.969829429345755847e-02 4.053565628073831778e-02 -6.566580936842565143e-03 -9.415352768325514418e-03 -1.449050073725263732e-02 -2.106587283008133638e-02 -9.008500935633727627e-03 4.396468872636875164e-02 2.021480827245426479e-02 -6.332294369426672877e-03 2.692676941754921019e-02 -3.684717357953918443e-02 -3.532272690188840904e-03 2.007004233769394200e-03 -1.444082842543248195e-02 -2.075045438600425785e-02 -2.994867898330329237e-02 3.105041312853793270e-02 -2.763540819191251732e-02 -1.173399887726917987e-02 3.228167312224088092e-02 -1.933439313525813288e-02 1.029295219944613080e-02 4.525663747882045090e-02 -2.189618383844694344e-02 3.590351864349951294e-02 2.595033900786621744e-02 2.882872446770828184e-02 -2.168146775827380079e-02 -3.280471706298655060e-02 5.220040262720488516e-02 1.464297799707979780e-03 -2.294070295419945935e-02 -5.454457712709418621e-02 -2.258088331651560924e-04 -3.164923865115782525e-02 -4.069142067892567854e-02 7.153707744294204862e-02 4.793232306471878479e-02 -2.540127944472777080e-02 4.738760855732986055e-03 5.016323648820156939e-02 -2.304486576630455225e-02 -4.877742138787034831e-03 -4.456562276448733373e-02 7.253007884561849666e-03 -1.228365457050046433e-02 -1.521232014586835005e-02 5.253903744454119229e-02 -5.311149519487497195e-02 -5.341463671376175948e-02 4.143287792762211097e-02 3.902899696238513322e-02 -2.778838094517249030e-02 -2.593198904464354485e-02 2.156213067130082969e-02 5.943123100738145759e-02 -4.233075125251006821e-03 -4.140584760774421863e-03 2.213674655634405991e-02 -1.791201624314525329e-02 -1.955888585650614186e-03
2.524230434492595251e-02 -4.847213098911577756e-02 -2.158416651760593219e-02 5.058664761392595022e-02 2.276907042661283423e-02 -1.677682579224509807e-02 1.446747943622949360e-02 -6.566580936842565143e-03 -1.444082842543248195e-02 2.595033900786621744e-02 4.793232306471878479e-02 -5.341463671376175948e-02 -1.566161604655155748e-02 -3.241166214295641140e-02 1.309626258336600915e-02 4.350970554521552819e-03 -2.953398334261773603e-02 1.386720179208791176e-02 3.446663495879909861e-02 -9.415352768325514418e-03 -2.075045438600425785e-02 2.882872446770828184e-02 -2.540127944472777080e-02 4.143287792762211097e-02 1.052293147205643833e-02 4.195462130361294478e-02 -5.632684026822948158e-03 1.507278300484654219e-03 -3.844057626057419130e-02 2.466293353530529114e-02 -2.641569430855646855e-02 -1.449050073725263732e-02 -2.994867898330329237e-02 -2.168146775827380079e-02 4.738760855732986055e-03 3.902899696238513322e-02 -3.886823870402329045e-02 4.266501154344004391e-03 -6.892005937492123868e-02 3.295504252044110377e-02 4.261738084124275239e-02 4.709564559254723545e-03 -4.513147444535592703e-03 -2.106587283008133638e-02 3.105041312853793270e-02 -3.280471706298655060e-02 5.016323648820156939e-02 -2.778838094517249030e-02 1.532014410367596620e-02 1.552953815661913808e-03 3.475209984814204428e-02 3.685274405508726786e-02 -3.114014586938093632e-02 3.059637373859652038e-02 -1.114125907490536894e-02 -9.008500935633727627e-03 -2.763540819191251732e-02 5.220040262720488516e-02 -2.304486576630455225e-02 -2.593198904464354485e-02 -2.274890771421611384e-03 -3.039811855084769560e-02 6.930478930978112295e-02 -5.043533451842712595e-02 -1.301213372521758428e-02 -3.342149516804668319e-02 2.686638977961853733e-02 4.396468872636875164e-02 -1.173399887726917987e-02 1.464297799707979780e-03 -4.877742138787034831e-03 2.156213067130082969e-02 -2.100644889461348100e-02 3.701455150515679110e-02 4.699190033923797416e-02 -8.192953116528292612e-02 -2.445774844291854350e-02 -2.517095733459839835e-02 5.672416763180179212e-03 2.021480827245426479e-02 3.228167312224088092e-02 -2.294070295419945935e-02 -4.456562276448733373e-02 5.943123100738145759e-02 6.144896138185352436e-02 -1.857380022856524107e-02 2.161183941529440378e-02 4.784464474182972826e-03 1.224856321364277412e-02 2.778614211021442071e-02 -2.051746128805106636e-02 -6.332294369426672877e-03 -1.933439313525813288e-02 -5.454457712709418621e-02 7.253007884561849666e-03 -4.233075125251006821e-03 -2.186774258867541995e-02 6.742398838670173034e-02 -2.123373877633438767e-02 -2.984808950839176744e-02 8.645553483583664697e-03 -1.045493170896306771e-02 -1.819836598337826530e-02 2.692676941754921019e-02 1.029295219944613080e-02 -2.258088331651560924e-04 -1.228365457050046433e-02 -4.140584760774421863e-03 6.868180012149506519e-02 -2.554667216514625028e-02 7.575888220211992978e-03 -4.889224922441537391e-02 4.267107676198371446e-02 -7.987343127663651399e-03 -2.556905786695362268e-02 -3.684717357953918443e-02 4.525663747882045090e-02 -3.164923865115782525e-02 -1.521232014586835005e-02 2.213674655634405991e-02 4.833432981448585949e-03 -3.626294496883795265e-02 -3.410058587400270624e-02 7.847816742858623740e-02 8.190311328605431526e-03 1.083192904145541084e-02 -1.969829429345755847e-02 -3.532272690188840904e-03 -2.189618383844694344e-02 -4.069142067892567854e-02 5.253903744454119229e-02 -1.791201624314525329e-02 -5.940308984539505871e-02 3.846879098457776230e-02 -1.099515440298676379e-02 -3.280561896768054153e-02 -1.505610726127498168e-02 -1.501545216445786431e-02 4.053565628073831778e-02 2.007004233769394200e-03 3.590351864349951294e-02 7.153707744294204862e-02 -5.311149519487497195e-02 -1.955888585650614186e-03
1.993836860210102813e-01 -1.965102245885430934e-02 2.225481944375075696e-02 2.052170042662804575e-02 1.610930014038437774e-02 -3.249401391221465318e-02 -9.645051606063366478e-02 6.548113062520795119e-04 -2.431558697765603613e-02 -6.335253558514658892e-03 -1.517378199546062789e-02 -6.063429898164145182e-02 -1.965102245885444118e-02 1.974068675295381492e-01 2.623506588511462928e-02 2.697007904932893080e-02 -9.294240749745778796e-02 -4.932469174127504519e-02 -6.097703948416406672e-02 -8.119006584464506099e-03 1.105548806003651616e-02 -2.494262119193818572e-02 -4.957446499674193069e-02 -2.314455022928181040e-03 2.225481944375075002e-02 2.623506588511469867e-02 1.723183564015974278e-01 -5.805424609528577785e-03 -6.390947423839969666e-02 -1.922587830566419020e-02 -4.407825540434025247e-02 -2.730512049991225612e-02 5.025711328397041745e-03 7.080862718041603656e-04 -4.199419355515681546e-02 -2.774978584837016916e-03 2.052170042662798677e-02 2.697007904932897590e-02 -5.805424609528618551e-03 2.415198578741762081e-01 -6.230906314992808170e-02 -2.578610618973543531e-02 -9.082234470219494038e-02 -6.664121297250615028e-02 -4.335790898633117008e-02 1.168534594754572394e-02 4.948690056152575678e-02 -6.400637431091567298e-02 1.610930014038445407e-02 -9.294240749745780183e-02 -6.390947423839964114e-02 -6.230906314992809558e-02 1.685761863003674421e-01 5.100564017473956796e-02 2.574624285634600704e-02 4.568170792620619702e-02 -3.507072295804086748e-02 3.527192245924272874e-03 7.854389904945200188e-03 -3.194747924703437991e-02 -3.249401391221457686e-02 -4.932469174127498968e-02 -1.922587830566412428e-02 -2.578610618973536245e-02 5.100564017473952633e-02 1.898759302171452168e-01 1.303336502952785921e-02 1.554127926137689394e-02 -4.791257806447427742e-02 -4.626310369906388997e-02 -1.948145635613161841e-02 3.995684670736307856e-03 -9.645051606063363703e-02 -6.097703948416413611e-02 -4.407825540434023165e-02 -9.082234470219494038e-02 2.574624285634604520e-02 1.303336502952794074e-02 2.266510851214078581e-01 2.008960571680117393e-02 -1.196284036766655928e-02 -5.895792532557596506e-03 1.534742071785361907e-02 9.285211196844893322e-02 6.548113062519975462e-04 -8.119006584464469670e-03 -2.730512049991220061e-02 -6.664121297250626130e-02 4.568170792620613457e-02 1.554127926137691476e-02 2.008960571680126414e-02 2.000980248948395213e-01 -6.296466965939358229e-02 3.027306578151063576e-02 -3.218249037152735859e-02 -7.351982819015212556e-02 -2.431558697765598409e-02 1.105548806003646238e-02 5.025711328396999245e-03 -4.335790898633115620e-02 -3.507072295804079115e-02 -4.791257806447424966e-02 -1.196284036766659051e-02 -6.296466965939356841e-02 1.841616153457219240e-01 4.630408724063612806e-03 6.293379954413613883e-04 1.006105620303561141e-02 -6.335253558514724812e-03 -2.494262119193817878e-02 7.080862718041368385e-04 1.168534594754559904e-02 3.527192245924249021e-03 -4.626310369906387610e-02 -5.895792532557514974e-03 3.027306578151068781e-02 4.630408724063628419e-03 1.673832874505328250e-01 -1.601644263054949335e-02 -6.306189967601216750e-02 -1.517378199546059667e-02 -4.957446499674197926e-02 -4.199419355515681546e-02 4.948690056152573596e-02 7.854389904945233147e-03 -1.948145635613156984e-02 1.534742071785357917e-02 -3.218249037152727532e-02 6.293379954413643156e-04 -1.601644263054941356e-02 1.421995611394754333e-01 -3.016808735523412652e-02 -6.063429898164139631e-02 -2.314455022928230046e-03 -2.774978584837065922e-03 -6.400637431091554808e-02 -3.194747924703431746e-02 3.995684670736340816e-03 9.285211196844891934e-02 -7.351982819015227821e-02 1.006105620303560620e-02 -6.306189967601227853e-02 -3.016808735523400856e-02 2.122380535931644163e-01
3.532797558419876159e-03 5.906050478068520897e-03 2.871197743177313078e-02 2.186170215761857813e-02 -8.184219101003510632e-03 7.817268042723068619e-03 6.549097930493140256e-03 -1.808100531538152367e-02 8.665782483526849114e-03 -2.541491497439356262e-02 1.854056062126706967e-03 -2.185185144012461236e-02 -3.385632220014750393e-02 4.946813798862578077e-02 -2.201016495174839063e-02 4.066283753374163798e-03 -2.839307444169699574e-02 1.789630595342043065e-02 2.927561792516317554e-02 2.682850602804491211e-02 -1.841427049713776493e-02 -1.363488592204474374e-02 -4.584307263853659720e-02 3.343135116952550279e-02 3.218229404704144730e-02 5.911950003204102105e-02 2.081670013433616073e-03 5.894801483444727687e-03 -2.070751874301317644e-02 -6.507564160451767554e-02 -2.061100107565075334e-02 1.146569831050811734e-02 -1.652619857023257879e-02 1.362590393691717229e-02 4.491791738707014148e-03 -1.916721961459354542e-02 -1.225753721542498925e-02 -1.689505354976081689e-02 -1.660420463977253444e-03 -1.417262660375914057e-02 3.347299811767216055e-02 5.916164874570716686e-02 -3.970925650219456898e-02 6.098792104611118481e-02 -8.143188640392351116e-03 -7.960038518717182281e-04 4.467952557437647985e-03 -6.059277425102588960e-02 -1.241410276200131946e-02 -4.864819012448347302e-02 -2.301183621785514184e-03 2.818363332638212579e-02 2.110994640192885921e-02 9.089823139855471301e-03 6.202168301323585098e-03 -2.388858702759957819e-02 5.695523245811484961e-03 1.457481274550078906e-02 5.929022868473939056e-02 -3.777058385396150214e-02 -9.200654015317277779e-03 -1.244006374001148212e-02 -4.191525288773461505e-03 -5.985356105995016246e-02 9.698757611544900348e-03 3.560663978757543698e-03 6.218900463275368884e-02 1.098457108693502715e-02 9.562892326786387800e-03 8.507062203636983275e-03 1.563231430140328906e-02 -6.499017626658548132e-03 -2.398969826477816841e-02 1.405327383625134922e-02 -1.135223258998369067e-02 2.772792676405847292e-04 1.477096163737498871e-02 1.632405487066598230e-04 -2.548736434760220937e-02 -2.908379198591660650e-02 -9.160618364800641664e-03 3.762501242663436607e-02 -1.240727300884658137e-02 2.883825784487873203e-02 6.874726015902871135e-02 -6.896581869807094124e-03 -7.225456946948367702e-03 5.558838820724960883e-02 -1.391281980509320379e-02 6.674474614963705511e-03 -6.717575188696937871e-02 -6.115576027729397943e-03 -6.599666702858692380e-04 1.085437822314689119e-02 -1.963499947328161896e-02 -2.899033806941095706e-02 -1.297998201648776096e-03 -1.037399063063072085e-02 -3.215444822993655805e-02 -8.476207834259757989e-03 1.125367584373330315e-02 -3.838768383517928567e-02 1.438636523009540272e-02 4.851115637490039517e-02 2.189904780346308907e-02 7.883652595192632700e-03 1.043955429450552086e-02 -1.936224434231775815e-02 -5.910069716332485429e-02 -1.370136040320908688e-02 5.270302035293994436e-03 -9.275600203268181965e-03 -3.256080222805925184e-02 2.056979565653049846e-02 3.810049703066249738e-02 -3.421020383000743931e-02 4.405912387194105967e-02 -5.047539449156955571e-02 2.093637222401953032e-02 6.312402264868169355e-02 1.810865935120931774e-02 2.025658112843033154e-02 3.202159670993193208e-02 3.409394405748631535e-02 -6.955702397198147008e-03 -1.471198009025736012e-02 -3.283308176848676735e-02 -2.613537691726277451e-02 -2.276033422931928590e-02 2.483707128168833114e-03 -3.235296691422653165e-02 1.888709319363470612e-02 2.278961606693571951e-02 -3.897499371970078452e-02 6.413385211700789457e-03 -3.782968518464126240e-02 2.079240208220108077e-02 -1.526686577787307597e-02 3.027754692661590447e-02 -5.758199347139045243e-03 3.529329172996184538e-04 -1.669005869808604103e-02 2.837641432185677992e-03 3.876542132391305046e-02
3.532797558419876159e-03 -3.385632220014750393e-02 3.218229404704144730e-02 -1.225753721542498925e-02 -1.241410276200131946e-02 -9.200654015317277779e-03 -2.398969826477816841e-02 6.874726015902871135e-02 -1.297998201648776096e-03 -5.910069716332485429e-02 1.810865935120931774e-02 2.278961606693571951e-02 5.906050478068520897e-03 4.946813798862578077e-02 5.911950003204102105e-02 -1.689505354976081689e-02 -4.864819012448347302e-02 -1.244006374001148212e-02 1.405327383625134922e-02 -6.896581869807094124e-03 -1.037399063063072085e-02 -1.370136040320908688e-02 2.025658112843033154e-02 -3.897499371970078452e-02 2.871197743177313078e-02 -2.201016495174839063e-02 2.081670013433616073e-03 -1.660420463977253444e-03 -2.301183621785514184e-03 -4.191525288773461505e-03 -1.135223258998369067e-02 -7.225456946948367702e-03 -3.215444822993655805e-02 5.270302035293994436e-03 3.202159670993193208e-02 6.413385211700789457e-03 2.186170215761857813e-02 4.066283753374163798e-03 5.894801483444727687e-03 -1.417262660375914057e-02 2.818363332638212579e-02 -5.985356105995016246e-02 2.772792676405847292e-04 5.558838820724960883e-02 -8.476207834259757989e-03 -9.275600203268181965e-03 3.409394405748631535e-02 -3.782968518464126240e-02 -8.184219101003510632e-03 -2.839307444169699574e-02 -2.070751874301317644e-02 3.347299811767216055e-02 2.110994640192885921e-02 9.698757611544900348e-03 1.477096163737498871e-02 -1.391281980509320379e-02 1.125367584373330315e-02 -3.256080222805925184e-02 -6.955702397198147008e-03 2.079240208220108077e-02 7.817268042723068619e-03 1.789630595342043065e-02 -6.507564160451767554e-02 5.916164874570716686e-02 9.089823139855471301e-03 3.560663978757543698e-03 1.632405487066598230e-04 6.674474614963705511e-03 -3.838768383517928567e-02 2.056979565653049846e-02 -1.471198009025736012e-02 -1.526686577787307597e-02 6.549097930493140256e-03 2.927561792516317554e-02 -2.061100107565075334e-02 -3.970925650219456898e-02 6.202168301323585098e-03 6.218900463275368884e-02 -2.548736434760220937e-02 -6.717575188696937871e-02 1.438636523009540272e-02 3.810049703066249738e-02 -3.283308176848676735e-02 3.027754692661590447e-02 -1.808100531538152367e-02 2.682850602804491211e-02 1.146569831050811734e-02 6.098792104611118481e-02 -2.388858702759957819e-02 1.098457108693502715e-02 -2.908379198591660650e-02 -6.115576027729397943e-03 4.851115637490039517e-02 -3.421020383000743931e-02 -2.613537691726277451e-02 -5.758199347139045243e-03 8.665782483526849114e-03 -1.841427049713776493e-02 -1.652619857023257879e-02 -8.143188640392351116e-03 5.695523245811484961e-03 9.562892326786387800e-03 -9.160618364800641664e-03 -6.599666702858692380e-04 2.189904780346308907e-02 4.405912387194105967e-02 -2.276033422931928590e-02 3.529329172996184538e-04 -2.541491497439356262e-02 -1.363488592204474374e-02 1.362590393691717229e-02 -7.960038518717182281e-04 1.457481274550078906e-02 8.507062203636983275e-03 3.762501242663436607e-02 1.085437822314689119e-02 7.883652595192632700e-03 -5.047539449156955571e-02 2.483707128168833114e-03 -1.669005869808604103e-02 1.854056062126706967e-03 -4.584307263853659720e-02 4.491791738707014148e-03 4.467952557437647985e-03 5.929022868473939056e-02 1.563231430140328906e-02 -1.240727300884658137e-02 -1.963499947328161896e-02 1.043955429450552086e-02 2.093637222401953032e-02 -3.235296691422653165e-02 2.837641432185677992e-03 -2.185185144012461236e-02 3.343135116952550279e-02 -1.916721961459354542e-02 -6.059277425102588960e-02 -3.777058385396150214e-02 -6.499017626658548132e-03 2.883825784487873203e-02 -2.899033806941095706e-02 -1.936224434231775815e-02 6.312402264868169355e-02 1.888709319363470612e-02 3.876542132391305046e-02
1.523576411802688435e-01 -9.429285634064928090e-02 -4.867267227094462800e-02 -1.021110512651170477e-01 7.649302603257921015e-04 -4.112592996553277730e-02 -6.773343499465524220e-02 9.008969876930765508e-02 8.625861284729312295e-02 -4.703665784236690448e-03 -1.427438490384216017e-02 8.725208864766884759e-03 -9.429285634064929478e-02 2.395306223031810899e-01 1.712836356133779978e-02 3.312000124164877352e-02 -2.975660835567989215e-02 -8.152184222021123527e-03 9.139866113848635343e-02 -1.448930695574324745e-01 -6.984271652034278188e-02 4.595048196725545764e-02 -3.635806263536382754e-02 -4.094274141469921718e-02 -4.867267227094475984e-02 1.712836356133776161e-02 2.651069426611459834e-01 2.395355031535516613e-02 -9.025238690474367276e-02 1.095853308611241354e-02 5.363247204445451000e-02 -5.648093820468556153e-02 1.647964643825482883e-02 4.239857945265098488e-03 4.785785241061442374e-03 -9.702667786456689591e-02 -1.021110512651173113e-01 3.312000124164875964e-02 2.395355031535486429e-02 2.626220972763278483e-01 6.370886175141719787e-02 2.828605631481620128e-02 2.338098471025169475e-02 -5.002020621992047528e-02 -6.355683201611715682e-02 -2.147206525035480137e-02 -8.351303809993179325e-03 -9.379818073366189002e-02 7.649302603257631533e-04 -2.975660835567986440e-02 -9.025238690474363112e-02 6.370886175141735053e-02 2.784734518097410350e-01 -4.803981345474438169e-02 -4.412086112791039488e-03 1.108923977622093549e-02 -2.641945678783058638e-02 -1.203594358162935396e-03 -4.246660150233128039e-02 -6.409736170007712674e-02 -4.112592996553297853e-02 -8.152184222021028118e-03 1.095853308611233375e-02 2.828605631481608679e-02 -4.803981345474465231e-02 2.311992432953258458e-01 -1.367747667192411448e-02 -1.930645421509222942e-02 -3.394513781880090231e-02 -2.001141808156381083e-02 -2.537291406758866719e-02 4.253048069784827814e-03 -6.773343499465513118e-02 9.139866113848621465e-02 5.363247204445455163e-02 2.338098471025176761e-02 -4.412086112790872955e-03 -1.367747667192415438e-02 1.722486368373945254e-01 -3.992207068451802954e-02 -1.030480487709264092e-01 -3.221837231784803468e-02 -2.846219272588980734e-02 -4.633252755630092729e-02 9.008969876930773835e-02 -1.448930695574324468e-01 -5.648093820468558235e-02 -5.002020621992045446e-02 1.108923977622111763e-02 -1.930645421509226412e-02 -3.992207068451816138e-02 2.726686477158505872e-01 -1.620734425331661621e-02 -1.051205400710470833e-01 5.010816216922375083e-02 -2.570982750941295560e-03 8.625861284729291478e-02 -6.984271652034265698e-02 1.647964643825492945e-02 -6.355683201611675437e-02 -2.641945678783068699e-02 -3.394513781880058312e-02 -1.030480487709264509e-01 -1.620734425331688683e-02 2.561374645423544205e-01 5.075891253924488811e-02 -2.781970906952095646e-02 -4.855990182987388049e-02 -4.703665784236822286e-03 4.595048196725552703e-02 4.239857945265239868e-03 -2.147206525035462443e-02 -1.203594358163029504e-03 -2.001141808156375532e-02 -3.221837231784797223e-02 -1.051205400710472082e-01 5.075891253924486035e-02 2.143157073635063858e-01 -2.332749759785182966e-02 -3.425276744554155151e-02 -1.427438490384209772e-02 -3.635806263536392469e-02 4.785785241061433701e-03 -8.351303809993380553e-03 -4.246660150233125958e-02 -2.537291406758880596e-02 -2.846219272588975183e-02 5.010816216922394511e-02 -2.781970906952092176e-02 -2.332749759785196150e-02 1.269347081593976689e-01 -1.581047801353463109e-02 8.725208864767264663e-03 -4.094274141469914780e-02 -9.702667786456697918e-02 -9.379818073366255615e-02 -6.409736170007698797e-02 4.253048069784384592e-03 -4.633252755630071218e-02 -2.570982750941185405e-03 -4.855990182987383885e-02 -3.425276744554135028e-02 -1.581047801353474211e-02 3.154676565328275450e-01
2.887652932524241087e-02 1.700658079616937726e-02 -1.758814445846702823e-02 -5.880383510756718481e-03 -2.232959682417380229e-02 -4.125928364115289196e-03 1.090752525244104241e-03 1.624040909419265143e-03 2.258153811384141021e-03 2.642694035470083067e-02 -2.656184655862209310e-02 4.442192448658874239e-04 -2.546133406415834396e-02 2.690673202615821019e-03 -2.228280215764227856e-02 2.510481369348757999e-02 -2.567793070096015869e-03 2.964228776297515508e-02 -4.031184092012935621e-04 1.360608138100557378e-03 -5.643726213369260752e-02 -2.818699410068886343e-02 5.907884627192468499e-03 5.763749439227254523e-02 -3.736880219005644238e-02 4.383969022033439022e-02 2.442980109228427149e-02 3.107448486184969869e-02 9.457959766507961427e-03 -3.374108176532671088e-02 -4.271559985738422605e-03 -5.189012129916049237e-02 3.896632597772569859e-03 1.536306807227177246e-02 1.347473753055495639e-02 -1.142467949528716553e-02 1.290256644824145683e-02 -1.624492223283949266e-02 3.485788375693151669e-02 -9.436311808148939440e-03 -3.867934188187299033e-02 -3.014777470551700117e-02 6.918391276714068406e-04 3.080157767766518451e-02 -1.777382230131488439e-02 -1.972138880730190183e-02 1.750244343450348822e-02 2.379544713487043509e-02 -2.388111998210613179e-02 3.177325671943860563e-02 2.420709210316922266e-02 2.902984248987316648e-02 1.945781174509102554e-02 1.054187692281287163e-02 3.282799782129056793e-02 -3.019565238221172745e-02 -2.380947757797497594e-02 1.050577779057980041e-02 -1.310605469095713072e-02 -4.024768911960054790e-02 2.950174995913468906e-02 1.335125850762418701e-02 -7.238109743033433775e-04 -1.171501259870844254e-02 4.790247794909036072e-02 -3.549483978729675582e-02 5.475318404592711963e-02 1.206498805659481088e-02 1.886928245852888611e-02 -2.153713278469700579e-02 -4.682018268487156409e-02 -5.604544506964863337e-02 -4.907767820820303816e-04 -4.829779124412462987e-02 4.004817426144765408e-02 -3.262916664879563639e-02 -1.443293082930116123e-03 4.787309021915180096e-02 2.320331278377328263e-03 5.029672222345535348e-02 -1.990927282176954347e-02 -6.902315421681491821e-03 1.567963089815137268e-02 -1.413541791300216600e-02 2.980410517736591450e-02 -2.786556085882878342e-02 -1.992457853656116190e-02 -1.116121050150643834e-02 2.264138531075684385e-02 -2.613765320914519449e-02 -2.301898479295147112e-02 3.925396576761796576e-03 2.800234395882575389e-02 4.232499097019594425e-02 -9.288042181933771693e-03 -7.278045351579067856e-04 -1.537710165137002802e-02 -2.523556167701330316e-02 3.565315313236025463e-02 3.426131086267433790e-02 -1.321945913720026788e-02 2.366585699716901997e-02 1.472914428035032933e-02 2.077958768750783058e-02 -1.574739029385775410e-02 -1.842429962937516819e-02 2.853142758887824634e-02 -4.682159813320121294e-02 3.650707015023626351e-02 -5.835747356527130197e-02 -8.366919687039495179e-02 -6.610577116061285875e-03 1.079906761687444983e-02 1.540007899064355090e-02 -7.627105990555815840e-02 3.976617318504902659e-02 4.260249767057167070e-02 -1.509680203107316258e-02 2.780184807622712931e-02 3.342475266677261136e-02 -6.786986158790590112e-03 4.043134148284548840e-02 4.897790654703072094e-02 -5.949273850638268912e-02 -8.386183219245661735e-02 2.832518254174642980e-02 1.561885583385910423e-02 -4.384082741883767176e-02 3.554976662931831621e-02 2.240104137179010219e-02 -1.519787381345745828e-02 1.664983500580212439e-02 -1.745270656292798039e-02 9.666465284772586541e-03 -5.305356049362804083e-02 1.228504731448991534e-02 6.336076266524956480e-02 -2.538617734936951531e-03 -1.419291294247393247e-02 -2.190819719727422898e-02 3.007762057295134545e-03 1.891460317071585323e-03 -1.447928041622239051e-02 2.608107264107148437e-02
2.887652932524241087e-02 -2.546133406415834396e-02 -3.736880219005644238e-02 1.290256644824145683e-02 -2.388111998210613179e-02 2.950174995913468906e-02 -4.907767820820303816e-04 2.980410517736591450e-02 -1.537710165137002802e-02 3.650707015023626351e-02 -6.786986158790590112e-03 -1.745270656292798039e-02 1.700658079616937726e-02 2.690673202615821019e-03 4.383969022033439022e-02 -1.624492223283949266e-02 3.177325671943860563e-02 1.335125850762418701e-02 -4.829779124412462987e-02 -2.786556085882878342e-02 -2.523556167701330316e-02 -5.835747356527130197e-02 4.043134148284548840e-02 9.666465284772586541e-03 -1.758814445846702823e-02 -2.228280215764227856e-02 2.442980109228427149e-02 3.485788375693151669e-02 2.420709210316922266e-02 -7.238109743033433775e-04 4.004817426144765408e-02 -1.992457853656116190e-02 3.565315313236025463e-02 -8.366919687039495179e-02 4.897790654703072094e-02 -5.305356049362804083e-02 -5.880383510756718481e-03 2.510481369348757999e-02 3.107448486184969869e-02 -9.436311808148939440e-03 2.902984248987316648e-02 -1.171501259870844254e-02 -3.262916664879563639e-02 -1.116121050150643834e-02 3.426131086267433790e-02 -6.610577116061285875e-03 -5.949273850638268912e-02 1.228504731448991534e-02 -2.232959682417380229e-02 -2.567793070096015869e-03 9.457959766507961427e-03 -3.867934188187299033e-02 1.945781174509102554e-02 4.790247794909036072e-02 -1.443293082930116123e-03 2.264138531075684385e-02 -1.321945913720026788e-02 1.079906761687444983e-02 -8.386183219245661735e-02 6.336076266524956480e-02 -4.125928364115289196e-03 2.964228776297515508e-02 -3.374108176532671088e-02 -3.014777470551700117e-02 1.054187692281287163e-02 -3.549483978729675582e-02 4.787309021915180096e-02 -2.613765320914519449e-02 2.366585699716901997e-02 1.540007899064355090e-02 2.832518254174642980e-02 -2.538617734936951531e-03 1.090752525244104241e-03 -4.031184092012935621e-04 -4.271559985738422605e-03 6.918391276714068406e-04 3.282799782129056793e-02 5.475318404592711963e-02 2.320331278377328263e-03 -2.301898479295147112e-02 1.472914428035032933e-02 -7.627105990555815840e-02 1.561885583385910423e-02 -1.419291294247393247e-02 1.624040909419265143e-03 1.360608138100557378e-03 -5.189012129916049237e-02 3.080157767766518451e-02 -3.019565238221172745e-02 1.206498805659481088e-02 5.029672222345535348e-02 3.925396576761796576e-03 2.077958768750783058e-02 3.976617318504902659e-02 -4.384082741883767176e-02 -2.190819719727422898e-02 2.258153811384141021e-03 -5.643726213369260752e-02 3.896632597772569859e-03 -1.777382230131488439e-02 -2.380947757797497594e-02 1.886928245852888611e-02 -1.990927282176954347e-02 2.800234395882575389e-02 -1.574739029385775410e-02 4.260249767057167070e-02 3.554976662931831621e-02 3.007762057295134545e-03 2.642694035470083067e-02 -2.818699410068886343e-02 1.536306807227177246e-02 -1.972138880730190183e-02 1.050577779057980041e-02 -2.153713278469700579e-02 -6.902315421681491821e-03 4.232499097019594425e-02 -1.842429962937516819e-02 -1.509680203107316258e-02 2.240104137179010219e-02 1.891460317071585323e-03 -2.656184655862209310e-02 5.907884627192468499e-03 1.347473753055495639e-02 1.750244343450348822e-02 -1.310605469095713072e-02 -4.682018268487156409e-02 1.567963089815137268e-02 -9.288042181933771693e-03 2.853142758887824634e-02 2.780184807622712931e-02 -1.519787381345745828e-02 -1.447928041622239051e-02 4.442192448658874239e-04 5.763749439227254523e-02 -1.142467949528716553e-02 2.379544713487043509e-02 -4.024768911960054790e-02 -5.604544506964863337e-02 -1.413541791300216600e-02 -7.278045351579067856e-04 -4.682159813320121294e-02 3.342475266677261136e-02 1.664983500580212439e-02 2.608107264107148437e-02
1.819646169597552710e-01 -4.469202116860656465e-02 2.418093291232725761e-02 -3.136563127550860697e-02 -3.985476310248459858e-02 -4.313668423504065513e-02 -6.057588061733100437e-02 3.436085193108118219e-02 -2.747147161286111680e-02 -1.970959942092767939e-03 2.231099563469081046e-02 2.912776225272956706e-03 -4.469202116860655077e-02 2.170864247144443648e-01 -9.044889292195304464e-02 -1.130545860411235823e-02 3.191725687539754414e-02 -4.887001455175181419e-02 -4.885385506497077340e-02 -5.316175507283688734e-02 2.063672575614214702e-02 1.191597801670686747e-02 -8.236592843048430590e-02 8.161554373596080492e-02 2.418093291232739639e-02 -9.044889292195312791e-02 1.697847893886824111e-01 1.143914176255784315e-02 2.137476676910598020e-02 -2.358507002831137025e-02 -8.148428748731523230e-02 2.532466090332710293e-02 -9.906348561410351083e-03 -5.954127802937135561e-02 4.930550622190313370e-02 -5.954612695962763214e-02 -3.136563127550846125e-02 -1.130545860411276589e-02 1.143914176255810163e-02 2.052133345072049142e-01 -1.012883775535240449e-01 5.480749870759504122e-02 3.855469409924754814e-02 -7.440968408620385333e-02 4.242222443972347087e-03 1.031212086938011578e-02 -4.077242772012920624e-02 -7.170497196273427354e-02 -3.985476310248473736e-02 3.191725687539764822e-02 2.137476676910594897e-02 -1.012883775535238923e-01 2.799771840386781063e-01 5.548798274368594435e-03 -7.313334876054428113e-02 3.283364129401484394e-02 -3.751404103353531833e-02 5.745481551120841003e-03 -2.271795399746625796e-02 -1.074097534849959151e-01 -4.313668423504080085e-02 -4.887001455175210562e-02 -2.358507002831114127e-02 5.480749870759504816e-02 5.548798274368411422e-03 2.137373891041986218e-01 5.519040527502685339e-02 -6.792240747157320124e-02 -1.560390591452522763e-02 -3.371688278586559839e-02 -3.240061500313123899e-02 -2.605861600038861595e-02 -6.057588061733108070e-02 -4.885385506497072483e-02 -8.148428748731516291e-02 3.855469409924752733e-02 -7.313334876054432276e-02 5.519040527502671462e-02 2.688008762432966270e-01 -1.677149858058557541e-02 -1.563323965960732378e-02 1.958699432454648337e-02 -1.322725152307064125e-02 -1.646557159458807845e-02 3.436085193108109892e-02 -5.316175507283672774e-02 2.532466090332690864e-02 -7.440968408620388108e-02 3.283364129401495496e-02 -6.792240747157317349e-02 -1.677149858058546439e-02 1.961906743490359761e-01 -3.384895286905078432e-02 3.354032945380271136e-02 -4.314482432894186509e-02 2.176967264680478714e-02 -2.747147161286104741e-02 2.063672575614224763e-02 -9.906348561410373635e-03 4.242222443972342751e-03 -3.751404103353533220e-02 -1.560390591452535253e-02 -1.563323965960737236e-02 -3.384895286905069411e-02 1.987761343654983193e-01 -1.227362567217486211e-01 3.974309329257794295e-03 4.243140976250964203e-02 -1.970959942092959626e-03 1.191597801670681370e-02 -5.954127802937134173e-02 1.031212086938030487e-02 5.745481551120934678e-03 -3.371688278586531390e-02 1.958699432454660827e-02 3.354032945380250319e-02 -1.227362567217487876e-01 2.926049030073087365e-01 -9.240016902395251086e-02 -5.685102800014012192e-02 2.231099563469097699e-02 -8.236592843048409773e-02 4.930550622190307819e-02 -4.077242772012962257e-02 -2.271795399746612265e-02 -3.240061500313157899e-02 -1.322725152307091014e-02 -4.314482432894171937e-02 3.974309329258012002e-03 -9.240016902395271903e-02 2.425119065335937241e-01 -3.483298090586740142e-02 2.912776225272928950e-03 8.161554373596098533e-02 -5.954612695962775704e-02 -7.170497196273413476e-02 -1.074097534849959151e-01 -2.605861600038864370e-02 -1.646557159458805417e-02 2.176967264680481143e-02 4.243140976250957264e-02 -5.685102800013982355e-02 -3.483298090586773449e-02 2.551707532055464966e-01
1.348720993256989284e-02 5.395691188089302148e-03 1.685067502890031169e-02 -6.753881784193083160e-02 -4.562853619506956546e-03 -6.283304517492883934e-02 -3.170256241918902734e-02 5.264916597294443806e-02 -2.828265321510457092e-03 -1.712759043818807073e-02 4.659322682717206149e-02 4.670605666236499892e-02 1.391070864546382381e-02 -1.838990209987021026e-03 1.613990924448647363e-02 2.119571166397998113e-02 5.341771240536244934e-03 -3.584445140919121503e-02 -4.033289273363382943e-02 2.628176782392569952e-02 -1.461302074252952138e-02 4.837394018914208810e-03 -5.847550966112859822e-03 5.338338812541200754e-03 2.528350648387875030e-02 1.261468884301024558e-02 -1.528730619512908007e-02 -1.964862194440812788e-03 -2.342764569886389078e-02 -4.048656888039484786e-02 1.619507612519706027e-02 2.681022552288596719e-03 1.083071870070335604e-02 3.255838473383383669e-02 -8.207024398225978498e-03 -1.251998661592321552e-02 9.367950908826002190e-03 -3.861490881560357673e-03 2.102035730628558710e-02 2.403778209932905252e-02 1.259733627751683134e-02 4.095161614196742017e-02 -2.304103704944090308e-02 -7.913127957235369797e-03 1.703785124978951168e-02 -3.993017677652097724e-02 -1.665683408503645588e-02 -2.993248910700234758e-02 -4.658036879810278919e-02 3.840722039763782431e-02 -1.029397162973576946e-02 3.472543259689897521e-02 -1.363215036773154226e-02 4.899398158040568080e-02 -1.610678035224371533e-03 -1.475299854677213258e-02 2.702568732823907444e-02 -3.926899160650142856e-02 -5.709036453855768911e-02 4.724997403313380140e-02 2.796028801173121997e-02 3.172235283487035568e-02 -2.753103717827638450e-02 -4.449405442018619650e-02 1.188969430766848370e-02 3.634593285936293938e-03 -3.985202043494289609e-02 -4.125346318697550169e-02 1.614972379020601645e-02 -2.939839431893894427e-03 2.213034525728651766e-02 3.090256505606379586e-02 -7.876038949769096839e-03 -5.683715876431730957e-02 2.345985786312505469e-02 1.043584930006317794e-02 1.297591507253055207e-02 -1.289306284974939439e-02 -1.502745501235112436e-03 3.441681183601683069e-02 1.122753545458601322e-02 9.778836720389346218e-03 3.058835918732318720e-02 -5.275767250325536645e-02 -2.956685799100161952e-02 -5.472321688258342809e-02 -1.665595756019923671e-02 2.125022385126299970e-02 -4.695269831635466573e-02 5.413880100166722220e-02 8.977744618471629467e-02 1.156533106988230078e-03 -4.990686308434951618e-02 5.478419296032950581e-02 2.007821603417279217e-04 -3.871432392548532480e-03 1.771278909663306922e-02 3.006417884163638601e-02 6.236582819115285212e-03 -3.979098295762342058e-02 5.010793107539399799e-02 -9.409734175005748935e-03 -2.748499699909746560e-02 -3.565315623487779612e-02 3.208087446646216284e-02 -3.524676812346599908e-02 -3.401311069454310970e-03 6.232781774354796168e-03 -9.446614261829322859e-03 -5.879583299411760000e-03 1.353349619958904917e-02 5.360818686676213640e-02 -2.863218720075361157e-03 2.249378850655725862e-02 3.706340796423723827e-02 -2.404466351426863893e-02 -6.619197035496987569e-02 5.354095401048488551e-02 -1.605773832484414312e-02 -6.296861155950993216e-02 -6.651211464562583470e-03 2.212659100056517392e-03 -3.874461812867419086e-02 -6.679453177304936484e-03 -2.118012628799685604e-02 -2.140391633582093209e-02 3.061481941818092883e-02 4.552989810832578504e-03 4.101043200813296596e-02 1.767489951975054208e-02 2.127872192385360517e-05 7.769605405529563663e-03 4.707668779816086974e-02 -5.845313214907327942e-02 3.705278900435399203e-02 -5.917200226176142983e-03 -4.466362220783404169e-02 1.579452426256363826e-03 6.813316289636217604e-03 1.780282622570363710e-02 -1.468537630807275479e-02 -3.047246286518109915e-02 3.434775012235371378e-02 1.821488176968859632e-02
1.348720993256989284e-02 1.391070864546382381e-02 2.528350648387875030e-02 9.367950908826002190e-03 -4.658036879810278919e-02 2.796028801173121997e-02 -7.876038949769096839e-03 -2.956685799100161952e-02 1.771278909663306922e-02 -9.446614261829322859e-03 -6.651211464562583470e-03 4.707668779816086974e-02 5.395691188089302148e-03 -1.838990209987021026e-03 1.261468884301024558e-02 -3.861490881560357673e-03 3.840722039763782431e-02 3.172235283487035568e-02 -5.683715876431730957e-02 -5.472321688258342809e-02 3.006417884163638601e-02 -5.879583299411760000e-03 2.212659100056517392e-03 -5.845313214907327942e-02 1.685067502890031169e-02 1.613990924448647363e-02 -1.528730619512908007e-02 2.102035730628558710e-02 -1.029397162973576946e-02 -2.753103717827638450e-02 2.345985786312505469e-02 -1.665595756019923671e-02 6.236582819115285212e-03 1.353349619958904917e-02 -3.874461812867419086e-02 3.705278900435399203e-02 -6.753881784193083160e-02 2.119571166397998113e-02 -1.964862194440812788e-03 2.403778209932905252e-02 3.472543259689897521e-02 -4.449405442018619650e-02 1.043584930006317794e-02 2.125022385126299970e-02 -3.979098295762342058e-02 5.360818686676213640e-02 -6.679453177304936484e-03 -5.917200226176142983e-03 -4.562853619506956546e-03 5.341771240536244934e-03 -2.342764569886389078e-02 1.259733627751683134e-02 -1.363215036773154226e-02 1.188969430766848370e-02 1.297591507253055207e-02 -4.695269831635466573e-02 5.010793107539399799e-02 -2.863218720075361157e-03 -2.118012628799685604e-02 -4.466362220783404169e-02 -6.283304517492883934e-02 -3.584445140919121503e-02 -4.048656888039484786e-02 4.095161614196742017e-02 4.899398158040568080e-02 3.634593285936293938e-03 -1.289306284974939439e-02 5.413880100166722220e-02 -9.409734175005748935e-03 2.249378850655725862e-02 -2.140391633582093209e-02 1.579452426256363826e-03 -3.170256241918902734e-02 -4.033289273363382943e-02 1.619507612519706027e-02 -2.304103704944090308e-02 -1.610678035224371533e-03 -3.985202043494289609e-02 -1.502745501235112436e-03 8.977744618471629467e-02 -2.748499699909746560e-02 3.706340796423723827e-02 3.061481941818092883e-02 6.813316289636217604e-03 5.264916597294443806e-02 2.628176782392569952e-02 2.681022552288596719e-03 -7.913127957235369797e-03 -1.475299854677213258e-02 -4.125346318697550169e-02 3.441681183601683069e-02 1.156533106988230078e-03 -3.565315623487779612e-02 -2.404466351426863893e-02 4.552989810832578504e-03 1.780282622570363710e-02 -2.828265321510457092e-03 -1.461302074252952138e-02 1.083071870070335604e-02 1.703785124978951168e-02 2.702568732823907444e-02 1.614972379020601645e-02 1.122753545458601322e-02 -4.990686308434951618e-02 3.208087446646216284e-02 -6.619197035496987569e-02 4.101043200813296596e-02 -1.468537630807275479e-02 -1.712759043818807073e-02 4.837394018914208810e-03 3.255838473383383669e-02 -3.993017677652097724e-02 -3.926899160650142856e-02 -2.939839431893894427e-03 9.778836720389346218e-03 5.478419296032950581e-02 -3.524676812346599908e-02 5.354095401048488551e-02 1.767489951975054208e-02 -3.047246286518109915e-02 4.659322682717206149e-02 -5.847550966112859822e-03 -8.207024398225978498e-03 -1.665683408503645588e-02 -5.709036453855768911e-02 2.213034525728651766e-02 3.058835918732318720e-02 2.007821603417279217e-04 -3.401311069454310970e-03 -1.605773832484414312e-02 2.127872192385360517e-05 3.434775012235371378e-02 4.670605666236499892e-02 5.338338812541200754e-03 -1.251998661592321552e-02 -2.993248910700234758e-02 4.724997403313380140e-02 3.090256505606379586e-02 -5.275767250325536645e-02 -3.871432392548532480e-03 6.232781774354796168e-03 -6.296861155950993216e-02 7.769605405529563663e-03 1.821488176968859632e-02
1.861659166513294494e-01 5.877912595728528727e-02 -2.630622095285645515e-02 -9.978632788838938394e-02 -6.508167812881887615e-02 4.204542982653452880e-03 1.162681640412386620e-02 1.836053641736582615e-02 -7.485692185592284983e-03 -1.105746995088300634e-02 -3.787031241906678447e-02 9.716824482806560997e-03 5.877912595728534279e-02 1.862032003319235574e-01 -1.864700533210844266e-02 2.559046716062069945e-02 -7.923456187828996355e-02 -6.450466486981976111e-02 -2.055306923506684119e-02 -2.461199791124567965e-02 4.197677765792046795e-02 4.365901390265354565e-02 -6.727478826816628288e-02 1.361374279276426034e-02 -2.630622095285656964e-02 -1.864700533210852940e-02 2.866466494119088160e-01 -3.213908662016901757e-02 -4.600790759350057574e-02 -9.844206699991584972e-03 -1.616691491224476335e-02 7.509408605858225103e-03 -3.978091420418995022e-02 -2.313636813401080683e-02 -7.438295265410953261e-02 4.972462365852484134e-02 -9.978632788838946721e-02 2.559046716062069599e-02 -3.213908662016892043e-02 3.123080365661861091e-01 -6.277581085721233023e-02 -1.844322045634520790e-02 5.196177158230396581e-02 -7.336073446442803979e-03 -4.857370178858575263e-03 -1.127951658111873978e-01 -3.903917613413347004e-02 3.615131873739973328e-02 -6.508167812881889003e-02 -7.923456187829011621e-02 -4.600790759350086023e-02 -6.277581085721251064e-02 2.523677357340475824e-01 2.725969438077491952e-02 -3.559476013387011945e-02 -3.923775617909552177e-02 2.406990866179914770e-02 -2.306883984143255281e-02 2.239422702076093730e-02 -5.858421581575647130e-02 4.204542982653444207e-03 -6.450466486981976111e-02 -9.844206699991477419e-03 -1.844322045634520443e-02 2.725969438077478421e-02 2.102597895463615141e-01 -1.780975094702802117e-02 -7.766634713288281255e-02 -8.295203420985348963e-02 -1.794016634659441681e-02 4.237570076837536559e-02 -2.847201465265797662e-02 1.162681640412388528e-02 -2.055306923506680997e-02 -1.616691491224472518e-02 5.196177158230384091e-02 -3.559476013387013332e-02 -1.780975094702801770e-02 2.034790335679910189e-01 8.440691866810139457e-03 -2.968648593903260371e-02 -4.305081538088055548e-02 -7.238524515043748275e-02 -3.120827525720090700e-02 1.836053641736579492e-02 -2.461199791124571087e-02 7.509408605858266736e-03 -7.336073446442783162e-03 -3.923775617909552177e-02 -7.766634713288284031e-02 8.440691866810135988e-03 2.110269652552288766e-01 -5.120929681551876500e-02 -2.371401491114072738e-02 8.885379236733008737e-03 2.165987093508295672e-02 -7.485692185592306667e-03 4.197677765792047488e-02 -3.978091420419006125e-02 -4.857370178858252605e-03 2.406990866179917546e-02 -8.295203420985340637e-02 -2.968648593903255167e-02 -5.120929681551880663e-02 2.365895084198398057e-01 1.016869284611482231e-02 -6.771566799382545965e-02 -2.649467476586379183e-02 -1.105746995088281205e-02 4.365901390265371912e-02 -2.313636813401066805e-02 -1.127951658111875227e-01 -2.306883984143273322e-02 -1.794016634659449314e-02 -4.305081538088071508e-02 -2.371401491114073085e-02 1.016869284611508079e-02 2.408708946799597572e-01 -4.378890490634385763e-02 -3.561416364211809210e-02 -3.787031241906677753e-02 -6.727478826816632451e-02 -7.438295265410983792e-02 -3.903917613413327575e-02 2.239422702076079158e-02 4.237570076837551131e-02 -7.238524515043751051e-02 8.885379236733039962e-03 -6.771566799382547353e-02 -4.378890490634382987e-02 3.642430380594524619e-01 -8.086451993205300004e-02 9.716824482806593957e-03 1.361374279276432626e-02 4.972462365852490379e-02 3.615131873739955287e-02 -5.858421581575642273e-02 -2.847201465265810846e-02 -3.120827525720084455e-02 2.165987093508293937e-02 -2.649467476586378142e-02 -3.561416364211796720e-02 -8.086451993205302780e-02 2.634069087502425299e-01
-2.367396141552745997e-02 -4.514695534334491750e-02 5.089315097124287590e-02 4.021671781791895384e-02 5.371966547820498233e-02 2.527420165535020080e-02 1.432628308084137742e-02 -1.322357669760450445e-02 -1.253846167377085929e-02 -9.459771669134078853e-02 -9.464563785151208428e-03 1.372213947689069138e-02 2.700287126665774917e-02 -2.752419521636979144e-03 5.259699888821598411e-03 -1.787007924747616551e-03 -1.405615911005243975e-02 3.355670770734654751e-02 3.012131953099657714e-02 -4.399474029971710970e-02 7.575132183305544400e-03 -1.142114549773000018e-02 -2.427040922605131629e-02 -1.249407988117117417e-02 1.183431433832991993e-02 2.736543041741569971e-03 -3.395900150213588403e-02 -6.010286104528205636e-02 4.343844799836539539e-02 2.189786372681303776e-03 -5.783521182006773342e-02 1.027547296754838073e-02 -1.383476441266180863e-02 -6.748458254458324784e-03 1.178185634366926832e-01 -2.739008404999357382e-02 -5.034260111052668574e-02 -8.608369617798579052e-03 2.877584910611709693e-02 5.045641394752619496e-02 1.458638806465341678e-02 3.584250962734827212e-02 -2.107064951922790752e-02 -1.248253791502015528e-02 -3.466498642658970286e-02 4.389253670912062963e-03 -3.655638456278909737e-02 4.309218579897722973e-02 -1.855441978501981906e-02 -2.833351706155736935e-02 2.376318984476633034e-02 -1.319501714132686326e-02 -2.333300750589798953e-02 6.823355325610117560e-03 4.257759173831312388e-02 4.413748655058453117e-03 -1.387774229460696229e-02 2.944359936098381314e-02 9.489013158291466007e-03 -4.358915581224789837e-02 -6.535181253846645243e-03 -2.560216196923706042e-02 -4.201997382254787916e-02 -2.386591901456182330e-02 -1.208752415010449013e-02 2.896116509178344248e-02 5.278611052255842775e-03 -2.227907143869748145e-04 -4.806379465681177160e-02 3.708009006110719180e-02 5.001734242239772033e-02 3.162467917220301156e-02 4.477919165107330929e-02 -3.247392965822692643e-03 4.605794863867710733e-03 -5.229989267906940548e-02 -1.928597388155575340e-02 -1.258553544633055977e-04 -6.252122814106825070e-03 1.270778816616649834e-02 -1.856324558430644603e-02 8.007696062835556114e-03 -5.619573370620004407e-03 6.114637947604734114e-02 2.957528512796884362e-02 5.789590835901117089e-02 3.813378770115077171e-02 -4.748253527777580862e-02 -2.775279941867612662e-02 -1.700345400276295858e-03 -5.610842219335158976e-02 -1.766771021873872471e-02 1.600579172497735778e-02 6.372318594846805573e-02 -2.601175433559870312e-02 -2.238374080855389664e-02 9.149829096884377205e-03 7.322393341372503139e-03 -5.367972027252911754e-02 3.674013654310700344e-02 -2.348109672629283134e-02 -1.397911025416915393e-02 8.331786239050799001e-04 1.739155351798044730e-02 -2.060621825688366965e-02 -2.427875529338497165e-02 7.888683785507796808e-02 -1.406151610842136870e-02 2.483609047453681079e-03 1.211118119954792891e-02 -7.460910698910137862e-02 6.078449429465821591e-02 1.962054279597502671e-02 -7.327784343460999605e-03 5.105100713600847773e-02 1.043196553346129041e-03 5.115758464748416251e-02 -3.988575830744027495e-02 -3.580400328821287809e-02 -5.233091840244684378e-02 2.705103718090813222e-02 7.224448802763440425e-04 4.975637168774305064e-02 -5.438561474178184307e-02 1.021157232211018090e-02 -7.301372055659183236e-02 9.868039466959284065e-03 5.535865743790860383e-02 6.863923705273491938e-02 -1.748980460848892013e-02 -7.729891599036819994e-02 3.202878889455304523e-02 -1.476621633404777423e-03 5.949199459871221118e-02 1.034737473173073449e-02 2.461638877957670474e-02 -5.976277695030539350e-02 -5.803715492745491200e-02 -2.676509462963005959e-02 1.079560784542483651e-02 3.782405286928394728e-02 5.718260016650771049e-02 -4.981934771574009213e-02 2.721998732083274336e-02
-2.367396141552745997e-02 2.700287126665774917e-02 1.183431433832991993e-02 -5.034260111052668574e-02 -1.855441978501981906e-02 -6.535181253846645243e-03 4.477919165107330929e-02 2.957528512796884362e-02 9.149829096884377205e-03 2.483609047453681079e-03 2.705103718090813222e-02 -1.476621633404777423e-03 -4.514695534334491750e-02 -2.752419521636979144e-03 2.736543041741569971e-03 -8.608369617798579052e-03 -2.833351706155736935e-02 -2.560216196923706042e-02 -3.247392965822692643e-03 5.789590835901117089e-02 7.322393341372503139e-03 1.211118119954792891e-02 7.224448802763440425e-04 5.949199459871221118e-02 5.089315097124287590e-02 5.259699888821598411e-03 -3.395900150213588403e-02 2.877584910611709693e-02 2.376318984476633034e-02 -4.201997382254787916e-02 4.605794863867710733e-03 3.813378770115077171e-02 -5.367972027252911754e-02 -7.460910698910137862e-02 4.975637168774305064e-02 1.034737473173073449e-02 4.021671781791895384e-02 -1.787007924747616551e-03 -6.010286104528205636e-02 5.045641394752619496e-02 -1.319501714132686326e-02 -2.386591901456182330e-02 -5.229989267906940548e-02 -4.748253527777580862e-02 3.674013654310700344e-02 6.078449429465821591e-02 -5.438561474178184307e-02 2.461638877957670474e-02 5.371966547820498233e-02 -1.405615911005243975e-02 4.343844799836539539e-02 1.458638806465341678e-02 -2.333300750589798953e-02 -1.208752415010449013e-02 -1.928597388155575340e-02 -2.775279941867612662e-02 -2.348109672629283134e-02 1.962054279597502671e-02 1.021157232211018090e-02 -5.976277695030539350e-02 2.527420165535020080e-02 3.355670770734654751e-02 2.189786372681303776e-03 3.584250962734827212e-02 6.823355325610117560e-03 2.896116509178344248e-02 -1.258553544633055977e-04 -1.700345400276295858e-03 -1.397911025416915393e-02 -7.327784343460999605e-03 -7.301372055659183236e-02 -5.803715492745491200e-02 1.432628308084137742e-02 3.012131953099657714e-02 -5.783521182006773342e-02 -2.107064951922790752e-02 4.257759173831312388e-02 5.278611052255842775e-03 -6.252122814106825070e-03 -5.610842219335158976e-02 8.331786239050799001e-04 5.105100713600847773e-02 9.868039466959284065e-03 -2.676509462963005959e-02 -1.322357669760450445e-02 -4.399474029971710970e-02 1.027547296754838073e-02 -1.248253791502015528e-02 4.413748655058453117e-03 -2.227907143869748145e-04 1.270778816616649834e-02 -1.766771021873872471e-02 1.739155351798044730e-02 1.043196553346129041e-03 5.535865743790860383e-02 1.079560784542483651e-02 -1.253846167377085929e-02 7.575132183305544400e-03 -1.383476441266180863e-02 -3.466498642658970286e-02 -1.387774229460696229e-02 -4.806379465681177160e-02 -1.856324558430644603e-02 1.600579172497735778e-02 -2.060621825688366965e-02 5.115758464748416251e-02 6.863923705273491938e-02 3.782405286928394728e-02 -9.459771669134078853e-02 -1.142114549773000018e-02 -6.748458254458324784e-03 4.389253670912062963e-03 2.944359936098381314e-02 3.708009006110719180e-02 8.007696062835556114e-03 6.372318594846805573e-02 -2.427875529338497165e-02 -3.988575830744027495e-02 -1.748980460848892013e-02 5.718260016650771049e-02 -9.464563785151208428e-03 -2.427040922605131629e-02 1.178185634366926832e-01 -3.655638456278909737e-02 9.489013158291466007e-03 5.001734242239772033e-02 -5.619573370620004407e-03 -2.601175433559870312e-02 7.888683785507796808e-02 -3.580400328821287809e-02 -7.729891599036819994e-02 -4.981934771574009213e-02 1.372213947689069138e-02 -1.249407988117117417e-02 -2.739008404999357382e-02 4.309218579897722973e-02 -4.358915581224789837e-02 3.162467917220301156e-02 6.114637947604734114e-02 -2.238374080855389664e-02 -1.406151610842136870e-02 -5.233091840244684378e-02 3.202878889455304523e-02 2.721998732083274336e-02
2.672465585376391228e-01 5.337747461056139425e-02 4.123133928245173072e-04 -6.818275666933589461e-03 2.562950330496176470e-03 -2.592280268469263071e-02 -1.052886714321529943e-01 -4.518300165763276116e-02 -4.194253525024155965e-02 -4.935538781474550774e-02 -2.043334225782458824e-02 -4.579540129328839998e-02 5.337747461056139425e-02 3.397033314538731030e-01 1.898580102506130726e-02 -1.369012779036373750e-01 -8.450680250326043919e-02 8.367499622050993124e-02 -7.162370423009710441e-02 6.671916675768914395e-02 -4.706682003220950816e-02 -2.761207788341003486e-02 -9.351468950467320407e-02 1.243547046311219671e-02 4.123133928245973213e-04 1.898580102506139747e-02 2.531779264814561503e-01 -8.571923399256003995e-02 6.139177329049731908e-03 5.794925450730323974e-02 -1.082210346480121932e-01 4.545736221409947542e-02 -4.896205520396924860e-02 -3.986803206685896744e-02 2.197537693185188518e-02 -5.744154881758704173e-02 -6.818275666933710025e-03 -1.369012779036374028e-01 -8.571923399255995668e-02 3.178293225834193936e-01 2.535208021082919691e-02 -7.014668336658916314e-02 -2.748349286269527111e-02 -4.600565653438905278e-02 -2.504277716234737036e-02 7.214974980502156243e-02 -5.399656252754739955e-02 -3.053998476646786753e-02 2.562950330496158689e-03 -8.450680250326036980e-02 6.139177329049722368e-03 2.535208021082911711e-02 2.560922132575289556e-01 -3.848991979598308244e-02 -4.392468031082764901e-02 -7.181667451041731653e-02 -2.034921069372514976e-02 -6.129135575483388165e-02 1.829230363689782896e-02 -5.992827313138026843e-03 -2.592280268469261684e-02 8.367499622050997288e-02 5.794925450730321892e-02 -7.014668336658919090e-02 -3.848991979598313101e-02 1.731088796696820808e-01 -1.891984882177622646e-02 1.130183854133181599e-03 -2.071151245756606279e-02 -5.988788619941302210e-02 -3.044808620008558619e-02 2.874763509343708154e-02 -1.052886714321530359e-01 -7.162370423009715992e-02 -1.082210346480121516e-01 -2.748349286269523989e-02 -4.392468031082767677e-02 -1.891984882177623339e-02 2.892401065499280444e-01 -4.321946467481470322e-03 7.943728934692825816e-02 -2.100621217949298278e-02 7.340525085853714937e-02 4.547670070295850055e-03 -4.518300165763277504e-02 6.671916675768917171e-02 4.545736221409948929e-02 -4.600565653438917074e-02 -7.181667451041728878e-02 1.130183854133198513e-03 -4.321946467481440832e-03 1.978053993219658635e-01 -6.273003675498951826e-02 -2.929926192077620534e-02 1.230773551479086639e-02 9.858113859279879834e-03 -4.194253525024151108e-02 -4.706682003220959143e-02 -4.896205520396931105e-02 -2.504277716234728710e-02 -2.034921069372516017e-02 -2.071151245756611484e-02 7.943728934692828592e-02 -6.273003675498954601e-02 2.003650414052191020e-01 -3.432464108155039266e-03 -8.181388158081262518e-02 2.091561777768103508e-02 -4.935538781474552161e-02 -2.761207788341014241e-02 -3.986803206685893969e-02 7.214974980502168733e-02 -6.129135575483377063e-02 -5.988788619941308455e-02 -2.100621217949301747e-02 -2.929926192077623309e-02 -3.432464108155077864e-03 2.344547854454245572e-01 -1.959374518638951068e-03 -5.363711012538242839e-02 -2.043334225782445987e-02 -9.351468950467312080e-02 2.197537693185195803e-02 -5.399656252754744812e-02 1.829230363689786365e-02 -3.044808620008554803e-02 7.340525085853705223e-02 1.230773551479085598e-02 -8.181388158081273621e-02 -1.959374518638985763e-03 2.942542310226397007e-01 -5.073101729172275337e-02 -4.579540129328844161e-02 1.243547046311216028e-02 -5.744154881758706949e-02 -3.053998476646787100e-02 -5.992827313138121385e-03 2.874763509343706419e-02 4.547670070295925515e-03 9.858113859279878100e-03 2.091561777768105590e-02 -5.363711012538234513e-02 -5.073101729172269786e-02 2.006921290247503653e-01
-6.993252485651275420e-03 4.359034852035385300e-03 2.649483041864425167e-02 4.731470763336625279e-02 1.018988901122669030e-02 -2.095966190414536370e-02 -6.497459323491698580e-02 2.131489169101297067e-03 1.390676278246118572e-02 5.876577010723512545e-02 -8.003455928146326059e-02 -3.051279163152866014e-02 -1.298389424269762692e-02 7.804830974199025717e-03 -1.384885586997497940e-02 1.938918833837141240e-02 -2.187670392395932219e-03 1.560075122629501695e-02 -5.097128252817441363e-02 -2.701603357853649828e-02 -3.065563699530418629e-02 6.141090423100507845e-02 2.442092940366763932e-03 2.733274471805240829e-02 7.393959486148163340e-02 2.789812804394360343e-02 5.477602281578610594e-02 -7.332751156629939426e-02 -4.456997245840498695e-02 3.622274814310979391e-02 -6.072353915944871984e-03 3.807365581997106119e-02 -3.759723073047904762e-02 -3.797199540341589241e-02 3.423970792488794518e-02 -3.521407838516138478e-02 1.616194753781655460e-02 -5.599760276369124962e-02 -3.005481460919851022e-02 -2.065708517110639852e-02 -5.108246884905258758e-03 -1.873113955484955254e-02 3.655724166616820814e-02 -1.677498134540251346e-02 1.067992368827557458e-02 2.077624493131379618e-02 2.590852144000692706e-03 3.994877184422562788e-02 4.907639643992951946e-03 -5.986872031279007883e-02 -3.592845246166263135e-02 -6.617030778176750776e-03 1.824175516113601264e-02 -3.191785332854793489e-02 3.708021752831641704e-02 -2.178313702051002873e-02 3.970365948701193998e-02 -4.038012058283060174e-02 6.753005025686435736e-02 2.457904024916675659e-02 -6.505337653464762261e-03 -1.624574715403189970e-02 -1.074774691007337057e-05 2.583706025725721056e-02 3.459845780700494811e-02 2.983314120233094419e-02 7.139639977585726487e-03 -5.756291891983122966e-02 2.436523053767330679e-02 -4.138618046110986715e-02 -4.260961720733069669e-02 4.030264296432092830e-02 6.084681684170242105e-02 1.217488571462238267e-01 4.865179502976958725e-02 -6.695159000648186198e-02 4.815308976477963854e-02 3.824874811760292648e-02 -7.542616168811913657e-02 1.547013005777361783e-02 -5.980488684486228584e-02 -8.056038493949191359e-02 -2.593947840107317659e-02 2.554564561644365184e-02 -3.497653865192366929e-02 -4.939783087683896623e-02 -7.893204344667247019e-03 2.539970733064171940e-02 4.839566763468023530e-02 -3.093716736337714587e-02 3.500316936552461816e-02 2.360031037060889014e-02 -3.698469935948264786e-02 1.628821219627540548e-02 6.331470274438279200e-02 -4.213588504138728735e-02 3.434199414197090794e-02 -6.269943672371779825e-03 1.441180016590360401e-02 1.735639686242118618e-02 -2.265694188273553733e-02 3.871957237077203184e-02 -2.889250407723090858e-02 -2.005782735188501448e-02 1.756869794750097816e-02 -2.183334116753359380e-02 -1.995411825163687786e-02 -1.035499055858802794e-02 -6.757158784358797965e-02 6.454812958069698625e-02 2.108144862892528948e-02 -5.181807453089680437e-02 -7.643249106154000050e-02 3.209383168286669696e-02 3.578366013086127506e-02 7.420938894076237191e-02 -5.404957201752512430e-03 -6.216743004833734376e-03 -2.370447969499457630e-03 3.566009761281978274e-02 -1.364775212877593000e-02 -4.483117798063698811e-02 -1.815160403935839328e-02 2.689033000900416942e-02 2.464290506458599941e-02 -4.653357065723480457e-02 5.151579480729048810e-02 -2.249479862239850414e-02 3.597594650319796417e-02 9.258434217008469636e-04 2.467762005879457071e-02 -3.532605085196068723e-02 -5.340459104208702956e-03 2.453072001978798961e-02 -3.729195373903264332e-02 1.194221210273846076e-02 -3.438786246612206277e-02 5.434868518470567511e-03 9.186748348473106063e-04 7.707889994532535205e-03 3.012076062242530217e-02 1.821985756333012116e-02 -2.724634718738121533e-02 -6.639069624001375791e-04
-6.993252485651275420e-03 -1.298389424269762692e-02 7.393959486148163340e-02 1.616194753781655460e-02 4.907639643992951946e-03 -6.505337653464762261e-03 6.084681684170242105e-02 -3.497653865192366929e-02 3.434199414197090794e-02 -6.757158784358797965e-02 -1.364775212877593000e-02 -5.340459104208702956e-03 4.359034852035385300e-03 7.804830974199025717e-03 2.789812804394360343e-02 -5.599760276369124962e-02 -5.986872031279007883e-02 -1.624574715403189970e-02 1.217488571462238267e-01 -4.939783087683896623e-02 -6.269943672371779825e-03 6.454812958069698625e-02 -4.483117798063698811e-02 2.453072001978798961e-02 2.649483041864425167e-02 -1.384885586997497940e-02 5.477602281578610594e-02 -3.005481460919851022e-02 -3.592845246166263135e-02 -1.074774691007337057e-05 4.865179502976958725e-02 -7.893204344667247019e-03 1.441180016590360401e-02 2.108144862892528948e-02 -1.815160403935839328e-02 -3.729195373903264332e-02 4.731470763336625279e-02 1.938918833837141240e-02 -7.332751156629939426e-02 -2.065708517110639852e-02 -6.617030778176750776e-03 2.583706025725721056e-02 -6.695159000648186198e-02 2.539970733064171940e-02 1.735639686242118618e-02 -5.181807453089680437e-02 2.689033000900416942e-02 1.194221210273846076e-02 1.018988901122669030e-02 -2.187670392395932219e-03 -4.456997245840498695e-02 -5.108246884905258758e-03 1.824175516113601264e-02 3.459845780700494811e-02 4.815308976477963854e-02 4.839566763468023530e-02 -2.265694188273553733e-02 -7.643249106154000050e-02 2.464290506458599941e-02 -3.438786246612206277e-02 -2.095966190414536370e-02 1.560075122629501695e-02 3.622274814310979391e-02 -1.873113955484955254e-02 -3.191785332854793489e-02 2.983314120233094419e-02 3.824874811760292648e-02 -3.093716736337714587e-02 3.871957237077203184e-02 3.209383168286669696e-02 -4.653357065723480457e-02 5.434868518470567511e-03 -6.497459323491698580e-02 -5.097128252817441363e-02 -6.072353915944871984e-03 3.655724166616820814e-02 3.708021752831641704e-02 7.139639977585726487e-03 -7.542616168811913657e-02 3.500316936552461816e-02 -2.889250407723090858e-02 3.578366013086127506e-02 5.151579480729048810e-02 9.186748348473106063e-04 2.131489169101297067e-03 -2.701603357853649828e-02 3.807365581997106119e-02 -1.677498134540251346e-02 -2.178313702051002873e-02 -5.756291891983122966e-02 1.547013005777361783e-02 2.360031037060889014e-02 -2.005782735188501448e-02 7.420938894076237191e-02 -2.249479862239850414e-02 7.707889994532535205e-03 1.390676278246118572e-02 -3.065563699530418629e-02 -3.759723073047904762e-02 1.067992368827557458e-02 3.970365948701193998e-02 2.436523053767330679e-02 -5.980488684486228584e-02 -3.698469935948264786e-02 1.756869794750097816e-02 -5.404957201752512430e-03 3.597594650319796417e-02 3.012076062242530217e-02 5.876577010723512545e-02 6.141090423100507845e-02 -3.797199540341589241e-02 2.077624493131379618e-02 -4.038012058283060174e-02 -4.138618046110986715e-02 -8.056038493949191359e-02 1.628821219627540548e-02 -2.183334116753359380e-02 -6.216743004833734376e-03 9.258434217008469636e-04 1.821985756333012116e-02 -8.003455928146326059e-02 2.442092940366763932e-03 3.423970792488794518e-02 2.590852144000692706e-03 6.753005025686435736e-02 -4.260961720733069669e-02 -2.593947840107317659e-02 6.331470274438279200e-02 -1.995411825163687786e-02 -2.370447969499457630e-03 2.467762005879457071e-02 -2.724634718738121533e-02 -3.051279163152866014e-02 2.733274471805240829e-02 -3.521407838516138478e-02 3.994877184422562788e-02 2.457904024916675659e-02 4.030264296432092830e-02 2.554564561644365184e-02 -4.213588504138728735e-02 -1.035499055858802794e-02 3.566009761281978274e-02 -3.532605085196068723e-02 -6.639069624001375791e-04
3.905804234608293846e-01 9.798388234378170580e-02 -3.128930912637328809e-02 8.585925491392506007e-03 -1.122552255797448911e-01 5.652554704969761125e-03 -7.739028645067291823e-02 -1.037127431992268672e-01 1.539880845152410971e-02 -1.843901986717009101e-03 -1.352039440466684117e-01 -4.937869327515038292e-02 9.798388234378173356e-02 2.983100004721954135e-01 9.611393441142427035e-04 3.900858392169051243e-03 -8.608911292622303812e-02 -9.240791505533130223e-02 -4.013381960910294977e-02 -4.287769558426827998e-02 5.013580182983680411e-02 -4.706213611940891772e-02 2.988503968918517634e-02 -1.239647944322516820e-01 -3.128930912637347544e-02 9.611393441142978894e-04 3.392006659220633269e-01 -7.549405835980728570e-03 4.108128255239235950e-03 1.432616130328879557e-02 -5.606212703425555825e-03 -9.346400736690570199e-02 -4.803746593298705014e-02 -8.103812092047223137e-02 3.066701355256548633e-02 -6.793931683085981110e-02 8.585925491392488659e-03 3.900858392169124101e-03 -7.549405835980711223e-03 1.509188110612420530e-01 8.890603283638430498e-02 -6.160109433224887805e-03 -8.196130450662487618e-03 -8.431616925733895207e-02 -7.138789019578655089e-03 -6.712422434831522011e-02 -6.067620093984874008e-02 2.951244089783641722e-02 -1.122552255797450022e-01 -8.608911292622292710e-02 4.108128255239333962e-03 8.890603283638434662e-02 2.972620904121144880e-01 2.936733802233568516e-02 1.501052031809954439e-02 -6.090472485265598090e-02 -1.213312256371595760e-01 -2.927104658420288247e-02 -3.047068845370116269e-02 4.780495586521131546e-02 5.652554704969404639e-03 -9.240791505533139938e-02 1.432616130328906792e-02 -6.160109433224827090e-03 2.936733802233591761e-02 2.812501638723909902e-01 1.881335129403316009e-03 -9.647858852448409905e-02 -7.077427130001306965e-02 -8.313755505143612112e-02 -5.651997913128724987e-02 1.225434151628544965e-01 -7.739028645067266843e-02 -4.013381960910275548e-02 -5.606212703425644296e-03 -8.196130450662419964e-03 1.501052031809954786e-02 1.881335129403280230e-03 3.394213314967948758e-01 1.399349375496157163e-02 -7.853173648076658062e-03 -9.197005886587204804e-02 -6.457209654240117502e-02 7.776895455901793562e-03 -1.037127431992264648e-01 -4.287769558426877264e-02 -9.346400736690599342e-02 -8.431616925733897983e-02 -6.090472485265609193e-02 -9.647858852448362721e-02 1.399349375496173643e-02 4.407095506545654073e-01 6.401387324038815274e-02 -1.353783621821685185e-03 -1.838932207555271300e-02 -1.629468096802219046e-01 1.539880845152423634e-02 5.013580182983665146e-02 -4.803746593298727219e-02 -7.138789019578746162e-03 -1.213312256371596731e-01 -7.077427130001312516e-02 -7.853173648076618163e-03 6.401387324038873561e-02 3.040894531175092896e-01 -4.388415722695237359e-02 1.448118417089008791e-02 -1.275883693359059490e-01 -1.843901986717134435e-03 -4.706213611940873037e-02 -8.103812092047209259e-02 -6.712422434831523399e-02 -2.927104658420280267e-02 -8.313755505143621827e-02 -9.197005886587203416e-02 -1.353783621821738311e-03 -4.388415722695240828e-02 4.050187336955363704e-01 5.256462955799121040e-02 -1.178123622683376580e-02 -1.352039440466685505e-01 2.988503968918522144e-02 3.066701355256541695e-02 -6.067620093984874702e-02 -3.047068845370128065e-02 -5.651997913128740253e-02 -6.457209654240110563e-02 -1.838932207555237300e-02 1.448118417089037241e-02 5.256462955799105774e-02 2.955675598008146165e-01 -2.010826386050337117e-02 -4.937869327515068824e-02 -1.239647944322514878e-01 -6.793931683085958906e-02 2.951244089783650743e-02 4.780495586521157914e-02 1.225434151628543439e-01 7.776895455901844736e-03 -1.629468096802225152e-01 -1.275883693359058657e-01 -1.178123622683359926e-02 -2.010826386050309708e-02 3.243464296070207031e-01
8.299191887481861471e-03 -2.627881974606371962e-02 2.330454835625747970e-02 -1.985476769207334888e-02 -4.039649106677992152e-02 2.783305093623321055e-02 -1.845724685906918099e-04 2.293012235641755936e-02 -2.313325172232248012e-02 -4.037757417692129647e-02 -2.413726673816363189e-02 4.973500639647653043e-02 -1.708901434502149361e-02 4.767213228007047970e-02 5.872912730599401387e-03 1.716041105396852104e-02 -9.867771129827160315e-03 -4.773494648835486381e-02 1.895346035827072742e-02 -9.966649116516117235e-02 3.240855782497117921e-02 4.744458863470488175e-02 3.812758814704296506e-02 1.465935353875675445e-02 -6.741373856280238885e-02 1.319976684761673194e-02 -4.335992244552809571e-02 -1.939087892002074390e-02 -8.454020089148914230e-02 -1.633011445558680413e-02 2.579366519665815625e-03 2.938724281451567458e-02 6.684007130714360312e-02 1.705335237105411531e-02 7.354559749855138495e-02 2.145317505963209234e-02 -4.907044249375531325e-02 -3.225684330681985457e-02 4.566433858119557654e-02 -3.655185298726684046e-02 -1.225362520392346208e-02 -3.487838843426598751e-02 -9.910883074878033133e-03 3.860434136759018087e-02 2.609084468885353625e-04 6.459742957517594641e-02 6.514024897795062108e-02 -4.122026267163900887e-02 4.551196430050547664e-02 -2.330809906924878605e-02 -5.232980252841559071e-02 3.143184848206787702e-02 3.803815346402051462e-02 2.544680226929883424e-02 -8.486732769098989659e-03 7.266195306832918914e-03 -3.149493697259383301e-02 -1.356623369714654928e-02 -7.339479101186240084e-02 3.468561906543184831e-02 3.301991801776999608e-02 8.018618724518349061e-02 3.554204505117578711e-02 1.497515190799620852e-02 -1.926456359858057243e-02 1.699266343419433140e-02 -1.825624202985394115e-02 -1.183189218357197717e-02 3.007298678165624614e-02 -7.526491954450868771e-02 -2.899739075614074513e-02 -4.301681988314084992e-02 5.756688110078604648e-02 3.028864193449735606e-02 8.713047611667914041e-03 2.453486741575753791e-02 -1.095510551702720548e-02 -2.988599696594650135e-02 1.878598838920422440e-02 4.202271243273953544e-02 9.477280987281516689e-02 -5.872223308079768667e-02 -4.942508822944357422e-02 -1.079810478335613139e-01 2.930703925420802269e-02 -1.550634653690508534e-02 -6.754323055792400832e-02 3.166916380458204699e-02 5.692613723286540223e-02 2.113699805118959916e-03 3.393503934641093657e-03 -2.298961723117507600e-02 -3.770923732906680467e-03 -3.877749299316370947e-03 -4.625008597768337504e-02 3.426734704390569514e-02 3.161076447223876151e-02 2.770238778058380091e-02 5.908430224728219993e-02 -7.716587221858478216e-03 4.657059685163621870e-02 3.599713702250858377e-02 -4.767220550268861518e-02 -8.752553388025272052e-02 -7.798921910686598680e-02 1.670988341478388262e-02 2.543780347951801746e-02 9.121831529420417611e-03 -4.534990572522821367e-02 -4.079350248412416668e-02 9.584837543737964941e-03 7.131894729282465747e-03 4.790465679785844283e-02 -3.167298219377512325e-02 1.191669061600316749e-02 2.293028410045601373e-02 -5.164261504826179322e-02 6.631712454375833510e-02 3.959885485942941930e-03 -4.356807162612328851e-03 -1.917693854087303834e-02 -3.561846757094883076e-02 -4.347370370157509212e-02 -1.221434342425701050e-03 7.161504133065311334e-03 -9.118753193529236314e-03 -5.154691792154150742e-03 2.578053479029147887e-02 2.391701421610901990e-02 1.888397876021854008e-02 2.724747062806119613e-02 3.413103220104991321e-03 -3.263507643309754291e-02 -4.677376662272308624e-03 4.123857524233484617e-02 -4.726505766304251593e-02 -9.538439442890104050e-03 5.845599069441603790e-02 2.563216327012424536e-02 1.503956981464584473e-02 -7.282256859895581969e-02 -1.626565093443283275e-02 2.162995446720724496e-02 2.003805686354729471e-02
8.299191887481861471e-03 -1.708901434502149361e-02 -6.741373856280238885e-02 -4.907044249375531325e-02 4.551196430050547664e-02 3.301991801776999608e-02 5.756688110078604648e-02 2.930703925420802269e-02 3.161076447223876151e-02 -4.534990572522821367e-02 -1.917693854087303834e-02 -3.263507643309754291e-02 -2.627881974606371962e-02 4.767213228007047970e-02 1.319976684761673194e-02 -3.225684330681985457e-02 -2.330809906924878605e-02 8.018618724518349061e-02 3.028864193449735606e-02 -1.550634653690508534e-02 2.770238778058380091e-02 -4.079350248412416668e-02 -3.561846757094883076e-02 -4.677376662272308624e-03 2.330454835625747970e-02 5.872912730599401387e-03 -4.335992244552809571e-02 4.566433858119557654e-02 -5.232980252841559071e-02 3.554204505117578711e-02 8.713047611667914041e-03 -6.754323055792400832e-02 5.908430224728219993e-02 9.584837543737964941e-03 -4.347370370157509212e-02 4.123857524233484617e-02 -1.985476769207334888e-02 1.716041105396852104e-02 -1.939087892002074390e-02 -3.655185298726684046e-02 3.143184848206787702e-02 1.497515190799620852e-02 2.453486741575753791e-02 3.166916380458204699e-02 -7.716587221858478216e-03 7.131894729282465747e-03 -1.221434342425701050e-03 -4.726505766304251593e-02 -4.039649106677992152e-02 -9.867771129827160315e-03 -8.454020089148914230e-02 -1.225362520392346208e-02 3.803815346402051462e-02 -1.926456359858057243e-02 -1.095510551702720548e-02 5.692613723286540223e-02 4.657059685163621870e-02 4.790465679785844283e-02 7.161504133065311334e-03 -9.538439442890104050e-03 2.783305093623321055e-02 -4.773494648835486381e-02 -1.633011445558680413e-02 -3.487838843426598751e-02 2.544680226929883424e-02 1.699266343419433140e-02 -2.988599696594650135e-02 2.113699805118959916e-03 3.599713702250858377e-02 -3.167298219377512325e-02 -9.118753193529236314e-03 5.845599069441603790e-02 -1.845724685906918099e-04 1.895346035827072742e-02 2.579366519665815625e-03 -9.910883074878033133e-03 -8.486732769098989659e-03 -1.825624202985394115e-02 1.878598838920422440e-02 3.393503934641093657e-03 -4.767220550268861518e-02 1.191669061600316749e-02 -5.154691792154150742e-03 2.563216327012424536e-02 2.293012235641755936e-02 -9.966649116516117235e-02 2.938724281451567458e-02 3.860434136759018087e-02 7.266195306832918914e-03 -1.183189218357197717e-02 4.202271243273953544e-02 -2.298961723117507600e-02 -8.752553388025272052e-02 2.293028410045601373e-02 2.578053479029147887e-02 1.503956981464584473e-02 -2.313325172232248012e-02 3.240855782497117921e-02 6.684007130714360312e-02 2.609084468885353625e-04 -3.149493697259383301e-02 3.007298678165624614e-02 9.477280987281516689e-02 -3.770923732906680467e-03 -7.798921910686598680e-02 -5.164261504826179322e-02 2.391701421610901990e-02 -7.282256859895581969e-02 -4.037757417692129647e-02 4.744458863470488175e-02 1.705335237105411531e-02 6.459742957517594641e-02 -1.356623369714654928e-02 -7.526491954450868771e-02 -5.872223308079768667e-02 -3.877749299316370947e-03 1.670988341478388262e-02 6.631712454375833510e-02 1.888397876021854008e-02 -1.626565093443283275e-02 -2.413726673816363189e-02 3.812758814704296506e-02 7.354559749855138495e-02 6.514024897795062108e-02 -7.339479101186240084e-02 -2.899739075614074513e-02 -4.942508822944357422e-02 -4.625008597768337504e-02 2.543780347951801746e-02 3.959885485942941930e-03 2.724747062806119613e-02 2.162995446720724496e-02 4.973500639647653043e-02 1.465935353875675445e-02 2.145317505963209234e-02 -4.122026267163900887e-02 3.468561906543184831e-02 -4.301681988314084992e-02 -1.079810478335613139e-01 3.426734704390569514e-02 9.121831529420417611e-03 -4.356807162612328851e-03 3.413103220104991321e-03 2.003805686354729471e-02
3.530437402187223683e-01 6.298769031412468355e-02 -8.957079093092268351e-02 -1.120580930770442296e-01 1.636212783494333817e-03 -3.929499816388615230e-02 -3.136255503012457674e-02 -1.049293844923731844e-01 -8.922850656004073511e-02 3.827805445127804851e-02 5.374429973016130180e-02 -1.782098789076254396e-03 6.298769031412468355e-02 3.468676325139870009e-01 -8.516801560585912645e-02 -4.140342867488441131e-02 -1.348300244375069401e-01 -2.336625659576252803e-02 -3.706335348114334766e-02 -2.159422441483322547e-02 7.512579949973749449e-02 -2.051620212092591239e-02 3.112766480215464412e-02 -5.318572284494199609e-02 -8.957079093092260025e-02 -8.516801560585909869e-02 2.566745159937341980e-01 6.675334554179086777e-02 3.027036237043674062e-03 8.543475723602750663e-03 -1.797641309116818076e-02 -1.092826940945369925e-02 -8.177899894620530019e-02 -5.498921215634557796e-02 -3.624182563994912676e-02 5.485636946353274201e-02 -1.120580930770443545e-01 -4.140342867488438355e-02 6.675334554179088165e-02 3.225405444758472351e-01 -7.141741966326330127e-02 -5.225329147996972401e-02 3.349194692289375608e-02 1.998335388668122728e-02 -3.218000459458360968e-02 8.303329888264892114e-03 -1.087005005444739575e-01 -4.869509066988077922e-02 1.636212783494537864e-03 -1.348300244375070511e-01 3.027036237043768171e-03 -7.141741966326332902e-02 2.646216486463269235e-01 9.957251024779080473e-02 -1.024509422045495610e-01 -7.347363598519653094e-03 3.517174449120304830e-02 -1.391783421104901986e-03 -6.173659815820616709e-02 -3.612983676099354186e-03 -3.929499816388595107e-02 -2.336625659576276395e-02 8.543475723602943217e-03 -5.225329147996964768e-02 9.957251024779080473e-02 4.152230951155655436e-01 -9.520464179266528715e-02 -1.514349839111144361e-02 -2.773598136061379907e-02 -9.975689988989101809e-02 2.199591760318541853e-02 -1.364734913127553795e-01 -3.136255503012495144e-02 -3.706335348114330602e-02 -1.797641309116812178e-02 3.349194692289383934e-02 -1.024509422045494916e-01 -9.520464179266525939e-02 3.188268710205313106e-01 4.007453083489798812e-02 -9.781741308687970371e-02 -1.626235522193432079e-02 -5.676083072229858029e-02 -5.148828584600391445e-02 -1.049293844923731983e-01 -2.159422441483332261e-02 -1.092826940945361772e-02 1.998335388668123422e-02 -7.347363598519530796e-03 -1.514349839111155116e-02 4.007453083489787710e-02 3.275494738773574999e-01 -3.929862024679361271e-02 -9.617611591230909585e-02 -9.367124760687156604e-02 -4.542148532402897482e-02 -8.922850656004055470e-02 7.512579949973749449e-02 -8.177899894620536958e-02 -3.218000459458382478e-02 3.517174449120331892e-02 -2.773598136061334804e-02 -9.781741308688006453e-02 -3.929862024679366822e-02 4.069058166320775327e-01 -6.160311330084870113e-02 -7.454230840464425023e-02 4.302312869637720666e-02 3.827805445127792361e-02 -2.051620212092578055e-02 -5.498921215634568899e-02 8.303329888264909461e-03 -1.391783421104931043e-03 -9.975689988989085155e-02 -1.626235522193425834e-02 -9.617611591230909585e-02 -6.160311330084856235e-02 2.876105427851378127e-01 4.654530717159700848e-02 8.135131855335072174e-03 5.374429973016133649e-02 3.112766480215466494e-02 -3.624182563994913370e-02 -1.087005005444739436e-01 -6.173659815820633362e-02 2.199591760318530403e-02 -5.676083072229826804e-02 -9.367124760687138563e-02 -7.454230840464448615e-02 4.654530717159706399e-02 3.570332753436450401e-01 1.360303926253840327e-02 -1.782098789076120172e-03 -5.318572284494185037e-02 5.485636946353258936e-02 -4.869509066988086943e-02 -3.612983676099464341e-03 -1.364734913127555183e-01 -5.148828584600390751e-02 -4.542148532402914135e-02 4.302312869637729686e-02 8.135131855335289014e-03 1.360303926253852991e-02 2.471867287462578000e-01
6.101095016354624728e-02 2.638709937148992282e-02 -1.266262481088525037e-02 2.217641200350803365e-02 -8.907703990522822246e-02 -1.244597729626157750e-01 1.012462821732924706e-01 1.388771457931308774e-02 -5.587916082431843706e-02 5.673700884446773035e-03 -4.061317027773267418e-02 5.340735894480359847e-02 8.902053048029136273e-03 4.068946009225983952e-04 7.855507329794054333e-03 -1.355512691305791641e-02 -1.921501715824417214e-02 -3.887305357686807010e-03 3.967693406844901953e-03 -4.151889260522455966e-02 1.716822565247763319e-02 1.217776062098241234e-02 3.841051741889894150e-02 -6.579403504232067719e-03 2.133731880227652394e-02 2.429405879461446482e-02 -3.102672178549097104e-02 8.549987692987530419e-03 -3.260325624097005354e-02 -8.590596612547810908e-04 3.030879091350594315e-02 2.229148893649147284e-02 4.538117578893071866e-03 -2.801821840151943674e-02 -4.878463497717425851e-03 -1.925220872048643769e-02 1.225511804166140410e-02 2.070900631242491088e-02 -1.067338983331866768e-02 -5.963135664118429657e-02 2.660111039776971026e-02 -7.972644417851551535e-02 -1.898253278642316258e-02 3.606877262830796016e-02 6.054758895293614607e-02 2.428664960934484932e-02 -4.338687465150771472e-02 3.876720384448362200e-02 3.556612551294864588e-02 -1.836161542481146505e-02 2.250265579619199416e-02 -1.272368669293615171e-03 -7.107927466708267514e-03 5.170880832220347417e-02 -2.825857913323149076e-02 -2.489825122033756388e-02 -2.648091024959808859e-02 1.292839972337280277e-02 2.657463238634227495e-02 -2.715455365330365217e-02 -6.139331218861716899e-02 -1.659878460374451109e-02 1.641438487843573796e-02 -1.436706414709273266e-02 -6.369008890555117285e-03 2.450128608391805712e-02 4.311977499659708224e-02 -5.087607712137609366e-03 -8.538419660669418695e-03 3.612400996296007832e-02 -1.645714561742335144e-02 -3.940833598082871779e-03 -9.542522630543165754e-03 2.007794710913717029e-02 -4.462772155559817377e-02 -8.890087034511112360e-03 1.064699323466403690e-02 6.958420754850321022e-02 -5.961556202081925299e-02 1.848649610608894128e-02 5.310590917414448331e-02 -5.343037388144154104e-02 5.491172363148088403e-02 -2.368634176069395192e-02 4.402410440004143194e-02 2.595210081818996595e-02 -8.728494953165738882e-03 4.671283408996906861e-02 1.192505684122171714e-02 -2.104358947534180901e-02 4.798799839071864887e-02 -4.626088157803041889e-02 1.358908805262133007e-02 -2.817418894131320552e-03 -6.982841865848671281e-02 -5.694082301644954464e-02 -2.087317114495435694e-03 1.133071765690145394e-02 1.178661118153834578e-02 3.291431306583049443e-02 -1.519336104509012852e-02 -1.477387685865193256e-02 -3.135910432751372323e-02 1.408315011927167848e-02 -5.652999499481260737e-02 4.503903803319595639e-02 4.315645548272689647e-02 -1.658303126449367851e-02 -5.906418920480335788e-02 -3.296921521130917465e-02 4.890864966916706746e-02 -5.174842947866049175e-02 2.334856479392306838e-02 -4.677504743936611309e-02 -2.346392591498762392e-02 -1.539928216058205485e-02 2.004254763792284039e-02 -1.975471705297677377e-02 5.677334965330793626e-02 1.124191689867335558e-01 1.493119505241212452e-02 2.263312799807666587e-02 -8.762933818361236943e-03 1.280783854943234878e-03 2.259457884536757860e-02 7.188746434180975919e-02 -3.369868824272138907e-02 -3.292584013113334512e-03 -7.269785477008425256e-02 1.809120268292175454e-02 1.674740242838251153e-02 -2.725778758914999822e-02 -7.846138865525925654e-02 -7.442884597662453861e-02 2.872292698751438556e-02 4.817947722494535234e-02 4.836231522960329765e-02 3.767022185309459870e-02 -1.581142298804139035e-02 4.004003427522822428e-02 5.787760671476528673e-02 -4.258504370866038335e-02 -6.654160242932395664e-02 5.879207337104072964e-03
6.101095016354624728e-02 8.902053048029136273e-03 2.133731880227652394e-02 1.225511804166140410e-02 3.556612551294864588e-02 -6.139331218861716899e-02 -9.542522630543165754e-03 4.402410440004143194e-02 -2.087317114495435694e-03 -5.906418920480335788e-02 1.493119505241212452e-02 -7.846138865525925654e-02 2.638709937148992282e-02 4.068946009225983952e-04 2.429405879461446482e-02 2.070900631242491088e-02 -1.836161542481146505e-02 -1.659878460374451109e-02 2.007794710913717029e-02 2.595210081818996595e-02 1.133071765690145394e-02 -3.296921521130917465e-02 2.263312799807666587e-02 -7.442884597662453861e-02 -1.266262481088525037e-02 7.855507329794054333e-03 -3.102672178549097104e-02 -1.067338983331866768e-02 2.250265579619199416e-02 1.641438487843573796e-02 -4.462772155559817377e-02 -8.728494953165738882e-03 1.178661118153834578e-02 4.890864966916706746e-02 -8.762933818361236943e-03 2.872292698751438556e-02 2.217641200350803365e-02 -1.355512691305791641e-02 8.549987692987530419e-03 -5.963135664118429657e-02 -1.272368669293615171e-03 -1.436706414709273266e-02 -8.890087034511112360e-03 4.671283408996906861e-02 3.291431306583049443e-02 -5.174842947866049175e-02 1.280783854943234878e-03 4.817947722494535234e-02 -8.907703990522822246e-02 -1.921501715824417214e-02 -3.260325624097005354e-02 2.660111039776971026e-02 -7.107927466708267514e-03 -6.369008890555117285e-03 1.064699323466403690e-02 1.192505684122171714e-02 -1.519336104509012852e-02 2.334856479392306838e-02 2.259457884536757860e-02 4.836231522960329765e-02 -1.244597729626157750e-01 -3.887305357686807010e-03 -8.590596612547810908e-04 -7.972644417851551535e-02 5.170880832220347417e-02 2.450128608391805712e-02 6.958420754850321022e-02 -2.104358947534180901e-02 -1.477387685865193256e-02 -4.677504743936611309e-02 7.188746434180975919e-02 3.767022185309459870e-02 1.012462821732924706e-01 3.967693406844901953e-03 3.030879091350594315e-02 -1.898253278642316258e-02 -2.825857913323149076e-02 4.311977499659708224e-02 -5.961556202081925299e-02 4.798799839071864887e-02 -3.135910432751372323e-02 -2.346392591498762392e-02 -3.369868824272138907e-02 -1.581142298804139035e-02 1.388771457931308774e-02 -4.151889260522455966e-02 2.229148893649147284e-02 3.606877262830796016e-02 -2.489825122033756388e-02 -5.087607712137609366e-03 1.848649610608894128e-02 -4.626088157803041889e-02 1.408315011927167848e-02 -1.539928216058205485e-02 -3.292584013113334512e-03 4.004003427522822428e-02 -5.587916082431843706e-02 1.716822565247763319e-02 4.538117578893071866e-03 6.054758895293614607e-02 -2.648091024959808859e-02 -8.538419660669418695e-03 5.310590917414448331e-02 1.358908805262133007e-02 -5.652999499481260737e-02 2.004254763792284039e-02 -7.269785477008425256e-02 5.787760671476528673e-02 5.673700884446773035e-03 1.217776062098241234e-02 -2.801821840151943674e-02 2.428664960934484932e-02 1.292839972337280277e-02 3.612400996296007832e-02 -5.343037388144154104e-02 -2.817418894131320552e-03 4.503903803319595639e-02 -1.975471705297677377e-02 1.809120268292175454e-02 -4.258504370866038335e-02 -4.061317027773267418e-02 3.841051741889894150e-02 -4.878463497717425851e-03 -4.338687465150771472e-02 2.657463238634227495e-02 -1.645714561742335144e-02 5.491172363148088403e-02 -6.982841865848671281e-02 4.315645548272689647e-02 5.677334965330793626e-02 1.674740242838251153e-02 -6.654160242932395664e-02 5.340735894480359847e-02 -6.579403504232067719e-03 -1.925220872048643769e-02 3.876720384448362200e-02 -2.715455365330365217e-02 -3.940833598082871779e-03 -2.368634176069395192e-02 -5.694082301644954464e-02 -1.658303126449367851e-02 1.124191689867335558e-01 -2.725778758914999822e-02 5.879207337104072964e-03
3.580555957996127692e-01 -8.680218356794250356e-02 -1.307244416946639828e-02 -6.107569646311079500e-03 -3.478913874508002269e-02 -3.162385899237424303e-02 -3.430682437929462314e-02 -8.812965175839511389e-02 8.083392876746248179e-02 -1.408089749078604916e-02 -9.483566538597440476e-02 4.393062402502227043e-02 -8.680218356794235091e-02 9.370476891571939693e-02 7.456712632181792047e-03 -3.236290942721253144e-02 2.286079526965350064e-02 6.451876232070555099e-03 -2.799744228575176339e-02 5.193222964968618321e-02 -3.685927580800368170e-02 3.620996228477986467e-02 2.349836607260405701e-03 -4.765880436790296409e-02 -1.307244416946636879e-02 7.456712632181808527e-03 2.812127560380621727e-01 8.164072195117746955e-02 -1.278786456584179720e-01 -1.216359330141799783e-01 -5.466525775242974533e-02 5.168541224130163148e-02 -5.106480834817320874e-02 1.541260888287652661e-02 3.980906530131855803e-02 -7.284464065695425705e-02 -6.107569646311121134e-03 -3.236290942721248287e-02 8.164072195117710873e-02 2.674337041429824535e-01 -1.592486240910612194e-01 -1.246702107426343221e-02 2.852657649050079416e-02 2.253684673566766147e-02 -5.002701380081594346e-02 3.461600552031764838e-02 -7.828885121327784635e-02 -4.360242858222963119e-02 -3.478913874508039739e-02 2.286079526965358738e-02 -1.278786456584175557e-01 -1.592486240910611361e-01 2.781029251393752344e-01 -5.230201914948981456e-03 -3.209467887604518233e-02 -7.067652421003971057e-03 -4.383279231890433586e-02 -6.233520047589821700e-02 1.337147194786543480e-01 -4.013895749640839818e-03 -3.162385899237438180e-02 6.451876232070643570e-03 -1.216359330141805334e-01 -1.246702107426404631e-02 -5.230201914948408998e-03 2.494090395779507141e-01 7.602555121529940008e-02 -9.697878878022548818e-03 -1.013295381447758964e-01 -2.807388042852045767e-02 -3.463324703300417473e-02 -4.248127916974164114e-03 -3.430682437929410272e-02 -2.799744228575189176e-02 -5.466525775243043922e-02 2.852657649050039518e-02 -3.209467887604527253e-02 7.602555121529958049e-02 3.521285966905127185e-01 -1.211807803046148074e-01 -7.147137236120978954e-02 -8.559464107681762080e-02 -5.318237247284490765e-02 -6.729904129639772969e-02 -8.812965175839536369e-02 5.193222964968641220e-02 5.168541224130161066e-02 2.253684673566783495e-02 -7.067652421003984935e-03 -9.697878878022425653e-03 -1.211807803046147658e-01 2.645409953158403549e-01 -7.079744161908879674e-02 -5.812382000311543118e-02 -2.415754701368016608e-02 1.149070030409481309e-02 8.083392876746268996e-02 -3.685927580800386905e-02 -5.106480834817257036e-02 -5.002701380081556876e-02 -4.383279231890444688e-02 -1.013295381447762711e-01 -7.147137236121052506e-02 -7.079744161908856082e-02 3.783929442795290199e-01 -1.499844922918145080e-03 -5.086610613072852644e-02 5.767812800691753117e-02 -1.408089749078570395e-02 3.620996228477971202e-02 1.541260888287667927e-02 3.461600552031762756e-02 -6.233520047589827945e-02 -2.807388042852056176e-02 -8.559464107681775957e-02 -5.812382000311563240e-02 -1.499844922917983317e-03 2.275379395310065389e-01 -4.394502527171449680e-02 3.560797052699599119e-02 -9.483566538597511253e-02 2.349836607260630782e-03 3.980906530131898130e-02 -7.828885121327756880e-02 1.337147194786540982e-01 -3.463324703300435514e-02 -5.318237247284382518e-02 -2.415754701368028057e-02 -5.086610613072909542e-02 -4.394502527171455231e-02 2.760322614999253799e-01 -1.369518644296053023e-01 4.393062402502254798e-02 -4.765880436790307512e-02 -7.284464065695413215e-02 -4.360242858222976303e-02 -4.013895749640524098e-03 -4.248127916974387894e-03 -6.729904129639892318e-02 1.149070030409525198e-02 5.767812800691787117e-02 3.560797052699586629e-02 -1.369518644296046916e-01 3.013622630411722514e-01
-4.237899250896551978e-02 4.290679022100469392e-03 3.115009570664729888e-02 1.098314051719177445e-04 5.270199437194309638e-02 -1.329586760858028453e-02 -3.008737881060919578e-02 -3.367887599990348167e-03 -1.021866320960980040e-01 3.218554934672099299e-02 8.292931379080478727e-02 -1.854701466926556019e-02 -3.680654332585439614e-02 2.153354136934478025e-02 2.408374285161890213e-02 -9.127766293276259879e-03 -1.271305979861604360e-02 -7.116459012571885699e-03 -2.170021247367556749e-02 2.522304481038144947e-02 1.851044159961802091e-02 -1.778419127365726089e-03 4.078489211409363352e-03 -4.459525630355345820e-03 5.658827055654224673e-04 -1.860053412554845938e-03 -2.333661340838067214e-02 -1.896826502023308755e-02 3.336361540931087610e-02 -2.129840847821737326e-02 8.855124429442393780e-03 -6.846332927858140259e-03 3.563534288509585118e-02 -3.403678663226222811e-02 2.628707902141015629e-02 -1.256989501462034420e-02 -9.025723926727541313e-03 -9.425745005315238831e-03 -3.239407403540656150e-02 6.999043494938163301e-03 -5.971023376672038828e-03 4.371709658131092691e-02 4.146555478446526527e-02 -2.242552672752126317e-02 1.148204248630041967e-02 -5.170259848283723612e-03 -1.244085532663265388e-02 -1.372910064882745633e-02 5.258227052373805679e-03 -1.236071916281679395e-02 2.156489662114846606e-02 3.513724539039430900e-03 5.832034580622500429e-03 -5.677827232264948121e-02 -1.628271882771945012e-02 -1.810996755136095411e-03 7.217500563534819114e-02 -3.051119088566825455e-02 4.457376697954636147e-02 -4.472403114195422358e-02 -2.605069038532294851e-02 1.432681919323028179e-02 -2.579586102324386843e-02 -1.578793628699746640e-02 1.005078717974992354e-02 3.103566991705883349e-02 -1.547809499141509365e-02 4.410928435926883551e-02 -3.320849336658000112e-02 4.128907887796656739e-03 -2.941651905962886643e-02 4.611687501029640424e-02 9.333741828226063686e-03 4.349908869833114811e-03 1.494304515403241385e-02 2.013722275043819745e-02 3.588655267501025294e-03 2.197839997366491174e-02 3.585207479023668625e-02 -4.285200860915528570e-02 -5.745073485184293977e-02 1.633126594147969388e-02 6.346785998481158618e-03 -3.648787599169159290e-02 1.569109820302441597e-03 -1.161072235449378716e-03 4.297598881007391736e-02 3.890280125168679021e-02 -5.278943715606180392e-02 -1.407355871412576884e-02 6.876798280890481386e-04 4.011646131373769290e-03 3.099137660418889786e-02 -6.352881716371686256e-03 -2.391605719130918475e-02 -8.038914037643550906e-03 -9.059957204197194303e-03 -1.201898059652442563e-02 -3.215176245374241903e-02 1.268466125138758595e-02 1.964084596893404117e-02 -6.259311690316455082e-03 1.684154666829239255e-02 3.719050492095275773e-02 -8.724517590228212868e-03 -3.259481500500258783e-02 -1.339556522959918505e-02 2.244687608607788890e-02 4.209830881561347354e-02 -1.912065413942060782e-02 -4.370621633859587962e-03 1.387402838550179547e-02 -1.572775247152698522e-02 -2.014237687923293302e-03 2.252881195821510030e-02 -1.795148136549083381e-02 -9.983133113290999783e-03 -8.528499797267104915e-04 -2.996799722349337280e-02 3.220686279055007262e-02 3.159027785389508652e-02 -2.732746471665914098e-03 1.573990740787689635e-02 -3.592567264689476569e-02 -4.449101971881313372e-02 1.713531199457708938e-03 -2.955247141487438861e-02 -9.978422085463827668e-03 5.790315576536236852e-02 2.972900811796115941e-02 -5.112541656756819375e-02 6.330074280674939657e-02 2.050812223621304581e-02 1.490699108275150842e-02 -2.194013613951856234e-02 -8.834208511829885410e-03 -2.955298480027215846e-02 2.830226398268283206e-02 -5.062991053189875440e-03 -1.375127713187868084e-02 2.911156812140885952e-02 2.511101630279086866e-02 -2.402599437088909218e-02 -1.056614928333220182e-02
-4.237899250896551978e-02 -3.680654332585439614e-02 5.658827055654224673e-04 -9.025723926727541313e-03 5.258227052373805679e-03 -2.605069038532294851e-02 9.333741828226063686e-03 1.569109820302441597e-03 -9.059957204197194303e-03 4.209830881561347354e-02 3.159027785389508652e-02 2.050812223621304581e-02 4.290679022100469392e-03 2.153354136934478025e-02 -1.860053412554845938e-03 -9.425745005315238831e-03 -1.236071916281679395e-02 1.432681919323028179e-02 4.349908869833114811e-03 -1.161072235449378716e-03 -1.201898059652442563e-02 -1.912065413942060782e-02 -2.732746471665914098e-03 1.490699108275150842e-02 3.115009570664729888e-02 2.408374285161890213e-02 -2.333661340838067214e-02 -3.239407403540656150e-02 2.156489662114846606e-02 -2.579586102324386843e-02 1.494304515403241385e-02 4.297598881007391736e-02 -3.215176245374241903e-02 -4.370621633859587962e-03 1.573990740787689635e-02 -2.194013613951856234e-02 1.098314051719177445e-04 -9.127766293276259879e-03 -1.896826502023308755e-02 6.999043494938163301e-03 3.513724539039430900e-03 -1.578793628699746640e-02 2.013722275043819745e-02 3.890280125168679021e-02 1.268466125138758595e-02 1.387402838550179547e-02 -3.592567264689476569e-02 -8.834208511829885410e-03 5.270199437194309638e-02 -1.271305979861604360e-02 3.336361540931087610e-02 -5.971023376672038828e-03 5.832034580622500429e-03 1.005078717974992354e-02 3.588655267501025294e-03 -5.278943715606180392e-02 1.964084596893404117e-02 -1.572775247152698522e-02 -4.449101971881313372e-02 -2.955298480027215846e-02 -1.329586760858028453e-02 -7.116459012571885699e-03 -2.129840847821737326e-02 4.371709658131092691e-02 -5.677827232264948121e-02 3.103566991705883349e-02 2.197839997366491174e-02 -1.407355871412576884e-02 -6.259311690316455082e-03 -2.014237687923293302e-03 1.713531199457708938e-03 2.830226398268283206e-02 -3.008737881060919578e-02 -2.170021247367556749e-02 8.855124429442393780e-03 4.146555478446526527e-02 -1.628271882771945012e-02 -1.547809499141509365e-02 3.585207479023668625e-02 6.876798280890481386e-04 1.684154666829239255e-02 2.252881195821510030e-02 -2.955247141487438861e-02 -5.062991053189875440e-03 -3.367887599990348167e-03 2.522304481038144947e-02 -6.846332927858140259e-03 -2.242552672752126317e-02 -1.810996755136095411e-03 4.410928435926883551e-02 -4.285200860915528570e-02 4.011646131373769290e-03 3.719050492095275773e-02 -1.795148136549083381e-02 -9.978422085463827668e-03 -1.375127713187868084e-02 -1.021866320960980040e-01 1.851044159961802091e-02 3.563534288509585118e-02 1.148204248630041967e-02 7.217500563534819114e-02 -3.320849336658000112e-02 -5.745073485184293977e-02 3.099137660418889786e-02 -8.724517590228212868e-03 -9.983133113290999783e-03 5.790315576536236852e-02 2.911156812140885952e-02 3.218554934672099299e-02 -1.778419127365726089e-03 -3.403678663226222811e-02 -5.170259848283723612e-03 -3.051119088566825455e-02 4.128907887796656739e-03 1.633126594147969388e-02 -6.352881716371686256e-03 -3.259481500500258783e-02 -8.528499797267104915e-04 2.972900811796115941e-02 2.511101630279086866e-02 8.292931379080478727e-02 4.078489211409363352e-03 2.628707902141015629e-02 -1.244085532663265388e-02 4.457376697954636147e-02 -2.941651905962886643e-02 6.346785998481158618e-03 -2.391605719130918475e-02 -1.339556522959918505e-02 -2.996799722349337280e-02 -5.112541656756819375e-02 -2.402599437088909218e-02 -1.854701466926556019e-02 -4.459525630355345820e-03 -1.256989501462034420e-02 -1.372910064882745633e-02 -4.472403114195422358e-02 4.611687501029640424e-02 -3.648787599169159290e-02 -8.038914037643550906e-03 2.244687608607788890e-02 3.220686279055007262e-02 6.330074280674939657e-02 -1.056614928333220182e-02
2.665985001803237719e-01 -1.376389315495898285e-03 -2.717636338743300434e-02 5.943060004760800791e-02 -2.090295597072040767e-02 1.141800801223690279e-02 -5.718146656750287826e-02 -8.152196191535378278e-02 2.978228830990582634e-03 -6.005565374151763947e-02 -6.723839351491850413e-02 -2.991380953612314195e-02 -1.376389315494983218e-03 2.531980932837886722e-01 -7.255565574287431256e-03 -9.309477139095261380e-03 2.461615793148395209e-02 -2.601894672239458105e-03 -6.480776920070374647e-02 -4.335669171908976272e-02 8.732478059580402185e-02 -8.398727193452643069e-02 -4.630713250802805103e-02 -7.813174126704697242e-02 -2.717636338743410068e-02 -7.255565574287240437e-03 2.569123943215047001e-01 7.476495585536371835e-02 2.488673041886378320e-02 7.515859277319965337e-02 -4.540576335345638398e-02 -8.586241678688809331e-02 -5.754943911531709699e-02 -6.887632710324588514e-02 1.410452485388867354e-02 -1.197291921787087404e-01 5.943060004760757770e-02 -9.309477139095646489e-03 7.476495585536424571e-02 2.497779078289433796e-01 -4.414664029883163393e-02 6.938480044707561779e-03 7.490388641520107603e-03 -1.138967236847187176e-01 -6.478986523029572897e-02 -1.809086623010408221e-02 -9.639811619083367769e-03 -2.758993516519857303e-02 -2.090295597072030359e-02 2.461615793148411516e-02 2.488673041886349177e-02 -4.414664029883185598e-02 2.786545006498415411e-01 -1.149897104147035859e-01 -7.420231860876662366e-02 5.451614465078664928e-02 -3.853520814571945174e-02 -1.074872500757184136e-02 -3.078015515547430012e-02 -7.829310515261240708e-03 1.141800801223638931e-02 -2.601894672239287234e-03 7.515859277320006970e-02 6.938480044707625964e-03 -1.149897104147036830e-01 2.450959701158610671e-01 -3.254188296417911269e-02 -4.958461092211090965e-02 2.813331799816751189e-02 -9.847028681712274856e-02 -1.529218731203679099e-02 -4.808253810731026590e-02 -5.718146656750278806e-02 -6.480776920070362157e-02 -4.540576335345675868e-02 7.490388641519928926e-03 -7.420231860876642938e-02 -3.254188296417933474e-02 2.618986416866641576e-01 -4.430193838437482441e-03 -1.110843246965962372e-01 5.656477874303483810e-02 1.664117258420752879e-02 5.401181026708371663e-02 -8.152196191535331093e-02 -4.335669171908898556e-02 -8.586241678688888435e-02 -1.138967236847188980e-01 5.451614465078644806e-02 -4.958461092211068066e-02 -4.430193838437855407e-03 2.476634859931401145e-01 7.002985269901026988e-02 3.224847117765460014e-02 -5.898110410756662869e-02 2.766286902703718464e-02 2.978228830990979886e-03 8.732478059580414675e-02 -5.754943911531712475e-02 -6.478986523029538203e-02 -3.853520814571978481e-02 2.813331799816773046e-02 -1.110843246965964731e-01 7.002985269900957599e-02 2.432847278547236036e-01 -2.501748524382158695e-02 -6.988342530978844391e-02 -5.232822833556421277e-02 -6.005565374151805580e-02 -8.398727193452627804e-02 -6.887632710324606555e-02 -1.809086623010429731e-02 -1.074872500757163840e-02 -9.847028681712292897e-02 5.656477874303485198e-02 3.224847117765505811e-02 -2.501748524382143776e-02 1.933553874303804154e-01 9.742693709429078863e-02 -6.998411676404406832e-03 -6.723839351491889271e-02 -4.630713250802805797e-02 1.410452485388866833e-02 -9.639811619083558589e-03 -3.078015515547410236e-02 -1.529218731203703212e-02 1.664117258420778553e-02 -5.898110410756624705e-02 -6.988342530978855494e-02 9.742693709429087190e-02 2.101640787750235495e-01 5.573753320681909713e-03 -2.991380953612254173e-02 -7.813174126704720834e-02 -1.197291921787087265e-01 -2.758993516519833711e-02 -7.829310515261417650e-03 -4.808253810730997446e-02 5.401181026708373051e-02 2.766286902703694872e-02 -5.232822833556439318e-02 -6.998411676404547345e-03 5.573753320681852468e-03 2.118299918245769853e-01
-2.689204995036273416e-02 -2.797201387555290839e-03 -2.970300979086947651e-02 -3.180232850411274931e-02 2.602173230207571394e-02 3.347170325459594004e-02 -8.221816005613113987e-03 3.344447177103932606e-02 6.754427040432174449e-04 2.416501608193368650e-03 5.513066400811329065e-03 8.696138664824937248e-03 3.225116609837516690e-02 4.505684133967970822e-02 -8.109446667728566205e-02 -5.996394795267668068e-03 -3.687084022049973847e-02 -6.955859166307342030e-03 -9.325582147192541804e-03 -1.719532037560327770e-02 3.976620401098374114e-02 -1.862261753198623734e-02 1.316913134278365621e-03 4.966682988637582258e-02 5.109215519415170187e-02 1.610624890378501567e-02 -3.600566231826719810e-02 4.522122810702352419e-02 3.978983327766914824e-02 -2.623422083916184325e-02 -1.123267685787503883e-02 -1.624972084696308869e-02 -3.010898708664811602e-02 8.946550350668699969e-03 -4.502982941359873897e-02 5.076270048163310927e-03 2.503669323027648760e-02 -3.716247773514805286e-02 7.375374749253880806e-03 -1.179379817837133103e-02 -2.895354519052695252e-02 -2.611513578495774923e-02 4.945386768058931265e-02 -3.168711230737565610e-02 -4.527674310031470223e-02 -1.176253672038936327e-02 2.945679106978088893e-02 4.863474101715257319e-02 1.095425784122209742e-02 -3.308632650919408197e-02 2.045075614044409087e-02 1.459449555011951144e-02 -1.229491970073762729e-02 2.149715315818859218e-02 -2.991679545927652603e-02 -2.702464911993786648e-02 -2.432885062987710442e-02 2.636200838956385267e-02 3.186154965411425177e-02 -8.642420761310920171e-03 2.142875467420189695e-02 -6.411711153448254596e-03 2.658106846708900919e-02 -6.993732996622159699e-03 2.000146349941460400e-02 4.659421753200235911e-02 -8.119298008439881920e-02 4.929861190840379576e-02 2.962426501049028951e-02 -4.389629899781283262e-02 -3.727515403256878579e-02 -1.857677591689849833e-02 4.810869655532128142e-02 -3.494819862255618692e-02 1.063513634688287475e-02 1.320030759445110606e-02 1.770672067932194810e-02 1.236424450295958884e-02 1.612200152332818283e-03 -2.152860721118430524e-04 2.310746412675644332e-03 -4.882688570122880461e-02 -5.028482601206195335e-02 2.476313321111034416e-02 -1.055908910927031222e-02 -3.451652934049365129e-02 -2.665890467441110398e-02 1.942879840093208327e-02 -4.570660355693097199e-02 -2.178295295413340896e-02 2.758314666874410459e-02 6.332917767329639125e-02 2.704034290340971355e-02 1.676150333139068277e-02 -1.327924502975735485e-02 1.488407302336779668e-02 -5.522598217884321786e-03 2.691332782829391687e-02 6.562801201852803967e-02 -1.364185564837700967e-02 6.187487311700367448e-02 -1.894257148958376769e-02 -8.259989365299799657e-05 -8.102747741681612381e-03 -2.649996017599877754e-02 -3.553975796115186464e-02 -1.060813860876445858e-02 -3.089613621614239330e-02 -4.959818634475150756e-02 -7.011186049498784045e-02 4.112135989142787218e-02 -1.170250914562790366e-02 -3.242948236049216469e-03 -1.683095455641200888e-04 4.000082618367685472e-02 4.136278670343740763e-03 -3.758996662124422516e-02 6.298274565483676091e-02 6.267632461950373157e-02 -2.491050995622402092e-02 -5.654228364487080133e-02 5.363500378191447121e-02 -1.397481357353995944e-02 1.456719298301247315e-02 -5.473713424097433056e-02 7.482811860013836858e-03 4.387409309453405015e-02 -2.155465914569679869e-02 4.822920709198864897e-02 1.907214336999431617e-02 -1.562421816592274304e-03 -2.061730167173771860e-02 -1.761935176122968530e-02 1.032061661253479007e-01 2.908600202392924716e-02 -2.105518768398472254e-03 3.617556458665863173e-02 -1.817701181897931825e-02 -3.844495393547705392e-02 -2.478855246813661123e-02 3.430185834134051592e-02 -1.696344402208426957e-02 1.189414665972850227e-02 -6.222682471442883556e-02
-2.689204995036273416e-02 3.225116609837516690e-02 5.109215519415170187e-02 2.503669323027648760e-02 1.095425784122209742e-02 2.142875467420189695e-02 4.810869655532128142e-02 -1.055908910927031222e-02 -5.522598217884321786e-03 -4.959818634475150756e-02 -5.654228364487080133e-02 -1.761935176122968530e-02 -2.797201387555290839e-03 4.505684133967970822e-02 1.610624890378501567e-02 -3.716247773514805286e-02 -3.308632650919408197e-02 -6.411711153448254596e-03 -3.494819862255618692e-02 -3.451652934049365129e-02 2.691332782829391687e-02 -7.011186049498784045e-02 5.363500378191447121e-02 1.032061661253479007e-01 -2.970300979086947651e-02 -8.109446667728566205e-02 -3.600566231826719810e-02 7.375374749253880806e-03 2.045075614044409087e-02 2.658106846708900919e-02 1.063513634688287475e-02 -2.665890467441110398e-02 6.562801201852803967e-02 4.112135989142787218e-02 -1.397481357353995944e-02 2.908600202392924716e-02 -3.180232850411274931e-02 -5.996394795267668068e-03 4.522122810702352419e-02 -1.179379817837133103e-02 1.459449555011951144e-02 -6.993732996622159699e-03 1.320030759445110606e-02 1.942879840093208327e-02 -1.364185564837700967e-02 -1.170250914562790366e-02 1.456719298301247315e-02 -2.105518768398472254e-03 2.602173230207571394e-02 -3.687084022049973847e-02 3.978983327766914824e-02 -2.895354519052695252e-02 -1.229491970073762729e-02 2.000146349941460400e-02 1.770672067932194810e-02 -4.570660355693097199e-02 6.187487311700367448e-02 -3.242948236049216469e-03 -5.473713424097433056e-02 3.617556458665863173e-02 3.347170325459594004e-02 -6.955859166307342030e-03 -2.623422083916184325e-02 -2.611513578495774923e-02 2.149715315818859218e-02 4.659421753200235911e-02 1.236424450295958884e-02 -2.178295295413340896e-02 -1.894257148958376769e-02 -1.683095455641200888e-04 7.482811860013836858e-03 -1.817701181897931825e-02 -8.221816005613113987e-03 -9.325582147192541804e-03 -1.123267685787503883e-02 4.945386768058931265e-02 -2.991679545927652603e-02 -8.119298008439881920e-02 1.612200152332818283e-03 2.758314666874410459e-02 -8.259989365299799657e-05 4.000082618367685472e-02 4.387409309453405015e-02 -3.844495393547705392e-02 3.344447177103932606e-02 -1.719532037560327770e-02 -1.624972084696308869e-02 -3.168711230737565610e-02 -2.702464911993786648e-02 4.929861190840379576e-02 -2.152860721118430524e-04 6.332917767329639125e-02 -8.102747741681612381e-03 4.136278670343740763e-03 -2.155465914569679869e-02 -2.478855246813661123e-02 6.754427040432174449e-04 3.976620401098374114e-02 -3.010898708664811602e-02 -4.527674310031470223e-02 -2.432885062987710442e-02 2.962426501049028951e-02 2.310746412675644332e-03 2.704034290340971355e-02 -2.649996017599877754e-02 -3.758996662124422516e-02 4.822920709198864897e-02 3.430185834134051592e-02 2.416501608193368650e-03 -1.862261753198623734e-02 8.946550350668699969e-03 -1.176253672038936327e-02 2.636200838956385267e-02 -4.389629899781283262e-02 -4.882688570122880461e-02 1.676150333139068277e-02 -3.553975796115186464e-02 6.298274565483676091e-02 1.907214336999431617e-02 -1.696344402208426957e-02 5.513066400811329065e-03 1.316913134278365621e-03 -4.502982941359873897e-02 2.945679106978088893e-02 3.186154965411425177e-02 -3.727515403256878579e-02 -5.028482601206195335e-02 -1.327924502975735485e-02 -1.060813860876445858e-02 6.267632461950373157e-02 -1.562421816592274304e-03 1.189414665972850227e-02 8.696138664824937248e-03 4.966682988637582258e-02 5.076270048163310927e-03 4.863474101715257319e-02 -8.642420761310920171e-03 -1.857677591689849833e-02 2.476313321111034416e-02 1.488407302336779668e-02 -3.089613621614239330e-02 -2.491050995622402092e-02 -2.061730167173771860e-02 -6.222682471442883556e-02
2.096722045866520057e-01 5.054821023423565485e-02 -4.395771979880503527e-02 -6.261388463758985057e-02 -3.074960662885105681e-02 -1.656149824688112754e-02 -5.259679299127517638e-02 -1.079253327005285784e-01 -1.369585066944416056e-02 3.543795145603184649e-02 1.941298797219333586e-02 2.717258101056744049e-02 5.054821023423568954e-02 2.072703069878565896e-01 -2.901004135142082677e-02 -2.806225520322570138e-02 -2.455071262002375340e-02 -3.492250113748324863e-02 1.202999473457779488e-02 3.929284130597712754e-02 -1.418309756500605867e-01 -1.965902137208319980e-02 2.664051876204282486e-03 1.905304178502655738e-02 -4.395771979880507691e-02 -2.901004135142078166e-02 1.460473258514399242e-01 -2.005992973667340695e-02 5.964602539535032374e-03 1.582107206652672363e-02 1.200336508803831644e-02 -9.534376554199315568e-03 2.940921803845638477e-02 -6.937775083872038673e-02 -4.852003298022029149e-02 1.180890769154098290e-02 -6.261388463758985057e-02 -2.806225520322575689e-02 -2.005992973667342083e-02 2.361099964528892980e-01 2.824200256967255782e-02 -7.159323079913487708e-02 -2.729184847589379015e-02 3.821405959988752321e-02 7.029686710747604095e-02 1.606830103417406647e-02 -6.755651306806619016e-02 -1.113266514991605449e-01 -3.074960662885102558e-02 -2.455071262002378810e-02 5.964602539534962986e-03 2.824200256967252312e-02 1.315591501961902443e-01 3.778593070247869383e-03 -6.263703020591981918e-02 -7.913035450282182581e-02 -3.370079542744306746e-03 2.485260027265689953e-02 -1.821486006046290143e-02 -2.640532704125281641e-02 -1.656149824688112060e-02 -3.492250113748319312e-02 1.582107206652665424e-02 -7.159323079913477994e-02 3.778593070247857240e-03 1.575443167498000174e-01 9.177522030652978877e-03 4.505618100977726304e-02 3.424635526759500694e-03 -8.645889724706419532e-02 -1.387073631707558957e-02 1.919452988565159557e-02 -5.259679299127533597e-02 1.202999473457789202e-02 1.200336508803823317e-02 -2.729184847589349178e-02 -6.263703020591966653e-02 9.177522030652827956e-03 3.320450657429567798e-01 2.551861099746461498e-02 -6.136190772840861840e-02 3.697467516542844029e-02 -4.550456026877653520e-02 -9.900474147092101773e-02 -1.079253327005285090e-01 3.929284130597718999e-02 -9.534376554199397100e-03 3.821405959988762036e-02 -7.913035450282178418e-02 4.505618100977724222e-02 2.551861099746459069e-02 3.421250314764746614e-01 -9.595081486874416921e-02 -5.602073991678157422e-02 -2.552738707984019209e-02 -5.055487690924694022e-02 -1.369585066944418311e-02 -1.418309756500606145e-01 2.940921803845650273e-02 7.029686710747588829e-02 -3.370079542744368762e-03 3.424635526759547965e-03 -6.136190772840855595e-02 -9.595081486874411369e-02 2.432460844105943376e-01 -3.318281941855585893e-02 -2.104246996505673012e-02 4.998003947950192816e-02 3.543795145603181179e-02 -1.965902137208320327e-02 -6.937775083872041448e-02 1.606830103417419831e-02 2.485260027265692381e-02 -8.645889724706432022e-02 3.697467516542830152e-02 -5.602073991678155340e-02 -3.318281941855582423e-02 1.873645064484258937e-01 -1.365605703399151022e-02 -4.243056732551017673e-02 1.941298797219338443e-02 2.664051876204246491e-03 -4.852003298022016659e-02 -6.755651306806643996e-02 -1.821486006046305062e-02 -1.387073631707544559e-02 -4.550456026877638255e-02 -2.552738707984026842e-02 -2.104246996505666767e-02 -1.365605703399165420e-02 1.904344629739405104e-01 2.011318432326100053e-02 2.717258101056752029e-02 1.905304178502651227e-02 1.180890769154104014e-02 -1.113266514991606421e-01 -2.640532704125289967e-02 1.919452988565166843e-02 -9.900474147092085120e-02 -5.055487690924687777e-02 4.998003947950187265e-02 -4.243056732551009347e-02 2.011318432326084787e-02 2.218983102161762588e-01
4.476905424510625731e-02 2.720202498602485378e-02 -1.340597887438546576e-02 -2.926107108758257622e-02 -3.159033031860009749e-03 -2.899867890012374633e-02 6.064283962334430199e-03 -1.833545693578359989e-02 -5.064393977783306772e-02 6.262587686689689848e-02 -2.103512434865022554e-02 2.167389989972349010e-02 2.533198619698941167e-02 7.394723047934817495e-02 -4.026265830717530581e-02 -4.485633983356270005e-02 -1.627985133164190634e-02 -2.906420525243421510e-03 2.702443512522764713e-02 2.642459283815334903e-02 -7.905097732675396560e-02 2.178886874115319033e-02 2.057908730000693534e-02 6.225476222518424446e-03 -5.273486846767327235e-02 -5.184896662684066598e-02 7.407749469561638635e-03 -1.926845614226132750e-02 1.701789727338209532e-02 7.219496113886064714e-02 2.996558971857395809e-02 4.685498884809936870e-03 3.903864611714798205e-02 -4.659072007592022363e-02 -9.944798275682975933e-03 2.420893919781858319e-02 -5.499102405579411185e-02 -1.378098740734044585e-02 1.918025530226350264e-02 3.050966419564186960e-02 8.762803056797991222e-03 -1.248097560406617561e-02 7.061626240777606200e-02 6.194924527937323983e-02 -3.188274448909273612e-02 1.468468779664310921e-02 -3.013443499862597172e-02 -6.286202885390844430e-02 -2.380129232734699927e-03 1.149226311118323358e-02 -4.380640614910003873e-03 3.785600297229471580e-03 9.593250671187165957e-03 -1.794077264058352786e-02 3.334131558721246252e-02 7.574498310377221358e-04 -7.721290195613673274e-03 1.750854629300328813e-02 2.062508624627542621e-03 -4.314912246686189445e-02 -4.705956633259988919e-02 -1.372634026695647783e-02 4.066992405050781634e-02 4.160996715624672854e-02 1.394688391020137280e-02 3.292888992830470072e-03 -8.149083397628131831e-02 2.318221471978961640e-02 5.015582988394651220e-02 -2.678691916858996075e-02 -5.307333462814073366e-02 4.818093257866063600e-02 -1.610415787979128585e-02 -3.014724847383571521e-02 2.990995935126715063e-02 -3.507290357082615793e-04 1.344319913991037872e-03 -2.966803378633632929e-02 4.375155385872004504e-02 -7.447065379313734523e-02 4.256234731143980488e-02 1.067229556134823183e-02 4.643708484237931734e-03 1.574081892142669900e-02 -1.643613375562360743e-02 -1.500875699347627504e-02 4.931156645913015862e-02 -1.286433752454560486e-02 -3.898462856905316604e-02 4.003461019918607561e-02 2.801277907441703310e-02 5.307351611455348589e-02 -1.167509187046215230e-02 -5.115469266899505540e-02 5.737742549881655503e-03 -2.161697800963877786e-02 5.557815549237573455e-02 8.895112000907055838e-03 -1.056324486304669255e-02 3.447140821011020900e-02 -2.023802541514728437e-02 -3.217748475379346440e-02 -5.234094680691599166e-02 -4.511605473413116130e-03 1.823714947931764571e-02 -1.200173641476402764e-02 1.163430670219650111e-02 2.069168849841230076e-04 1.562411153148841533e-02 7.236998850322230725e-03 -3.331358866430953608e-02 -1.174074639403493991e-02 -2.670379832686371746e-02 -7.946899423769873683e-03 7.600217619705065819e-02 -2.340774733344069825e-03 -1.823038049597158761e-03 4.067723357779688687e-02 -1.312096812600983126e-02 -1.287319028599267015e-02 1.146666919422182490e-02 -9.404700370306898205e-03 -3.205404741474413011e-02 3.356149395122025314e-02 4.256303190951529758e-02 7.272193617284053446e-03 -7.604956091893193271e-02 -1.371290461051350058e-02 -1.616855842914066699e-02 1.777013528727153235e-02 2.256902590823731125e-02 -2.735670702006370858e-02 2.667842111443736661e-02 -1.409347651930306644e-03 -3.156923307320984046e-03 -2.854167693450623128e-02 7.644826246480664403e-03 1.747910379548735932e-02 -6.998650232822709039e-02 -3.687637442486871309e-02 4.067690462915719840e-02 -4.001764769043172909e-02 4.226910868135439620e-02 4.792882584833588200e-02
4.476905424510625731e-02 2.533198619698941167e-02 -5.273486846767327235e-02 -5.499102405579411185e-02 -2.380129232734699927e-03 -4.705956633259988919e-02 -1.610415787979128585e-02 -1.643613375562360743e-02 5.557815549237573455e-02 1.562411153148841533e-02 1.146666919422182490e-02 2.667842111443736661e-02 2.720202498602485378e-02 7.394723047934817495e-02 -5.184896662684066598e-02 -1.378098740734044585e-02 1.149226311118323358e-02 -1.372634026695647783e-02 -3.014724847383571521e-02 -1.500875699347627504e-02 8.895112000907055838e-03 7.236998850322230725e-03 -9.404700370306898205e-03 -1.409347651930306644e-03 -1.340597887438546576e-02 -4.026265830717530581e-02 7.407749469561638635e-03 1.918025530226350264e-02 -4.380640614910003873e-03 4.066992405050781634e-02 2.990995935126715063e-02 4.931156645913015862e-02 -1.056324486304669255e-02 -3.331358866430953608e-02 -3.205404741474413011e-02 -3.156923307320984046e-03 -2.926107108758257622e-02 -4.485633983356270005e-02 -1.926845614226132750e-02 3.050966419564186960e-02 3.785600297229471580e-03 4.160996715624672854e-02 -3.507290357082615793e-04 -1.286433752454560486e-02 3.447140821011020900e-02 -1.174074639403493991e-02 3.356149395122025314e-02 -2.854167693450623128e-02 -3.159033031860009749e-03 -1.627985133164190634e-02 1.701789727338209532e-02 8.762803056797991222e-03 9.593250671187165957e-03 1.394688391020137280e-02 1.344319913991037872e-03 -3.898462856905316604e-02 -2.023802541514728437e-02 -2.670379832686371746e-02 4.256303190951529758e-02 7.644826246480664403e-03 -2.899867890012374633e-02 -2.906420525243421510e-03 7.219496113886064714e-02 -1.248097560406617561e-02 -1.794077264058352786e-02 3.292888992830470072e-03 -2.966803378633632929e-02 4.003461019918607561e-02 -3.217748475379346440e-02 -7.946899423769873683e-03 7.272193617284053446e-03 1.747910379548735932e-02 6.064283962334430199e-03 2.702443512522764713e-02 2.996558971857395809e-02 7.061626240777606200e-02 3.334131558721246252e-02 -8.149083397628131831e-02 4.375155385872004504e-02 2.801277907441703310e-02 -5.234094680691599166e-02 7.600217619705065819e-02 -7.604956091893193271e-02 -6.998650232822709039e-02 -1.833545693578359989e-02 2.642459283815334903e-02 4.685498884809936870e-03 6.194924527937323983e-02 7.574498310377221358e-04 2.318221471978961640e-02 -7.447065379313734523e-02 5.307351611455348589e-02 -4.511605473413116130e-03 -2.340774733344069825e-03 -1.371290461051350058e-02 -3.687637442486871309e-02 -5.064393977783306772e-02 -7.905097732675396560e-02 3.903864611714798205e-02 -3.188274448909273612e-02 -7.721290195613673274e-03 5.015582988394651220e-02 4.256234731143980488e-02 -1.167509187046215230e-02 1.823714947931764571e-02 -1.823038049597158761e-03 -1.616855842914066699e-02 4.067690462915719840e-02 6.262587686689689848e-02 2.178886874115319033e-02 -4.659072007592022363e-02 1.468468779664310921e-02 1.750854629300328813e-02 -2.678691916858996075e-02 1.067229556134823183e-02 -5.115469266899505540e-02 -1.200173641476402764e-02 4.067723357779688687e-02 1.777013528727153235e-02 -4.001764769043172909e-02 -2.103512434865022554e-02 2.057908730000693534e-02 -9.944798275682975933e-03 -3.013443499862597172e-02 2.062508624627542621e-03 -5.307333462814073366e-02 4.643708484237931734e-03 5.737742549881655503e-03 1.163430670219650111e-02 -1.312096812600983126e-02 2.256902590823731125e-02 4.226910868135439620e-02 2.167389989972349010e-02 6.225476222518424446e-03 2.420893919781858319e-02 -6.286202885390844430e-02 -4.314912246686189445e-02 4.818093257866063600e-02 1.574081892142669900e-02 -2.161697800963877786e-02 2.069168849841230076e-04 -1.287319028599267015e-02 -2.735670702006370858e-02 4.792882584833588200e-02
2.109108225073196841e-01 1.428789140585129402e-02 -5.180001099231757583e-02 -1.214716574783956428e-02 -7.038899892758708476e-03 -7.949934410799315565e-02 -7.300370288672833330e-02 7.961388550823154248e-03 -2.647231692581556231e-02 1.381544931503207729e-02 1.596110172327553159e-02 5.857562533993805089e-03 1.428789140585130964e-02 3.610355743340897261e-01 -9.542371570862086261e-02 -8.135219737832552478e-02 -1.275769544345490246e-02 -1.247014097910864178e-01 -6.604938738773455387e-02 -7.070065138861678089e-02 3.050612345849252303e-03 2.670665715974019500e-02 -4.581181146243193392e-02 3.913787282315744909e-02 -5.180001099231759665e-02 -9.542371570862046015e-02 1.956470624308525030e-01 -3.151569824087081806e-02 2.245609792693023868e-02 6.082188362145204280e-02 5.643357761571742709e-02 2.796551247990140474e-02 -8.434882080934026638e-02 -5.850353011518868995e-02 3.981539235459135434e-02 -5.919308305088146621e-02 -1.214716574783940468e-02 -8.135219737832551090e-02 -3.151569824087045030e-02 3.308824902366727105e-01 2.010006627831477377e-02 -5.169490267628703423e-02 -4.854379186590446899e-02 1.077924219010857193e-01 -1.060341513792760898e-01 7.127409544483265247e-02 -1.039704038725117463e-01 2.626852881991952049e-02 -7.038899892758718885e-03 -1.275769544345440980e-02 2.245609792693011725e-02 2.010006627831445805e-02 1.407470226990559792e-01 -7.114664336234950703e-02 7.794233961053702309e-02 -4.453562575445668865e-03 -3.207970753584316742e-02 -3.713604358979525483e-02 4.555701916619933622e-02 -6.143763697846599953e-02 -7.949934410799328055e-02 -1.247014097910868757e-01 6.082188362145241750e-02 -5.169490267628679137e-02 -7.114664336234931274e-02 3.087248801977588442e-01 -4.383205210648379035e-02 4.604291043649804197e-03 6.356353193157390780e-02 -2.973860136138765237e-02 2.824335418648058274e-02 -8.895967297759758974e-02 -7.300370288672836105e-02 -6.604938738773402651e-02 5.643357761571719811e-02 -4.854379186590492695e-02 7.794233961053695370e-02 -4.383205210648398464e-02 2.726535519262260343e-01 -3.542339412186928244e-02 -5.260307824551590378e-02 -1.250603325211756822e-01 3.668937413875605902e-02 -1.977601789320121428e-02 7.961388550823168125e-03 -7.070065138861672538e-02 2.796551247990161984e-02 1.077924219010855528e-01 -4.453562575445443351e-03 4.604291043649528375e-03 -3.542339412186887304e-02 1.962226603600464303e-01 -5.610215744167781210e-02 -4.936909408747837402e-02 -7.389239746002898568e-02 -1.530592620437216771e-02 -2.647231692581562823e-02 3.050612345848583568e-03 -8.434882080934021087e-02 -1.060341513792755069e-01 -3.207970753584318130e-02 6.356353193157421311e-02 -5.260307824551608419e-02 -5.610215744167750679e-02 2.104929542058697756e-01 1.057665874231682041e-01 -1.945101822116745288e-02 -3.080201411195936795e-02 1.381544931503223689e-02 2.670665715973919926e-02 -5.850353011518841240e-02 7.127409544483333248e-02 -3.713604358979506748e-02 -2.973860136138727073e-02 -1.250603325211755434e-01 -4.936909408747788830e-02 1.057665874231678571e-01 3.069101312778504398e-01 -1.513500810504076755e-01 -8.901572852329220342e-05 1.596110172327536852e-02 -4.581181146243144126e-02 3.981539235459111148e-02 -1.039704038725120239e-01 4.555701916619921132e-02 2.824335418648044743e-02 3.668937413875583697e-02 -7.389239746002931875e-02 -1.945101822116712328e-02 -1.513500810504075089e-01 2.393946637423577106e-01 -5.210118411448331349e-02 5.857562533993836314e-03 3.913787282315701194e-02 -5.919308305088136213e-02 2.626852881991986396e-02 -6.143763697846607585e-02 -8.895967297759735382e-02 -1.977601789320130102e-02 -1.530592620437194740e-02 -3.080201411195940958e-02 -8.901572852312172619e-05 -5.210118411448349390e-02 2.616471259161518570e-01
1.076880488787855571e-03 -3.078099008245036711e-02 3.504403752572417263e-02 2.907923599650490826e-02 2.021014044254045711e-02 -1.042440329409875278e-02 3.183249857960752244e-02 2.972942523347754315e-02 -5.961081460427308798e-02 -6.112560457045697337e-02 2.807141674378033427e-02 -3.109194946265720749e-03 -1.680250711590989404e-02 -2.935464158998082884e-02 1.347586184907781891e-02 2.360290826966509464e-02 -1.646047930244875709e-02 3.317606674129169875e-02 1.034897425324972364e-02 1.066276544883045267e-03 -2.235633865486956473e-02 -1.517175583077397250e-02 6.205849266555640668e-03 1.072576082262236864e-02 -3.200500582804068767e-02 6.095290605778880266e-02 -2.092370650863147746e-02 -3.332574400695862554e-02 -1.790998541678391620e-02 -1.742364439992291972e-02 1.131230038225948011e-02 -3.187947126505694118e-02 2.125353019195324808e-02 -2.107800142371978307e-03 7.360824960240034374e-04 2.649337786790568333e-02 -8.899154866618238374e-03 2.237711792084788945e-02 -3.011183875917222350e-02 -5.178356224972619631e-02 2.943119930467880466e-02 2.096418680909600471e-02 1.423140226339135624e-02 -4.702277350947817874e-02 6.132725299674628150e-02 1.300902357878783340e-02 2.506684761232855913e-02 -5.316375605558715245e-02 -1.850997265064780600e-02 -2.257790606668810124e-02 -1.229073074291174052e-02 3.459530632734256900e-02 -3.988568099615421442e-03 5.450354016576589716e-02 -1.750720714728679420e-02 1.653817844735087353e-03 3.678492858786220742e-03 -2.135075221444973984e-02 3.253217830286717765e-02 -3.503790936875424145e-02 3.321734060606765931e-02 -8.396379973462883561e-02 -2.962025430041081292e-02 -2.294015048745686250e-02 2.464244956865801420e-03 -1.955937134776060057e-02 -2.804159802996577730e-03 -3.238099935131374951e-02 6.104805822887304778e-02 4.198130206035979167e-02 3.977499727086915987e-02 2.208995208804070270e-02 1.569073226682097741e-02 -2.561471864631345574e-02 -1.839081534242046484e-02 1.180184937812058833e-02 -2.996900221491363703e-02 -1.416243811530132346e-02 -2.486649967363078681e-02 -2.371746150677938973e-03 7.786494712078947597e-03 3.893601405079783612e-02 -2.575525278799997361e-02 7.419254381063621062e-02 -2.730365802068936230e-03 3.318238842602822675e-02 -4.270601081109742791e-03 5.586435303875168096e-02 2.645194427703693313e-02 -6.063336798502638736e-02 -1.546705140955831510e-02 1.337833885799784642e-02 -3.085332642035265929e-02 2.941940838079800183e-02 -2.768460926330894994e-02 2.045825296654117664e-02 -1.770085693995637754e-02 1.291913475894373303e-02 -3.289736897026938889e-02 7.819943459789004125e-02 -7.137942580603684473e-02 2.820400522496880474e-02 -7.376504584145988919e-02 2.919680856212313047e-02 1.194804206155697553e-02 8.909768449272208179e-02 -9.454768944590662139e-02 4.672696307274409877e-02 -8.009415125062077645e-03 3.439971725377556633e-02 2.838277615749615346e-02 -2.000874232964204580e-02 4.401982424613377909e-02 -5.319144270906042693e-02 4.542074226834776074e-02 -1.724976930256846147e-02 -2.523838029693351720e-02 -1.118131870128514713e-02 8.823811655045954092e-03 -1.369736371068566716e-02 -3.587739438463646846e-03 -3.941101608406479516e-03 3.288134165368104128e-02 -3.873145476190245629e-02 1.781554768636244707e-02 -3.213311587549040615e-03 5.569188685434080244e-02 -2.768848136177424341e-03 -1.480480700916621609e-02 -3.702812966717886761e-02 1.338967496000830620e-02 -2.824940183150866438e-02 4.679541056682242489e-02 1.634261883306993568e-02 2.170481625631220934e-02 -2.003156311199404127e-02 -2.307458517213144961e-02 4.912341694716935991e-02 -5.996472499382664995e-02 5.912434942850350317e-02 -9.366807376929658924e-03 -2.318936265395560303e-02 -2.798211849886818314e-02 -3.126889497854858091e-02
1.076880488787855571e-03 -1.680250711590989404e-02 -3.200500582804068767e-02 -8.899154866618238374e-03 -1.850997265064780600e-02 3.321734060606765931e-02 1.569073226682097741e-02 -2.730365802068936230e-03 -1.770085693995637754e-02 -8.009415125062077645e-03 -3.587739438463646846e-03 4.679541056682242489e-02 -3.078099008245036711e-02 -2.935464158998082884e-02 6.095290605778880266e-02 2.237711792084788945e-02 -2.257790606668810124e-02 -8.396379973462883561e-02 -2.561471864631345574e-02 3.318238842602822675e-02 1.291913475894373303e-02 3.439971725377556633e-02 -3.941101608406479516e-03 1.634261883306993568e-02 3.504403752572417263e-02 1.347586184907781891e-02 -2.092370650863147746e-02 -3.011183875917222350e-02 -1.229073074291174052e-02 -2.962025430041081292e-02 -1.839081534242046484e-02 -4.270601081109742791e-03 -3.289736897026938889e-02 2.838277615749615346e-02 3.288134165368104128e-02 2.170481625631220934e-02 2.907923599650490826e-02 2.360290826966509464e-02 -3.332574400695862554e-02 -5.178356224972619631e-02 3.459530632734256900e-02 -2.294015048745686250e-02 1.180184937812058833e-02 5.586435303875168096e-02 7.819943459789004125e-02 -2.000874232964204580e-02 -3.873145476190245629e-02 -2.003156311199404127e-02 2.021014044254045711e-02 -1.646047930244875709e-02 -1.790998541678391620e-02 2.943119930467880466e-02 -3.988568099615421442e-03 2.464244956865801420e-03 -2.996900221491363703e-02 2.645194427703693313e-02 -7.137942580603684473e-02 4.401982424613377909e-02 1.781554768636244707e-02 -2.307458517213144961e-02 -1.042440329409875278e-02 3.317606674129169875e-02 -1.742364439992291972e-02 2.096418680909600471e-02 5.450354016576589716e-02 -1.955937134776060057e-02 -1.416243811530132346e-02 -6.063336798502638736e-02 2.820400522496880474e-02 -5.319144270906042693e-02 -3.213311587549040615e-03 4.912341694716935991e-02 3.183249857960752244e-02 1.034897425324972364e-02 1.131230038225948011e-02 1.423140226339135624e-02 -1.750720714728679420e-02 -2.804159802996577730e-03 -2.486649967363078681e-02 -1.546705140955831510e-02 -7.376504584145988919e-02 4.542074226834776074e-02 5.569188685434080244e-02 -5.996472499382664995e-02 2.972942523347754315e-02 1.066276544883045267e-03 -3.187947126505694118e-02 -4.702277350947817874e-02 1.653817844735087353e-03 -3.238099935131374951e-02 -2.371746150677938973e-03 1.337833885799784642e-02 2.919680856212313047e-02 -1.724976930256846147e-02 -2.768848136177424341e-03 5.912434942850350317e-02 -5.961081460427308798e-02 -2.235633865486956473e-02 2.125353019195324808e-02 6.132725299674628150e-02 3.678492858786220742e-03 6.104805822887304778e-02 7.786494712078947597e-03 -3.085332642035265929e-02 1.194804206155697553e-02 -2.523838029693351720e-02 -1.480480700916621609e-02 -9.366807376929658924e-03 -6.112560457045697337e-02 -1.517175583077397250e-02 -2.107800142371978307e-03 1.300902357878783340e-02 -2.135075221444973984e-02 4.198130206035979167e-02 3.893601405079783612e-02 2.941940838079800183e-02 8.909768449272208179e-02 -1.118131870128514713e-02 -3.702812966717886761e-02 -2.318936265395560303e-02 2.807141674378033427e-02 6.205849266555640668e-03 7.360824960240034374e-04 2.506684761232855913e-02 3.253217830286717765e-02 3.977499727086915987e-02 -2.575525278799997361e-02 -2.768460926330894994e-02 -9.454768944590662139e-02 8.823811655045954092e-03 1.338967496000830620e-02 -2.798211849886818314e-02 -3.109194946265720749e-03 1.072576082262236864e-02 2.649337786790568333e-02 -5.316375605558715245e-02 -3.503790936875424145e-02 2.208995208804070270e-02 7.419254381063621062e-02 2.045825296654117664e-02 4.672696307274409877e-02 -1.369736371068566716e-02 -2.824940183150866438e-02 -3.126889497854858091e-02
1.940539358896804789e-01 -3.385572764488211771e-03 -2.143278920470767165e-02 -5.062931707503064149e-02 -1.798127109981408067e-02 4.462766674303505349e-02 -9.533007233590962137e-02 3.934932943215520285e-02 -2.637296067995311896e-02 -5.360598886716443773e-02 -3.181373778374883832e-02 3.270101263766350685e-02 -3.385572764488589508e-03 2.532925505353118556e-01 -1.459807962007969862e-01 2.275807170972722615e-02 -2.453059362714204300e-02 -9.427277804448117027e-02 6.364265173302136036e-02 -1.162897618918823650e-01 -9.508037047598874927e-03 4.190458109396394404e-02 -1.899723730750680836e-02 7.083560888929253674e-02 -2.143278920470747390e-02 -1.459807962007968196e-01 2.487323515353881687e-01 -9.065468618222691233e-02 -2.834224083777836436e-03 3.711706418338853175e-02 2.767894925798112041e-02 4.763101552974186026e-02 -3.309599644283107989e-02 -3.092083126545882091e-02 -6.329928727911035558e-02 -1.874713766887631250e-02 -5.062931707503036394e-02 2.275807170972743432e-02 -9.065468618222717601e-02 3.270493621708064347e-01 1.318615300653678581e-02 -2.810075138328383022e-03 -8.218123399370153015e-02 -3.717122726985236381e-02 -4.633691452750120926e-02 -2.334551031584729264e-02 -2.154144335322150106e-02 1.109788669823568927e-02 -1.798127109981379618e-02 -2.453059362714201871e-02 -2.834224083777928810e-03 1.318615300653665570e-02 2.236229076304361019e-01 -1.766964748704479352e-02 -1.180185329101289017e-02 -1.825927703610277092e-02 -4.418745805346311478e-02 -8.307353844485627914e-02 -3.091760400937869704e-02 3.330531141858993072e-02 4.462766674303541431e-02 -9.427277804448110088e-02 3.711706418338846930e-02 -2.810075138328412946e-03 -1.766964748704492535e-02 3.683204740640687591e-01 -1.121139542243866360e-01 -9.358223076958004788e-03 1.654161766805071695e-02 -5.820060229867405482e-02 -4.512124057322024900e-02 -9.913207344387692244e-02 -9.533007233590989893e-02 6.364265173302086076e-02 2.767894925798135980e-02 -8.218123399370129423e-02 -1.180185329101268200e-02 -1.121139542243864279e-01 2.800256766470902159e-01 -2.260404210173889983e-02 -4.768079800212069591e-02 2.661862806736963252e-02 6.898614177849907506e-03 8.046689796542123808e-04 3.934932943215517509e-02 -1.162897618918824899e-01 4.763101552974234598e-02 -3.717122726985254422e-02 -1.825927703610282643e-02 -9.358223076958044687e-03 -2.260404210173868819e-02 2.153303433470794559e-01 -2.980967119265046442e-02 5.246326825200345323e-02 -1.155421383625138410e-01 -1.681301644403303958e-02 -2.637296067995268181e-02 -9.508037047599346772e-03 -3.309599644283098968e-02 -4.633691452750125089e-02 -4.418745805346290662e-02 1.654161766805092859e-02 -4.768079800212140368e-02 -2.980967119265005502e-02 3.570741584116176592e-01 -1.060054628275370892e-01 8.039495723021006235e-02 -2.476735632120091041e-02 -5.360598886716507611e-02 4.190458109396397179e-02 -3.092083126545853988e-02 -2.334551031584722325e-02 -8.307353844485640404e-02 -5.820060229867415197e-02 2.661862806737028131e-02 5.246326825200339078e-02 -1.060054628275370059e-01 2.142185498458395454e-01 5.308311399963567406e-02 -5.638138757006635332e-02 -3.181373778374898403e-02 -1.899723730750673550e-02 -6.329928727911064701e-02 -2.154144335322105350e-02 -3.091760400937881154e-02 -4.512124057322021431e-02 6.898614177849590051e-03 -1.155421383625138271e-01 8.039495723021027052e-02 5.308311399963584754e-02 3.777572598549032157e-01 -1.518102575513619601e-01 3.270101263766358318e-02 7.083560888929264776e-02 -1.874713766887637842e-02 1.109788669823544467e-02 3.330531141859002092e-02 -9.913207344387700570e-02 8.046689796543424851e-04 -1.681301644403295631e-02 -2.476735632120094857e-02 -5.638138757006634638e-02 -1.518102575513620434e-01 2.986955506600652566e-01
2.146141613002835319e-02 7.682354456331208503e-02 -8.039856670548860273e-02 6.145418475355365201e-02 -1.223576944088735838e-02 5.729201596003623970e-02 -1.633720530097532847e-02 -8.882421253662106664e-02 3.644554878852342833e-02 -4.286599933790391503e-02 3.509487236704147278e-02 -2.307645723216967051e-02 -6.956697239181430271e-03 3.833463368990111097e-03 -3.868251317195101069e-02 -3.173906233758200940e-02 6.490238408857326724e-02 -3.327641741289083521e-02 2.862047226677096046e-02 4.514949154270903736e-02 -2.782945877587231914e-02 1.314868162444490958e-02 -2.701033730703526065e-02 1.696585481083904764e-02 3.670685474987384761e-02 -8.515294083233392042e-02 9.530076908070141128e-02 -7.586289949234076291e-02 -1.305343190664369317e-02 8.130257561226338081e-02 -1.102614512707093646e-02 7.701174132993568455e-02 -1.276787749367746042e-02 -1.740701964660468226e-02 -8.851216874612750918e-02 -2.504940945734174338e-03 -1.000147233275702850e-03 4.457635217629607460e-02 1.210893693913128906e-02 -6.802359631619250618e-04 -2.036924208467461375e-02 -4.686541901873454707e-02 6.387349862961129443e-02 9.164476328084824458e-03 -7.121404314307551442e-02 2.344221911540407891e-02 -6.141638024754859232e-02 4.797566481897697771e-02 3.401654976712546047e-02 -5.567422844800089254e-02 3.400947493659827597e-02 -2.317012860445695835e-02 -9.832705346667724652e-03 -3.865575963443110882e-03 -3.619107985570166330e-02 2.867916458044212670e-03 3.060385691711968101e-02 -1.362253248879658277e-02 9.575334743677131610e-02 -7.436477031038915553e-02 -1.723763698633020260e-03 -3.509387884444770556e-03 -1.753914499862633397e-02 5.648181999591524172e-02 4.111087412847830996e-02 -2.024461861842956692e-02 -2.980997211308342512e-02 -1.172208868936894244e-02 5.862024410811209757e-02 -7.164577696209435687e-02 -2.040712170651533958e-02 5.344589887830188124e-02 5.071353681613251750e-03 -3.252949350854116017e-02 1.234773964650388682e-02 -1.975851689787639850e-02 5.638139066510344105e-02 2.941254693384076635e-02 1.462767094222340407e-02 -1.266192641010050433e-02 -4.584415648645213948e-02 -1.280359439990032960e-02 3.617319597473602627e-02 -2.694512290427844223e-02 -3.204886831079487020e-02 1.448271652410507322e-02 3.126156998525263242e-02 -5.661579240620785367e-03 -6.429398615541522498e-03 1.409764803243353758e-02 1.075341073977551789e-03 -3.442904491201408124e-02 -1.705262494439787821e-02 1.112230741352134185e-02 -2.488242867311067294e-02 4.410840072515074400e-02 -2.536804865506561701e-02 -1.031461967913669363e-02 -2.474714252914371818e-02 4.076304430361101655e-02 -4.003270008144756836e-02 -4.686238464988087826e-02 3.689250032768824628e-02 1.910851271590858179e-03 -7.288543173640325834e-03 3.890308553450375767e-02 7.724847397089765200e-02 -2.988658876805320649e-02 -1.222839663293446774e-02 1.166594499089099873e-02 -8.959856663330989512e-03 -9.568990375536896159e-03 -4.667752183341326161e-02 6.807472649916268548e-02 -1.476784633473059508e-02 -3.209302421375697170e-03 1.005639703293308845e-02 4.036828458058339120e-02 1.648186931193049154e-02 -4.647107696198367333e-02 4.313928766318059910e-02 -2.859317070140056025e-02 3.935432952883621827e-02 1.182018104359251753e-02 -1.847405846777425836e-02 -2.091011641366958412e-02 -2.917217547373095535e-02 3.344754144969420973e-02 -5.758334795391707728e-03 -2.319249546706665319e-02 -4.644000268114184538e-02 2.790652249401210511e-02 -5.910897755489395028e-02 5.967573862151080710e-02 -4.790189944388129062e-02 -1.447347671052844759e-02 2.085623531438443590e-02 -7.551167712204261140e-02 1.795913103727653226e-02 -3.028063924884949465e-02 3.024228002805576937e-02 5.714266164097615841e-02 4.895922650078188276e-02 2.812284322129390834e-03
2.146141613002835319e-02 -6.956697239181430271e-03 3.670685474987384761e-02 -1.000147233275702850e-03 3.401654976712546047e-02 -1.723763698633020260e-03 5.071353681613251750e-03 -3.204886831079487020e-02 -2.536804865506561701e-02 -1.222839663293446774e-02 4.313928766318059910e-02 -5.910897755489395028e-02 7.682354456331208503e-02 3.833463368990111097e-03 -8.515294083233392042e-02 4.457635217629607460e-02 -5.567422844800089254e-02 -3.509387884444770556e-03 -3.252949350854116017e-02 1.448271652410507322e-02 -1.031461967913669363e-02 1.166594499089099873e-02 -2.859317070140056025e-02 5.967573862151080710e-02 -8.039856670548860273e-02 -3.868251317195101069e-02 9.530076908070141128e-02 1.210893693913128906e-02 3.400947493659827597e-02 -1.753914499862633397e-02 1.234773964650388682e-02 3.126156998525263242e-02 -2.474714252914371818e-02 -8.959856663330989512e-03 3.935432952883621827e-02 -4.790189944388129062e-02 6.145418475355365201e-02 -3.173906233758200940e-02 -7.586289949234076291e-02 -6.802359631619250618e-04 -2.317012860445695835e-02 5.648181999591524172e-02 -1.975851689787639850e-02 -5.661579240620785367e-03 4.076304430361101655e-02 -9.568990375536896159e-03 1.182018104359251753e-02 -1.447347671052844759e-02 -1.223576944088735838e-02 6.490238408857326724e-02 -1.305343190664369317e-02 -2.036924208467461375e-02 -9.832705346667724652e-03 4.111087412847830996e-02 5.638139066510344105e-02 -6.429398615541522498e-03 -4.003270008144756836e-02 -4.667752183341326161e-02 -1.847405846777425836e-02 2.085623531438443590e-02 5.729201596003623970e-02 -3.327641741289083521e-02 8.130257561226338081e-02 -4.686541901873454707e-02 -3.865575963443110882e-03 -2.024461861842956692e-02 2.941254693384076635e-02 1.409764803243353758e-02 -4.686238464988087826e-02 6.807472649916268548e-02 -2.091011641366958412e-02 -7.551167712204261140e-02 -1.633720530097532847e-02 2.862047226677096046e-02 -1.102614512707093646e-02 6.387349862961129443e-02 -3.619107985570166330e-02 -2.980997211308342512e-02 1.462767094222340407e-02 1.075341073977551789e-03 3.689250032768824628e-02 -1.476784633473059508e-02 -2.917217547373095535e-02 1.795913103727653226e-02 -8.882421253662106664e-02 4.514949154270903736e-02 7.701174132993568455e-02 9.164476328084824458e-03 2.867916458044212670e-03 -1.172208868936894244e-02 -1.266192641010050433e-02 -3.442904491201408124e-02 1.910851271590858179e-03 -3.209302421375697170e-03 3.344754144969420973e-02 -3.028063924884949465e-02 3.644554878852342833e-02 -2.782945877587231914e-02 -1.276787749367746042e-02 -7.121404314307551442e-02 3.060385691711968101e-02 5.862024410811209757e-02 -4.584415648645213948e-02 -1.705262494439787821e-02 -7.288543173640325834e-03 1.005639703293308845e-02 -5.758334795391707728e-03 3.024228002805576937e-02 -4.286599933790391503e-02 1.314868162444490958e-02 -1.740701964660468226e-02 2.344221911540407891e-02 -1.362253248879658277e-02 -7.164577696209435687e-02 -1.280359439990032960e-02 1.112230741352134185e-02 3.890308553450375767e-02 4.036828458058339120e-02 -2.319249546706665319e-02 5.714266164097615841e-02 3.509487236704147278e-02 -2.701033730703526065e-02 -8.851216874612750918e-02 -6.141638024754859232e-02 9.575334743677131610e-02 -2.040712170651533958e-02 3.617319597473602627e-02 -2.488242867311067294e-02 7.724847397089765200e-02 1.648186931193049154e-02 -4.644000268114184538e-02 4.895922650078188276e-02 -2.307645723216967051e-02 1.696585481083904764e-02 -2.504940945734174338e-03 4.797566481897697771e-02 -7.436477031038915553e-02 5.344589887830188124e-02 -2.694512290427844223e-02 4.410840072515074400e-02 -2.988658876805320649e-02 -4.647107696198367333e-02 2.790652249401210511e-02 2.812284322129390834e-03
2.649385259250613411e-01 2.215115127413346680e-02 -4.112705009476071150e-02 -7.432446810805468096e-02 1.165814463775733355e-02 3.484213456388350182e-03 -7.516562221022043966e-02 -4.838007888104637472e-02 -1.207780511040423138e-02 6.133289279467325772e-02 -1.007406819512692009e-01 2.022027861777503030e-02 2.215115127413281107e-02 3.454943329895205917e-01 2.351300888981330134e-03 -1.033515460780589368e-01 -5.995713237945142493e-02 -6.492843627380173732e-02 -7.478676609751724880e-02 -8.830404809124789423e-02 -2.938425733262322107e-02 9.775874927984273821e-02 4.056997388451335368e-02 -4.436408646288136221e-02 -4.112705009476060741e-02 2.351300888981564755e-03 2.898205240827498308e-01 1.268473315718554768e-02 3.399900397726521306e-02 -3.345818429447313530e-02 2.070021563102637796e-02 -1.336677917011726002e-01 -2.967283732524593140e-02 3.497229211604025584e-02 -6.588926349783737202e-02 -8.868520649505194642e-02 -7.432446810805451443e-02 -1.033515460780590894e-01 1.268473315718536901e-02 2.431811488644126107e-01 1.355115568403830739e-02 -1.337696656223910929e-01 4.778384585857167050e-02 6.863749499796012454e-02 -3.071955996936037367e-02 -1.038022312564906013e-01 1.550360629956478668e-03 7.277459660118318352e-02 1.165814463775806560e-02 -5.995713237945135554e-02 3.399900397726483142e-02 1.355115568403759789e-02 2.665652436213582499e-01 -1.458917298096164272e-01 -1.731316064492976342e-02 -4.886351508087950074e-02 -2.885082494252282775e-02 -6.070549128839956149e-02 2.976680214775742107e-03 8.520218634032421245e-02 3.484213456388360157e-03 -6.492843627380172344e-02 -3.345818429447299652e-02 -1.337696656223906488e-01 -1.458917298096168158e-01 3.883461696735195368e-01 6.799026068427480030e-02 -4.842972985742838993e-02 2.263119600940376522e-02 -2.656081357512224406e-02 -2.446949362602073019e-02 -7.063026550740160447e-02 -7.516562221021995394e-02 -7.478676609751726267e-02 2.070021563102653755e-02 4.778384585857129579e-02 -1.731316064492961077e-02 6.799026068427488356e-02 3.035062150859152430e-01 -1.755163788906462935e-02 -1.434574254692613238e-01 -3.045660289728931852e-02 8.741799317671938852e-02 -1.175639910025438467e-01 -4.838007888104607634e-02 -8.830404809124869914e-02 -1.336677917011727668e-01 6.863749499796038822e-02 -4.886351508087916767e-02 -4.842972985742877851e-02 -1.755163788906446629e-02 4.266763758343825597e-01 -1.006738753127511994e-02 -1.817435645549247969e-01 8.172385588234777620e-02 -2.504743640007723454e-02 -1.207780511040454016e-02 -2.938425733262328005e-02 -2.967283732524549078e-02 -3.071955996936055061e-02 -2.885082494252238366e-02 2.263119600940388665e-02 -1.434574254692613515e-01 -1.006738753127568720e-02 2.920158125290276963e-01 8.370029730772405446e-03 -1.176747811996336490e-01 2.225537172400875174e-02 6.133289279467235566e-02 9.775874927984332108e-02 3.497229211604099136e-02 -1.038022312564904626e-01 -6.070549128840036640e-02 -2.656081357512185201e-02 -3.045660289728946424e-02 -1.817435645549248246e-01 8.370029730772427998e-03 2.882420322219360620e-01 9.311010004548073496e-03 -5.896348728089866736e-02 -1.007406819512698948e-01 4.056997388451291653e-02 -6.588926349783713610e-02 1.550360629956984123e-03 2.976680214775435495e-03 -2.446949362602077530e-02 8.741799317671980485e-02 8.172385588234834519e-02 -1.176747811996336213e-01 9.311010004547757776e-03 2.647856992407742194e-01 -1.306497135350962457e-01 2.022027861777576929e-02 -4.436408646288117485e-02 -8.868520649505257092e-02 7.277459660118285045e-02 8.520218634032421245e-02 -7.063026550740152121e-02 -1.175639910025438745e-01 -2.504743640007755026e-02 2.225537172400860950e-02 -5.896348728089811919e-02 -1.306497135350961625e-01 3.139011555541644793e-01
2.025954625665087831e-03 7.707316132642742790e-03 -1.566907534677941527e-02 4.431848298471871561e-02 3.461205153708966312e-03 -4.258038817017293504e-02 5.852352710407375536e-02 9.714048829644187852e-03 -5.406851902586479186e-02 -6.559194175833743361e-03 4.124175591236993454e-02 -1.953978247317348857e-02 -1.021976932756116230e-02 -3.529135246379198378e-03 -5.760474554888879439e-02 -1.249042847965570538e-02 -1.084006704249684643e-02 9.274499903546951085e-03 1.969885187845992619e-02 9.090008457525016253e-03 6.174133985799625142e-03 3.834799298491119862e-02 8.375229761132289841e-02 -5.489157196652611620e-02 2.760474383968770928e-02 -1.859052913914260169e-02 -1.798443258303801875e-02 -3.181337839498887821e-02 -2.381249781030761112e-02 5.346668292960494312e-02 2.961688769520346570e-02 -7.162482138460978323e-03 6.828144020308509615e-03 1.109790057974846533e-02 -3.266862480056433732e-02 -1.185578607743217145e-03 1.782494530706157541e-03 -4.584495006099872233e-02 3.596037566185662088e-02 -2.281771926160091127e-02 2.725671368460362218e-02 4.221393789655650958e-02 1.834148269190234368e-02 -5.113119126045983370e-02 2.697867928372194371e-02 -1.340866095223067949e-03 -3.166630103023792414e-02 -7.377381937631401904e-03 -2.198127907037128806e-02 -4.715240154966412328e-02 3.898533114203489580e-02 -1.004987128620101096e-02 1.408973279777340354e-02 2.291957770564628100e-02 -2.474403863811754437e-02 4.572938151440947806e-03 1.213719693677611615e-02 -5.315877196329524788e-03 -2.339828583890874586e-02 1.811122279999834161e-02 -4.338108044141569114e-02 3.630437340968661192e-02 4.732578798496915595e-03 -1.727663813678821745e-03 -4.972518226556069815e-02 5.882384783100100961e-02 4.669674210315625379e-02 -8.938416801219394026e-02 -3.285413832013790725e-02 4.010838077266243307e-02 1.340939567460681763e-02 1.471321250003146744e-02 -5.365261923931841787e-02 -6.417980422507525706e-02 6.579830563247789088e-02 4.879523889905210826e-02 1.171677206128758988e-02 1.375395133313887450e-02 5.918388485337864463e-02 3.277278402144664579e-03 -1.592896084611555504e-02 -4.680243304908258267e-02 1.159413559955198986e-02 -3.824154592614322640e-02 2.507910768834495721e-02 4.302701011287304173e-02 -5.228177651275520837e-02 -7.069924802004741264e-03 5.291398041873110122e-03 -3.269582743150308696e-02 -5.930165603321827655e-02 2.091734340275725607e-02 -8.192442437170341027e-03 1.244641291947583273e-02 2.021263568619734857e-02 3.872648472736489600e-02 4.687588636396809727e-02 2.578729788600511719e-02 -2.560317058184800876e-02 -1.717479442713776977e-02 -4.771925135319509542e-02 -7.646514382264213427e-03 -4.178549066795268774e-02 -2.750153601368974035e-02 4.307047287924362089e-02 7.494650858786268410e-02 -2.992094886719656732e-02 4.807204415723343588e-03 4.126198145439183285e-02 9.776196433868775126e-03 3.681935439760783413e-02 8.846689816129266193e-03 5.045575182304987832e-02 -3.608704266724573062e-02 -6.654945804347060789e-02 8.085941592839053157e-03 5.004731708406199436e-02 -6.730813809003786952e-02 -8.781291135658728098e-02 4.326172905892752829e-02 2.866445049634835235e-02 8.369719738289985861e-03 -5.250873888607107687e-02 -1.064559415318951183e-03 1.015536596156679447e-02 -4.069150525404227614e-02 1.392143881714733716e-02 9.217417831045934817e-02 -4.743130125922357526e-02 -2.458148459428712712e-02 3.983697065955723454e-02 -8.181025956962986040e-03 -3.171481612439880360e-02 8.013380293811733779e-02 -1.687891953618924669e-03 -6.274039625293362579e-03 9.052697784783809293e-03 -6.906918189994604163e-02 -5.261707351012605283e-02 3.128135484565301022e-02 -9.379843019644146240e-04 1.178503720725688000e-02 3.747550741385891060e-02 1.099269056693188279e-03
2.025954625665087831e-03 -1.021976932756116230e-02 2.760474383968770928e-02 1.782494530706157541e-03 -2.198127907037128806e-02 -4.338108044141569114e-02 -5.365261923931841787e-02 2.507910768834495721e-02 4.687588636396809727e-02 4.126198145439183285e-02 2.866445049634835235e-02 -3.171481612439880360e-02 7.707316132642742790e-03 -3.529135246379198378e-03 -1.859052913914260169e-02 -4.584495006099872233e-02 -4.715240154966412328e-02 3.630437340968661192e-02 -6.417980422507525706e-02 4.302701011287304173e-02 2.578729788600511719e-02 9.776196433868775126e-03 8.369719738289985861e-03 8.013380293811733779e-02 -1.566907534677941527e-02 -5.760474554888879439e-02 -1.798443258303801875e-02 3.596037566185662088e-02 3.898533114203489580e-02 4.732578798496915595e-03 6.579830563247789088e-02 -5.228177651275520837e-02 -2.560317058184800876e-02 3.681935439760783413e-02 -5.250873888607107687e-02 -1.687891953618924669e-03 4.431848298471871561e-02 -1.249042847965570538e-02 -3.181337839498887821e-02 -2.281771926160091127e-02 -1.004987128620101096e-02 -1.727663813678821745e-03 4.879523889905210826e-02 -7.069924802004741264e-03 -1.717479442713776977e-02 8.846689816129266193e-03 -1.064559415318951183e-03 -6.274039625293362579e-03 3.461205153708966312e-03 -1.084006704249684643e-02 -2.381249781030761112e-02 2.725671368460362218e-02 1.408973279777340354e-02 -4.972518226556069815e-02 1.171677206128758988e-02 5.291398041873110122e-03 -4.771925135319509542e-02 5.045575182304987832e-02 1.015536596156679447e-02 9.052697784783809293e-03 -4.258038817017293504e-02 9.274499903546951085e-03 5.346668292960494312e-02 4.221393789655650958e-02 2.291957770564628100e-02 5.882384783100100961e-02 1.375395133313887450e-02 -3.269582743150308696e-02 -7.646514382264213427e-03 -3.608704266724573062e-02 -4.069150525404227614e-02 -6.906918189994604163e-02 5.852352710407375536e-02 1.969885187845992619e-02 2.961688769520346570e-02 1.834148269190234368e-02 -2.474403863811754437e-02 4.669674210315625379e-02 5.918388485337864463e-02 -5.930165603321827655e-02 -4.178549066795268774e-02 -6.654945804347060789e-02 1.392143881714733716e-02 -5.261707351012605283e-02 9.714048829644187852e-03 9.090008457525016253e-03 -7.162482138460978323e-03 -5.113119126045983370e-02 4.572938151440947806e-03 -8.938416801219394026e-02 3.277278402144664579e-03 2.091734340275725607e-02 -2.750153601368974035e-02 8.085941592839053157e-03 9.217417831045934817e-02 3.128135484565301022e-02 -5.406851902586479186e-02 6.174133985799625142e-03 6.828144020308509615e-03 2.697867928372194371e-02 1.213719693677611615e-02 -3.285413832013790725e-02 -1.592896084611555504e-02 -8.192442437170341027e-03 4.307047287924362089e-02 5.004731708406199436e-02 -4.743130125922357526e-02 -9.379843019644146240e-04 -6.559194175833743361e-03 3.834799298491119862e-02 1.109790057974846533e-02 -1.340866095223067949e-03 -5.315877196329524788e-03 4.010838077266243307e-02 -4.680243304908258267e-02 1.244641291947583273e-02 7.494650858786268410e-02 -6.730813809003786952e-02 -2.458148459428712712e-02 1.178503720725688000e-02 4.124175591236993454e-02 8.375229761132289841e-02 -3.266862480056433732e-02 -3.166630103023792414e-02 -2.339828583890874586e-02 1.340939567460681763e-02 1.159413559955198986e-02 2.021263568619734857e-02 -2.992094886719656732e-02 -8.781291135658728098e-02 3.983697065955723454e-02 3.747550741385891060e-02 -1.953978247317348857e-02 -5.489157196652611620e-02 -1.185578607743217145e-03 -7.377381937631401904e-03 1.811122279999834161e-02 1.471321250003146744e-02 -3.824154592614322640e-02 3.872648472736489600e-02 4.807204415723343588e-03 4.326172905892752829e-02 -8.181025956962986040e-03 1.099269056693188279e-03
2.843143942682005432e-01 4.061304614865624517e-03 -2.692513226043130592e-02 -2.505904078599544699e-02 -4.040381094803389755e-04 -4.420611262159569732e-02 3.421652019915165377e-02 -2.725170951600425912e-02 5.327777577515811075e-02 -9.226133734718894308e-02 -1.394929270447352321e-01 1.515083393785770539e-02 4.061304614865568138e-03 2.534960490010335077e-01 -2.640572024660729419e-02 -3.304123351039454232e-02 -4.566671514148300248e-02 -9.373894804755780741e-02 4.486008179732843548e-02 5.493430148252855666e-02 -2.372778204254465464e-02 -5.039128016261964355e-02 3.923087492735338050e-02 -9.257691637860890332e-02 -2.692513226043131286e-02 -2.640572024660730113e-02 1.974924801888432446e-01 -2.739096075793466881e-02 -1.477610130412279968e-02 3.109871721115832141e-02 -3.701746910473252550e-02 -3.562862491478887422e-02 -2.107951153626044793e-02 1.303176886133450632e-02 1.409399388557083452e-02 -5.265069280347781100e-02 -2.505904078599559964e-02 -3.304123351039450068e-02 -2.739096075793475554e-02 1.999823299090615070e-01 -1.052535780002593607e-03 2.306509527380170427e-02 -8.358892447508489698e-02 -2.812284192520175460e-02 2.824311874769967409e-02 3.346299336997819469e-03 -2.652393826432964882e-02 -5.454811182225399735e-02 -4.040381094801799773e-04 -4.566671514148303718e-02 -1.477610130412291764e-02 -1.052535780002559996e-03 2.218978383308334856e-01 -1.964169324939898237e-02 7.547734225862394453e-02 1.480577878983231795e-02 -2.190053894582933910e-02 -9.375162700514973191e-02 -8.282982254624340901e-02 -3.850193977920018853e-03 -4.420611262159566957e-02 -9.373894804755784904e-02 3.109871721115832141e-02 2.306509527380172508e-02 -1.964169324939906217e-02 2.927419119612381659e-01 -1.551720275910048463e-02 -2.905993355526051772e-02 -1.995226717043933201e-02 -2.273069618438697606e-02 -1.049863473352251886e-01 1.539741904656838356e-02 3.421652019915182030e-02 4.486008179732833834e-02 -3.701746910473235203e-02 -8.358892447508484147e-02 7.547734225862388902e-02 -1.551720275910025044e-02 2.646642705582687438e-01 -7.485154976060759413e-02 -6.549737246384010336e-02 -6.264194013723056731e-02 -2.012705482702360424e-02 -3.018832948256116450e-02 -2.725170951600424524e-02 5.493430148252858441e-02 -3.562862491478906157e-02 -2.812284192520188297e-02 1.480577878983231101e-02 -2.905993355526064609e-02 -7.485154976060744147e-02 1.733406595852733101e-01 -3.541894699266483204e-02 5.078113746575029647e-02 -8.422416773674380047e-03 -3.151886913508940291e-02 5.327777577515799973e-02 -2.372778204254460954e-02 -2.107951153626046528e-02 2.824311874769969144e-02 -2.190053894582935298e-02 -1.995226717043935977e-02 -6.549737246384007561e-02 -3.541894699266483898e-02 2.929825975603165267e-01 -7.936899038775455106e-02 -2.867522115358359797e-02 -2.218724086341842053e-02 -9.226133734718894308e-02 -5.039128016261960191e-02 1.303176886133448724e-02 3.346299336997723625e-03 -9.375162700514963476e-02 -2.273069618438708361e-02 -6.264194013723048404e-02 5.078113746575028953e-02 -7.936899038775453719e-02 2.627308511406488134e-01 1.781153671825188786e-02 1.453306875069625657e-02 -1.394929270447352598e-01 3.923087492735334580e-02 1.409399388557096115e-02 -2.652393826432974944e-02 -8.282982254624324248e-02 -1.049863473352251053e-01 -2.012705482702343424e-02 -8.422416773674504947e-03 -2.867522115358365695e-02 1.781153671825180460e-02 3.664938538340451468e-01 -1.490760039537478848e-02 1.515083393785777478e-02 -9.257691637860890332e-02 -5.265069280347770692e-02 -5.454811182225396265e-02 -3.850193977920057884e-03 1.539741904656830029e-02 -3.018832948256109164e-02 -3.151886913508956251e-02 -2.218724086341841706e-02 1.453306875069623576e-02 -1.490760039537477981e-02 2.578740427692014503e-01
3.552620067173972718e-02 2.833715830835085298e-03 -4.072211963409355824e-03 3.177906626346369695e-02 1.024255877984417938e-02 -5.357195392316236454e-02 -4.248398085245597144e-02 2.731684404538290561e-02 9.498364101191508757e-03 3.034115546779717412e-02 -4.101935897944346959e-02 -1.794238372137314450e-02 -3.479527861733989341e-02 -1.510055695016611181e-02 4.238674554621688073e-02 -5.290685854029860552e-03 -1.258454119092958928e-02 -1.095711023794227953e-03 -1.659282527976184418e-02 1.771396761127575089e-04 -6.861521857607418007e-02 4.974089405875761760e-02 1.409714275492193400e-02 2.807644836889264250e-02 -1.805682884405600958e-02 9.044405838430004396e-03 4.363037631283465945e-02 -4.328327801768150351e-02 -2.719367392517728702e-02 3.322718625824708921e-02 2.707517050146688101e-02 -9.003073147507133570e-03 -1.736842532406926778e-02 3.138366505543934565e-02 -3.172904099452246180e-03 -1.874859293357825432e-02 3.906189735735800250e-02 1.341500033659623684e-02 -5.972798498251308957e-02 -2.451728224583205398e-02 7.070894781482675584e-02 -2.326430438376553625e-02 7.769332252194775801e-02 -2.971711757988425989e-02 -6.803776757094884275e-03 -9.760842107599347617e-02 4.340507532669942402e-03 5.056443122151305092e-02 4.131373132961690259e-02 -3.740729489815483588e-02 3.205452227336037796e-02 -1.199832092689450541e-02 2.701539084400072371e-02 -6.172843721257477261e-03 1.354117906127288648e-02 -4.843131688292249409e-02 5.351169552558768944e-02 -6.082990206330594896e-02 2.196869620577631549e-02 -1.233898120055102604e-02 -1.832035793171615801e-02 1.178248995426748984e-02 4.145889559839838201e-02 -4.433408203508895640e-02 -1.346595480412076523e-02 -1.118163150330703237e-02 2.076874728392796507e-02 1.948404057787623753e-02 1.541143076703817803e-02 1.627508109572016817e-02 7.219321878614182609e-04 -2.425558207408242892e-02 2.802537066984456260e-02 -2.932915888215058622e-02 2.986808213813474042e-02 -2.395220527663553464e-03 1.714260767022238868e-02 -2.007409230029080435e-02 9.036087579899525907e-03 -2.535781375248901889e-02 -4.582982534446192885e-02 1.314270649037614994e-02 -2.396188087486882459e-02 3.852356695112529872e-02 -2.963542443654440875e-04 2.555977603662361319e-02 -1.192265508746478270e-02 6.538637873760846930e-02 -2.890723554970205198e-03 -1.734152675853602166e-02 -8.102318655584885010e-02 4.849682702603317491e-02 2.082290514161765776e-02 -4.757676380716929949e-03 3.091169718526696423e-03 -4.263245595336944554e-02 4.808176126597499267e-02 8.105828092446025479e-03 -5.248501140777507568e-02 3.839077727486510036e-03 -3.497026984587712009e-03 -1.628755887807631711e-02 2.126661033115341201e-02 3.037327623860778397e-03 5.451685933519236776e-02 2.102292817883310086e-03 -6.821120416093953698e-02 8.885794191614244247e-03 -2.044892990499103808e-02 2.707884637071385041e-03 -6.360991588737806637e-03 -2.034298304495449697e-02 -1.015517954318633474e-02 2.559290021342373531e-02 -2.465941630958205961e-03 -1.862309118415363812e-03 3.970583318948455592e-02 6.612746599391965824e-03 3.235273421945506628e-03 -4.656310806957547968e-03 -7.525949981240426245e-02 4.072657180037342339e-02 6.834374479736461325e-03 2.352907749995599481e-03 1.651056209906451647e-02 2.421668549320487793e-02 3.705395541384080144e-03 2.700440806523231319e-02 -5.043154958722983333e-02 -2.037657576458814720e-02 4.798582953708314253e-02 -2.055069375723994965e-02 1.574393169759133113e-02 -2.969760140293906114e-02 -4.301215503682240260e-02 3.372656956688682706e-02 -5.582816691903792761e-02 6.952352749519580266e-02 -9.207880577976298650e-03 -1.366434724358313313e-02 -2.362413522679950029e-02 1.420158464605938975e-02 1.717040937355694685e-02 1.496202142339314589e-02
3.552620067173972718e-02 -3.479527861733989341e-02 -1.805682884405600958e-02 3.906189735735800250e-02 4.131373132961690259e-02 -1.832035793171615801e-02 2.802537066984456260e-02 -2.963542443654440875e-04 4.808176126597499267e-02 -2.044892990499103808e-02 -7.525949981240426245e-02 1.574393169759133113e-02 2.833715830835085298e-03 -1.510055695016611181e-02 9.044405838430004396e-03 1.341500033659623684e-02 -3.740729489815483588e-02 1.178248995426748984e-02 -2.932915888215058622e-02 2.555977603662361319e-02 8.105828092446025479e-03 2.707884637071385041e-03 4.072657180037342339e-02 -2.969760140293906114e-02 -4.072211963409355824e-03 4.238674554621688073e-02 4.363037631283465945e-02 -5.972798498251308957e-02 3.205452227336037796e-02 4.145889559839838201e-02 2.986808213813474042e-02 -1.192265508746478270e-02 -5.248501140777507568e-02 -6.360991588737806637e-03 6.834374479736461325e-03 -4.301215503682240260e-02 3.177906626346369695e-02 -5.290685854029860552e-03 -4.328327801768150351e-02 -2.451728224583205398e-02 -1.199832092689450541e-02 -4.433408203508895640e-02 -2.395220527663553464e-03 6.538637873760846930e-02 3.839077727486510036e-03 -2.034298304495449697e-02 2.352907749995599481e-03 3.372656956688682706e-02 1.024255877984417938e-02 -1.258454119092958928e-02 -2.719367392517728702e-02 7.070894781482675584e-02 2.701539084400072371e-02 -1.346595480412076523e-02 1.714260767022238868e-02 -2.890723554970205198e-03 -3.497026984587712009e-03 -1.015517954318633474e-02 1.651056209906451647e-02 -5.582816691903792761e-02 -5.357195392316236454e-02 -1.095711023794227953e-03 3.322718625824708921e-02 -2.326430438376553625e-02 -6.172843721257477261e-03 -1.118163150330703237e-02 -2.007409230029080435e-02 -1.734152675853602166e-02 -1.628755887807631711e-02 2.559290021342373531e-02 2.421668549320487793e-02 6.952352749519580266e-02 -4.248398085245597144e-02 -1.659282527976184418e-02 2.707517050146688101e-02 7.769332252194775801e-02 1.354117906127288648e-02 2.076874728392796507e-02 9.036087579899525907e-03 -8.102318655584885010e-02 2.126661033115341201e-02 -2.465941630958205961e-03 3.705395541384080144e-03 -9.207880577976298650e-03 2.731684404538290561e-02 1.771396761127575089e-04 -9.003073147507133570e-03 -2.971711757988425989e-02 -4.843131688292249409e-02 1.948404057787623753e-02 -2.535781375248901889e-02 4.849682702603317491e-02 3.037327623860778397e-03 -1.862309118415363812e-03 2.700440806523231319e-02 -1.366434724358313313e-02 9.498364101191508757e-03 -6.861521857607418007e-02 -1.736842532406926778e-02 -6.803776757094884275e-03 5.351169552558768944e-02 1.541143076703817803e-02 -4.582982534446192885e-02 2.082290514161765776e-02 5.451685933519236776e-02 3.970583318948455592e-02 -5.043154958722983333e-02 -2.362413522679950029e-02 3.034115546779717412e-02 4.974089405875761760e-02 3.138366505543934565e-02 -9.760842107599347617e-02 -6.082990206330594896e-02 1.627508109572016817e-02 1.314270649037614994e-02 -4.757676380716929949e-03 2.102292817883310086e-03 6.612746599391965824e-03 -2.037657576458814720e-02 1.420158464605938975e-02 -4.101935897944346959e-02 1.409714275492193400e-02 -3.172904099452246180e-03 4.340507532669942402e-03 2.196869620577631549e-02 7.219321878614182609e-04 -2.396188087486882459e-02 3.091169718526696423e-03 -6.821120416093953698e-02 3.235273421945506628e-03 4.798582953708314253e-02 1.717040937355694685e-02 -1.794238372137314450e-02 2.807644836889264250e-02 -1.874859293357825432e-02 5.056443122151305092e-02 -1.233898120055102604e-02 -2.425558207408242892e-02 3.852356695112529872e-02 -4.263245595336944554e-02 8.885794191614244247e-03 -4.656310806957547968e-03 -2.055069375723994965e-02 1.496202142339314589e-02
1.988931368723493853e-01 -2.353281147012778463e-02 -8.825032513717047389e-02 -1.032966469332462261e-04 -5.005044590427198958e-02 1.335166061231891216e-02 -4.631313124064836279e-03 9.117203661251191416e-02 2.247553059839964978e-02 -7.501226137969993490e-02 -2.809995455380758650e-02 -1.135054431413737575e-01 -2.353281147012782279e-02 1.744208485625185767e-01 3.058996807376038185e-02 -1.878308914377346123e-02 -3.786632035061305440e-02 -1.238910655587229306e-02 8.524924018256381519e-02 -8.251813354307543924e-02 -3.769299733072697944e-02 -3.293359192794767520e-02 -2.469681687055977348e-02 8.249924222644863109e-03 -8.825032513717066818e-02 3.058996807376035756e-02 1.973779508416628470e-01 -1.543566229733913386e-01 -3.239359860052070522e-02 6.491252752932449854e-02 2.551501175916852035e-02 -6.840953223191459376e-02 8.751236056553892556e-03 3.111203195558681980e-02 -3.173606751198256026e-02 1.082515408420562097e-01 -1.032966469326009089e-04 -1.878308914377354449e-02 -1.543566229733913941e-01 4.328917372379924022e-01 -6.206200554171785455e-02 -6.435346799121220707e-02 -3.254250833678257876e-02 -2.650928250700560276e-02 4.388395731896820029e-02 -8.986779181423774909e-02 5.776170741470851994e-02 -1.076498705362097102e-01 -5.005044590427222551e-02 -3.786632035061289481e-02 -3.239359860052110074e-02 -6.206200554171662637e-02 3.290112115498293188e-01 -2.924758029346995886e-02 -4.341438926982264801e-02 -9.041702713455435775e-03 -9.701182744641057010e-02 4.667733963301603367e-02 -5.482932528245747228e-02 2.153287387229397762e-02 1.335166061231884103e-02 -1.238910655587232255e-02 6.491252752932447079e-02 -6.435346799121233197e-02 -2.924758029346960844e-02 1.039683616783372982e-01 -1.399452599315132578e-02 9.919213579018613513e-04 -1.498132257228006539e-02 1.886358498969453040e-02 -3.289390920021742493e-02 -1.699730714181765107e-02 -4.631313124064809390e-03 8.524924018256388458e-02 2.551501175916848912e-02 -3.254250833678248161e-02 -4.341438926982275903e-02 -1.399452599315127374e-02 1.726253708657972674e-01 -9.626450177993380042e-02 -2.792449663048525432e-02 -1.799464900953857971e-02 -1.379522549297437436e-02 -1.045791315786177497e-03 9.117203661251181701e-02 -8.251813354307548087e-02 -6.840953223191446886e-02 -2.650928250700606767e-02 -9.041702713455031584e-03 9.919213579018496419e-04 -9.626450177993381430e-02 1.955451206523944607e-01 2.209287446668541013e-03 -9.156706282864173624e-03 3.023268389317372920e-02 -5.563561810686764447e-02 2.247553059839986142e-02 -3.769299733072709740e-02 8.751236056554029599e-03 4.388395731896774232e-02 -9.701182744641068112e-02 -1.498132257227991621e-02 -2.792449663048523698e-02 2.209287446668718388e-03 1.757067518991957122e-01 -9.553643480631677370e-03 -1.502232526642249995e-02 -2.731027177820296095e-02 -7.501226137970004593e-02 -3.293359192794770296e-02 3.111203195558676429e-02 -8.986779181423752705e-02 4.667733963301617939e-02 1.886358498969448877e-02 -1.799464900953854501e-02 -9.156706282864326280e-03 -9.553643480631672166e-03 1.318298395674928625e-01 -1.300103337903304145e-02 3.841185303346895952e-02 -2.809995455380759691e-02 -2.469681687055975960e-02 -3.173606751198237985e-02 5.776170741470822156e-02 -5.482932528245761800e-02 -3.289390920021736248e-02 -1.379522549297433100e-02 3.023268389317371532e-02 -1.502232526642245831e-02 -1.300103337903302236e-02 1.539319059439923920e-01 -4.316251152579456823e-02 -1.135054431413738962e-01 8.249924222644826680e-03 1.082515408420560710e-01 -1.076498705362093633e-01 2.153287387229428987e-02 -1.699730714181776556e-02 -1.045791315786124805e-03 -5.563561810686781794e-02 -2.731027177820296095e-02 3.841185303346896646e-02 -4.316251152579475558e-02 2.504680217628743044e-01
-3.691439328841322146e-03 4.140455117427894148e-03 3.316049559115749612e-02 -2.318826444919201701e-02 1.637522353743862090e-03 1.674167327556163459e-02 -1.477917140819037453e-03 -2.446555892573532703e-02 3.242089825087985516e-02 -3.389687413873129079e-04 -1.421200756776453029e-02 -9.839747121084842923e-03 -1.434263272917533395e-02 -3.167459626162450956e-03 4.879834965967631073e-04 -1.370431997250640870e-03 5.552060745873996228e-02 4.087369584724200033e-03 -5.927303923695258214e-02 4.200114091428763102e-02 -4.700311474828119084e-03 1.249144985180997321e-02 -2.924344084315118331e-02 6.724184510183270000e-03 2.040036433413591060e-02 -9.390947000681021395e-03 -5.116865951993837015e-03 -1.096168623339447909e-02 1.090750653257014161e-02 1.498102830643910192e-02 -2.430530797471282603e-02 1.093979282610214356e-02 -1.159003417595441850e-02 -1.069757068608448306e-03 -6.122530932371615837e-03 -1.407179269039923308e-03 1.258766471552175657e-02 -1.286701955372296716e-02 -3.441973933020582750e-03 -6.600172816038257437e-03 1.129453270873645790e-02 -1.229100996513112377e-03 -1.636682401720773727e-02 1.824485916081003412e-02 -1.639755333704969939e-02 -1.146605215691497148e-02 1.581687976468030762e-02 2.264808640333366291e-03 1.637643944833139069e-03 -1.301831892194945522e-02 -1.917260497311218392e-02 7.933923771133832847e-03 -1.235664190561755124e-02 -8.320160856865311400e-03 -2.951193329959842827e-03 1.743553498233487223e-02 1.780179899421024947e-02 1.383842814086777388e-02 -3.626302823785084069e-03 -7.324186403599336785e-04 -9.979924137943566986e-04 -1.560078504612358655e-02 3.849492836819436853e-02 -3.906346139814125679e-02 1.913243436708768341e-03 1.705359753645863119e-02 3.761574407033868583e-02 -8.609843707508739799e-03 -2.783121927969306811e-02 -1.452846322611020015e-02 1.211782938742993025e-02 1.192440592808352920e-02 5.822989512235581845e-03 3.491269841374720212e-02 2.552447811654343784e-04 3.395391317869726755e-02 -4.500331705179503455e-02 2.472229687244749657e-03 4.279357215057805891e-02 -3.022801370242343341e-02 -1.863088724409831670e-02 -2.408045242898156080e-02 -9.467923142957088492e-03 1.344983460473845108e-02 1.062326705772712043e-02 -1.186779585923104438e-02 5.594334842608762563e-03 -2.678291829693811923e-02 -1.156414909406349757e-02 1.643132772008011264e-02 -1.832691174222778746e-02 1.943150031503477343e-02 -2.380660304877881776e-03 1.553980857706322230e-02 -1.439107168097734230e-02 1.774850826070157456e-02 -2.768819243217233647e-02 4.317049891201841377e-02 -1.270533095571432965e-02 4.882933183837283309e-02 -3.107831971932586632e-03 -3.214496589968487104e-03 7.328670681808181764e-03 -3.351210007095174054e-02 1.188245087940563438e-02 1.780281211313387152e-02 -1.367825980052136264e-02 -2.865026092220905249e-02 -2.195144767378892636e-03 3.481111590985259269e-02 2.449842411945842013e-02 4.191195253780321400e-02 -6.999026970553189064e-02 2.359072426888120938e-02 5.521984749740629916e-02 -5.932078085962044778e-02 -2.060839270455494532e-02 -1.695352346140784755e-02 1.924717604614781252e-03 -3.771757035920461631e-04 -3.341465369736584812e-02 -1.515647628014631793e-02 -4.267884665348938705e-03 -6.018186754741101235e-02 3.615534796646401039e-02 -2.560785825917116787e-02 3.033082347900144943e-02 -4.164769670087309014e-03 -1.414238892901094856e-02 4.627718163413213626e-02 2.345971702153931693e-02 2.103640399190574023e-02 1.602168304215565234e-02 -1.742198145358123118e-02 -2.119515645984788518e-02 2.885098763200220906e-02 1.007277386947483255e-02 -3.849951827533210774e-02 -3.306750502089476212e-02 2.411408732459355275e-02 4.891627241425931111e-02 -3.263871136421155061e-02 2.278120435255930054e-02 -1.508033956175526200e-02
-3.691439328841322146e-03 -1.434263272917533395e-02 2.040036433413591060e-02 1.258766471552175657e-02 1.637643944833139069e-03 -9.979924137943566986e-04 5.822989512235581845e-03 1.062326705772712043e-02 -2.768819243217233647e-02 -2.195144767378892636e-03 -3.341465369736584812e-02 1.602168304215565234e-02 4.140455117427894148e-03 -3.167459626162450956e-03 -9.390947000681021395e-03 -1.286701955372296716e-02 -1.301831892194945522e-02 -1.560078504612358655e-02 3.491269841374720212e-02 -1.186779585923104438e-02 4.317049891201841377e-02 3.481111590985259269e-02 -1.515647628014631793e-02 -1.742198145358123118e-02 3.316049559115749612e-02 4.879834965967631073e-04 -5.116865951993837015e-03 -3.441973933020582750e-03 -1.917260497311218392e-02 3.849492836819436853e-02 2.552447811654343784e-04 5.594334842608762563e-03 -1.270533095571432965e-02 2.449842411945842013e-02 -4.267884665348938705e-03 -2.119515645984788518e-02 -2.318826444919201701e-02 -1.370431997250640870e-03 -1.096168623339447909e-02 -6.600172816038257437e-03 7.933923771133832847e-03 -3.906346139814125679e-02 3.395391317869726755e-02 -2.678291829693811923e-02 4.882933183837283309e-02 4.191195253780321400e-02 -6.018186754741101235e-02 2.885098763200220906e-02 1.637522353743862090e-03 5.552060745873996228e-02 1.090750653257014161e-02 1.129453270873645790e-02 -1.235664190561755124e-02 1.913243436708768341e-03 -4.500331705179503455e-02 -1.156414909406349757e-02 -3.107831971932586632e-03 -6.999026970553189064e-02 3.615534796646401039e-02 1.007277386947483255e-02 1.674167327556163459e-02 4.087369584724200033e-03 1.498102830643910192e-02 -1.229100996513112377e-03 -8.320160856865311400e-03 1.705359753645863119e-02 2.472229687244749657e-03 1.643132772008011264e-02 -3.214496589968487104e-03 2.359072426888120938e-02 -2.560785825917116787e-02 -3.849951827533210774e-02 -1.477917140819037453e-03 -5.927303923695258214e-02 -2.430530797471282603e-02 -1.636682401720773727e-02 -2.951193329959842827e-03 3.761574407033868583e-02 4.279357215057805891e-02 -1.832691174222778746e-02 7.328670681808181764e-03 5.521984749740629916e-02 3.033082347900144943e-02 -3.306750502089476212e-02 -2.446555892573532703e-02 4.200114091428763102e-02 1.093979282610214356e-02 1.824485916081003412e-02 1.743553498233487223e-02 -8.609843707508739799e-03 -3.022801370242343341e-02 1.943150031503477343e-02 -3.351210007095174054e-02 -5.932078085962044778e-02 -4.164769670087309014e-03 2.411408732459355275e-02 3.242089825087985516e-02 -4.700311474828119084e-03 -1.159003417595441850e-02 -1.639755333704969939e-02 1.780179899421024947e-02 -2.783121927969306811e-02 -1.863088724409831670e-02 -2.380660304877881776e-03 1.188245087940563438e-02 -2.060839270455494532e-02 -1.414238892901094856e-02 4.891627241425931111e-02 -3.389687413873129079e-04 1.249144985180997321e-02 -1.069757068608448306e-03 -1.146605215691497148e-02 1.383842814086777388e-02 -1.452846322611020015e-02 -2.408045242898156080e-02 1.553980857706322230e-02 1.780281211313387152e-02 -1.695352346140784755e-02 4.627718163413213626e-02 -3.263871136421155061e-02 -1.421200756776453029e-02 -2.924344084315118331e-02 -6.122530932371615837e-03 1.581687976468030762e-02 -3.626302823785084069e-03 1.211782938742993025e-02 -9.467923142957088492e-03 -1.439107168097734230e-02 -1.367825980052136264e-02 1.924717604614781252e-03 2.345971702153931693e-02 2.278120435255930054e-02 -9.839747121084842923e-03 6.724184510183270000e-03 -1.407179269039923308e-03 2.264808640333366291e-03 -7.324186403599336785e-04 1.192440592808352920e-02 1.344983460473845108e-02 1.774850826070157456e-02 -2.865026092220905249e-02 -3.771757035920461631e-04 2.103640399190574023e-02 -1.508033956175526200e-02
1.546882424103857012e-01 -1.808654348430618897e-02 3.299889593939389631e-02 -4.953023927115488001e-02 -1.934603971292695943e-02 5.248867174882770534e-03 -9.999938051097546216e-03 1.716948266209943758e-02 1.185973236252879301e-02 -2.111549137209614221e-02 -5.299360574460250384e-02 -1.457665791710508786e-02 -1.808654348430619591e-02 1.415329109786423734e-01 6.470589113133300152e-03 -1.471754473626878286e-02 -1.767744048968404938e-02 -4.191774595873851150e-02 -5.348402456111021885e-02 1.677771908201696957e-02 -2.303268793265087627e-02 -6.660801973424673728e-02 4.525709563512157751e-02 2.012013152827313647e-02 3.299889593939390325e-02 6.470589113133296683e-03 8.607452580014392229e-02 1.125418834207794067e-02 6.737468746604900229e-03 1.936366659399312365e-02 1.596216625243104467e-02 2.335291802705526370e-03 -4.323781265569802412e-02 -8.511035440434354393e-02 -5.379226392964850390e-02 -1.437847511558963502e-03 -4.953023927115491470e-02 -1.471754473626879500e-02 1.125418834207792679e-02 1.294964982392494413e-01 6.055946439586267112e-03 4.661110031566589873e-02 -6.384674325936758044e-02 -4.863278767421030935e-02 6.218104836090025678e-02 1.417321449282763803e-02 -1.995203610099878164e-02 -2.190647826375055618e-02 -1.934603971292691085e-02 -1.767744048968404591e-02 6.737468746604903698e-03 6.055946439586263642e-03 1.386181521668488348e-01 -5.808493907394457478e-02 -2.540936546171927712e-02 3.404804537982262375e-02 -7.815688418900601162e-03 -4.074338349011207699e-02 -5.147531866898425595e-02 2.534863430111971086e-02 5.248867174882698543e-03 -4.191774595873851150e-02 1.936366659399308202e-02 4.661110031566594036e-02 -5.808493907394462336e-02 1.506466364811938075e-01 2.973119162827736819e-02 -3.187943985819494119e-02 -2.611094281192040401e-02 -8.717510413427649249e-03 7.038969629334517614e-03 -5.352478453329908431e-02 -9.999938051097497643e-03 -5.348402456111023273e-02 1.596216625243105855e-02 -6.384674325936763595e-02 -2.540936546171926325e-02 2.973119162827738207e-02 1.950770955385942307e-01 9.404179821182126128e-03 -1.194216025570831036e-01 -9.371062792764924335e-03 -7.254720415121727016e-03 6.652715535567417689e-03 1.716948266209947227e-02 1.677771908201696263e-02 2.335291802705534610e-03 -4.863278767421030241e-02 3.404804537982260987e-02 -3.187943985819486487e-02 9.404179821182096638e-03 1.149946492432263045e-01 -9.964343608154936638e-02 -6.196653155594266521e-02 2.411545950108960612e-02 -4.307267528826679535e-03 1.185973236252874964e-02 -2.303268793265084158e-02 -4.323781265569800331e-02 6.218104836090024984e-02 -7.815688418900608100e-03 -2.611094281192048380e-02 -1.194216025570830481e-01 -9.964343608154938026e-02 2.870179542170976927e-01 1.492204166453162117e-01 -4.804226141352742341e-02 -3.037259534606638611e-02 -2.111549137209618732e-02 -6.660801973424676503e-02 -8.511035440434354393e-02 1.417321449282763976e-02 -4.074338349011205618e-02 -8.717510413427770680e-03 -9.371062792764879232e-03 -6.196653155594265827e-02 1.492204166453162395e-01 2.823301194189548058e-01 1.130542835692843057e-02 -7.544933722397817455e-02 -5.299360574460254547e-02 4.525709563512155670e-02 -5.379226392964853165e-02 -1.995203610099878511e-02 -5.147531866898427677e-02 7.038969629334515879e-03 -7.254720415121711403e-03 2.411545950108959918e-02 -4.804226141352740953e-02 1.130542835692850342e-02 1.986822351462893543e-01 -1.500035545267943034e-02 -1.457665791710504796e-02 2.012013152827315035e-02 -1.437847511558928157e-03 -2.190647826375059781e-02 2.534863430111975596e-02 -5.352478453329909819e-02 6.652715535567427230e-03 -4.307267528826642239e-03 -3.037259534606646938e-02 -7.544933722397827169e-02 -1.500035545267942860e-02 1.354866196870347372e-01
-3.608921402321499643e-03 -1.873679783841825097e-02 -1.701825386511640267e-02 1.389334790729778411e-03 3.474223227371817102e-02 -4.178788183519063781e-02 7.303202153565785046e-03 7.324965671021483292e-03 -2.677124514724754049e-03 2.771817807966921177e-02 -1.860515320526315644e-02 1.924500975488243476e-02 1.129102815505683699e-02 -1.527406949344463187e-02 1.364639375998660635e-02 -2.133263733976861753e-02 2.577627525916037846e-02 -2.857042155812552012e-02 2.347126609209087417e-02 2.281162547029654333e-02 -6.005087720996481367e-03 1.598581160808290472e-03 -2.471798011326461000e-02 -1.043235495836124758e-02 3.124258815402949224e-02 8.822063354597313098e-03 -4.989552207780354950e-03 -2.704691474332602749e-02 -3.623482135186756325e-02 -8.996681290902095243e-03 -1.829644383831194321e-03 -5.664530380060970628e-03 3.625770151573090832e-03 6.399848820727269127e-02 2.081893517606590513e-02 -2.489262900196679076e-02 -2.964489641038679096e-02 1.441274942745259489e-02 -2.269936223658794439e-02 2.998501165800049328e-02 -3.240408246064235137e-02 4.111460351397497846e-03 1.073078417157576937e-02 -9.940128439157978543e-03 4.621712797009331838e-03 4.142045127754598148e-03 3.113533945889604415e-02 -2.469689197875298025e-04 3.393425219935902043e-02 -1.706186059107167238e-02 2.289079512499591837e-02 1.600246524382719845e-02 -1.114956233361081087e-02 2.727794307274166927e-02 -3.233024035536123772e-04 -2.159666190502520025e-02 8.907838689926559847e-03 -3.311024875360647074e-02 -5.166362273755377432e-02 2.800827640644550434e-02 3.633283575800239779e-02 -1.265802637803431843e-02 -1.739971622759547629e-02 -2.126861523443509747e-02 -1.231442031666893019e-02 1.025756598290572877e-02 -2.528402586718537376e-02 1.787999380535493926e-02 1.894226764248086586e-02 1.623607400860220193e-02 3.971908739085933809e-02 -2.254933207700174705e-02 1.514394357976136000e-03 9.825661882230201510e-03 -3.997312081079052587e-02 -2.224958581332130841e-02 -6.214488788626997690e-03 -1.284846978506950718e-02 -1.434561919218879829e-02 2.547965033398939816e-02 1.830526405792462855e-02 4.433229810821154304e-02 3.536922802447320380e-02 -2.394836520545783748e-02 7.643419440782470674e-03 -2.785230733288334218e-02 5.404476093999336164e-03 1.110394624181366974e-02 2.248172507612300822e-02 1.636877031929926535e-02 -1.251196024384265346e-02 4.388423315452526924e-02 -2.619902734403330852e-02 -4.406162720523911641e-02 6.372605793347239402e-03 -9.896920695096990406e-03 -3.180638573998671725e-02 6.594485819690238185e-03 -1.605594801020410189e-02 1.515459597276315462e-03 -2.766514690110232280e-02 9.617476405944069828e-03 -8.577750563787799737e-03 -1.620244057335793603e-02 3.810708342105333796e-02 3.242204963393025691e-02 2.329187716310517769e-02 5.657786819919644050e-03 -5.606163718450112021e-02 2.598853302136356486e-02 4.277741414240413508e-03 2.686608859447638803e-02 3.561829751881653155e-02 2.711744856420765341e-03 -2.407891287099346231e-02 -1.832483325194170232e-02 -1.644397704158667706e-02 -2.133861428032065438e-03 -8.422751355292815156e-03 1.610582947282723776e-02 3.159191785594044066e-02 -5.728660656808434899e-03 2.831805764273848808e-02 -4.412639875703311398e-02 1.668103336410733939e-02 -2.763954104128829928e-02 4.495642347859177268e-02 -1.631120173445465768e-02 -1.004403983993052557e-02 -4.220372052933030194e-02 -5.003567859282653102e-02 5.075904563868657848e-02 9.523928389151031793e-03 1.379147484322888924e-02 4.300680762595777279e-02 4.032296180545215381e-02 -1.028066611654633068e-02 4.882069575056292854e-02 -6.312829475013968968e-03 -1.743705205183566226e-02 -1.711897542954946699e-02 -4.977327140276675138e-02 -5.823973872037743749e-03 -3.490959782693306424e-02
-3.608921402321499643e-03 1.129102815505683699e-02 3.124258815402949224e-02 -2.964489641038679096e-02 3.393425219935902043e-02 3.633283575800239779e-02 1.514394357976136000e-03 7.643419440782470674e-03 -3.180638573998671725e-02 -5.606163718450112021e-02 3.159191785594044066e-02 9.523928389151031793e-03 -1.873679783841825097e-02 -1.527406949344463187e-02 8.822063354597313098e-03 1.441274942745259489e-02 -1.706186059107167238e-02 -1.265802637803431843e-02 9.825661882230201510e-03 -2.785230733288334218e-02 6.594485819690238185e-03 2.598853302136356486e-02 -5.728660656808434899e-03 1.379147484322888924e-02 -1.701825386511640267e-02 1.364639375998660635e-02 -4.989552207780354950e-03 -2.269936223658794439e-02 2.289079512499591837e-02 -1.739971622759547629e-02 -3.997312081079052587e-02 5.404476093999336164e-03 -1.605594801020410189e-02 4.277741414240413508e-03 2.831805764273848808e-02 4.300680762595777279e-02 1.389334790729778411e-03 -2.133263733976861753e-02 -2.704691474332602749e-02 2.998501165800049328e-02 1.600246524382719845e-02 -2.126861523443509747e-02 -2.224958581332130841e-02 1.110394624181366974e-02 1.515459597276315462e-03 2.686608859447638803e-02 -4.412639875703311398e-02 4.032296180545215381e-02 3.474223227371817102e-02 2.577627525916037846e-02 -3.623482135186756325e-02 -3.240408246064235137e-02 -1.114956233361081087e-02 -1.231442031666893019e-02 -6.214488788626997690e-03 2.248172507612300822e-02 -2.766514690110232280e-02 3.561829751881653155e-02 1.668103336410733939e-02 -1.028066611654633068e-02 -4.178788183519063781e-02 -2.857042155812552012e-02 -8.996681290902095243e-03 4.111460351397497846e-03 2.727794307274166927e-02 1.025756598290572877e-02 -1.284846978506950718e-02 1.636877031929926535e-02 9.617476405944069828e-03 2.711744856420765341e-03 -2.763954104128829928e-02 4.882069575056292854e-02 7.303202153565785046e-03 2.347126609209087417e-02 -1.829644383831194321e-03 1.073078417157576937e-02 -3.233024035536123772e-04 -2.528402586718537376e-02 -1.434561919218879829e-02 -1.251196024384265346e-02 -8.577750563787799737e-03 -2.407891287099346231e-02 4.495642347859177268e-02 -6.312829475013968968e-03 7.324965671021483292e-03 2.281162547029654333e-02 -5.664530380060970628e-03 -9.940128439157978543e-03 -2.159666190502520025e-02 1.787999380535493926e-02 2.547965033398939816e-02 4.388423315452526924e-02 -1.620244057335793603e-02 -1.832483325194170232e-02 -1.631120173445465768e-02 -1.743705205183566226e-02 -2.677124514724754049e-03 -6.005087720996481367e-03 3.625770151573090832e-03 4.621712797009331838e-03 8.907838689926559847e-03 1.894226764248086586e-02 1.830526405792462855e-02 -2.619902734403330852e-02 3.810708342105333796e-02 -1.644397704158667706e-02 -1.004403983993052557e-02 -1.711897542954946699e-02 2.771817807966921177e-02 1.598581160808290472e-03 6.399848820727269127e-02 4.142045127754598148e-03 -3.311024875360647074e-02 1.623607400860220193e-02 4.433229810821154304e-02 -4.406162720523911641e-02 3.242204963393025691e-02 -2.133861428032065438e-03 -4.220372052933030194e-02 -4.977327140276675138e-02 -1.860515320526315644e-02 -2.471798011326461000e-02 2.081893517606590513e-02 3.113533945889604415e-02 -5.166362273755377432e-02 3.971908739085933809e-02 3.536922802447320380e-02 6.372605793347239402e-03 2.329187716310517769e-02 -8.422751355292815156e-03 -5.003567859282653102e-02 -5.823973872037743749e-03 1.924500975488243476e-02 -1.043235495836124758e-02 -2.489262900196679076e-02 -2.469689197875298025e-04 2.800827640644550434e-02 -2.254933207700174705e-02 -2.394836520545783748e-02 -9.896920695096990406e-03 5.657786819919644050e-03 1.610582947282723776e-02 5.075904563868657848e-02 -3.490959782693306424e-02
1.472445888302811867e-01 7.136528530570739048e-02 -1.086616628723405670e-01 -6.937458633195348057e-02 3.388130491961091617e-02 -1.498213783707708600e-02 -2.915131529945376096e-02 6.979739353976732730e-02 1.600424066776070034e-02 -1.630475800613245471e-02 -9.347587453195785670e-03 -7.938236662509948194e-02 7.136528530570736273e-02 2.555358694952112875e-01 -1.290387088178824443e-02 -7.364392048916949818e-02 5.766560900994199823e-03 -8.492146219608573410e-02 3.672057592797842163e-02 -5.281721910540854159e-02 1.601600158221515649e-02 -1.416013429705129112e-01 2.157048846883691251e-02 -4.017723336048834026e-02 -1.086616628723406641e-01 -1.290387088178829647e-02 3.547600008537255545e-01 4.725077492465994816e-02 -1.436250685575697107e-02 -1.432026459188731615e-02 1.127716431113786472e-02 -1.925999096830691981e-01 4.350577757459991000e-03 -2.768259921203216484e-02 -2.669743601604283520e-02 3.950049197588560712e-02 -6.937458633195368873e-02 -7.364392048916967859e-02 4.725077492465997592e-02 1.771648049129781743e-01 -6.760593431207682913e-02 -5.157905465341751372e-02 1.829898294649025606e-02 -4.979091115280333268e-02 -4.671574702150291247e-02 5.207784393064947975e-02 1.998447196031720441e-02 2.264321408284892395e-02 3.388130491961108964e-02 5.766560900994067984e-03 -1.436250685575696934e-02 -6.760593431207671811e-02 2.200159694453437398e-01 -2.196996165685302649e-02 -7.907363437003830930e-02 -4.400582337743276506e-02 -2.771643751082016743e-03 -2.081982025497002703e-02 -2.559607815825135947e-03 5.249585178689268432e-03 -1.498213783707704611e-02 -8.492146219608545654e-02 -1.432026459188736299e-02 -5.157905465341765250e-02 -2.196996165685315139e-02 1.882208693490431128e-01 7.417524767274782764e-03 1.070050872765723610e-01 1.626926810212275462e-02 -2.110655788819958828e-02 -4.994573151365644392e-02 -9.807848902005259634e-03 -2.915131529945388933e-02 3.672057592797829673e-02 1.127716431113786298e-02 1.829898294649018320e-02 -7.907363437003830930e-02 7.417524767274823530e-03 1.613169528867407498e-01 -6.608844097327651324e-02 3.881531798304589664e-02 -5.278420628544455706e-02 -3.462635290688573231e-02 -3.284227049060448739e-02 6.979739353976750771e-02 -5.281721910540817383e-02 -1.925999096830695867e-01 -4.979091115280341595e-02 -4.400582337743293854e-02 1.070050872765722222e-01 -6.608844097327656875e-02 3.654055393671144514e-01 -7.093451793611027512e-02 2.729554227792029084e-03 -6.946201549976305754e-03 -5.483086979797143455e-03 1.600424066776077320e-02 1.601600158221511833e-02 4.350577757460041307e-03 -4.671574702150312064e-02 -2.771643751081841536e-03 1.626926810212288993e-02 3.881531798304575093e-02 -7.093451793611016409e-02 1.422619876510378967e-01 -2.625138537129121513e-02 -8.076038444133819272e-02 -2.329533100447982868e-02 -1.630475800613261084e-02 -1.416013429705132165e-01 -2.768259921203189075e-02 5.207784393064958384e-02 -2.081982025497011030e-02 -2.110655788819936970e-02 -5.278420628544464727e-02 2.729554227791991354e-03 -2.625138537129119778e-02 2.348836195043238761e-01 -1.687146890174899896e-02 1.526042079910521453e-02 -9.347587453195797813e-03 2.157048846883719700e-02 -2.669743601604272765e-02 1.998447196031743686e-02 -2.559607815825120768e-03 -4.994573151365680475e-02 -3.462635290688552414e-02 -6.946201549976851325e-03 -8.076038444133812333e-02 -1.687146890174912386e-02 1.794706158177443445e-01 -1.425466694802262659e-02 -7.938236662509930153e-02 -4.017723336048838884e-02 3.950049197588530875e-02 2.264321408284868803e-02 5.249585178689495681e-03 -9.807848902005205857e-03 -3.284227049060468862e-02 -5.483086979796833807e-03 -2.329533100447982175e-02 1.526042079910523014e-02 -1.425466694802261097e-02 1.193318394471222649e-01
-5.738486535957366963e-02 -3.641289003770713933e-02 6.696233577889838806e-02 8.816808980439530541e-03 -5.110646386889662607e-03 2.825687755224703251e-02 1.834716404901842041e-02 -4.348311793054970842e-02 2.557557288852141397e-02 1.179311625766323382e-02 -5.002683072809344100e-02 3.893296844222243064e-02 -3.703285929807963433e-03 1.238426266938384007e-02 -6.525530005246161017e-03 2.372863757063020315e-02 -1.390430803854425870e-02 -2.293403366106824479e-02 7.312525771055482758e-03 -1.948321101950454409e-02 -9.954554060243361521e-03 -1.576398623104634591e-02 3.891739898829135041e-02 -4.006515286086331264e-03 4.678547477884364980e-02 1.746126344803471467e-02 -2.711444233550100794e-02 -2.859607497627267986e-02 2.224674426399305890e-02 -9.188623943724164717e-03 5.245683826310426449e-03 2.767611056336792552e-02 -4.303239190802907697e-03 -8.415931115584966704e-03 -8.438437071010900306e-03 -2.596945686091883115e-02 2.418642473911345944e-02 2.441934002049097469e-02 -2.070667525995008654e-02 -1.321643972361976477e-02 -2.961584425505053679e-03 1.387749834185412687e-02 9.763098488082608620e-03 1.182102193959039781e-02 -1.025658679868472062e-02 1.494166864616686650e-02 -1.211885621927885452e-02 -3.025669719408313058e-02 -5.066100069987903437e-02 -1.706832368674890757e-02 6.732347239841050823e-02 4.652566208281605498e-02 -9.108172091391648906e-03 8.829452473630958892e-03 -2.501940387882359285e-03 -3.262845185048845326e-02 -3.328549506649507855e-02 -1.368555207793745003e-02 3.818877301231653892e-02 8.497371912134107919e-03 3.538292529297601581e-03 2.464782550594989130e-02 -3.642417257672117548e-02 4.387573681922534580e-03 3.090007848206254015e-03 -1.304207681980396570e-02 2.244048189239055899e-02 2.966533175718483531e-02 -6.068966298537493628e-03 -2.049271252673236232e-02 -1.608509974897731967e-02 1.241471759858735029e-03 1.259391556404006011e-02 -4.424297353366526790e-03 -2.705927033492780062e-02 -1.196576156722801466e-02 -4.738657049464905548e-03 -1.163087532406407824e-02 -1.978236172246639665e-03 1.569766272890860126e-02 -1.411070807448096265e-02 1.758207367616164765e-02 4.916919400211122032e-02 -2.636436896728200710e-02 -2.875291127676644909e-02 2.296344245706987211e-02 4.502367811635836492e-02 4.412568862874267223e-02 -2.165781914794404073e-02 -4.581708620975712826e-02 1.478220093503617230e-02 -3.129050569288725075e-02 -2.200657297403432397e-02 -1.701915064764418853e-02 1.829790541472700593e-02 1.707781193922554633e-02 3.732012436397274396e-02 -3.567106318071373849e-02 -7.262958743382552651e-02 -1.158771053393443939e-02 1.262268919654068594e-02 3.812931900862296525e-02 -3.406510177857870192e-02 7.510871001490675158e-02 -4.889252820062838997e-03 1.991357912897558091e-02 -2.861170790000214671e-03 -1.550197444852706614e-02 1.672145873574855390e-02 2.263882363448652818e-02 -5.762499943264343810e-02 -2.870989546040497720e-02 3.791172391925775459e-02 7.223803004712538514e-03 -2.168005317619518812e-02 3.419804985774836659e-02 -1.692760951961959359e-02 -3.399592876738612157e-04 5.421697952557251454e-03 2.097231627014306543e-03 9.009540483370461622e-03 2.897906612586057321e-02 5.520110838796394442e-02 -9.090005208066409548e-03 3.952584642358852179e-02 -4.486270694667346404e-02 -3.036042927345784445e-02 -8.672240580649857866e-02 3.160342217119826297e-02 9.017993924009204409e-03 -1.916795532268493127e-02 1.276465753762526939e-02 -1.383423147947965282e-02 -5.986938710387586932e-02 1.464441198429390287e-02 -1.058960514175399242e-02 -4.798961356687941882e-02 4.763726879007158105e-02 2.715459362404228083e-03 3.902081351635205975e-02 3.075609077177286071e-02 1.177082395529745369e-02 -2.609977798647117320e-02 1.899134509118020550e-02
-5.738486535957366963e-02 -3.703285929807963433e-03 4.678547477884364980e-02 2.418642473911345944e-02 -5.066100069987903437e-02 3.538292529297601581e-03 1.259391556404006011e-02 -2.875291127676644909e-02 3.732012436397274396e-02 1.672145873574855390e-02 9.009540483370461622e-03 -1.383423147947965282e-02 -3.641289003770713933e-02 1.238426266938384007e-02 1.746126344803471467e-02 2.441934002049097469e-02 -1.706832368674890757e-02 2.464782550594989130e-02 -4.424297353366526790e-03 2.296344245706987211e-02 -3.567106318071373849e-02 2.263882363448652818e-02 2.897906612586057321e-02 -5.986938710387586932e-02 6.696233577889838806e-02 -6.525530005246161017e-03 -2.711444233550100794e-02 -2.070667525995008654e-02 6.732347239841050823e-02 -3.642417257672117548e-02 -2.705927033492780062e-02 4.502367811635836492e-02 -7.262958743382552651e-02 -5.762499943264343810e-02 5.520110838796394442e-02 1.464441198429390287e-02 8.816808980439530541e-03 2.372863757063020315e-02 -2.859607497627267986e-02 -1.321643972361976477e-02 4.652566208281605498e-02 4.387573681922534580e-03 -1.196576156722801466e-02 4.412568862874267223e-02 -1.158771053393443939e-02 -2.870989546040497720e-02 -9.090005208066409548e-03 -1.058960514175399242e-02 -5.110646386889662607e-03 -1.390430803854425870e-02 2.224674426399305890e-02 -2.961584425505053679e-03 -9.108172091391648906e-03 3.090007848206254015e-03 -4.738657049464905548e-03 -2.165781914794404073e-02 1.262268919654068594e-02 3.791172391925775459e-02 3.952584642358852179e-02 -4.798961356687941882e-02 2.825687755224703251e-02 -2.293403366106824479e-02 -9.188623943724164717e-03 1.387749834185412687e-02 8.829452473630958892e-03 -1.304207681980396570e-02 -1.163087532406407824e-02 -4.581708620975712826e-02 3.812931900862296525e-02 7.223803004712538514e-03 -4.486270694667346404e-02 4.763726879007158105e-02 1.834716404901842041e-02 7.312525771055482758e-03 5.245683826310426449e-03 9.763098488082608620e-03 -2.501940387882359285e-03 2.244048189239055899e-02 -1.978236172246639665e-03 1.478220093503617230e-02 -3.406510177857870192e-02 -2.168005317619518812e-02 -3.036042927345784445e-02 2.715459362404228083e-03 -4.348311793054970842e-02 -1.948321101950454409e-02 2.767611056336792552e-02 1.182102193959039781e-02 -3.262845185048845326e-02 2.966533175718483531e-02 1.569766272890860126e-02 -3.129050569288725075e-02 7.510871001490675158e-02 3.419804985774836659e-02 -8.672240580649857866e-02 3.902081351635205975e-02 2.557557288852141397e-02 -9.954554060243361521e-03 -4.303239190802907697e-03 -1.025658679868472062e-02 -3.328549506649507855e-02 -6.068966298537493628e-03 -1.411070807448096265e-02 -2.200657297403432397e-02 -4.889252820062838997e-03 -1.692760951961959359e-02 3.160342217119826297e-02 3.075609077177286071e-02 1.179311625766323382e-02 -1.576398623104634591e-02 -8.415931115584966704e-03 1.494166864616686650e-02 -1.368555207793745003e-02 -2.049271252673236232e-02 1.758207367616164765e-02 -1.701915064764418853e-02 1.991357912897558091e-02 -3.399592876738612157e-04 9.017993924009204409e-03 1.177082395529745369e-02 -5.002683072809344100e-02 3.891739898829135041e-02 -8.438437071010900306e-03 -1.211885621927885452e-02 3.818877301231653892e-02 -1.608509974897731967e-02 4.916919400211122032e-02 1.829790541472700593e-02 -2.861170790000214671e-03 5.421697952557251454e-03 -1.916795532268493127e-02 -2.609977798647117320e-02 3.893296844222243064e-02 -4.006515286086331264e-03 -2.596945686091883115e-02 -3.025669719408313058e-02 8.497371912134107919e-03 1.241471759858735029e-03 -2.636436896728200710e-02 1.707781193922554633e-02 -1.550197444852706614e-02 2.097231627014306543e-03 1.276465753762526939e-02 1.899134509118020550e-02
3.102615485072886536e-01 -3.941531238933153325e-02 -3.777379669219218389e-02 -7.438028342856642557e-03 -4.327922325194340225e-02 -6.871164991734774949e-03 -9.367844851971048048e-02 -5.749440440876822656e-02 -3.001171894018082528e-02 -1.104625954760295736e-01 3.963604804134220061e-03 3.449111473469192862e-02 -3.941531238933133202e-02 1.935043598055020964e-01 3.713003412396449765e-02 -7.252648696929383122e-04 5.412677438437593636e-02 -3.696386855044311165e-02 -1.266809012366943397e-02 -5.594720645644708779e-02 -3.025409942571716942e-02 -1.166565503331065505e-02 -9.066946825950007727e-02 4.676752337116720643e-02 -3.777379669219178837e-02 3.713003412396485153e-02 3.400543367538191308e-01 6.677132258838296142e-02 5.858724465844403206e-02 -5.347630770229719332e-02 -1.785838562954193409e-01 -8.891302675619293383e-02 1.109168399915939386e-02 -8.049138234783544121e-02 -6.709543302000969822e-02 -4.218568813713227672e-02 -7.438028342856787406e-03 -7.252648696929478531e-04 6.677132258838285039e-02 1.128943213015533437e-01 -1.913829516952654172e-02 -2.300909847392585902e-02 -1.882078910264002591e-02 -4.608807191915077761e-02 -8.117631771600740051e-03 -6.414630911585690598e-02 -3.243251544385933327e-02 2.964924760932816442e-02 -4.327922325194285408e-02 5.412677438437604044e-02 5.858724465844369206e-02 -1.913829516952653478e-02 2.152400266391270578e-01 -3.545822122884811911e-02 -3.649712967142731967e-02 -2.885932211318234172e-02 -8.555047628489798051e-02 -4.217152123847961454e-03 -5.618544204826452643e-02 4.041441735472706825e-03 -6.871164991734655253e-03 -3.696386855044305614e-02 -5.347630770229711006e-02 -2.300909847392595270e-02 -3.545822122884800115e-02 1.840831751996734877e-01 -5.943364975538203976e-02 4.241421873464818609e-02 6.929241223501381511e-03 1.323812049515225159e-02 2.638678820793210686e-02 -6.160910277236806426e-02 -9.367844851971064701e-02 -1.266809012366962479e-02 -1.785838562954190911e-01 -1.882078910264001897e-02 -3.649712967142734049e-02 -5.943364975538187323e-02 3.631075992568613131e-01 -4.560937335839837514e-02 -1.341072503287632500e-03 1.393040705965894743e-01 1.285544567130309738e-03 -1.979220638285936890e-02 -5.749440440876839309e-02 -5.594720645644705309e-02 -8.891302675619239260e-02 -4.608807191915089557e-02 -2.885932211318202253e-02 4.241421873464815834e-02 -4.560937335839870821e-02 2.554321569393344649e-01 1.299020691611830862e-03 2.491924781654620766e-02 9.064051574093044683e-02 -8.310722407764048469e-02 -3.001171894018091896e-02 -3.025409942571717983e-02 1.109168399915976336e-02 -8.117631771600689744e-03 -8.555047628489798051e-02 6.929241223501348551e-03 -1.341072503287752630e-03 1.299020691611751065e-03 1.971036645079831118e-01 6.952572837106278138e-03 -5.370285110957326996e-02 3.573282105395215232e-03 -1.104625954760295459e-01 -1.166565503331061168e-02 -8.049138234783496937e-02 -6.414630911585693374e-02 -4.217152123847662214e-03 1.323812049515221342e-02 1.393040705965892245e-01 2.491924781654617296e-02 6.952572837106218290e-03 2.833139380349412595e-01 -6.270935120447106159e-02 -8.103713882827166815e-02 3.963604804133621581e-03 -9.066946825950003563e-02 -6.709543302000965659e-02 -3.243251544385945817e-02 -5.618544204826428357e-02 2.638678820793223870e-02 1.285544567130509448e-03 9.064051574093062724e-02 -5.370285110957329078e-02 -6.270935120447067301e-02 3.171402364697397114e-01 -8.194284783900604441e-02 3.449111473469191474e-02 4.676752337116694969e-02 -4.218568813713315102e-02 2.964924760932812625e-02 4.041441735472102274e-03 -6.160910277236796712e-02 -1.979220638285872011e-02 -8.310722407764017938e-02 3.573282105395367454e-03 -8.103713882827139059e-02 -8.194284783900565583e-02 3.079535277691730633e-01
-1.350386457522989407e-02 5.837690481581775392e-02 3.636509776328741145e-02 3.301558856901727537e-03 -3.317624952101044800e-02 1.401832259257738966e-02 -3.061349509078250403e-02 -1.279748947700560732e-02 6.402798653053475356e-03 -1.881576136109192054e-02 1.109776312781444660e-02 -1.086710857902036843e-02 -2.891730037407406334e-02 -8.103495579915118152e-03 -2.276105349911229300e-02 -1.114154735009273596e-02 -2.689313183431882651e-02 -3.102762586229794320e-04 6.082199166419907654e-02 4.038451594903944009e-03 -2.621734353312345656e-03 6.589977060081508853e-02 1.754308657196470070e-02 -4.154582914242402336e-02 4.011405324614332815e-03 8.317018936419917977e-03 5.581929077814093421e-02 -2.317329131605122550e-02 4.100979477301048420e-02 3.183728578024152666e-03 -1.398909137033934637e-02 -5.462152242182637812e-02 3.154037087102102427e-02 4.253804742460087253e-03 -5.176640080864251814e-02 -9.537601021942626253e-03 -6.217915921654838807e-02 5.264458195964324960e-02 -1.709148396688978111e-02 4.781939992684065832e-03 3.901366349333679207e-02 -3.455363862103043825e-03 2.408840532436151011e-02 2.873089836300607653e-04 -4.001818022921534851e-02 -9.721196911973577909e-03 2.643792856822001561e-02 1.530240694640329358e-02 -4.111639119489658017e-02 -4.897294830624640549e-02 1.316525801633764824e-03 -4.875212410738601412e-03 8.444569397353447748e-03 1.378745677047483673e-02 2.596996405447711889e-02 7.196232114501631590e-03 2.362011163099095659e-02 3.221875388307287452e-02 -1.552930546636861579e-02 1.660704508371921425e-03 -2.299584536733987813e-02 -1.201707273741648698e-03 -9.147119278806972731e-03 5.924974005184639562e-03 -2.855475579814129375e-02 -5.512644136966050878e-02 4.921026831321496237e-02 3.374690923625413980e-02 4.636855151439475686e-02 4.642679270593414592e-02 -4.576449667742787941e-02 -1.306608847507060960e-02 -2.446319553409833855e-02 -2.356636173804134773e-02 5.847343704010442289e-02 2.724241195058160064e-02 4.581208499377584231e-02 -3.349695622824729047e-02 -3.746191618984903021e-02 2.063246727912772596e-02 -3.812336467767536013e-02 -4.432822809018632099e-02 2.588050488394548140e-02 1.443620025740178191e-02 7.584153863553898256e-02 -3.318254927651654446e-02 -6.023209936573352408e-02 3.834439988751469405e-03 -6.456747782723253060e-02 1.504897163541822278e-02 -1.035172499945074057e-02 -2.230059620481823421e-03 6.021021511190859099e-02 -7.607087978721348287e-02 3.135361893617917561e-02 4.977961720254850397e-02 8.362829640828559064e-03 -2.814833350319440042e-02 -1.392307607569396449e-03 2.514301102781646424e-02 -1.201218674616866613e-02 3.387796679271702638e-02 3.099919247455265939e-02 -4.514479509149187109e-02 -2.797913027107043135e-02 -1.617279141507530285e-02 4.596932942556100632e-02 -3.028808541916310978e-02 7.087087939581307450e-03 -3.026199067338836146e-03 1.695988738173336702e-02 1.941079917469221150e-02 -1.094000933708938472e-02 -4.329408293742908337e-03 -3.146832908832157549e-02 -1.967880494407905217e-02 2.249022379536486788e-02 -2.473513304928910694e-02 -1.357812242152038607e-02 4.764066259591316632e-02 1.089892446056898653e-02 1.307163537289677928e-02 -2.855027121388790598e-02 -2.492740859113843840e-02 5.223817187306895732e-02 8.007152583970528203e-03 -1.821977401112237493e-02 -6.093370345524807413e-03 -6.012019534874081528e-02 6.199017876734544408e-02 -2.316320088557475426e-02 3.330595804134086485e-02 6.428878918845470913e-02 3.356041291560146744e-02 -1.253992236824930454e-02 -6.589582878031355166e-03 1.454096112869838683e-02 1.170615454265115651e-02 -5.389639639242517488e-02 4.792760149903040057e-02 -3.787584891117490998e-02 -3.741916869662278988e-02 8.763173977368553247e-04 -4.510038090602336291e-02
-1.350386457522989407e-02 -2.891730037407406334e-02 4.011405324614332815e-03 -6.217915921654838807e-02 -4.111639119489658017e-02 -2.299584536733987813e-02 -2.446319553409833855e-02 7.584153863553898256e-02 8.362829640828559064e-03 7.087087939581307450e-03 1.089892446056898653e-02 6.428878918845470913e-02 5.837690481581775392e-02 -8.103495579915118152e-03 8.317018936419917977e-03 5.264458195964324960e-02 -4.897294830624640549e-02 -1.201707273741648698e-03 -2.356636173804134773e-02 -3.318254927651654446e-02 -2.814833350319440042e-02 -3.026199067338836146e-03 1.307163537289677928e-02 3.356041291560146744e-02 3.636509776328741145e-02 -2.276105349911229300e-02 5.581929077814093421e-02 -1.709148396688978111e-02 1.316525801633764824e-03 -9.147119278806972731e-03 5.847343704010442289e-02 -6.023209936573352408e-02 -1.392307607569396449e-03 1.695988738173336702e-02 -2.855027121388790598e-02 -1.253992236824930454e-02 3.301558856901727537e-03 -1.114154735009273596e-02 -2.317329131605122550e-02 4.781939992684065832e-03 -4.875212410738601412e-03 5.924974005184639562e-03 2.724241195058160064e-02 3.834439988751469405e-03 2.514301102781646424e-02 1.941079917469221150e-02 -2.492740859113843840e-02 -6.589582878031355166e-03 -3.317624952101044800e-02 -2.689313183431882651e-02 4.100979477301048420e-02 3.901366349333679207e-02 8.444569397353447748e-03 -2.855475579814129375e-02 4.581208499377584231e-02 -6.456747782723253060e-02 -1.201218674616866613e-02 -1.094000933708938472e-02 5.223817187306895732e-02 1.454096112869838683e-02 1.401832259257738966e-02 -3.102762586229794320e-04 3.183728578024152666e-03 -3.455363862103043825e-03 1.378745677047483673e-02 -5.512644136966050878e-02 -3.349695622824729047e-02 1.504897163541822278e-02 3.387796679271702638e-02 -4.329408293742908337e-03 8.007152583970528203e-03 1.170615454265115651e-02 -3.061349509078250403e-02 6.082199166419907654e-02 -1.398909137033934637e-02 2.408840532436151011e-02 2.596996405447711889e-02 4.921026831321496237e-02 -3.746191618984903021e-02 -1.035172499945074057e-02 3.099919247455265939e-02 -3.146832908832157549e-02 -1.821977401112237493e-02 -5.389639639242517488e-02 -1.279748947700560732e-02 4.038451594903944009e-03 -5.462152242182637812e-02 2.873089836300607653e-04 7.196232114501631590e-03 3.374690923625413980e-02 2.063246727912772596e-02 -2.230059620481823421e-03 -4.514479509149187109e-02 -1.967880494407905217e-02 -6.093370345524807413e-03 4.792760149903040057e-02 6.402798653053475356e-03 -2.621734353312345656e-03 3.154037087102102427e-02 -4.001818022921534851e-02 2.362011163099095659e-02 4.636855151439475686e-02 -3.812336467767536013e-02 6.021021511190859099e-02 -2.797913027107043135e-02 2.249022379536486788e-02 -6.012019534874081528e-02 -3.787584891117490998e-02 -1.881576136109192054e-02 6.589977060081508853e-02 4.253804742460087253e-03 -9.721196911973577909e-03 3.221875388307287452e-02 4.642679270593414592e-02 -4.432822809018632099e-02 -7.607087978721348287e-02 -1.617279141507530285e-02 -2.473513304928910694e-02 6.199017876734544408e-02 -3.741916869662278988e-02 1.109776312781444660e-02 1.754308657196470070e-02 -5.176640080864251814e-02 2.643792856822001561e-02 -1.552930546636861579e-02 -4.576449667742787941e-02 2.588050488394548140e-02 3.135361893617917561e-02 4.596932942556100632e-02 -1.357812242152038607e-02 -2.316320088557475426e-02 8.763173977368553247e-04 -1.086710857902036843e-02 -4.154582914242402336e-02 -9.537601021942626253e-03 1.530240694640329358e-02 1.660704508371921425e-03 -1.306608847507060960e-02 1.443620025740178191e-02 4.977961720254850397e-02 -3.028808541916310978e-02 4.764066259591316632e-02 3.330595804134086485e-02 -4.510038090602336291e-02
3.889460378953035757e-01 3.793901709151114698e-03 -1.182977999574612166e-01 -8.578176623856546834e-02 -4.966975181843207368e-03 5.993911627241032408e-02 -1.332184564762482239e-02 2.700196924030766592e-03 -6.544370951115609757e-03 -1.288224101281533196e-01 -6.627462488485619252e-02 -1.292035409100423561e-02 3.793901709151140719e-03 3.673904404051335226e-01 -8.873448396680168326e-02 -6.965343601630157033e-02 7.281281473911595248e-02 -1.071202314804277633e-01 6.319645784131788790e-02 3.239305144828558049e-03 -6.444248595307662530e-02 -3.835743456576453519e-02 -5.836542072083515664e-02 -8.171931892279833687e-02 -1.182977999574611194e-01 -8.873448396680173877e-02 2.567486265670809731e-01 4.216443872015734201e-03 -6.640619894953438129e-02 2.283039958104523832e-03 6.509681087544995359e-02 -2.689034597902012144e-02 -3.196243218381894253e-03 7.128692395530934756e-02 -1.591158914878667077e-02 -2.968084679834211495e-02 -8.578176623856553773e-02 -6.965343601630157033e-02 4.216443872015755018e-03 3.862820612370786444e-01 1.953491824748579755e-02 4.913963547325857911e-02 -1.354116801572537443e-01 -7.888543595521555277e-03 4.897188039930115699e-02 -5.405282491326664912e-02 -1.585381715950785406e-02 -1.157074584655930355e-01 -4.966975181843305380e-03 7.281281473911595248e-02 -6.640619894953421476e-02 1.953491824748568653e-02 2.700057029969998301e-01 -5.941095753584598599e-02 -7.264692598574215565e-02 1.462926083567463523e-02 -6.875396175577737357e-02 -3.173478363454277501e-02 -3.138687822401003968e-02 -7.763192291509919685e-02 5.993911627241036572e-02 -1.071202314804277911e-01 2.283039958104370742e-03 4.913963547325870401e-02 -5.941095753584596517e-02 2.545173303445757984e-01 -2.137163748638078523e-02 2.277016318659052727e-02 2.387394796396576438e-02 -1.271673453029719680e-01 3.764133324156345578e-02 -9.645875682358366621e-02 -1.332184564762470096e-02 6.319645784131784627e-02 6.509681087544981481e-02 -1.354116801572535500e-01 -7.264692598574216953e-02 -2.137163748638066033e-02 3.436699708114214769e-01 3.234032408427236441e-03 -2.995523759077885553e-02 -1.431949554394080226e-01 -3.842125183995875187e-02 2.690051709465757918e-02 2.700196924030826874e-03 3.239305144828437486e-03 -2.689034597902013532e-02 -7.888543595521515378e-03 1.462926083567460053e-02 2.277016318659064523e-02 3.234032408427239477e-03 2.277939791056271257e-01 -6.801880508518480528e-02 -1.135146095678086914e-01 6.423181455090479219e-03 -6.207510605578499263e-02 -6.544370951115733789e-03 -6.444248595307666694e-02 -3.196243218381813588e-03 4.897188039930115699e-02 -6.875396175577741520e-02 2.387394796396568805e-02 -2.995523759077887635e-02 -6.801880508518484691e-02 2.378611136461311060e-01 2.867317042295911000e-02 -3.564697089216326692e-02 -1.915548766823606947e-02 -1.288224101281534029e-01 -3.835743456576456989e-02 7.128692395530955572e-02 -5.405282491326682953e-02 -3.173478363454281664e-02 -1.271673453029719125e-01 -1.431949554394078561e-01 -1.135146095678085665e-01 2.867317042295892265e-02 4.884399543105867325e-01 -3.066286472820546269e-02 7.544123637753548384e-02 -6.627462488485619252e-02 -5.836542072083514276e-02 -1.591158914878668118e-02 -1.585381715950788528e-02 -3.138687822401006050e-02 3.764133324156344190e-02 -3.842125183995879351e-02 6.423181455090395953e-03 -3.564697089216324610e-02 -3.066286472820536554e-02 2.276618941236859262e-01 3.083424080521350932e-02 -1.292035409100422520e-02 -8.171931892279812870e-02 -2.968084679834220169e-02 -1.157074584655930077e-01 -7.763192291509909970e-02 -9.645875682358379111e-02 2.690051709465762428e-02 -6.207510605578500651e-02 -1.915548766823616314e-02 7.544123637753553935e-02 3.083424080521345034e-02 3.435067277210633319e-01
4.576571081066788810e-02 -2.761198682725904407e-02 1.937250710603042290e-03 7.581688386186912799e-03 2.310677161722032164e-02 4.416123706206476901e-02 -3.939111621657421375e-02 5.379082550439234431e-03 2.419022822760899180e-02 2.450491285764599958e-02 -2.278973757029917682e-02 -8.082001026188502524e-02 -1.001585457295581932e-01 -6.529382811341469250e-02 8.018952245559851644e-02 -1.282694942262948938e-02 -5.088326095398232329e-02 7.206530266477375376e-04 -1.335202044010880447e-02 2.914700900213773246e-02 -7.427485570688005696e-03 9.509548650967657168e-02 2.281215087085889520e-02 2.382585479557934940e-02 3.358800953476053213e-03 7.757461605254480086e-02 -8.236054425447167371e-02 5.325380868053776473e-02 5.179998360708076149e-02 -2.646938660781946590e-02 -5.271158236843587197e-02 -5.571106178097418905e-03 -3.181782009129453803e-02 9.485171994722357142e-03 -3.407670915296365927e-02 1.545675363646699385e-02 5.027102776646997367e-02 9.400017137664608280e-02 -1.109835845128080527e-02 -1.110605603866613583e-01 2.600842507784491622e-02 -5.640829528697263034e-02 9.288206205572148433e-02 3.891127427536444916e-02 -5.999940147061116891e-02 -5.246984343166141013e-02 -1.105308446088395374e-02 1.224624642193663810e-03 7.998614895443370565e-02 1.853511741801259355e-02 -2.916957083087190830e-02 -8.663229229743925341e-02 -4.539939416707029773e-02 2.386131146165586941e-02 6.796849843434434046e-03 -3.724977759214511547e-02 1.977149100506483959e-02 9.968211464974499701e-04 1.636529259280728246e-02 3.684739697851280998e-02 -2.462050207391230927e-02 3.408520835763188817e-02 1.366128300415405360e-02 -2.270094567890967516e-02 3.945885838957670366e-02 -7.051612447271063400e-02 7.470421679212679855e-02 -2.443938066866856162e-02 -1.024328335853750410e-02 6.260625338765348695e-05 -3.318095597567795318e-02 1.953502025835565648e-02 -1.842825606257532389e-02 -5.637187452342112826e-02 5.800422907158092611e-02 2.168380401302030108e-02 -2.155929099902961776e-03 -2.745395772114651856e-02 -3.580482612498233491e-02 -2.713675047925803371e-02 -2.991544376585512574e-02 5.854441379762808512e-02 -2.394319459821812792e-03 5.821534626930240097e-02 1.737512911580969821e-02 9.852402473998834662e-03 3.327215045633230561e-02 -7.389429957474842776e-03 -6.851745203926336292e-02 2.101746413320829468e-02 3.463730227863172362e-02 -3.526963508439427426e-03 2.154436176383974638e-02 1.342185826320574371e-02 -1.821574705902687802e-02 -2.694855277957900960e-02 4.712218371870547165e-03 -5.842592507458471696e-02 -3.458507384965860826e-02 6.928035945980343113e-02 3.710751674025682123e-02 2.531405250471087040e-02 -5.604525588329183766e-02 3.830614662949244353e-02 3.405695192164425594e-02 -4.933497496384664505e-02 -1.427157114793978568e-02 -1.785969381883963786e-03 -6.177750544949337647e-02 -3.178937208579369483e-02 1.275642735250022072e-02 8.556904514728555511e-02 3.576813841182466952e-02 3.720814563559716320e-02 -4.002014021979814762e-02 9.785186003721611098e-03 -1.986966467360360561e-02 -7.379293157605067155e-02 7.314756127853612455e-02 -2.829270625471617950e-02 -3.788763309852481720e-02 -8.022837239134651688e-02 1.650812704536346737e-02 7.336999780083461320e-02 -4.661617559088575974e-02 4.948000556296171248e-02 1.076367339623316224e-02 -1.505910624724096473e-02 3.795890000365564204e-02 -2.041072553024869674e-02 2.453343679238958325e-02 4.688868550659425725e-03 -3.548091134092312693e-02 -2.037246732279662798e-02 -2.640812189983322671e-03 -4.620437429649511957e-03 -3.892568263021582708e-03 2.826050904065918745e-02 -1.618103598926252940e-02 1.149275900368307117e-02 2.593673215386158720e-02 -4.202497771664842618e-03 4.621047586772057680e-02 -2.223146692360864277e-02
4.576571081066788810e-02 -1.001585457295581932e-01 3.358800953476053213e-03 5.027102776646997367e-02 7.998614895443370565e-02 -2.462050207391230927e-02 -1.842825606257532389e-02 1.737512911580969821e-02 4.712218371870547165e-03 -6.177750544949337647e-02 -3.788763309852481720e-02 -3.548091134092312693e-02 -2.761198682725904407e-02 -6.529382811341469250e-02 7.757461605254480086e-02 9.400017137664608280e-02 1.853511741801259355e-02 3.408520835763188817e-02 -5.637187452342112826e-02 9.852402473998834662e-03 -5.842592507458471696e-02 -3.178937208579369483e-02 -8.022837239134651688e-02 -2.037246732279662798e-02 1.937250710603042290e-03 8.018952245559851644e-02 -8.236054425447167371e-02 -1.109835845128080527e-02 -2.916957083087190830e-02 1.366128300415405360e-02 5.800422907158092611e-02 3.327215045633230561e-02 -3.458507384965860826e-02 1.275642735250022072e-02 1.650812704536346737e-02 -2.640812189983322671e-03 7.581688386186912799e-03 -1.282694942262948938e-02 5.325380868053776473e-02 -1.110605603866613583e-01 -8.663229229743925341e-02 -2.270094567890967516e-02 2.168380401302030108e-02 -7.389429957474842776e-03 6.928035945980343113e-02 8.556904514728555511e-02 7.336999780083461320e-02 -4.620437429649511957e-03 2.310677161722032164e-02 -5.088326095398232329e-02 5.179998360708076149e-02 2.600842507784491622e-02 -4.539939416707029773e-02 3.945885838957670366e-02 -2.155929099902961776e-03 -6.851745203926336292e-02 3.710751674025682123e-02 3.576813841182466952e-02 -4.661617559088575974e-02 -3.892568263021582708e-03 4.416123706206476901e-02 7.206530266477375376e-04 -2.646938660781946590e-02 -5.640829528697263034e-02 2.386131146165586941e-02 -7.051612447271063400e-02 -2.745395772114651856e-02 2.101746413320829468e-02 2.531405250471087040e-02 3.720814563559716320e-02 4.948000556296171248e-02 2.826050904065918745e-02 -3.939111621657421375e-02 -1.335202044010880447e-02 -5.271158236843587197e-02 9.288206205572148433e-02 6.796849843434434046e-03 7.470421679212679855e-02 -3.580482612498233491e-02 3.463730227863172362e-02 -5.604525588329183766e-02 -4.002014021979814762e-02 1.076367339623316224e-02 -1.618103598926252940e-02 5.379082550439234431e-03 2.914700900213773246e-02 -5.571106178097418905e-03 3.891127427536444916e-02 -3.724977759214511547e-02 -2.443938066866856162e-02 -2.713675047925803371e-02 -3.526963508439427426e-03 3.830614662949244353e-02 9.785186003721611098e-03 -1.505910624724096473e-02 1.149275900368307117e-02 2.419022822760899180e-02 -7.427485570688005696e-03 -3.181782009129453803e-02 -5.999940147061116891e-02 1.977149100506483959e-02 -1.024328335853750410e-02 -2.991544376585512574e-02 2.154436176383974638e-02 3.405695192164425594e-02 -1.986966467360360561e-02 3.795890000365564204e-02 2.593673215386158720e-02 2.450491285764599958e-02 9.509548650967657168e-02 9.485171994722357142e-03 -5.246984343166141013e-02 9.968211464974499701e-04 6.260625338765348695e-05 5.854441379762808512e-02 1.342185826320574371e-02 -4.933497496384664505e-02 -7.379293157605067155e-02 -2.041072553024869674e-02 -4.202497771664842618e-03 -2.278973757029917682e-02 2.281215087085889520e-02 -3.407670915296365927e-02 -1.105308446088395374e-02 1.636529259280728246e-02 -3.318095597567795318e-02 -2.394319459821812792e-03 -1.821574705902687802e-02 -1.427157114793978568e-02 7.314756127853612455e-02 2.453343679238958325e-02 4.621047586772057680e-02 -8.082001026188502524e-02 2.382585479557934940e-02 1.545675363646699385e-02 1.224624642193663810e-03 3.684739697851280998e-02 1.953502025835565648e-02 5.821534626930240097e-02 -2.694855277957900960e-02 -1.785969381883963786e-03 -2.829270625471617950e-02 4.688868550659425725e-03 -2.223146692360864277e-02
3.569540293496463179e-01 -6.742602990848335642e-02 -5.909501257764037492e-04 -1.288419180552623743e-02 -2.478933428331705699e-02 -7.500017493584154593e-02 -1.597159495566242149e-01 2.544846140684688118e-02 2.331833691397599759e-02 -1.638902156072720093e-02 -4.307719786427803565e-02 -8.126613580276696724e-02 -6.742602990848325928e-02 5.052411760835089360e-01 -5.208647742315466317e-02 -4.997879013015495142e-02 -2.004501033069795018e-02 9.018236623650427095e-03 3.334715248468431842e-02 -3.174549477502632694e-02 1.450992087013266508e-03 -6.180586930604112933e-02 -2.785201490822970111e-02 -3.173758428554879218e-02 -5.909501257763835830e-04 -5.208647742315469092e-02 2.909533695249597041e-01 -1.737581216389415956e-02 -4.218514564482514495e-02 -7.428198410578487620e-02 -3.488213430906943191e-02 -5.225185910707310505e-02 1.770998937040406396e-02 -3.585752114448482325e-02 -2.567093428532842697e-02 6.210819688173917393e-03 -1.288419180552636580e-02 -4.997879013015492367e-02 -1.737581216389418037e-02 2.637175133494883972e-01 9.373770726237979495e-03 2.448889107940764240e-02 -4.573234959227946705e-02 -2.502210896064174621e-03 -7.883239988111785668e-02 -7.483739861923321968e-02 -7.157236209654060932e-02 -3.766733835347666620e-02 -2.478933428331731373e-02 -2.004501033069797447e-02 -4.218514564482510332e-02 9.373770726238095721e-03 3.570215709246533642e-01 7.343993342447866120e-03 -1.209456981004050219e-01 -1.231023842982272160e-01 1.219900758760284962e-02 -6.424637344718196752e-02 -6.382963281518894139e-02 -1.034785049068079112e-06 -7.500017493584131001e-02 9.018236623650604036e-03 -7.428198410578498723e-02 2.448889107940753485e-02 7.343993342447893875e-03 3.812009595143258656e-01 -9.871479703889271540e-02 -1.383556127546686776e-01 -6.878204450567299011e-02 1.454539842678212180e-01 -4.238070175840271542e-02 -5.664526452750865554e-02 -1.597159495566240484e-01 3.334715248468425597e-02 -3.488213430906932089e-02 -4.573234959227952950e-02 -1.209456981004051468e-01 -9.871479703889263213e-02 3.941427950031126115e-01 9.240105158758200876e-02 -4.854652360910230446e-02 -2.426201824701746529e-02 8.259462861648622645e-02 3.260587782157096243e-02 2.544846140684694710e-02 -3.174549477502641021e-02 -5.225185910707309811e-02 -2.502210896064175922e-03 -1.231023842982272437e-01 -1.383556127546686776e-01 9.240105158758203652e-02 3.067173158485707041e-01 -2.440713496599648293e-03 -1.020534201312599393e-01 1.191789733649340280e-02 1.070511545540035574e-02 2.331833691397598718e-02 1.450992087013314863e-03 1.770998937040402579e-02 -7.883239988111800933e-02 1.219900758760290166e-02 -6.878204450567307338e-02 -4.854652360910225589e-02 -2.440713496599591480e-03 2.780092686318905715e-01 -2.401081787996402726e-03 6.844775225667507068e-02 -8.432400991882949004e-02 -1.638902156072714195e-02 -6.180586930604096280e-02 -3.585752114448496897e-02 -7.483739861923319192e-02 -6.424637344718192589e-02 1.454539842678212458e-01 -2.426201824701747917e-02 -1.020534201312599254e-01 -2.401081787996453467e-03 5.112411661759479475e-01 -4.529108456658723081e-02 -7.010850768755944040e-02 -4.307719786427793157e-02 -2.785201490822972886e-02 -2.567093428532837146e-02 -7.157236209654078973e-02 -6.382963281518899690e-02 -4.238070175840273623e-02 8.259462861648622645e-02 1.191789733649345658e-02 6.844775225667508456e-02 -4.529108456658717530e-02 2.774670099125047806e-01 -2.178460455362194945e-02 -8.126613580276703663e-02 -3.173758428554886851e-02 6.210819688174018006e-03 -3.766733835347659681e-02 -1.034785049168251346e-06 -5.664526452750855839e-02 3.260587782157096937e-02 1.070511545540032451e-02 -8.432400991882953167e-02 -7.010850768755937101e-02 -2.178460455362194251e-02 3.348569435455024945e-01
-6.548881879579622478e-02 6.168726932011316111e-02 -4.450710403852550789e-02 7.507885195415816941e-03 6.758140784842940618e-02 4.543914392503688171e-02 -2.559657694469803790e-02 -2.665127368612109707e-02 4.445689726032396594e-02 -6.409795409775786990e-02 5.599650918039674602e-02 -3.358464454647992758e-02 -1.700887647156901564e-02 5.558906056187584710e-03 2.799527362416088377e-02 5.300010208822672486e-02 -2.499717468862363429e-02 -1.124870843481828343e-02 9.802914195909626441e-03 -2.364886743315257334e-02 -6.281097228783719122e-02 4.812231342376377397e-02 -5.803341997921388634e-02 5.019545397693837840e-02 2.894483360834122776e-02 3.968754491408214152e-04 5.801406856074343282e-02 -4.084084641941485841e-04 1.327991673623199823e-02 1.057818133244653214e-04 -4.245091168003373855e-02 -4.628082719300530973e-02 4.072770727749191327e-02 -5.259066580028849691e-02 -1.460642619643790635e-02 5.555912201120763796e-04 -6.820739483926161221e-04 -6.462325657967664394e-02 6.912067689650217006e-02 5.944881508320585400e-02 3.166949044953428632e-02 -7.818277615411137194e-02 2.332638991381211658e-03 -2.027807433147456664e-02 -1.391292604361218065e-02 -1.032998355857014244e-01 2.272601466522922511e-02 3.685231065320076355e-02 2.973392578304394004e-02 -4.451481598735780587e-02 -8.610987676510355182e-03 -3.443095095216387735e-02 -9.923548674965601557e-02 -3.073627038788110874e-02 9.466561611273251187e-02 3.767169023394502381e-02 -1.568372780597326183e-02 1.081700828298332029e-02 5.941842473977908268e-02 2.343623419539627925e-02 4.623401252167731040e-02 -2.413007048084578332e-02 -4.474917704537816066e-02 -4.126443448295548377e-02 4.095607940543644770e-02 2.042346119737285109e-02 -2.530127035791984724e-02 1.470905061030272631e-02 -3.188179129949261087e-02 1.277700901607606125e-02 -1.619345353557840803e-02 1.825569600957720542e-02 -7.550615966443728622e-02 -2.357819134150414969e-02 -4.762747491540544192e-02 -3.596889824105109490e-02 1.677842976363608588e-02 5.908115390359226088e-02 1.247730566947174990e-02 -2.125973920169689849e-02 2.618680707994305162e-02 5.715210674099561322e-02 1.718704233850477589e-02 5.714624089604671692e-02 5.333851504625001377e-02 2.954079198423431585e-02 -3.063469836232184801e-02 4.918575201955594639e-02 -1.842286377910016051e-02 9.359841001116231407e-02 -3.633045712929926230e-02 -1.601734630747702129e-02 -6.222576609200981823e-02 3.270363613768418470e-02 -1.092838530316487394e-02 -1.065933433010483877e-01 7.541961266395797369e-04 5.273150473287598755e-02 -5.108827627134603089e-02 -1.049253013031327744e-02 2.370978806736021016e-04 -5.230258175629231426e-02 7.108398648939678877e-02 3.902862437683153607e-02 4.606534387383178636e-02 3.127000047439018604e-02 1.272893546749498395e-02 -8.281543489862586149e-02 -2.506789532002350745e-02 -6.745906832927155150e-02 3.537380338956545162e-02 -1.827728458951224932e-04 -8.269632653986152410e-03 -5.965347506518031695e-03 -4.771111091156118866e-03 7.278945947240547665e-02 2.019255521613276538e-02 -1.520132267683542426e-03 -7.596882164836889217e-02 2.648931505090372507e-02 1.798970170753355635e-02 4.815680404690156347e-02 2.098093670130742050e-02 -2.988581005596618878e-02 7.251209998102131626e-02 -4.483515363705953272e-02 -4.214337523146418490e-02 -7.940165864572513998e-02 3.181274753011995027e-02 -1.954485053748635653e-02 5.413812571595198742e-03 3.939063809693276602e-02 -2.030507602235531728e-02 6.276199013508360069e-02 4.045684783775180954e-02 -1.547813190929319717e-02 -7.072397564166185702e-02 1.348213622595376138e-02 -3.339764058100398725e-02 3.861271699725471462e-02 -4.255490809131109997e-03 7.080390868285733885e-02 -2.357999580046302168e-02 -6.722371243239093352e-03
-6.548881879579622478e-02 -1.700887647156901564e-02 2.894483360834122776e-02 -6.820739483926161221e-04 2.973392578304394004e-02 4.623401252167731040e-02 -7.550615966443728622e-02 5.333851504625001377e-02 7.541961266395797369e-04 -2.506789532002350745e-02 1.798970170753355635e-02 -2.030507602235531728e-02 6.168726932011316111e-02 5.558906056187584710e-03 3.968754491408214152e-04 -6.462325657967664394e-02 -4.451481598735780587e-02 -2.413007048084578332e-02 -2.357819134150414969e-02 2.954079198423431585e-02 5.273150473287598755e-02 -6.745906832927155150e-02 4.815680404690156347e-02 6.276199013508360069e-02 -4.450710403852550789e-02 2.799527362416088377e-02 5.801406856074343282e-02 6.912067689650217006e-02 -8.610987676510355182e-03 -4.474917704537816066e-02 -4.762747491540544192e-02 -3.063469836232184801e-02 -5.108827627134603089e-02 3.537380338956545162e-02 2.098093670130742050e-02 4.045684783775180954e-02 7.507885195415816941e-03 5.300010208822672486e-02 -4.084084641941485841e-04 5.944881508320585400e-02 -3.443095095216387735e-02 -4.126443448295548377e-02 -3.596889824105109490e-02 4.918575201955594639e-02 -1.049253013031327744e-02 -1.827728458951224932e-04 -2.988581005596618878e-02 -1.547813190929319717e-02 6.758140784842940618e-02 -2.499717468862363429e-02 1.327991673623199823e-02 3.166949044953428632e-02 -9.923548674965601557e-02 4.095607940543644770e-02 1.677842976363608588e-02 -1.842286377910016051e-02 2.370978806736021016e-04 -8.269632653986152410e-03 7.251209998102131626e-02 -7.072397564166185702e-02 4.543914392503688171e-02 -1.124870843481828343e-02 1.057818133244653214e-04 -7.818277615411137194e-02 -3.073627038788110874e-02 2.042346119737285109e-02 5.908115390359226088e-02 9.359841001116231407e-02 -5.230258175629231426e-02 -5.965347506518031695e-03 -4.483515363705953272e-02 1.348213622595376138e-02 -2.559657694469803790e-02 9.802914195909626441e-03 -4.245091168003373855e-02 2.332638991381211658e-03 9.466561611273251187e-02 -2.530127035791984724e-02 1.247730566947174990e-02 -3.633045712929926230e-02 7.108398648939678877e-02 -4.771111091156118866e-03 -4.214337523146418490e-02 -3.339764058100398725e-02 -2.665127368612109707e-02 -2.364886743315257334e-02 -4.628082719300530973e-02 -2.027807433147456664e-02 3.767169023394502381e-02 1.470905061030272631e-02 -2.125973920169689849e-02 -1.601734630747702129e-02 3.902862437683153607e-02 7.278945947240547665e-02 -7.940165864572513998e-02 3.861271699725471462e-02 4.445689726032396594e-02 -6.281097228783719122e-02 4.072770727749191327e-02 -1.391292604361218065e-02 -1.568372780597326183e-02 -3.188179129949261087e-02 2.618680707994305162e-02 -6.222576609200981823e-02 4.606534387383178636e-02 2.019255521613276538e-02 3.181274753011995027e-02 -4.255490809131109997e-03 -6.409795409775786990e-02 4.812231342376377397e-02 -5.259066580028849691e-02 -1.032998355857014244e-01 1.081700828298332029e-02 1.277700901607606125e-02 5.715210674099561322e-02 3.270363613768418470e-02 3.127000047439018604e-02 -1.520132267683542426e-03 -1.954485053748635653e-02 7.080390868285733885e-02 5.599650918039674602e-02 -5.803341997921388634e-02 -1.460642619643790635e-02 2.272601466522922511e-02 5.941842473977908268e-02 -1.619345353557840803e-02 1.718704233850477589e-02 -1.092838530316487394e-02 1.272893546749498395e-02 -7.596882164836889217e-02 5.413812571595198742e-03 -2.357999580046302168e-02 -3.358464454647992758e-02 5.019545397693837840e-02 5.555912201120763796e-04 3.685231065320076355e-02 2.343623419539627925e-02 1.825569600957720542e-02 5.714624089604671692e-02 -1.065933433010483877e-01 -8.281543489862586149e-02 2.648931505090372507e-02 3.939063809693276602e-02 -6.722371243239093352e-03
3.029418647794459574e-01 7.287383088696273992e-02 -1.126605375680346244e-01 -4.481297816248674959e-03 4.220733167209287512e-02 -2.706070473398153233e-03 -2.171257889097417612e-02 -5.766193218375673807e-02 -4.372844970255489183e-02 -6.677372743462602067e-02 -8.450161798408571678e-02 -2.147157132552237821e-02 7.287383088696285094e-02 3.497961338093215078e-01 -1.036446464839439197e-01 -5.184618212277928434e-02 -3.355356091795056589e-02 -8.198052728351480634e-02 4.559987990273355052e-02 -4.547063594637795747e-02 4.521886857078797478e-02 1.445444283624377699e-02 -4.482713741574646110e-02 -6.305446800866308654e-02 -1.126605375680342080e-01 -1.036446464839434894e-01 2.812570169958362176e-01 -1.854894538327122189e-03 -3.840300057987047766e-02 -7.270861124908810369e-02 -9.920496332605468343e-03 7.669104922802820468e-02 -5.601948812520935600e-02 8.189720070451541245e-04 9.838662311373955194e-02 -8.104239780292267492e-02 -4.481297816248651540e-03 -5.184618212277922883e-02 -1.854894538327199818e-03 2.487003794097299159e-01 3.223804942827892400e-02 2.152240535454715345e-02 -1.247465690515099784e-01 -9.564095777661958675e-02 -3.576706279362569518e-02 8.696010868843941088e-02 -3.746280840250473115e-02 -2.735719623564539585e-02 4.220733167209269471e-02 -3.355356091795047568e-02 -3.840300057987061644e-02 3.223804942827871584e-02 3.148649697462322927e-01 -1.610245526324263418e-02 -6.704721370981520101e-03 -6.077607588882633777e-02 -5.315482875881830799e-02 -3.543912512855022096e-02 -1.633341528855771774e-01 -1.618509118132940676e-03 -2.706070473398386987e-03 -8.198052728351508389e-02 -7.270861124908754858e-02 2.152240535454730611e-02 -1.610245526324271051e-02 2.907736782916830465e-01 -1.160414881538627402e-01 -2.881026758353114753e-02 -3.058514107262289700e-02 -2.033041881346122834e-02 8.232732768771211518e-02 -3.003132126469150454e-02 -2.171257889097395408e-02 4.559987990273350889e-02 -9.920496332605520384e-03 -1.247465690515101172e-01 -6.704721370981615511e-03 -1.160414881538626708e-01 3.769258502283474033e-01 3.026607068966739172e-02 -5.127451474878697013e-02 -4.581140797390044483e-02 -1.506216009281982279e-02 1.180830286889217225e-04 -5.766193218375668950e-02 -4.547063594637796441e-02 7.669104922802832958e-02 -9.564095777661954512e-02 -6.077607588882618511e-02 -2.881026758353123080e-02 3.026607068966724254e-02 2.990240837898119897e-01 -2.180407637319950465e-02 -3.905648410030907597e-02 -5.539548937925753425e-02 -3.808593536672646995e-02 -4.372844970255509306e-02 4.521886857078785682e-02 -5.601948812520937682e-02 -3.576706279362565355e-02 -5.315482875881837044e-02 -3.058514107262273740e-02 -5.127451474878697013e-02 -2.180407637319959138e-02 2.593583548567698904e-01 5.207645294251603274e-02 -1.166124767684232851e-04 -4.218135839076795485e-02 -6.677372743462624272e-02 1.445444283624362086e-02 8.189720070452159240e-04 8.696010868843946640e-02 -3.543912512855016544e-02 -2.033041881346117630e-02 -4.581140797390040320e-02 -3.905648410030915230e-02 5.207645294251597723e-02 3.016094518761014975e-01 -1.533054609281701564e-01 -5.036756177323224726e-02 -8.450161798408539759e-02 -4.482713741574628069e-02 9.838662311373977398e-02 -3.746280840250454380e-02 -1.633341528855774272e-01 8.232732768771185150e-02 -1.506216009281978116e-02 -5.539548937925741628e-02 -1.166124767685686224e-04 -1.533054609281702396e-01 3.864965607459928676e-01 3.039174028656178080e-03 -2.147157132552268005e-02 -6.305446800866310042e-02 -8.104239780292253614e-02 -2.735719623564554503e-02 -1.618509118133221701e-03 -3.003132126469128249e-02 1.180830286889568236e-04 -3.808593536672624097e-02 -4.218135839076803117e-02 -5.036756177323236522e-02 3.039174028656492065e-03 3.077025725361886010e-01
3.474784232912381081e-03 4.577766152388582262e-03 -4.573572877248582857e-02 -3.002027299721925571e-02 -8.278304463573318839e-03 7.939494590250061132e-04 3.675056676803341998e-02 -8.187187740787115961e-03 4.662979449924119918e-03 -1.692218349477577193e-03 1.562592578131754423e-02 3.454023697481503619e-02 5.950866777744189332e-04 -1.729786951965630801e-02 2.586882663537070498e-02 -3.851366850826779681e-02 -1.380272658439776756e-03 -3.331776230362295046e-03 8.935743536813667634e-03 1.976716159604842774e-02 -1.836239408823731739e-02 -6.681350638671243458e-02 3.651201480037852276e-02 3.699636982072712632e-02 -5.050696314905155082e-02 -4.043953623251544949e-02 -3.034236652270368151e-02 7.951234210598894393e-04 -9.430930450934767520e-03 3.950885105828699090e-02 1.088934765032068333e-02 -1.974030689137987529e-02 3.592815859031463655e-03 -1.650939651795616664e-02 2.270480639286487703e-02 8.058573675547056614e-02 2.139396038340618533e-02 4.881607065193235839e-02 -3.229418581028829782e-02 3.333153814375523077e-02 -1.765416569376069417e-02 -2.277238911699994497e-02 2.694982465415481435e-02 -2.642179040194924181e-02 2.746676264852957686e-03 5.610988699830045390e-02 -4.581381856011157439e-02 -1.895768389647005045e-02 -4.428265564024425061e-03 4.402837058793878343e-03 1.415143866529387263e-02 -2.937733117334016472e-02 -3.537147245453968469e-02 -1.893989869094995712e-02 2.313391475113206822e-02 3.358180376338620182e-02 5.064169001555748027e-03 1.807917685142862094e-02 2.626644593386966500e-02 -2.573501528961405146e-02 8.355074559849573479e-03 2.782492657949075729e-02 1.292544901924676595e-02 -8.182046375453545101e-03 1.848516882916907342e-02 -1.483634881701111768e-02 -4.501556579427643673e-02 8.098177642209684543e-03 9.714813450870059264e-03 3.735676451359344619e-02 -3.193055795086170712e-02 -1.817588266760153740e-02 3.581953719567054772e-02 1.595658954930795001e-02 -2.779357490832684574e-02 -1.041404031494667232e-02 3.911762541895443673e-02 4.342554518176970635e-02 -3.270152028776590614e-04 -1.112258425801157524e-02 -4.877223773021426012e-02 -6.717955552339295588e-02 1.304130383224652752e-02 1.332028052225019306e-02 -1.736418625249243688e-02 -1.597181815459025600e-02 -2.280939380828206353e-02 6.694561704178697559e-02 2.220118301597572008e-02 5.297289745927428496e-03 5.083633456770242885e-03 -3.020578287330872788e-02 3.713964327568027024e-02 4.406725984137284391e-02 -3.404117543407077229e-02 -4.401834622771228639e-02 -5.530796008830841937e-02 -7.513706854322327322e-02 -1.191476295886710959e-02 3.027679041327054066e-02 -4.294004609157534014e-04 7.991162161607888448e-02 -5.451447252024797796e-02 -5.631459430155048851e-03 1.391541538211631818e-02 3.024228912209992251e-02 9.877459209392987216e-03 2.245036986243720972e-02 6.896645084319391605e-02 6.203511666902247756e-02 -8.768567881970012329e-04 -1.059243961681998608e-02 -1.033830120940472733e-02 -2.820760085099130454e-02 6.189969607883395730e-02 7.380801811151796107e-03 -3.230898770963590294e-02 -3.118429808780020726e-02 -2.841880193790449066e-02 -4.068055785757005577e-02 -1.763827496721152854e-04 2.905501301966673805e-02 4.701956418954450490e-02 -1.101654578378421200e-02 -9.331364946122380072e-03 -2.808936174146032735e-02 -5.059622886865054042e-02 3.424667066342532845e-02 1.923754384741902315e-02 6.753966566222860402e-02 -3.151595520046750198e-02 -6.058648207240507899e-02 -4.126736485489997108e-02 -4.714573792071567737e-02 5.109512778246078774e-02 5.508523293745917759e-02 1.029675267119421062e-02 -3.323359863925061386e-02 -3.982735552700516352e-02 -7.961979404603414245e-03 2.564845996108518558e-02 9.547736307605060591e-03 1.250990359495349202e-02 -7.808841412604133544e-03
3.474784232912381081e-03 5.950866777744189332e-04 -5.050696314905155082e-02 2.139396038340618533e-02 -4.428265564024425061e-03 8.355074559849573479e-03 3.581953719567054772e-02 -1.736418625249243688e-02 -5.530796008830841937e-02 6.896645084319391605e-02 -1.763827496721152854e-04 -4.126736485489997108e-02 4.577766152388582262e-03 -1.729786951965630801e-02 -4.043953623251544949e-02 4.881607065193235839e-02 4.402837058793878343e-03 2.782492657949075729e-02 1.595658954930795001e-02 -1.597181815459025600e-02 -7.513706854322327322e-02 6.203511666902247756e-02 2.905501301966673805e-02 -4.714573792071567737e-02 -4.573572877248582857e-02 2.586882663537070498e-02 -3.034236652270368151e-02 -3.229418581028829782e-02 1.415143866529387263e-02 1.292544901924676595e-02 -2.779357490832684574e-02 -2.280939380828206353e-02 -1.191476295886710959e-02 -8.768567881970012329e-04 4.701956418954450490e-02 5.109512778246078774e-02 -3.002027299721925571e-02 -3.851366850826779681e-02 7.951234210598894393e-04 3.333153814375523077e-02 -2.937733117334016472e-02 -8.182046375453545101e-03 -1.041404031494667232e-02 6.694561704178697559e-02 3.027679041327054066e-02 -1.059243961681998608e-02 -1.101654578378421200e-02 5.508523293745917759e-02 -8.278304463573318839e-03 -1.380272658439776756e-03 -9.430930450934767520e-03 -1.765416569376069417e-02 -3.537147245453968469e-02 1.848516882916907342e-02 3.911762541895443673e-02 2.220118301597572008e-02 -4.294004609157534014e-04 -1.033830120940472733e-02 -9.331364946122380072e-03 1.029675267119421062e-02 7.939494590250061132e-04 -3.331776230362295046e-03 3.950885105828699090e-02 -2.277238911699994497e-02 -1.893989869094995712e-02 -1.483634881701111768e-02 4.342554518176970635e-02 5.297289745927428496e-03 7.991162161607888448e-02 -2.820760085099130454e-02 -2.808936174146032735e-02 -3.323359863925061386e-02 3.675056676803341998e-02 8.935743536813667634e-03 1.088934765032068333e-02 2.694982465415481435e-02 2.313391475113206822e-02 -4.501556579427643673e-02 -3.270152028776590614e-04 5.083633456770242885e-03 -5.451447252024797796e-02 6.189969607883395730e-02 -5.059622886865054042e-02 -3.982735552700516352e-02 -8.187187740787115961e-03 1.976716159604842774e-02 -1.974030689137987529e-02 -2.642179040194924181e-02 3.358180376338620182e-02 8.098177642209684543e-03 -1.112258425801157524e-02 -3.020578287330872788e-02 -5.631459430155048851e-03 7.380801811151796107e-03 3.424667066342532845e-02 -7.961979404603414245e-03 4.662979449924119918e-03 -1.836239408823731739e-02 3.592815859031463655e-03 2.746676264852957686e-03 5.064169001555748027e-03 9.714813450870059264e-03 -4.877223773021426012e-02 3.713964327568027024e-02 1.391541538211631818e-02 -3.230898770963590294e-02 1.923754384741902315e-02 2.564845996108518558e-02 -1.692218349477577193e-03 -6.681350638671243458e-02 -1.650939651795616664e-02 5.610988699830045390e-02 1.807917685142862094e-02 3.735676451359344619e-02 -6.717955552339295588e-02 4.406725984137284391e-02 3.024228912209992251e-02 -3.118429808780020726e-02 6.753966566222860402e-02 9.547736307605060591e-03 1.562592578131754423e-02 3.651201480037852276e-02 2.270480639286487703e-02 -4.581381856011157439e-02 2.626644593386966500e-02 -3.193055795086170712e-02 1.304130383224652752e-02 -3.404117543407077229e-02 9.877459209392987216e-03 -2.841880193790449066e-02 -3.151595520046750198e-02 1.250990359495349202e-02 3.454023697481503619e-02 3.699636982072712632e-02 8.058573675547056614e-02 -1.895768389647005045e-02 -2.573501528961405146e-02 -1.817588266760153740e-02 1.332028052225019306e-02 -4.401834622771228639e-02 2.245036986243720972e-02 -4.068055785757005577e-02 -6.058648207240507899e-02 -7.808841412604133544e-03
1.177380407939206813e-01 -9.549642703220022691e-03 7.960677938848468790e-03 -2.658887589348792393e-03 -7.028679732155626407e-03 -1.114425805781338839e-02 -4.234362556821469337e-03 -2.313963832588623176e-02 -1.266257417424814305e-02 3.292545328349745504e-02 -4.166728420798679333e-02 -6.870550816938965355e-02 -9.549642703220095549e-03 1.486258956838819312e-01 2.503122899290330383e-02 -6.332539396925324082e-02 4.698132303065660070e-02 -1.095850613938602683e-02 -4.740423904753265222e-02 -7.773793457630985559e-02 -6.760230052587368199e-02 1.553880426619106032e-02 -5.793530181778819288e-02 2.409393998833249048e-02 7.960677938848460117e-03 2.503122899290335240e-02 1.816044088909333221e-01 -1.020622409872977594e-02 -2.008771124226372759e-02 1.482003784117443858e-02 -3.057811357899544238e-02 -4.159602761439844948e-02 4.203656493932004384e-02 -1.338366066968166290e-01 -4.424828527827021768e-02 2.385205467623490935e-02 -2.658887589348730811e-03 -6.332539396925324082e-02 -1.020622409872977074e-02 1.685114764688566136e-01 -1.490488516674427430e-02 2.629598124846926552e-02 -4.286112503057423750e-02 2.646017691170024846e-02 9.556357973921221147e-03 -1.014239522299336879e-02 1.382732874797067048e-03 4.828794509288992891e-03 -7.028679732155578702e-03 4.698132303065660764e-02 -2.008771124226375188e-02 -1.490488516674428124e-02 1.121273533246242432e-01 2.956001202507488670e-02 -9.455658827854675208e-02 -2.770500965760286025e-02 -6.083889589493318706e-02 1.653442897739761108e-02 3.400972708021962609e-02 -9.189649646478325121e-03 -1.114425805781329645e-02 -1.095850613938598346e-02 1.482003784117451838e-02 2.629598124846923429e-02 2.956001202507489711e-02 1.665741995870693160e-01 -1.217673083796374928e-01 -2.819679359957021417e-02 -2.893215745794368299e-02 -7.784230141373590928e-02 7.511865957541910555e-02 1.852965749370248313e-02 -4.234362556821669697e-03 -4.740423904753274242e-02 -3.057811357899552218e-02 -4.286112503057416118e-02 -9.455658827854679371e-02 -1.217673083796373956e-01 3.144129627622006540e-01 1.941622652747062791e-02 7.083356666201853780e-02 7.002051543186141314e-02 -7.360046704734603262e-02 -1.086511050990160293e-01 -2.313963832588617972e-02 -7.773793457630993886e-02 -4.159602761439851887e-02 2.646017691170025193e-02 -2.770500965760289147e-02 -2.819679359957026621e-02 1.941622652747070077e-02 1.843717618359924093e-01 4.539087647588307441e-03 1.088178595750622507e-02 -9.336495088216918356e-03 2.773537329623944336e-02 -1.266257417424823672e-02 -6.760230052587364036e-02 4.203656493932011323e-02 9.556357973921271454e-03 -6.083889589493308991e-02 -2.893215745794351645e-02 7.083356666201831575e-02 4.539087647588249327e-03 2.582755934090517624e-01 -1.304433986088746888e-01 1.616800686317945365e-02 -4.295558131433022814e-02 3.292545328349744116e-02 1.553880426619098226e-02 -1.338366066968167400e-01 -1.014239522299337400e-02 1.653442897739752782e-02 -7.784230141373596479e-02 7.002051543186157967e-02 1.088178595750618517e-02 -1.304433986088744946e-01 2.549246267677905964e-01 -3.772542752262345728e-02 -6.263797505473618632e-02 -4.166728420798666149e-02 -5.793530181778815125e-02 -4.424828527827009278e-02 1.382732874797117789e-03 3.400972708021965385e-02 7.511865957541924432e-02 -7.360046704734629630e-02 -9.336495088216951316e-03 1.616800686317935998e-02 -3.772542752262357524e-02 2.079240458489112486e-01 -5.172438888015215737e-03 -6.870550816938955641e-02 2.409393998833248701e-02 2.385205467623497527e-02 4.828794509288959064e-03 -9.189649646478290426e-03 1.852965749370238946e-02 -1.086511050990160571e-01 2.773537329623949887e-02 -4.295558131433032528e-02 -6.263797505473610305e-02 -5.172438888015296402e-03 2.145476423690058643e-01
-2.817292767723443905e-02 -3.202380669056321960e-03 -4.356680865712210526e-02 -1.755800039773020363e-02 -1.334426529970213866e-03 -2.794066101138608163e-02 4.795809954826626975e-02 4.402088819617167026e-02 -4.652142652889029902e-03 1.685641562835900331e-02 -1.797319576302967847e-02 2.521224776758947475e-02 4.640173166108908787e-02 -4.956257448784005121e-02 -3.241108833482527624e-02 -2.137804440774037848e-02 -4.152352881739847928e-02 -2.213820601946624514e-03 8.934687480207252619e-02 2.164462202950680550e-02 -1.290195347926712324e-02 5.348358474001208007e-02 -1.258824113111137524e-02 -5.516536253661818989e-02 -4.141997553463276773e-05 3.732075991677580307e-02 1.210347210736534458e-02 -7.007840624556853706e-03 4.345656792174502903e-03 -1.244009218011216805e-02 -3.766580891337226872e-02 -2.097688428805306871e-02 9.465352322062161455e-03 -5.611471624579943140e-03 2.736727242343474711e-03 8.685563141697218506e-03 -2.718559932850888455e-02 2.836948656311487696e-02 -2.314323699256807740e-02 -3.388388169499548241e-02 1.670179614357599970e-02 1.856927977226216584e-03 2.682409032098583695e-02 5.374065297384706189e-03 1.056878731687542830e-02 4.726392413711721398e-03 -2.020391295129938397e-02 -6.373871650105031143e-03 6.524194350664580359e-03 -1.134463257859303145e-02 2.951795872043784172e-02 4.233231501890393628e-02 -4.499253191550317207e-03 6.104320889802097340e-03 -3.963294855628614333e-02 -9.714885295063516515e-03 2.765661243285570670e-02 -2.945141455849854470e-02 -2.302527882234836967e-02 3.031614131093095937e-02 -2.258999979798666236e-02 8.616343276002294202e-03 -7.967020800354897812e-04 -4.665204330295557450e-02 3.231459603414901099e-02 -1.302438939723925574e-03 -6.521812604934942859e-02 -2.660810210442758270e-03 3.468392528257711709e-03 -6.095323496289693950e-03 6.309025197591110190e-02 4.142473978024403813e-02 -8.443421940265260616e-05 -2.761380731261737272e-03 -1.420789985028144201e-02 1.288952878798881388e-02 8.626606255782327815e-03 -2.258950105018297724e-02 1.568421830402761535e-02 -2.053012683106669733e-02 -1.221928536209334476e-02 3.940488759020000648e-02 -4.212550491425606607e-03 -4.850584836996902141e-03 -1.202782262421641171e-02 1.014968193732330125e-02 4.927521419103728789e-02 -3.360169803837417118e-02 2.139300214663178087e-02 1.291383789609781840e-02 -2.250806870162583989e-02 -9.299706094093640463e-03 -2.525873867780022500e-02 -3.453532084624853782e-02 5.437662471825507882e-02 -7.833953920092019338e-03 3.749921314054800725e-02 3.356705620150648300e-02 -2.175103157920849767e-02 2.020020742432521166e-02 1.929506153250850481e-02 -1.336164537060552555e-02 -3.975177655375738972e-02 -7.632312990428522653e-03 -9.920133116891268615e-03 2.782808449055133859e-02 -3.981598501904328596e-02 -1.717045836339019943e-02 -3.058141027194015427e-02 -4.430188667592176860e-02 2.956748036651489497e-02 8.479365206814716560e-02 -4.051624504130067056e-02 4.472826480978028818e-02 -2.880989971789621462e-02 8.462201774220622433e-03 2.911929205991578215e-02 -8.000509549127507447e-02 2.537629863924245610e-02 6.029094838040470472e-02 9.329395147688851475e-03 -1.180016856339941023e-02 1.515965868543953099e-03 3.833036850327958822e-05 -2.992196767873218921e-03 -4.719387625896751676e-02 4.110946384541706855e-02 3.497326733494997980e-02 -9.982099026421446114e-03 2.746900096226573273e-02 -1.175385526575686151e-02 -3.000604780260025112e-02 8.913101483358549029e-03 5.526529257466536449e-03 2.672543124611176379e-02 1.329805583575350419e-02 7.316118450245406857e-03 4.610721599011382427e-02 -1.319750143614360077e-02 -3.905576023362167942e-02 -2.368099100714666366e-02 -1.260103235186431879e-02 -4.726455606164891785e-03 -1.436603237521638654e-02
-2.817292767723443905e-02 4.640173166108908787e-02 -4.141997553463276773e-05 -2.718559932850888455e-02 6.524194350664580359e-03 -2.258999979798666236e-02 -8.443421940265260616e-05 -1.202782262421641171e-02 3.749921314054800725e-02 -3.058141027194015427e-02 9.329395147688851475e-03 8.913101483358549029e-03 -3.202380669056321960e-03 -4.956257448784005121e-02 3.732075991677580307e-02 2.836948656311487696e-02 -1.134463257859303145e-02 8.616343276002294202e-03 -2.761380731261737272e-03 1.014968193732330125e-02 3.356705620150648300e-02 -4.430188667592176860e-02 -1.180016856339941023e-02 5.526529257466536449e-03 -4.356680865712210526e-02 -3.241108833482527624e-02 1.210347210736534458e-02 -2.314323699256807740e-02 2.951795872043784172e-02 -7.967020800354897812e-04 -1.420789985028144201e-02 4.927521419103728789e-02 -2.175103157920849767e-02 2.956748036651489497e-02 1.515965868543953099e-03 2.672543124611176379e-02 -1.755800039773020363e-02 -2.137804440774037848e-02 -7.007840624556853706e-03 -3.388388169499548241e-02 4.233231501890393628e-02 -4.665204330295557450e-02 1.288952878798881388e-02 -3.360169803837417118e-02 2.020020742432521166e-02 8.479365206814716560e-02 3.833036850327958822e-05 1.329805583575350419e-02 -1.334426529970213866e-03 -4.152352881739847928e-02 4.345656792174502903e-03 1.670179614357599970e-02 -4.499253191550317207e-03 3.231459603414901099e-02 8.626606255782327815e-03 2.139300214663178087e-02 1.929506153250850481e-02 -4.051624504130067056e-02 -2.992196767873218921e-03 7.316118450245406857e-03 -2.794066101138608163e-02 -2.213820601946624514e-03 -1.244009218011216805e-02 1.856927977226216584e-03 6.104320889802097340e-03 -1.302438939723925574e-03 -2.258950105018297724e-02 1.291383789609781840e-02 -1.336164537060552555e-02 4.472826480978028818e-02 -4.719387625896751676e-02 4.610721599011382427e-02 4.795809954826626975e-02 8.934687480207252619e-02 -3.766580891337226872e-02 2.682409032098583695e-02 -3.963294855628614333e-02 -6.521812604934942859e-02 1.568421830402761535e-02 -2.250806870162583989e-02 -3.975177655375738972e-02 -2.880989971789621462e-02 4.110946384541706855e-02 -1.319750143614360077e-02 4.402088819617167026e-02 2.164462202950680550e-02 -2.097688428805306871e-02 5.374065297384706189e-03 -9.714885295063516515e-03 -2.660810210442758270e-03 -2.053012683106669733e-02 -9.299706094093640463e-03 -7.632312990428522653e-03 8.462201774220622433e-03 3.497326733494997980e-02 -3.905576023362167942e-02 -4.652142652889029902e-03 -1.290195347926712324e-02 9.465352322062161455e-03 1.056878731687542830e-02 2.765661243285570670e-02 3.468392528257711709e-03 -1.221928536209334476e-02 -2.525873867780022500e-02 -9.920133116891268615e-03 2.911929205991578215e-02 -9.982099026421446114e-03 -2.368099100714666366e-02 1.685641562835900331e-02 5.348358474001208007e-02 -5.611471624579943140e-03 4.726392413711721398e-03 -2.945141455849854470e-02 -6.095323496289693950e-03 3.940488759020000648e-02 -3.453532084624853782e-02 2.782808449055133859e-02 -8.000509549127507447e-02 2.746900096226573273e-02 -1.260103235186431879e-02 -1.797319576302967847e-02 -1.258824113111137524e-02 2.736727242343474711e-03 -2.020391295129938397e-02 -2.302527882234836967e-02 6.309025197591110190e-02 -4.212550491425606607e-03 5.437662471825507882e-02 -3.981598501904328596e-02 2.537629863924245610e-02 -1.175385526575686151e-02 -4.726455606164891785e-03 2.521224776758947475e-02 -5.516536253661818989e-02 8.685563141697218506e-03 -6.373871650105031143e-03 3.031614131093095937e-02 4.142473978024403813e-02 -4.850584836996902141e-03 -7.833953920092019338e-03 -1.717045836339019943e-02 6.029094838040470472e-02 -3.000604780260025112e-02 -1.436603237521638654e-02
2.678312079185766748e-01 -7.011750965277574466e-02 -1.949001483129365539e-02 -2.584055329694209813e-02 -1.383375514070406265e-01 1.292934858250820163e-01 3.742208272697009758e-02 -9.423049062811438004e-02 4.989086184584634598e-02 2.023288347371930349e-02 -6.892994178278855077e-02 3.072209358387245973e-02 -7.011750965277580017e-02 2.466073132499905785e-01 -1.155127707041031238e-01 1.074334249485278669e-02 -1.547087179443937081e-03 -1.631850479656576092e-01 -2.859934159815758978e-02 3.506113170645037969e-02 -3.101220833872010696e-02 -3.482948262676312939e-02 6.593378540752518890e-02 3.302900237970980007e-02 -1.949001483129335702e-02 -1.155127707041032903e-01 2.530430842146344506e-01 3.574055088027805471e-02 -1.866314421279313338e-02 -4.059921653213256765e-02 1.727624938099583951e-01 -9.055556370809847433e-02 -6.055888836188341728e-02 -3.944926030933060962e-02 -3.407415958957608904e-02 -2.145151938328283478e-02 -2.584055329694211200e-02 1.074334249485273292e-02 3.574055088027824900e-02 2.640162869940417822e-01 4.639477889891429480e-02 -1.966486509811147393e-02 8.334288776727207318e-03 5.925969887261492430e-02 -5.287463177258847069e-02 -1.010184044042583551e-01 -8.926800508137403001e-02 -1.316401472805041051e-01 -1.383375514070406542e-01 -1.547087179443886124e-03 -1.866314421279278643e-02 4.639477889891424622e-02 3.636330139709281761e-01 -1.564239668353152868e-01 -1.098902543487481898e-01 7.689841434186915625e-02 3.708713193041775213e-02 4.707278186862626224e-02 -2.214996311014999844e-02 -1.922084053737740383e-01 1.292934858250817942e-01 -1.631850479656574426e-01 -4.059921653213298398e-02 -1.966486509811138719e-02 -1.564239668353148427e-01 3.711222340252052221e-01 -7.665447151999937869e-02 1.907315655060029883e-02 2.676511056015731110e-02 -4.223131112663621248e-03 -1.940412900255127429e-02 1.379034846304209513e-02 3.742208272697048616e-02 -2.859934159815781876e-02 1.727624938099583951e-01 8.334288776726981804e-03 -1.098902543487487588e-01 -7.665447151999878195e-02 3.285360493167021612e-01 -1.289880156676083134e-01 -4.568015550225333621e-02 -3.431947679598427309e-02 -5.447143696232176896e-02 2.313166469769243130e-02 -9.423049062811450494e-02 3.506113170645044907e-02 -9.055556370809830780e-02 5.925969887261504226e-02 7.689841434186936442e-02 1.907315655059993453e-02 -1.289880156676080636e-01 2.232326344811724206e-01 -7.530480510868906626e-04 -4.852759057757728700e-02 -4.490289306306086831e-02 -3.710823260582683802e-02 4.989086184584623496e-02 -3.101220833872005492e-02 -6.055888836188340341e-02 -5.287463177258840824e-02 3.708713193041788397e-02 2.676511056015716192e-02 -4.568015550225329457e-02 -7.530480510868857837e-04 1.579698477848564264e-01 2.466513645089035180e-03 -3.983502944757118247e-02 2.091802565542963399e-02 2.023288347371931736e-02 -3.482948262676308776e-02 -3.944926030933069289e-02 -1.010184044042583829e-01 4.707278186862624142e-02 -4.223131112663599564e-03 -3.431947679598437717e-02 -4.852759057757728006e-02 2.466513645089032578e-03 1.999681004978694776e-01 5.988131638980927034e-03 3.290532520116720011e-02 -6.892994178278853690e-02 6.593378540752528605e-02 -3.407415958957617230e-02 -8.926800508137396062e-02 -2.214996311015001579e-02 -1.940412900255132633e-02 -5.447143696232185917e-02 -4.490289306306072953e-02 -3.983502944757120329e-02 5.988131638980843767e-03 2.369566110275723170e-01 7.271365542347844706e-03 3.072209358387240422e-02 3.302900237970976538e-02 -2.145151938328294927e-02 -1.316401472805040218e-01 -1.922084053737740106e-01 1.379034846304227728e-02 2.313166469769221273e-02 -3.710823260582673394e-02 2.091802565542970338e-02 3.290532520116715154e-02 7.271365542347836032e-03 2.835009714137326498e-01
4.781058916230321310e-02 -1.711670022972482455e-02 -7.787176357583792691e-04 1.231272809613367415e-02 1.935194422225360381e-02 1.249869539846792596e-02 -1.840516093854219909e-02 -1.011133612807389899e-02 -2.081724776188771751e-03 1.693937276049937643e-02 -2.599773759800511758e-02 -2.549261565840377566e-02 3.867626059373542591e-02 1.515231302626673070e-02 -4.575303790292838818e-02 -1.774400592004148070e-02 -6.298103233588980832e-02 5.125548499690846249e-02 -4.243517656453843490e-02 -2.095512594216475399e-02 1.827894701600622437e-02 1.334039283004564286e-02 1.871042955846904596e-02 5.041053899873130378e-02 -4.168010067604033253e-02 1.711459659624109397e-02 4.852047090626677300e-02 3.584639238224506669e-02 4.715055202209077201e-02 -8.086641197254211544e-02 4.076124367710402124e-02 2.084587013169288128e-02 -4.266905589948464736e-03 -3.592656505883289747e-02 -4.522320867560281760e-02 -1.218058617804717789e-02 8.727553463552435459e-04 -1.377827486244886761e-02 2.215279094888182587e-02 -9.074972715209015869e-03 -2.325045867521598197e-02 2.080443640308990774e-02 -3.990998097723140459e-02 -3.074510974555691792e-02 -5.710787837407783896e-03 -1.834914733735940398e-02 5.245535050222589063e-02 2.780997821062780248e-02 -1.638399111339994968e-02 2.446698848274186239e-02 -2.421621746530079958e-02 -4.737593831770610386e-02 5.463318376144654653e-02 -6.118559336883177407e-02 1.880991580984401126e-02 -1.594561934968112896e-02 2.651914621483262083e-02 3.760562524485371039e-02 1.566216067087742789e-02 -1.050916759526973610e-02 3.361323819408928992e-03 1.019120666665351144e-02 3.001938011701983655e-02 3.007126325276418891e-02 -1.423276666149880104e-02 -1.792408206604438614e-02 5.539371487648123149e-02 -1.196592166904502687e-02 -1.724641775620733633e-02 -2.686859328324807047e-02 -1.031670424676500069e-03 -3.309143547871360586e-02 1.014567955213717572e-02 3.166587822927514201e-02 -2.108393074134741474e-02 1.437218662762005522e-03 -3.471091539573992191e-02 5.129889966576020068e-03 1.225701883779634072e-02 -9.300180314774697532e-03 -1.566978143216810407e-02 2.543195884137525392e-04 1.757082820072289678e-02 3.350574854006119988e-03 -3.850190913372971563e-02 -2.664555023470182703e-03 -8.770772004148387826e-03 -4.424815412235531646e-03 -9.177550314406423236e-04 1.135188346219613391e-02 -1.014867991018491601e-02 -6.684765184660553406e-04 -6.944147819938168049e-03 1.853415344198529671e-02 2.862201390253782743e-02 1.207731458727577187e-02 1.683175260405705281e-02 6.953075876759428481e-03 6.575707838197285965e-03 -3.345652732650764710e-02 2.986574167191268295e-02 -2.799642923216487389e-02 -2.634836461542461317e-02 -1.111180106140097559e-02 -2.266458590696390774e-02 1.763884919569300852e-02 3.116391050549193950e-02 -8.440506526630635331e-03 5.793404248897904285e-02 -2.293466754618399966e-02 -3.407197798304160280e-02 -3.609006112721981074e-02 -8.901163987911363262e-02 7.825131507184177049e-02 -1.209174968323619218e-02 2.241585877676288002e-02 3.615146816724619516e-02 -8.004591628109188062e-03 -3.150643802156937595e-02 8.021834215396671242e-02 9.538317191486674756e-03 -2.259985969159999594e-02 -2.524772677124089565e-02 -1.270716300600287230e-02 3.115169111926520754e-02 1.831867015918711358e-02 -2.545639942839351966e-02 2.503722831054639580e-02 5.004656140994136193e-02 1.115778606610151429e-02 -3.885775197772302347e-02 -3.047091924551850045e-03 -4.111420376354042727e-02 -3.508321345367843014e-02 5.968604405198402185e-02 9.333190658647896876e-02 2.121463116177629490e-02 8.960321871068275060e-03 3.911607986036687301e-02 2.768253642336107601e-02 -6.091704321894288177e-02 -2.160581923038426208e-02 -3.009819690533222653e-02 -7.034924172352706451e-02
4.781058916230321310e-02 3.867626059373542591e-02 -4.168010067604033253e-02 8.727553463552435459e-04 -1.638399111339994968e-02 3.361323819408928992e-03 1.014567955213717572e-02 -3.850190913372971563e-02 1.683175260405705281e-02 5.793404248897904285e-02 9.538317191486674756e-03 -4.111420376354042727e-02 -1.711670022972482455e-02 1.515231302626673070e-02 1.711459659624109397e-02 -1.377827486244886761e-02 2.446698848274186239e-02 1.019120666665351144e-02 3.166587822927514201e-02 -2.664555023470182703e-03 6.953075876759428481e-03 -2.293466754618399966e-02 -2.259985969159999594e-02 -3.508321345367843014e-02 -7.787176357583792691e-04 -4.575303790292838818e-02 4.852047090626677300e-02 2.215279094888182587e-02 -2.421621746530079958e-02 3.001938011701983655e-02 -2.108393074134741474e-02 -8.770772004148387826e-03 6.575707838197285965e-03 -3.407197798304160280e-02 -2.524772677124089565e-02 5.968604405198402185e-02 1.231272809613367415e-02 -1.774400592004148070e-02 3.584639238224506669e-02 -9.074972715209015869e-03 -4.737593831770610386e-02 3.007126325276418891e-02 1.437218662762005522e-03 -4.424815412235531646e-03 -3.345652732650764710e-02 -3.609006112721981074e-02 -1.270716300600287230e-02 9.333190658647896876e-02 1.935194422225360381e-02 -6.298103233588980832e-02 4.715055202209077201e-02 -2.325045867521598197e-02 5.463318376144654653e-02 -1.423276666149880104e-02 -3.471091539573992191e-02 -9.177550314406423236e-04 2.986574167191268295e-02 -8.901163987911363262e-02 3.115169111926520754e-02 2.121463116177629490e-02 1.249869539846792596e-02 5.125548499690846249e-02 -8.086641197254211544e-02 2.080443640308990774e-02 -6.118559336883177407e-02 -1.792408206604438614e-02 5.129889966576020068e-03 1.135188346219613391e-02 -2.799642923216487389e-02 7.825131507184177049e-02 1.831867015918711358e-02 8.960321871068275060e-03 -1.840516093854219909e-02 -4.243517656453843490e-02 4.076124367710402124e-02 -3.990998097723140459e-02 1.880991580984401126e-02 5.539371487648123149e-02 1.225701883779634072e-02 -1.014867991018491601e-02 -2.634836461542461317e-02 -1.209174968323619218e-02 -2.545639942839351966e-02 3.911607986036687301e-02 -1.011133612807389899e-02 -2.095512594216475399e-02 2.084587013169288128e-02 -3.074510974555691792e-02 -1.594561934968112896e-02 -1.196592166904502687e-02 -9.300180314774697532e-03 -6.684765184660553406e-04 -1.111180106140097559e-02 2.241585877676288002e-02 2.503722831054639580e-02 2.768253642336107601e-02 -2.081724776188771751e-03 1.827894701600622437e-02 -4.266905589948464736e-03 -5.710787837407783896e-03 2.651914621483262083e-02 -1.724641775620733633e-02 -1.566978143216810407e-02 -6.944147819938168049e-03 -2.266458590696390774e-02 3.615146816724619516e-02 5.004656140994136193e-02 -6.091704321894288177e-02 1.693937276049937643e-02 1.334039283004564286e-02 -3.592656505883289747e-02 -1.834914733735940398e-02 3.760562524485371039e-02 -2.686859328324807047e-02 2.543195884137525392e-04 1.853415344198529671e-02 1.763884919569300852e-02 -8.004591628109188062e-03 1.115778606610151429e-02 -2.160581923038426208e-02 -2.599773759800511758e-02 1.871042955846904596e-02 -4.522320867560281760e-02 5.245535050222589063e-02 1.566216067087742789e-02 -1.031670424676500069e-03 1.757082820072289678e-02 2.862201390253782743e-02 3.116391050549193950e-02 -3.150643802156937595e-02 -3.885775197772302347e-02 -3.009819690533222653e-02 -2.549261565840377566e-02 5.041053899873130378e-02 -1.218058617804717789e-02 2.780997821062780248e-02 -1.050916759526973610e-02 -3.309143547871360586e-02 3.350574854006119988e-03 1.207731458727577187e-02 -8.440506526630635331e-03 8.021834215396671242e-02 -3.047091924551850045e-03 -7.034924172352706451e-02
2.482919736888624940e-01 -2.136002005073188784e-02 -4.703389840079527651e-02 -6.699482709380835677e-02 -2.952714782147883299e-02 7.572641392752518796e-02 6.194847721580189898e-02 -2.711149665192265790e-03 -6.988838861771912159e-02 -3.240361453090451205e-02 6.619719996991486801e-04 -7.193439889007002819e-02 -2.136002005073192947e-02 2.912946504742812137e-01 -6.906702522499870434e-02 -3.094936234106767173e-02 -1.470446419147694020e-03 2.435155388217283973e-02 -6.832257434561528689e-03 -3.748889360848046276e-02 1.164282455028391727e-01 -5.426657184581397397e-02 -3.625311417996648217e-02 -6.434547313597425988e-02 -4.703389840079520018e-02 -6.906702522499880148e-02 2.371911685881928356e-01 -9.155662609571978139e-03 -1.956425827034079593e-03 -6.210862366380264649e-02 3.571105094069650793e-02 -6.620323359826681131e-02 -4.580664074511649198e-02 -4.476524197330232491e-02 1.783969000016660117e-02 4.255666046514862237e-03 -6.699482709380831513e-02 -3.094936234106772724e-02 -9.155662609571865382e-03 1.814306105051558538e-01 -2.065697722134255884e-02 -3.863139634169782122e-02 -1.703511011524455263e-02 -9.289539708688196104e-03 -4.479604024703075227e-02 6.939972272249837759e-02 7.573160409342723567e-03 -1.279566388128249640e-04 -2.952714782147873238e-02 -1.470446419147598827e-03 -1.956425827034195385e-03 -2.065697722134260048e-02 2.275111806102908807e-01 -1.068212335961480838e-02 -4.332921054896225060e-02 2.013274535367581830e-02 9.416565776696569912e-03 -1.117333320834817678e-01 -2.689989154637370018e-03 -4.389893060674184000e-02 7.572641392752507694e-02 2.435155388217280850e-02 -6.210862366380249383e-02 -3.863139634169773795e-02 -1.068212335961495757e-02 2.539689190129876817e-01 -7.284075310992117747e-02 -2.498035489811084933e-02 1.289072618198127892e-02 -2.367683235431636626e-02 -2.527775506297797251e-02 -4.862384305624940090e-02 6.194847721580184347e-02 -6.832257434561524352e-03 3.571105094069644548e-02 -1.703511011524460120e-02 -4.332921054896222979e-02 -7.284075310992120522e-02 2.592653542408600020e-01 -3.073046604783502209e-02 -6.644673560933753165e-02 -4.644784221782783523e-02 -3.210397064242903609e-02 -3.924803007464191390e-02 -2.711149665192178187e-03 -3.748889360848035868e-02 -6.620323359826704723e-02 -9.289539708688161410e-03 2.013274535367580789e-02 -2.498035489811059606e-02 -3.073046604783514005e-02 2.659474128679112370e-01 1.429249592580865078e-02 2.520579573140579663e-02 -1.479948838517508580e-01 -2.544728971362467118e-02 -6.988838861771919098e-02 1.164282455028392560e-01 -4.580664074511654055e-02 -4.479604024703069676e-02 9.416565776696510931e-03 1.289072618198140903e-02 -6.644673560933769818e-02 1.429249592580858139e-02 2.795234339865062534e-01 -5.668197286207805191e-02 -6.858129042393958097e-02 1.676333137696170428e-02 -3.240361453090461613e-02 -5.426657184581405724e-02 -4.476524197330220695e-02 6.939972272249846086e-02 -1.117333320834818372e-01 -2.367683235431647729e-02 -4.644784221782784217e-02 2.520579573140579316e-02 -5.668197286207819069e-02 2.995557147029943579e-01 -2.818922451519842443e-02 2.816415576367287121e-02 6.619719996992445236e-04 -3.625311417996657237e-02 1.783969000016670872e-02 7.573160409342624688e-03 -2.689989154637304532e-03 -2.527775506297812863e-02 -3.210397064242877241e-02 -1.479948838517507470e-01 -6.858129042393966424e-02 -2.818922451519859096e-02 3.277891868247057583e-01 -6.812507159008532320e-02 -7.193439889007011145e-02 -6.434547313597416274e-02 4.255666046514830145e-03 -1.279566388127792648e-04 -4.389893060674176367e-02 -4.862384305624940783e-02 -3.924803007464213594e-02 -2.544728971362464343e-02 1.676333137696181530e-02 2.816415576367285734e-02 -6.812507159008528157e-02 3.313235827101448927e-01
-2.994833535013283893e-02 2.419722988939139452e-02 -3.749097587212198851e-02 5.977124185961253666e-03 2.560111297657602022e-02 3.522041527616386752e-02 -4.394084380105931636e-02 7.873666201839264744e-02 4.980493183628616899e-02 6.109071261220125164e-03 -6.541880960921238330e-02 -3.636451927430537495e-02 1.652974077126210834e-04 1.109213872964585554e-02 1.430168235832016306e-02 1.941434225894061311e-02 1.000182286443498329e-03 -1.645880675697841342e-02 -2.576812943206775730e-02 -1.526579871099624638e-03 2.784267649379186700e-03 5.556831569806138654e-02 -4.626151309034624501e-03 -4.049373452777429994e-02 -5.806290107815507973e-02 -3.895162452839737166e-02 4.902028948265201719e-02 3.566952660399646396e-02 -4.701157074200589675e-02 -3.000313355665668730e-02 5.922253266121689508e-02 -4.150949621091071240e-02 -4.475701469247288233e-02 7.681654681013110053e-02 -2.804092112214975202e-02 5.940368269384707633e-02 -4.806063796952615708e-02 7.334766583678194174e-02 1.985967727775161257e-03 -1.947711361402124780e-02 2.269141900683448870e-02 -3.970392515089992552e-02 -3.339897119577998202e-02 -7.621255210962961379e-02 6.697552405969596501e-02 -4.993595941884807626e-02 3.438755191236232689e-02 9.315229737124208764e-02 5.543205794073860493e-02 -2.012308532658020274e-02 -1.454804152059573953e-02 -4.272057279451649953e-02 -5.808446713003603129e-02 4.737276644056893915e-02 -2.493698451497029789e-02 -2.811239222939614091e-02 -6.102078148618784309e-03 2.743861756001905738e-02 7.288146131964386154e-02 -1.272801949068851426e-02 -9.690280600550100001e-03 5.531106044257549231e-02 -2.364414664532175567e-02 -3.898121573304386828e-02 -4.828598275523190227e-04 5.366666612736709779e-02 -3.460541019012915165e-02 2.264983829633013604e-02 4.273636560816232444e-02 -1.930600123518838238e-02 -2.413637317061691559e-02 -7.652819897100637640e-03 -3.585125858039543006e-02 -1.107484680389798914e-02 9.321299769914356131e-03 -1.296137209119173003e-02 -2.890471681649087188e-02 -5.657147870945906237e-02 5.367708923258602063e-03 2.985290617331660956e-02 3.624044115687519163e-02 2.238969373635620735e-02 1.726995214069702508e-02 1.034573189195495645e-02 6.456705474522538013e-02 9.405899069174978797e-03 -8.473522487764333089e-03 -2.430757967637505942e-02 5.235051615483279214e-02 -1.096809400832243243e-02 8.338549148857064483e-03 3.240692891265747194e-02 -6.923573012635868273e-02 -3.470034667033582848e-02 -1.555816530476452492e-02 -1.112206858958854350e-02 -1.591597817746377708e-03 -2.342768896977975857e-02 3.543587090918916965e-02 -1.222025365125688906e-02 5.100446585756440027e-02 -3.934518770737366333e-02 5.810044580817724791e-02 2.249080883856176272e-02 -4.571167194214121460e-03 -7.065694902876047678e-02 -1.385023207627559053e-02 -2.555584502189474361e-02 2.268323623598852284e-02 -1.376260287094205337e-02 2.015168696748427524e-02 1.934202431239362419e-02 3.392282463338116075e-03 2.951743500595042924e-02 -2.596656852834145629e-02 2.266293871988303565e-02 -8.263673768005025053e-03 -3.868883044187084591e-03 -7.228643153398608967e-02 2.152069626626222990e-02 2.895100220506024308e-02 3.545010413431373686e-04 1.476753779192755897e-02 6.551745467750873936e-03 3.471719357528988553e-02 1.959495805309997493e-02 5.661824459377375052e-02 -8.111323008699874992e-02 -1.292579926224559153e-02 -6.581885736101809881e-02 1.310090113078169610e-02 6.286118145936558238e-03 7.088926772521687847e-03 -2.200471521023207588e-02 -7.302465906713977162e-02 4.178245362799766494e-02 -3.059750123209657724e-02 -9.539056426494857410e-03 6.110946357202662327e-03 3.392708994748847712e-02 -1.813029689527002886e-02 1.489758268585452371e-02 7.036063932719721636e-02 -3.486079949366562708e-02
-2.994833535013283893e-02 1.652974077126210834e-04 -5.806290107815507973e-02 -4.806063796952615708e-02 5.543205794073860493e-02 -9.690280600550100001e-03 -3.585125858039543006e-02 6.456705474522538013e-02 -1.591597817746377708e-03 2.268323623598852284e-02 2.895100220506024308e-02 7.088926772521687847e-03 2.419722988939139452e-02 1.109213872964585554e-02 -3.895162452839737166e-02 7.334766583678194174e-02 -2.012308532658020274e-02 5.531106044257549231e-02 -1.107484680389798914e-02 9.405899069174978797e-03 -2.342768896977975857e-02 -1.376260287094205337e-02 3.545010413431373686e-04 -2.200471521023207588e-02 -3.749097587212198851e-02 1.430168235832016306e-02 4.902028948265201719e-02 1.985967727775161257e-03 -1.454804152059573953e-02 -2.364414664532175567e-02 9.321299769914356131e-03 -8.473522487764333089e-03 3.543587090918916965e-02 2.015168696748427524e-02 1.476753779192755897e-02 -7.302465906713977162e-02 5.977124185961253666e-03 1.941434225894061311e-02 3.566952660399646396e-02 -1.947711361402124780e-02 -4.272057279451649953e-02 -3.898121573304386828e-02 -1.296137209119173003e-02 -2.430757967637505942e-02 -1.222025365125688906e-02 1.934202431239362419e-02 6.551745467750873936e-03 4.178245362799766494e-02 2.560111297657602022e-02 1.000182286443498329e-03 -4.701157074200589675e-02 2.269141900683448870e-02 -5.808446713003603129e-02 -4.828598275523190227e-04 -2.890471681649087188e-02 5.235051615483279214e-02 5.100446585756440027e-02 3.392282463338116075e-03 3.471719357528988553e-02 -3.059750123209657724e-02 3.522041527616386752e-02 -1.645880675697841342e-02 -3.000313355665668730e-02 -3.970392515089992552e-02 4.737276644056893915e-02 5.366666612736709779e-02 -5.657147870945906237e-02 -1.096809400832243243e-02 -3.934518770737366333e-02 2.951743500595042924e-02 1.959495805309997493e-02 -9.539056426494857410e-03 -4.394084380105931636e-02 -2.576812943206775730e-02 5.922253266121689508e-02 -3.339897119577998202e-02 -2.493698451497029789e-02 -3.460541019012915165e-02 5.367708923258602063e-03 8.338549148857064483e-03 5.810044580817724791e-02 -2.596656852834145629e-02 5.661824459377375052e-02 6.110946357202662327e-03 7.873666201839264744e-02 -1.526579871099624638e-03 -4.150949621091071240e-02 -7.621255210962961379e-02 -2.811239222939614091e-02 2.264983829633013604e-02 2.985290617331660956e-02 3.240692891265747194e-02 2.249080883856176272e-02 2.266293871988303565e-02 -8.111323008699874992e-02 3.392708994748847712e-02 4.980493183628616899e-02 2.784267649379186700e-03 -4.475701469247288233e-02 6.697552405969596501e-02 -6.102078148618784309e-03 4.273636560816232444e-02 3.624044115687519163e-02 -6.923573012635868273e-02 -4.571167194214121460e-03 -8.263673768005025053e-03 -1.292579926224559153e-02 -1.813029689527002886e-02 6.109071261220125164e-03 5.556831569806138654e-02 7.681654681013110053e-02 -4.993595941884807626e-02 2.743861756001905738e-02 -1.930600123518838238e-02 2.238969373635620735e-02 -3.470034667033582848e-02 -7.065694902876047678e-02 -3.868883044187084591e-03 -6.581885736101809881e-02 1.489758268585452371e-02 -6.541880960921238330e-02 -4.626151309034624501e-03 -2.804092112214975202e-02 3.438755191236232689e-02 7.288146131964386154e-02 -2.413637317061691559e-02 1.726995214069702508e-02 -1.555816530476452492e-02 -1.385023207627559053e-02 -7.228643153398608967e-02 1.310090113078169610e-02 7.036063932719721636e-02 -3.636451927430537495e-02 -4.049373452777429994e-02 5.940368269384707633e-02 9.315229737124208764e-02 -1.272801949068851426e-02 -7.652819897100637640e-03 1.034573189195495645e-02 -1.112206858958854350e-02 -2.555584502189474361e-02 2.152069626626222990e-02 6.286118145936558238e-03 -3.486079949366562708e-02
2.518972732618862120e-01 8.777068716261444969e-02 -4.701012722125463839e-02 -2.879989779992799676e-02 -1.546925847230978465e-02 2.501616123075826783e-03 -5.713676430651777605e-02 -9.037441397822011668e-02 4.990744869647029125e-02 -6.602175150159547701e-02 -9.779485971228014940e-02 -1.278530221454474494e-02 8.777068716261499093e-02 2.567574345488566334e-01 -4.795218874705336337e-02 -2.179300012998107439e-02 2.744211120270294030e-03 -5.210950991819052885e-02 -1.032046028428514756e-01 -1.136050990296994245e-01 -2.136793150991955076e-02 -9.209027115847329137e-02 -3.968427343518651090e-02 2.310058682840430283e-02 -4.701012722125516574e-02 -4.795218874705383522e-02 2.361235431402972096e-01 8.231719474375528197e-04 -7.217250391486083883e-02 -3.031678796455228656e-02 1.879347842898535306e-02 5.421028127218193923e-03 -2.716169958277456220e-02 1.177720903336382761e-02 -3.652431027727288254e-02 -2.034525859335437059e-02 -2.879989779992791696e-02 -2.179300012998110214e-02 8.231719474375238715e-04 2.108532262052249251e-01 -1.418148472541821969e-02 -1.438996270457195900e-02 -4.738799806649597601e-02 -1.711008901612233457e-02 8.108049926442456590e-02 -1.235261138107848419e-02 -5.636548698257322527e-03 -7.253986438239420909e-02 -1.546925847230955740e-02 2.744211120270713400e-03 -7.217250391486099148e-02 -1.418148472541809306e-02 2.333910871938293385e-01 2.546756570758982804e-02 -7.361595240791518613e-02 -5.140503894486906505e-02 1.451113304063257614e-02 -9.899015519191063650e-02 -3.420129157248671947e-02 5.310157001205993016e-02 2.501616123075859309e-03 -5.210950991819027212e-02 -3.031678796455233166e-02 -1.438996270457190869e-02 2.546756570758975866e-02 1.511034796897219867e-01 3.190401446478621089e-02 1.509569052349061212e-02 -3.577060141517324210e-02 -3.194392011837568143e-03 -3.558263547935616895e-03 -5.302724259235836596e-02 -5.713676430651799809e-02 -1.032046028428514201e-01 1.879347842898526286e-02 -4.738799806649570540e-02 -7.361595240791536654e-02 3.190401446478614150e-02 3.930703613856764700e-01 2.684749558365553609e-02 -1.327275728164576396e-01 1.191622647972211679e-01 -5.402724430473177658e-02 -4.847401790444714337e-02 -9.037441397822046363e-02 -1.136050990296996605e-01 5.421028127217735956e-03 -1.711008901612234498e-02 -5.140503894486880138e-02 1.509569052349086192e-02 2.684749558365549099e-02 2.643921766809699259e-01 -2.609503145824713585e-02 4.421363965402344554e-02 3.618664686008296605e-02 -3.138948992765162177e-02 4.990744869647027043e-02 -2.136793150991990464e-02 -2.716169958277442342e-02 8.108049926442424671e-02 1.451113304063245124e-02 -3.577060141517308250e-02 -1.327275728164574731e-01 -2.609503145824686524e-02 3.073066134126454796e-01 -1.005587503118801768e-01 1.506665664061691487e-02 -9.359124838192646456e-02 -6.602175150159575456e-02 -9.209027115847324974e-02 1.177720903336386751e-02 -1.235261138107843909e-02 -9.899015519191067813e-02 -3.194392011837550362e-03 1.191622647972210847e-01 4.421363965402319574e-02 -1.005587503118803572e-01 3.441175770988121330e-01 -1.007768117246760249e-02 -2.522511972977183048e-02 -9.779485971227991348e-02 -3.968427343518571987e-02 -3.652431027727335439e-02 -5.636548698257560185e-03 -3.420129157248613661e-02 -3.558263547935720111e-03 -5.402724430473199863e-02 3.618664686008220277e-02 1.506665664061671191e-02 -1.007768117246806219e-02 2.614822600994081148e-01 -2.907100912204436949e-02 -1.278530221454474668e-02 2.310058682840437569e-02 -2.034525859335446427e-02 -7.253986438239409806e-02 5.310157001206013833e-02 -5.302724259235832432e-02 -4.847401790444715725e-02 -3.138948992765158014e-02 -9.359124838192628415e-02 -2.522511972977193803e-02 -2.907100912204474766e-02 2.614782422928517147e-01
-1.398099955106045685e-02 4.674834361647697140e-03 2.502378945884362396e-02 3.094517856423924587e-02 -3.055214013872168191e-02 -3.082182621974466352e-02 3.422573038913499788e-02 -2.831736772462125837e-02 2.381457874565732005e-02 1.820441404635144301e-03 -2.889800078212375473e-02 1.763365527130837662e-02 -5.001133011057073974e-02 5.452365212134754890e-03 -9.712134806054987385e-03 2.116324453314540402e-02 1.232841642655044603e-02 1.135562678877120868e-02 -6.903759391773196807e-02 1.223551065312160346e-02 2.927656690616602803e-02 -2.453377159856405879e-02 4.417776120331885076e-02 9.961345492652085715e-03 2.498962674099382622e-02 -2.262054366003708739e-02 1.885583108146134113e-02 -5.841371900671743500e-03 -4.418846349395662287e-02 7.205080704425522245e-03 1.182419772827482743e-02 2.416992107595234123e-03 -1.544215090548022896e-02 2.789120801581339640e-02 4.419534587670338743e-02 -3.556774058360037682e-02 -6.733776820882939051e-02 1.473455910421048317e-04 2.214013971808553860e-02 -7.071426409596845604e-03 2.196759933257226918e-02 -4.153304325457898849e-02 3.056401820461737869e-03 3.703166931697472047e-02 -3.060416317635082997e-02 3.833382953598122450e-02 -1.645307367597957995e-02 3.428692996207469146e-02 -5.282597657322142884e-03 -1.026016016619525628e-02 1.873857086833947624e-02 5.727551708648104603e-03 -2.583843772083992824e-02 1.870603255161639583e-02 1.208219790665326920e-02 1.504329175876439537e-02 2.740628517299922851e-02 3.227786304466172956e-02 8.386287114126716189e-04 -7.119602756242141006e-02 3.762537279873848922e-02 1.973397049225079566e-02 -6.118994876590372334e-02 -1.788297289224925063e-02 4.827719422362822255e-02 3.527515342809796339e-02 -5.909407532410439201e-02 -1.119022517284969272e-02 4.087803705995086967e-02 -4.973400586200998896e-02 -1.476542735082468812e-02 2.102239242149988099e-02 2.839483980161535207e-02 2.714056391733717447e-02 8.034544055949652264e-03 2.451857500898648595e-02 -4.131339769939880446e-02 -9.017786075631332651e-03 4.078448024574209997e-03 1.763796070238504710e-02 -1.379805154689343547e-02 -9.134565635260704156e-03 -2.642692280503104729e-02 -1.222449633362179475e-02 2.967779500865735595e-02 2.245914930245839977e-02 -5.550209021205896459e-02 2.896336149969317916e-02 3.705029658171137691e-02 -3.110171206553782527e-02 -3.424219452105679157e-02 -5.130714775112964199e-02 7.730264820526125402e-02 6.817879228400628051e-03 8.428580198413991803e-04 -2.342982209334729463e-02 7.591436872352939902e-03 1.385648368402330431e-02 5.097762547670683930e-02 9.506168460448359081e-04 6.140690973826554849e-03 3.152656191718166941e-04 4.243818527994297485e-03 -4.177313385016942493e-02 -7.434950209743403093e-02 3.334354127107252985e-02 -6.889754032825270991e-02 5.684745667420887383e-02 3.327663795295487253e-02 4.516311079692074404e-03 2.459889464615263449e-02 1.516526754021260519e-02 3.952157373808183605e-03 -4.130418453856982836e-02 -6.064273684023198385e-02 5.617720407868063287e-02 4.275071563621860721e-02 -8.845663324793537341e-02 -1.219136431936376080e-02 4.947663126237513212e-03 -9.458034718623421766e-03 -4.898705262123425469e-02 1.167427988412921350e-02 -2.345654842554715375e-02 1.557057424161603643e-02 -7.343714108557993642e-03 5.755524670164995082e-02 -1.931853826177355390e-02 1.108688142833869072e-02 3.224767547694096237e-02 -4.738560275458117421e-03 4.625664786376695349e-03 -1.204182704037468771e-02 -2.595553469450891798e-02 -4.253092351562479112e-02 -4.702798313882309428e-02 2.466366156023500761e-03 6.251742351968862799e-02 8.621505783868922690e-02 2.046196366139504258e-02 -9.923055228919891446e-02 8.461341547353401146e-03 4.884244571458325884e-02 4.651478960469693051e-03
-1.398099955106045685e-02 -5.001133011057073974e-02 2.498962674099382622e-02 -6.733776820882939051e-02 -5.282597657322142884e-03 3.762537279873848922e-02 2.839483980161535207e-02 2.967779500865735595e-02 7.591436872352939902e-03 3.327663795295487253e-02 -9.458034718623421766e-03 -1.204182704037468771e-02 4.674834361647697140e-03 5.452365212134754890e-03 -2.262054366003708739e-02 1.473455910421048317e-04 -1.026016016619525628e-02 1.973397049225079566e-02 2.714056391733717447e-02 2.245914930245839977e-02 1.385648368402330431e-02 4.516311079692074404e-03 -4.898705262123425469e-02 -2.595553469450891798e-02 2.502378945884362396e-02 -9.712134806054987385e-03 1.885583108146134113e-02 2.214013971808553860e-02 1.873857086833947624e-02 -6.118994876590372334e-02 8.034544055949652264e-03 -5.550209021205896459e-02 5.097762547670683930e-02 2.459889464615263449e-02 1.167427988412921350e-02 -4.253092351562479112e-02 3.094517856423924587e-02 2.116324453314540402e-02 -5.841371900671743500e-03 -7.071426409596845604e-03 5.727551708648104603e-03 -1.788297289224925063e-02 2.451857500898648595e-02 2.896336149969317916e-02 9.506168460448359081e-04 1.516526754021260519e-02 -2.345654842554715375e-02 -4.702798313882309428e-02 -3.055214013872168191e-02 1.232841642655044603e-02 -4.418846349395662287e-02 2.196759933257226918e-02 -2.583843772083992824e-02 4.827719422362822255e-02 -4.131339769939880446e-02 3.705029658171137691e-02 6.140690973826554849e-03 3.952157373808183605e-03 1.557057424161603643e-02 2.466366156023500761e-03 -3.082182621974466352e-02 1.135562678877120868e-02 7.205080704425522245e-03 -4.153304325457898849e-02 1.870603255161639583e-02 3.527515342809796339e-02 -9.017786075631332651e-03 -3.110171206553782527e-02 3.152656191718166941e-04 -4.130418453856982836e-02 -7.343714108557993642e-03 6.251742351968862799e-02 3.422573038913499788e-02 -6.903759391773196807e-02 1.182419772827482743e-02 3.056401820461737869e-03 1.208219790665326920e-02 -5.909407532410439201e-02 4.078448024574209997e-03 -3.424219452105679157e-02 4.243818527994297485e-03 -6.064273684023198385e-02 5.755524670164995082e-02 8.621505783868922690e-02 -2.831736772462125837e-02 1.223551065312160346e-02 2.416992107595234123e-03 3.703166931697472047e-02 1.504329175876439537e-02 -1.119022517284969272e-02 1.763796070238504710e-02 -5.130714775112964199e-02 -4.177313385016942493e-02 5.617720407868063287e-02 -1.931853826177355390e-02 2.046196366139504258e-02 2.381457874565732005e-02 2.927656690616602803e-02 -1.544215090548022896e-02 -3.060416317635082997e-02 2.740628517299922851e-02 4.087803705995086967e-02 -1.379805154689343547e-02 7.730264820526125402e-02 -7.434950209743403093e-02 4.275071563621860721e-02 1.108688142833869072e-02 -9.923055228919891446e-02 1.820441404635144301e-03 -2.453377159856405879e-02 2.789120801581339640e-02 3.833382953598122450e-02 3.227786304466172956e-02 -4.973400586200998896e-02 -9.134565635260704156e-03 6.817879228400628051e-03 3.334354127107252985e-02 -8.845663324793537341e-02 3.224767547694096237e-02 8.461341547353401146e-03 -2.889800078212375473e-02 4.417776120331885076e-02 4.419534587670338743e-02 -1.645307367597957995e-02 8.386287114126716189e-04 -1.476542735082468812e-02 -2.642692280503104729e-02 8.428580198413991803e-04 -6.889754032825270991e-02 -1.219136431936376080e-02 -4.738560275458117421e-03 4.884244571458325884e-02 1.763365527130837662e-02 9.961345492652085715e-03 -3.556774058360037682e-02 3.428692996207469146e-02 -7.119602756242141006e-02 2.102239242149988099e-02 -1.222449633362179475e-02 -2.342982209334729463e-02 5.684745667420887383e-02 4.947663126237513212e-03 4.625664786376695349e-03 4.651478960469693051e-03
2.644013242892779836e-01 -2.538488969679300947e-02 -8.141332390670268093e-03 1.409984524112978775e-02 4.569385215031710606e-02 -7.424624699094628522e-02 -1.627400528924025369e-01 2.303786387020883772e-02 2.988726124196647640e-02 7.275867505622075557e-03 -7.308170838816865911e-02 -1.049876723716270353e-02 -2.538488969679299906e-02 2.063913561492888293e-01 -2.275754592298841888e-02 -4.665166856602771112e-02 -6.004752719709382375e-02 -2.630037473788978883e-02 -6.411769180534244994e-02 -1.418091002582564340e-02 -3.080082733281343937e-02 6.456358423069182007e-02 9.593324763109695522e-03 6.221486231299051990e-03 -8.141332390670431157e-03 -2.275754592298842929e-02 2.553084849571982118e-01 -2.147933062763329737e-02 4.660739782352515959e-02 -2.771325558825468022e-02 -1.498867798308344684e-02 -4.305132149088866655e-02 -4.032963302594964883e-02 -9.451941999048900367e-02 3.159048297644893172e-02 -7.370889388582861634e-02 1.409984524112996122e-02 -4.665166856602774581e-02 -2.147933062763330084e-02 3.502677260121638270e-01 -8.896334358640430040e-02 1.744572120638027135e-02 -6.600251047325519926e-02 2.039026535756919764e-02 2.083070653824284357e-02 -5.976736516886808903e-02 -4.298343164887145906e-02 -8.841897734635498218e-02 4.569385215031698116e-02 -6.004752719709387926e-02 4.660739782352521510e-02 -8.896334358640445306e-02 2.928869521999524217e-01 -1.299854450756074975e-01 -6.884924034727192554e-02 3.954804962115890388e-02 -8.439533644316878080e-02 -4.323169703358941546e-02 3.641572296076467374e-02 2.915915817504744715e-03 -7.424624699094614644e-02 -2.630037473788964311e-02 -2.771325558825473920e-02 1.744572120638038931e-02 -1.299854450756076363e-01 2.878517711316235239e-01 1.122198117697532083e-01 -2.197022783848480085e-02 -2.567269584278258215e-02 2.748956513231801818e-02 -9.430990866117769378e-02 -2.672798612408346097e-02 -1.627400528924024259e-01 -6.411769180534235280e-02 -1.498867798308361511e-02 -6.600251047325496334e-02 -6.884924034727205044e-02 1.122198117697532360e-01 3.710299114846438706e-01 -6.552174003653442325e-02 1.231108353060938413e-03 3.258295904599945586e-02 5.683764629659045914e-02 -4.910187991526810541e-02 2.303786387020878568e-02 -1.418091002582570932e-02 -4.305132149088866655e-02 2.039026535756927050e-02 3.954804962115893857e-02 -2.197022783848476615e-02 -6.552174003653439549e-02 2.156024594905360525e-01 -1.187186976529916622e-02 -5.564416539326473565e-02 -6.388260055806363469e-02 -2.263299271654739195e-02 2.988726124196644171e-02 -3.080082733281345672e-02 -4.032963302594954474e-02 2.083070653824292684e-02 -8.439533644316860039e-02 -2.567269584278277644e-02 1.231108353060840184e-03 -1.187186976529911939e-02 3.049454553950066704e-01 -2.372322852289932005e-02 -5.606914950098050576e-02 -4.869659511216989367e-02 7.275867505622267244e-03 6.456358423069187558e-02 -9.451941999048901755e-02 -5.976736516886815842e-02 -4.323169703358925586e-02 2.748956513231766777e-02 3.258295904599920606e-02 -5.564416539326457606e-02 -2.372322852289916392e-02 2.186345166649137917e-01 -3.188910057725160424e-02 -2.544166229053130418e-02 -7.308170838816872850e-02 9.593324763109646949e-03 3.159048297644876518e-02 -4.298343164887133416e-02 3.641572296076456272e-02 -9.430990866117749949e-02 5.683764629659056322e-02 -6.388260055806366244e-02 -5.606914950098063760e-02 -3.188910057725160424e-02 2.892583007975988996e-01 -1.704057361265098533e-02 -1.049876723716287354e-02 6.221486231299010357e-03 -7.370889388582853308e-02 -8.841897734635517647e-02 2.915915817504506190e-03 -2.672798612408302729e-02 -4.910187991526781398e-02 -2.263299271654744052e-02 -4.869659511216982428e-02 -2.544166229053124173e-02 -1.704057361265114839e-02 3.141541474042912618e-01
-1.173786969160696067e-02 2.139066789938301114e-02 6.053272513420654422e-02 4.701338221434687298e-02 8.650242892162698580e-03 -1.071130380341978917e-02 -5.312775706241517487e-02 -2.843205685052583448e-02 -8.364072481434306483e-02 -1.994109001824998992e-02 2.846220929440260866e-02 1.951009266795754316e-02 2.409423396364975684e-02 6.231998184015703074e-02 -1.388054683648041673e-02 -1.379653206403572141e-02 -5.991645724312605337e-02 -9.061913027195526993e-02 -3.825921875397547689e-02 1.878301886563563464e-02 6.676148592636416135e-02 7.671469178413154247e-03 3.103727363643264681e-02 1.418323650895498590e-02 2.941131876662031810e-02 9.404363300125116384e-03 5.108074622875431736e-02 -1.777553658173880446e-02 4.026827133848238233e-02 6.229404604148538614e-05 -1.689114908207709626e-02 7.966382645833417278e-03 -3.040732195212483835e-02 -2.238728178261439536e-02 1.827645329565025234e-02 -6.048000951933579089e-02 4.212877678861325775e-02 -3.287969431672834592e-02 1.099161372053243484e-02 -3.290301459953404867e-02 1.708023192478190858e-02 3.535066790376083234e-02 2.123755191028723482e-02 2.893394826451157337e-02 3.802741244537821697e-02 2.860763969086001571e-02 -7.201541889845834710e-02 -6.906545050859516643e-02 -6.475506107107152631e-02 3.179663901929094538e-02 -2.946373680745940221e-02 -3.466367582824866900e-02 5.242941025902560573e-03 -2.644853047964890180e-02 8.277696448019582209e-02 2.043028889638387122e-02 -2.170282504938689586e-02 -3.140134021401225130e-03 7.094064116450959911e-02 -8.210154274188186801e-03 -3.412378340919468289e-02 6.577925327407950669e-03 -7.275734544044931695e-02 -4.871223877408574661e-03 1.505314044885274968e-02 2.670699445078698192e-03 1.233500178024386079e-02 -4.365721130253665851e-03 3.402564618398083718e-02 1.786582716172680635e-02 -1.460695874213097621e-02 3.963189228909887174e-02 3.778852450556238057e-02 -5.775903222325665110e-02 -2.838022687482831020e-03 7.505797398443601887e-02 -1.588178216080342190e-03 2.413556930631713480e-03 -6.937137187904227238e-03 2.329826141660325256e-02 1.813645966302983303e-02 -3.861299414429737037e-02 -6.707271192230566947e-02 1.688912480816690681e-02 -3.197157592974685103e-02 -1.588539802162500236e-02 7.483503500882733583e-02 -5.324135829654230712e-02 2.737100538892760920e-02 8.963105971646293663e-03 4.291777956567326829e-02 1.158040049620724784e-03 7.639829405494237904e-03 -2.421597099486470089e-02 -7.734128206379587735e-03 -3.181666472785203009e-02 -5.667425686423113035e-02 4.736561142468978525e-02 -8.288886051505334196e-02 1.841279389752665391e-02 -6.566623638961989473e-02 7.203068769464128496e-02 -1.172656577069147027e-03 4.036063433912447096e-02 -7.798371645036036859e-03 6.240356808904730379e-02 -3.709105232274033381e-02 -2.210323282453303950e-03 2.047056123458328158e-02 -3.883177281157249028e-02 1.591206209597193638e-02 7.751588754316325602e-02 -4.822155223567501509e-02 4.910484212497290973e-02 1.184381357092104819e-02 -6.827623995592115025e-02 -3.874503159320696888e-03 5.823660149304032280e-04 1.786614825204599008e-02 -2.092118149665620624e-02 -8.328381467789247594e-03 -3.461904093841423197e-02 -1.586689316252964249e-02 -4.971868812844586205e-02 -7.589158684078207637e-03 4.616350536317502529e-03 2.294910169352841825e-02 -2.405032121970986786e-02 2.971967788084386997e-02 -2.662637843354599687e-02 4.024441645223308245e-02 7.540008328830292983e-02 7.153660998328952025e-02 2.964530625885564846e-02 -5.435423521211513870e-02 -2.882126391221855044e-02 6.760208294163669307e-02 -7.466671908684882619e-02 -9.374739942788043456e-02 -4.904104156618166628e-03 -3.583339050295974992e-02 5.021262700319910344e-02 3.599340351843147157e-02 3.367767864196341554e-02
-1.173786969160696067e-02 2.409423396364975684e-02 2.941131876662031810e-02 4.212877678861325775e-02 -6.475506107107152631e-02 -3.412378340919468289e-02 3.778852450556238057e-02 -3.197157592974685103e-02 -5.667425686423113035e-02 2.047056123458328158e-02 -8.328381467789247594e-03 7.153660998328952025e-02 2.139066789938301114e-02 6.231998184015703074e-02 9.404363300125116384e-03 -3.287969431672834592e-02 3.179663901929094538e-02 6.577925327407950669e-03 -5.775903222325665110e-02 -1.588539802162500236e-02 4.736561142468978525e-02 -3.883177281157249028e-02 -3.461904093841423197e-02 2.964530625885564846e-02 6.053272513420654422e-02 -1.388054683648041673e-02 5.108074622875431736e-02 1.099161372053243484e-02 -2.946373680745940221e-02 -7.275734544044931695e-02 -2.838022687482831020e-03 7.483503500882733583e-02 -8.288886051505334196e-02 1.591206209597193638e-02 -1.586689316252964249e-02 -5.435423521211513870e-02 4.701338221434687298e-02 -1.379653206403572141e-02 -1.777553658173880446e-02 -3.290301459953404867e-02 -3.466367582824866900e-02 -4.871223877408574661e-03 7.505797398443601887e-02 -5.324135829654230712e-02 1.841279389752665391e-02 7.751588754316325602e-02 -4.971868812844586205e-02 -2.882126391221855044e-02 8.650242892162698580e-03 -5.991645724312605337e-02 4.026827133848238233e-02 1.708023192478190858e-02 5.242941025902560573e-03 1.505314044885274968e-02 -1.588178216080342190e-03 2.737100538892760920e-02 -6.566623638961989473e-02 -4.822155223567501509e-02 -7.589158684078207637e-03 6.760208294163669307e-02 -1.071130380341978917e-02 -9.061913027195526993e-02 6.229404604148538614e-05 3.535066790376083234e-02 -2.644853047964890180e-02 2.670699445078698192e-03 2.413556930631713480e-03 8.963105971646293663e-03 7.203068769464128496e-02 4.910484212497290973e-02 4.616350536317502529e-03 -7.466671908684882619e-02 -5.312775706241517487e-02 -3.825921875397547689e-02 -1.689114908207709626e-02 2.123755191028723482e-02 8.277696448019582209e-02 1.233500178024386079e-02 -6.937137187904227238e-03 4.291777956567326829e-02 -1.172656577069147027e-03 1.184381357092104819e-02 2.294910169352841825e-02 -9.374739942788043456e-02 -2.843205685052583448e-02 1.878301886563563464e-02 7.966382645833417278e-03 2.893394826451157337e-02 2.043028889638387122e-02 -4.365721130253665851e-03 2.329826141660325256e-02 1.158040049620724784e-03 4.036063433912447096e-02 -6.827623995592115025e-02 -2.405032121970986786e-02 -4.904104156618166628e-03 -8.364072481434306483e-02 6.676148592636416135e-02 -3.040732195212483835e-02 3.802741244537821697e-02 -2.170282504938689586e-02 3.402564618398083718e-02 1.813645966302983303e-02 7.639829405494237904e-03 -7.798371645036036859e-03 -3.874503159320696888e-03 2.971967788084386997e-02 -3.583339050295974992e-02 -1.994109001824998992e-02 7.671469178413154247e-03 -2.238728178261439536e-02 2.860763969086001571e-02 -3.140134021401225130e-03 1.786582716172680635e-02 -3.861299414429737037e-02 -2.421597099486470089e-02 6.240356808904730379e-02 5.823660149304032280e-04 -2.662637843354599687e-02 5.021262700319910344e-02 2.846220929440260866e-02 3.103727363643264681e-02 1.827645329565025234e-02 -7.201541889845834710e-02 7.094064116450959911e-02 -1.460695874213097621e-02 -6.707271192230566947e-02 -7.734128206379587735e-03 -3.709105232274033381e-02 1.786614825204599008e-02 4.024441645223308245e-02 3.599340351843147157e-02 1.951009266795754316e-02 1.418323650895498590e-02 -6.048000951933579089e-02 -6.906545050859516643e-02 -8.210154274188186801e-03 3.963189228909887174e-02 1.688912480816690681e-02 -3.181666472785203009e-02 -2.210323282453303950e-03 -2.092118149665620624e-02 7.540008328830292983e-02 3.367767864196341554e-02
3.652954559541005120e-01 -1.113062325995401863e-01 -9.558293005496519557e-02 1.944724972928211365e-02 -1.044235594788557250e-02 -2.936898294658452438e-02 4.198198191624403358e-02 -1.336594057136426426e-03 -4.434865848510567699e-02 -1.075398471854500382e-01 -4.787402468451453647e-02 -3.431169263940934966e-02 -1.113062325995402002e-01 3.094735761473955127e-01 -3.384198275261939698e-02 -2.484903074287879432e-02 3.638935531173183996e-02 3.269465088324351870e-02 -1.874112635269100172e-02 -3.425763981913793749e-02 -4.947820942712669035e-02 3.532040670053189502e-02 -2.743269422657935303e-02 -4.116281479023790749e-04 -9.558293005496533434e-02 -3.384198275261933453e-02 3.323519278595350457e-01 -8.819336620263305837e-02 -3.161304377404525190e-02 -3.767105938716286406e-02 -7.450359466831585342e-02 7.378235021816173522e-02 9.756100112288609155e-03 -5.405985960462786344e-02 -3.508841301185435663e-02 2.304493809300337329e-02 1.944724972928202691e-02 -2.484903074287870411e-02 -8.819336620263303061e-02 2.979527955544221118e-01 3.445551801226279243e-02 -5.160839538829915113e-02 -4.421419835792431141e-03 -1.034618860612167568e-01 -2.574399149682603249e-02 -3.536373015365103234e-02 -3.333906391129298069e-02 1.926223398757911237e-02 -1.044235594788545281e-02 3.638935531173183996e-02 -3.161304377404537680e-02 3.445551801226281324e-02 2.766058404592496300e-01 -6.654332836421660881e-03 -8.130672545788901473e-02 -5.727250254908917287e-02 1.574371378113000042e-02 -1.168905637844686908e-02 -1.349236812322221306e-02 -1.031199666096399396e-02 -2.936898294658454520e-02 3.269465088324351176e-02 -3.767105938716281549e-02 -5.160839538829914419e-02 -6.654332836421667820e-03 3.174009939299447525e-01 -1.476769411494403481e-02 5.285892086830695780e-03 -5.599322215491773364e-02 6.784884589899493890e-02 -1.864321893998589774e-01 -4.020742248734484464e-02 4.198198191624397113e-02 -1.874112635269099478e-02 -7.450359466831577016e-02 -4.421419835792469305e-03 -8.130672545788915351e-02 -1.476769411494393766e-02 2.736665627199454387e-01 -3.215526106101077725e-02 -1.961531574390416865e-02 -5.313059427280508035e-02 -9.080144803794544875e-04 -2.362523692240736661e-02 -1.336594057136386094e-03 -3.425763981913807626e-02 7.378235021816176298e-02 -1.034618860612166180e-01 -5.727250254908905491e-02 5.285892086830532716e-03 -3.215526106101095072e-02 3.138484658616674805e-01 -3.524129437674321241e-02 -3.755678087353703232e-02 -1.559454315868099086e-02 -1.566638644668445768e-01 -4.434865848510566311e-02 -4.947820942712670422e-02 9.756100112288489459e-03 -2.574399149682601168e-02 1.574371378112999348e-02 -5.599322215491774057e-02 -1.961531574390404722e-02 -3.524129437674335813e-02 2.594502747280455490e-01 -5.946961319905090526e-02 6.613412942838937936e-02 -1.341554101926539441e-02 -1.075398471854499133e-01 3.532040670053186032e-02 -5.405985960462791201e-02 -3.536373015365106010e-02 -1.168905637844681877e-02 6.784884589899495277e-02 -5.313059427280515667e-02 -3.755678087353693517e-02 -5.946961319905091914e-02 3.018661794669909582e-01 -4.432546849166688757e-02 2.972034633707036633e-02 -4.787402468451443932e-02 -2.743269422657934609e-02 -3.508841301185453010e-02 -3.333906391129287661e-02 -1.349236812322221132e-02 -1.864321893998589219e-01 -9.080144803793600535e-04 -1.559454315868115046e-02 6.613412942838930997e-02 -4.432546849166688063e-02 4.421636196254001838e-01 -1.514056642513604556e-02 -3.431169263940942599e-02 -4.116281479022833398e-04 2.304493809300343227e-02 1.926223398757903604e-02 -1.031199666096399396e-02 -4.020742248734485158e-02 -2.362523692240732498e-02 -1.566638644668446045e-01 -1.341554101926543952e-02 2.972034633707041490e-02 -1.514056642513606117e-02 3.375847932301596632e-01
-7.030377456425326854e-02 -2.424718838251714755e-03 1.763900426817997802e-02 -3.966736067119736031e-02 -6.878501946709551784e-02 1.773843452732912912e-02 4.760807390414088791e-02 -7.106217633714332488e-03 2.653216097781159466e-02 5.036670373005416868e-02 2.756374923854734010e-02 -7.773096276980680751e-03 1.195982694999017833e-02 2.613397766237670825e-02 -5.302411207382581176e-02 4.832569259515011317e-02 1.836576853834339176e-02 5.160572605226959597e-02 -4.622231341380177855e-02 -1.365589766031390963e-02 -8.722642087327436150e-03 3.696850148073862335e-02 -6.967574507471914480e-02 4.030782351963621747e-05 7.607295515897324889e-03 -3.294369514724911768e-02 -3.761791796687281170e-02 -1.797196591190415929e-02 -1.779501494795503874e-02 -5.941867265349737304e-02 1.668448860108063050e-02 4.005280645055785821e-02 3.730157085601088635e-02 -4.219527487768019031e-02 9.503404119221731117e-02 2.441993203275139371e-02 3.930687920940758445e-02 -2.943981005806729778e-02 -2.499500401313444961e-02 7.417746381969753805e-03 -1.899157214915787265e-03 4.501345858863795533e-03 2.664691448628892997e-02 2.697554913933886481e-02 -8.845886585961007867e-03 -1.833819227415894046e-03 -5.106189365109130990e-02 -1.110716793840334400e-02 1.133662854845936263e-02 9.456305411489687729e-03 3.010632035327159839e-02 1.392138834958332391e-02 5.497183107339342900e-02 -3.507254140744706788e-02 -2.101129339447175767e-02 -2.173265233289265255e-02 -4.118622648571454437e-02 -4.538527876918449847e-03 2.578348258565082290e-02 6.888056452685494165e-03 -3.643472891927965890e-02 3.478495777086876295e-02 -3.039948199610810822e-02 5.878220089805033174e-03 -2.395980874784706290e-03 -1.639375477019395025e-02 -2.443998306589287989e-02 -1.769098435490142063e-02 -3.050901243559104269e-03 2.890837902744305271e-02 4.191567421642866664e-02 5.362372856840872531e-02 3.091954798067516816e-02 -2.079268351497811848e-02 1.794504202911004903e-02 -3.691832461859113207e-02 -1.203507589825963085e-02 2.875910217882138298e-02 3.730360790177053576e-02 1.616136773701101412e-02 -3.362993129128560854e-02 -1.378499290574003271e-02 -5.555490995749736566e-02 3.264541878732945407e-02 6.770077960774227577e-02 -2.679524459036374418e-03 -2.432234079808102620e-02 -1.216384196176775213e-02 -2.179999712495849645e-02 -1.342778437016474771e-02 6.479567903113263305e-02 2.971127177337715142e-02 -1.281561359361293138e-02 -5.542786896084724718e-02 -1.467813159633338249e-02 -2.960643453958676161e-02 -9.639115494539014783e-02 7.991886975786042374e-03 6.508630265666566495e-02 -2.890960155134025822e-02 -2.952735581883620189e-02 -3.093626398819415355e-02 -3.318347911455594296e-03 -2.387333377559999054e-04 1.046567669878675083e-02 4.964947093239934633e-02 2.524524351061050234e-02 4.651222838553734085e-02 -5.696948781310036056e-04 -1.984672588474169566e-02 3.346506663386985408e-02 -4.633633558878932565e-03 3.288373308054470118e-02 1.655838678917517098e-02 -6.197826506753755307e-03 -4.291582163841058117e-02 2.253193107766349526e-02 -1.514864581687646455e-02 -6.527109405187910690e-03 8.579670984748917137e-03 -1.682623098833047059e-02 1.161047744735272877e-02 3.921250874871276548e-02 5.491106850605204266e-03 1.312002922631994722e-02 -8.895974555276593004e-03 -3.004281597895846340e-02 1.168028779468741236e-02 9.609010891653753730e-03 -2.338784517519526887e-02 2.717832673183796441e-02 -3.142442207233669960e-02 1.678455207820562026e-02 2.878959787752418883e-02 -2.057010901361264188e-02 2.454273904543085791e-02 2.817444532269852697e-02 5.086717874966777131e-02 -3.389059336195976435e-02 -2.373220644724999967e-02 2.511329259516082921e-02 2.106937901644759421e-03 -1.691468961362230239e-02 -8.646937350496972097e-02
-7.030377456425326854e-02 1.195982694999017833e-02 7.607295515897324889e-03 3.930687920940758445e-02 1.133662854845936263e-02 -3.643472891927965890e-02 3.091954798067516816e-02 6.770077960774227577e-02 -9.639115494539014783e-02 -5.696948781310036056e-04 -1.682623098833047059e-02 1.678455207820562026e-02 -2.424718838251714755e-03 2.613397766237670825e-02 -3.294369514724911768e-02 -2.943981005806729778e-02 9.456305411489687729e-03 3.478495777086876295e-02 -2.079268351497811848e-02 -2.679524459036374418e-03 7.991886975786042374e-03 -1.984672588474169566e-02 1.161047744735272877e-02 2.878959787752418883e-02 1.763900426817997802e-02 -5.302411207382581176e-02 -3.761791796687281170e-02 -2.499500401313444961e-02 3.010632035327159839e-02 -3.039948199610810822e-02 1.794504202911004903e-02 -2.432234079808102620e-02 6.508630265666566495e-02 3.346506663386985408e-02 3.921250874871276548e-02 -2.057010901361264188e-02 -3.966736067119736031e-02 4.832569259515011317e-02 -1.797196591190415929e-02 7.417746381969753805e-03 1.392138834958332391e-02 5.878220089805033174e-03 -3.691832461859113207e-02 -1.216384196176775213e-02 -2.890960155134025822e-02 -4.633633558878932565e-03 5.491106850605204266e-03 2.454273904543085791e-02 -6.878501946709551784e-02 1.836576853834339176e-02 -1.779501494795503874e-02 -1.899157214915787265e-03 5.497183107339342900e-02 -2.395980874784706290e-03 -1.203507589825963085e-02 -2.179999712495849645e-02 -2.952735581883620189e-02 3.288373308054470118e-02 1.312002922631994722e-02 2.817444532269852697e-02 1.773843452732912912e-02 5.160572605226959597e-02 -5.941867265349737304e-02 4.501345858863795533e-03 -3.507254140744706788e-02 -1.639375477019395025e-02 2.875910217882138298e-02 -1.342778437016474771e-02 -3.093626398819415355e-02 1.655838678917517098e-02 -8.895974555276593004e-03 5.086717874966777131e-02 4.760807390414088791e-02 -4.622231341380177855e-02 1.668448860108063050e-02 2.664691448628892997e-02 -2.101129339447175767e-02 -2.443998306589287989e-02 3.730360790177053576e-02 6.479567903113263305e-02 -3.318347911455594296e-03 -6.197826506753755307e-03 -3.004281597895846340e-02 -3.389059336195976435e-02 -7.106217633714332488e-03 -1.365589766031390963e-02 4.005280645055785821e-02 2.697554913933886481e-02 -2.173265233289265255e-02 -1.769098435490142063e-02 1.616136773701101412e-02 2.971127177337715142e-02 -2.387333377559999054e-04 -4.291582163841058117e-02 1.168028779468741236e-02 -2.373220644724999967e-02 2.653216097781159466e-02 -8.722642087327436150e-03 3.730157085601088635e-02 -8.845886585961007867e-03 -4.118622648571454437e-02 -3.050901243559104269e-03 -3.362993129128560854e-02 -1.281561359361293138e-02 1.046567669878675083e-02 2.253193107766349526e-02 9.609010891653753730e-03 2.511329259516082921e-02 5.036670373005416868e-02 3.696850148073862335e-02 -4.219527487768019031e-02 -1.833819227415894046e-03 -4.538527876918449847e-03 2.890837902744305271e-02 -1.378499290574003271e-02 -5.542786896084724718e-02 4.964947093239934633e-02 -1.514864581687646455e-02 -2.338784517519526887e-02 2.106937901644759421e-03 2.756374923854734010e-02 -6.967574507471914480e-02 9.503404119221731117e-02 -5.106189365109130990e-02 2.578348258565082290e-02 4.191567421642866664e-02 -5.555490995749736566e-02 -1.467813159633338249e-02 2.524524351061050234e-02 -6.527109405187910690e-03 2.717832673183796441e-02 -1.691468961362230239e-02 -7.773096276980680751e-03 4.030782351963621747e-05 2.441993203275139371e-02 -1.110716793840334400e-02 6.888056452685494165e-03 5.362372856840872531e-02 3.264541878732945407e-02 -2.960643453958676161e-02 4.651222838553734085e-02 8.579670984748917137e-03 -3.142442207233669960e-02 -8.646937350496972097e-02
3.436048605654676291e-01 -3.716728201527378511e-02 8.294235691566917423e-02 -1.611498742520862948e-02 -1.036443812519045465e-01 -3.810891304195267865e-02 -1.161285572783660874e-01 9.647689146256910320e-03 8.531763411209936088e-02 9.837096516569719326e-03 -3.044760730768370643e-02 -4.856821326700896946e-02 -3.716728201527375736e-02 1.907937426900068734e-01 -1.581785185178250994e-02 2.421867982168313116e-02 -4.735144243021346261e-02 2.076158971390955343e-02 -2.059523735176548714e-02 1.612092676181405004e-02 -6.601980556538630807e-02 -5.399781712858189170e-02 -5.582606427585731952e-03 -9.228920427211489974e-03 8.294235691566916036e-02 -1.581785185178254463e-02 2.582692463810885575e-01 -1.604703722799576820e-02 -7.878722052131613418e-02 4.516511841042979147e-02 -1.302640604884527653e-01 6.066015428612415300e-02 -5.792636847066504752e-02 -6.751811925480574739e-02 2.613074368399577723e-03 -3.645519092198701294e-02 -1.611498742520868499e-02 2.421867982168310687e-02 -1.604703722799576474e-02 1.944610592160417872e-01 -5.069886934728382033e-02 -1.299149259390062205e-01 -3.862217561814176164e-02 6.857042692491248370e-02 -2.692381696324123996e-02 -8.241070184501674001e-03 -2.315403765687530646e-02 4.557933160339878997e-02 -1.036443812519045327e-01 -4.735144243021343485e-02 -7.878722052131614806e-02 -5.069886934728386196e-02 2.486809698615322084e-01 2.547222564144789592e-02 9.785004304696590105e-02 -7.646027554523619763e-02 -3.872613593421332656e-02 2.942725426729270177e-02 1.025793505521539924e-02 -3.665200955734527338e-02 -3.810891304195260232e-02 2.076158971390952221e-02 4.516511841042979147e-02 -1.299149259390061650e-01 2.547222564144787857e-02 1.966473558770621688e-01 4.319620386592662453e-02 -2.181381629845429576e-02 -1.226656487255034164e-02 -6.484863953875338871e-02 -1.712713992955077272e-02 -6.250391622226458832e-02 -1.161285572783661152e-01 -2.059523735176553572e-02 -1.302640604884528763e-01 -3.862217561814183797e-02 9.785004304696603983e-02 4.319620386592663841e-02 2.642312841495039200e-01 -4.312028357323252625e-02 -6.511360936386309528e-03 1.516219129888820606e-02 -3.585806998112622823e-02 -7.221581347136632467e-02 9.647689146256896442e-03 1.612092676181399453e-02 6.066015428612415994e-02 6.857042692491251146e-02 -7.646027554523622538e-02 -2.181381629845433393e-02 -4.312028357323244299e-02 1.975500172053377690e-01 -6.290894076334789531e-02 -7.320260407471020081e-02 -3.046697462264009310e-02 -1.631488928444916470e-02 8.531763411209934700e-02 -6.601980556538633582e-02 -5.792636847066508221e-02 -2.692381696324119139e-02 -3.872613593421334044e-02 -1.226656487255041277e-02 -6.511360936386303457e-03 -6.290894076334792306e-02 2.308904770393999384e-01 1.356183694015624004e-02 2.060572568758824510e-02 -4.270742100884222792e-02 9.837096516569660345e-03 -5.399781712858185007e-02 -6.751811925480576126e-02 -8.241070184501660123e-03 2.942725426729269830e-02 -6.484863953875338871e-02 1.516219129888812800e-02 -7.320260407471020081e-02 1.356183694015618627e-02 1.888791148182060731e-01 -9.219450182342325828e-03 3.281197152693428321e-02 -3.044760730768368909e-02 -5.582606427585698125e-03 2.613074368399609382e-03 -2.315403765687533075e-02 1.025793505521537669e-02 -1.712713992955073455e-02 -3.585806998112626293e-02 -3.046697462264009656e-02 2.060572568758823470e-02 -9.219450182342357053e-03 1.033136475246781566e-01 2.602269214419183907e-02 -4.856821326700903191e-02 -9.228920427211309563e-03 -3.645519092198696437e-02 4.557933160339878997e-02 -3.665200955734532196e-02 -6.250391622226454669e-02 -7.221581347136640794e-02 -1.631488928444915776e-02 -4.270742100884230424e-02 3.281197152693420688e-02 2.602269214419182866e-02 2.392926421298643969e-01
6.013126861520167593e-02 2.507046488788729210e-02 -8.655361372995504579e-03 -3.369148663154759860e-02 -1.347000832984611603e-02 2.985282174863037111e-02 1.445297565219865951e-02 -7.528462971099131318e-03 -2.631698503974858397e-03 2.830515920306373931e-02 -2.998818751602220015e-02 -4.922698053918946048e-02 -2.580680039194229239e-02 -2.764920249486525761e-02 -6.167973242948341338e-03 -3.011723511428523667e-02 -2.329924011796237482e-02 4.693512442610475038e-02 3.701828496445405681e-02 1.230201566976299975e-02 3.138108579185834579e-02 9.318357115808445501e-03 -1.990310450889551386e-02 -2.160665236172977163e-02 -2.600751851188742858e-03 6.210708693412347187e-02 -3.584373693524379057e-03 3.246472861875965288e-02 2.338264854997069292e-02 -2.445308513253519750e-02 1.255970200039961161e-02 1.735128649267494647e-02 -5.397771764674237638e-02 -9.574377247078514133e-03 -1.343401982877921730e-02 -3.988425608296076313e-02 4.332823117163293186e-02 2.053190740099779515e-03 4.287665681776432064e-02 -2.101500290371378227e-02 -3.111971694458858743e-03 2.366379678875981871e-02 -4.696720049493625926e-02 3.715013282464958017e-02 3.772108141879772399e-04 -6.480896781680861411e-03 -1.016987461386565685e-02 -4.716237098818013701e-02 1.592835614993104790e-02 8.347814894385987422e-03 -4.404949644710380585e-02 3.567110453710109486e-02 -2.866597676897807839e-02 -9.714495297229636811e-03 8.673559783765780531e-03 -2.758345240466375699e-03 6.082757088721097577e-02 -3.166308561566991142e-02 2.196561219717012899e-03 -5.179427502419328699e-03 -4.063644348833013453e-02 -1.400278050460426228e-02 1.841475302501567948e-02 1.641039801973024140e-02 6.100686803096876804e-02 1.793911560610478642e-02 1.297033033896235338e-02 3.853507823179965625e-02 -9.180042131037685627e-02 -2.506886169684389640e-02 -3.005687715053156212e-02 3.282749952002243787e-02 -2.814927714888050547e-02 -2.619899088940475310e-02 3.070856694771444476e-02 2.133232829473276360e-02 6.013589640159482455e-03 -3.108750787469354709e-02 -4.888985172619613601e-02 -2.702882675249204669e-02 -1.261913670376615081e-02 5.171354256169932717e-02 2.636249905733905816e-02 3.453668142718135936e-02 -3.431888769892522950e-02 -2.046567339027956928e-02 1.722553047792199643e-02 2.434378336847037652e-02 -3.490848888417196969e-03 -3.073347655472188911e-02 -2.431426602234509557e-02 5.536326633123082007e-03 2.637375004583105125e-03 -1.607844658457155971e-03 1.678770429986037880e-03 6.287776311394714657e-02 4.390831361161005864e-02 -1.377405871233024562e-02 4.218357026430172990e-02 -4.480893856367244160e-02 -4.307736969442048369e-02 1.768764698929373852e-02 1.269914216992738820e-02 -5.572685155481010844e-03 -1.074517320945542198e-02 -1.235076917431152804e-02 2.853515309241670336e-02 1.742282613600600397e-03 -6.578704988830652578e-02 2.682170267555604188e-03 -4.345412360537422719e-02 3.656042672915348068e-02 -3.569631979076932568e-03 -3.690428735315866293e-02 1.299397221041041772e-02 -1.421028161647927557e-02 1.426507209881178358e-02 7.465828268078678054e-03 2.425057406743180016e-02 5.179284584728343493e-02 5.376304933358125315e-02 3.988700216390809322e-03 -1.090652078225702506e-03 -4.011253813124539269e-02 8.808296300978901705e-04 2.701202983201582419e-02 -1.071734986536873949e-02 -2.100199779843708869e-02 5.319115480080009034e-02 -3.536860950030388390e-02 -9.473207425376814483e-03 -1.898612951053195441e-03 9.633319481187712502e-03 8.053557762149037708e-04 -5.415742053767624159e-02 6.021639147229780956e-03 2.834986159109047568e-02 -3.930428702756755266e-02 2.656982259682785091e-02 -2.903171047152564022e-02 2.525232713396972223e-02 2.841033781630785890e-02 2.056594281112369971e-02 -1.900847544409099352e-02
6.013126861520167593e-02 -2.580680039194229239e-02 -2.600751851188742858e-03 4.332823117163293186e-02 1.592835614993104790e-02 -4.063644348833013453e-02 -2.814927714888050547e-02 -3.431888769892522950e-02 4.390831361161005864e-02 -6.578704988830652578e-02 5.376304933358125315e-02 9.633319481187712502e-03 2.507046488788729210e-02 -2.764920249486525761e-02 6.210708693412347187e-02 2.053190740099779515e-03 8.347814894385987422e-03 -1.400278050460426228e-02 -2.619899088940475310e-02 -2.046567339027956928e-02 -1.377405871233024562e-02 2.682170267555604188e-03 3.988700216390809322e-03 8.053557762149037708e-04 -8.655361372995504579e-03 -6.167973242948341338e-03 -3.584373693524379057e-03 4.287665681776432064e-02 -4.404949644710380585e-02 1.841475302501567948e-02 3.070856694771444476e-02 1.722553047792199643e-02 4.218357026430172990e-02 -4.345412360537422719e-02 -1.090652078225702506e-03 -5.415742053767624159e-02 -3.369148663154759860e-02 -3.011723511428523667e-02 3.246472861875965288e-02 -2.101500290371378227e-02 3.567110453710109486e-02 1.641039801973024140e-02 2.133232829473276360e-02 2.434378336847037652e-02 -4.480893856367244160e-02 3.656042672915348068e-02 -4.011253813124539269e-02 6.021639147229780956e-03 -1.347000832984611603e-02 -2.329924011796237482e-02 2.338264854997069292e-02 -3.111971694458858743e-03 -2.866597676897807839e-02 6.100686803096876804e-02 6.013589640159482455e-03 -3.490848888417196969e-03 -4.307736969442048369e-02 -3.569631979076932568e-03 8.808296300978901705e-04 2.834986159109047568e-02 2.985282174863037111e-02 4.693512442610475038e-02 -2.445308513253519750e-02 2.366379678875981871e-02 -9.714495297229636811e-03 1.793911560610478642e-02 -3.108750787469354709e-02 -3.073347655472188911e-02 1.768764698929373852e-02 -3.690428735315866293e-02 2.701202983201582419e-02 -3.930428702756755266e-02 1.445297565219865951e-02 3.701828496445405681e-02 1.255970200039961161e-02 -4.696720049493625926e-02 8.673559783765780531e-03 1.297033033896235338e-02 -4.888985172619613601e-02 -2.431426602234509557e-02 1.269914216992738820e-02 1.299397221041041772e-02 -1.071734986536873949e-02 2.656982259682785091e-02 -7.528462971099131318e-03 1.230201566976299975e-02 1.735128649267494647e-02 3.715013282464958017e-02 -2.758345240466375699e-03 3.853507823179965625e-02 -2.702882675249204669e-02 5.536326633123082007e-03 -5.572685155481010844e-03 -1.421028161647927557e-02 -2.100199779843708869e-02 -2.903171047152564022e-02 -2.631698503974858397e-03 3.138108579185834579e-02 -5.397771764674237638e-02 3.772108141879772399e-04 6.082757088721097577e-02 -9.180042131037685627e-02 -1.261913670376615081e-02 2.637375004583105125e-03 -1.074517320945542198e-02 1.426507209881178358e-02 5.319115480080009034e-02 2.525232713396972223e-02 2.830515920306373931e-02 9.318357115808445501e-03 -9.574377247078514133e-03 -6.480896781680861411e-03 -3.166308561566991142e-02 -2.506886169684389640e-02 5.171354256169932717e-02 -1.607844658457155971e-03 -1.235076917431152804e-02 7.465828268078678054e-03 -3.536860950030388390e-02 2.841033781630785890e-02 -2.998818751602220015e-02 -1.990310450889551386e-02 -1.343401982877921730e-02 -1.016987461386565685e-02 2.196561219717012899e-03 -3.005687715053156212e-02 2.636249905733905816e-02 1.678770429986037880e-03 2.853515309241670336e-02 2.425057406743180016e-02 -9.473207425376814483e-03 2.056594281112369971e-02 -4.922698053918946048e-02 -2.160665236172977163e-02 -3.988425608296076313e-02 -4.716237098818013701e-02 -5.179427502419328699e-03 3.282749952002243787e-02 3.453668142718135936e-02 6.287776311394714657e-02 1.742282613600600397e-03 5.179284584728343493e-02 -1.898612951053195441e-03 -1.900847544409099352e-02
1.787390186799587277e-01 2.268759837182470450e-03 -1.354702228130876852e-02 -2.881963314724837397e-02 1.090668065022296594e-02 -2.722407431157415972e-02 -6.587314360242450817e-03 -3.447341414071122823e-02 2.103056656176208183e-02 -1.132968057897284081e-01 3.024987712151111161e-02 6.464367117251361775e-03 2.268759837182571064e-03 1.970810798039428768e-01 1.166446340138440653e-02 -3.001347692735095024e-02 3.665252782577017865e-02 -5.787468364570418772e-02 -1.512646852859262335e-02 -6.837618860222469119e-02 -2.548785440869892160e-04 -2.077916028795424863e-02 2.027051998895341208e-03 -3.316196251755808982e-02 -1.354702228130880495e-02 1.166446340138425908e-02 1.926999852908186095e-01 -7.328892996920381361e-03 -1.395732583678251440e-02 -1.765305637007486342e-02 3.893194205913761557e-02 -5.338810104849801147e-02 -1.330668316011407795e-02 3.955145948627968901e-03 -4.982183480520073482e-02 -6.152392872036132471e-02 -2.881963314724839131e-02 -3.001347692735101269e-02 -7.328892996920330187e-03 1.723946442906488241e-01 -1.419714440571871045e-02 5.088590432735585686e-03 -6.175568914872482662e-02 -2.804635474511670001e-02 8.563648689046099785e-03 -5.461176361210942631e-02 2.913451012183151251e-02 -2.273739444780778496e-02 1.090668065022276471e-02 3.665252782577006069e-02 -1.395732583678242419e-02 -1.419714440571837391e-02 1.940885537509949577e-01 -1.127768614515081702e-01 -9.145339346708740436e-02 -7.775443897573824231e-03 -9.032332361494683701e-03 -2.664976946379229647e-02 -3.315567311079971411e-03 6.506832769243099668e-02 -2.722407431157413196e-02 -5.787468364570388241e-02 -1.765305637007505424e-02 5.088590432735442572e-03 -1.127768614515077955e-01 2.510971938616624044e-01 -2.027463993001817066e-02 5.873698755456082526e-02 -5.674017777927058831e-02 -9.344832889255109618e-03 -5.971795407487170276e-02 -1.247760885928712003e-02 -6.587314360242309437e-03 -1.512646852859268233e-02 3.893194205913753925e-02 -6.175568914872519438e-02 -9.145339346708755701e-02 -2.027463993001776127e-02 2.112242752854916195e-01 2.834701100213856545e-02 -1.549538569576258597e-03 1.258217039853344252e-02 7.804965462263232763e-04 -6.543378515380977867e-02 -3.447341414071125598e-02 -6.837618860222458017e-02 -5.338810104849819882e-02 -2.804635474511676593e-02 -7.775443897573771322e-03 5.873698755456084608e-02 2.834701100213843361e-02 1.096053178822680302e-01 -1.728408025560906197e-02 2.920045671385686561e-02 -4.028609177460552859e-02 6.541226894986584654e-03 2.103056656176215122e-02 -2.548785440871188866e-04 -1.330668316011410918e-02 8.563648689046028661e-03 -9.032332361494876255e-03 -5.674017777927046341e-02 -1.549538569576091413e-03 -1.728408025560903422e-02 1.282579825515535177e-01 -2.525592432748539895e-02 1.150061962940034273e-02 -2.844073706532213724e-02 -1.132968057897282138e-01 -2.077916028795409598e-02 3.955145948628020942e-03 -5.461176361210937774e-02 -2.664976946379234851e-02 -9.344832889255149516e-03 1.258217039853341650e-02 2.920045671385676500e-02 -2.525592432748533650e-02 2.227231180582077419e-01 -3.004228506099328871e-02 1.942939129265317281e-03 3.024987712151117059e-02 2.027051998895383275e-03 -4.982183480520056135e-02 2.913451012183141189e-02 -3.315567311080039499e-03 -5.971795407487164031e-02 7.804965462264349492e-04 -4.028609177460556329e-02 1.150061962940028895e-02 -3.004228506099334076e-02 1.993820256218266640e-01 -2.353036610473834001e-02 6.464367117251157945e-03 -3.316196251755811064e-02 -6.152392872036131777e-02 -2.273739444780753863e-02 6.506832769243112158e-02 -1.247760885928734208e-02 -6.543378515380990357e-02 6.541226894986535215e-03 -2.844073706532216153e-02 1.942939129265536073e-03 -2.353036610473828102e-02 1.790610769741369790e-01
5.239649530440305264e-02 -3.548179120916564872e-02 -6.104256687499534650e-02 1.118312683365965850e-02 -4.492260465112508233e-02 5.792885004018589329e-02 -1.890614419197231624e-02 1.928855018733046517e-02 6.499648054713461423e-03 -1.691610947681516583e-02 2.272559106285735459e-02 -1.006417189493371070e-02 2.311287789567008713e-02 1.155471134459298485e-02 2.857030489731706563e-03 -2.186542126524280982e-02 5.903300223781387385e-02 -5.761438044918175405e-02 -1.752596221815844874e-02 -7.592649926741082238e-03 1.607752384535477905e-02 -1.339061336110242834e-02 -1.501194499656040640e-02 3.498346572008553118e-02 -1.597347361147417530e-02 4.080300296301637986e-02 1.036235900816844142e-02 -5.985532646488246622e-02 -1.708844167934496852e-02 3.340138044118440546e-03 1.464038679123102864e-02 -1.218005967496110960e-02 -2.596771754974849800e-02 6.080530654361853554e-02 -1.067619669560030370e-02 2.304241106037831915e-02 2.733932410034986549e-02 -8.449599823450533800e-03 -5.347832127848980988e-02 4.417098568895738188e-03 2.392915099175654814e-02 -4.525756815627250684e-02 1.211064668131711826e-02 2.624665309253147380e-03 6.398280000645110814e-03 -3.329906384918110418e-02 5.455789990676489232e-02 3.205645761012275441e-02 -1.560607033845465633e-02 -2.383097907395271414e-02 1.829964889798317215e-02 -2.936638417448713193e-02 -3.336768200899402348e-02 4.528919218140534803e-02 5.234963082250196353e-02 4.341573727351247247e-02 -4.437709735575505639e-03 1.218360795338234784e-02 -5.326337638580579820e-02 -2.729169984163479570e-02 1.061286549441639929e-02 5.699707843905297416e-02 3.289130676073637877e-02 6.600295925107461936e-03 -2.793968073052121442e-02 -4.272285365438988070e-02 2.156071861129062531e-02 -6.059303119064121668e-02 2.520724578381301761e-02 -9.673592936065759582e-03 6.002650610095679184e-02 -4.455729983937056077e-02 -4.770528654022363618e-02 -4.366823394167842348e-02 1.249263069274215987e-02 5.841009517492014996e-02 -4.291711779032505308e-02 4.077049665849442894e-02 2.362156333040090102e-03 8.163845094680903178e-03 1.456566333970269779e-02 -9.604255980508140736e-03 -1.597169633801464109e-02 4.705362067607707886e-03 -3.782161687108558990e-04 -6.297832565624422903e-03 3.104472497847898110e-02 -2.565353388673761829e-03 1.994580461607213182e-02 -6.915178071241193103e-02 1.627920269690934577e-02 -6.596699704910219744e-03 3.309076960612124252e-02 3.160855867049537637e-02 -6.620679332889080858e-03 -3.214691895422740198e-02 4.585444021896820793e-02 4.232850994804610023e-04 5.270261534756296579e-03 -3.411234700497194766e-02 1.091403693098656758e-02 2.281619691918614426e-02 2.495787443536554018e-02 1.687263654383168443e-02 -7.139357512569723466e-03 -5.860355205969491887e-02 2.361738832857715464e-03 -1.760656229400521522e-02 1.608013868174690969e-02 1.535530223879227885e-02 -9.684536272796870696e-03 1.477953708584415528e-02 4.857624728690445454e-02 -2.246227913578452418e-03 -6.383922036566028191e-02 -3.881310623295337447e-03 -1.457170960745107074e-02 -2.400743061103603054e-02 -3.348746770955933483e-02 4.528435579606171490e-02 -4.451740431215867738e-02 1.389153996519468248e-02 6.365516677326889250e-02 2.565489740749318792e-02 1.768051115509017973e-02 2.394204520080853160e-02 -2.073781201504585475e-02 -1.434905140648531571e-02 -3.607180018935636501e-02 1.903784878818332721e-03 -1.608318027514385115e-02 -2.316957860922618656e-02 -5.297914226814197380e-02 3.360831844893465148e-02 -2.635644775554709870e-02 2.280505159572195073e-02 1.256981223437880074e-02 -1.696900442757211594e-02 -2.933797959743028941e-02 -2.030284543567680705e-02 -3.327085280576085394e-03 4.027586908318653292e-02 3.094667178419621342e-02 1.162405593409557292e-02
5.239649530440305264e-02 2.311287789567008713e-02 -1.597347361147417530e-02 2.733932410034986549e-02 -1.560607033845465633e-02 1.061286549441639929e-02 -4.770528654022363618e-02 -3.782161687108558990e-04 4.585444021896820793e-02 1.608013868174690969e-02 -4.451740431215867738e-02 -5.297914226814197380e-02 -3.548179120916564872e-02 1.155471134459298485e-02 4.080300296301637986e-02 -8.449599823450533800e-03 -2.383097907395271414e-02 5.699707843905297416e-02 -4.366823394167842348e-02 -6.297832565624422903e-03 4.232850994804610023e-04 1.535530223879227885e-02 1.389153996519468248e-02 3.360831844893465148e-02 -6.104256687499534650e-02 2.857030489731706563e-03 1.036235900816844142e-02 -5.347832127848980988e-02 1.829964889798317215e-02 3.289130676073637877e-02 1.249263069274215987e-02 3.104472497847898110e-02 5.270261534756296579e-03 -9.684536272796870696e-03 6.365516677326889250e-02 -2.635644775554709870e-02 1.118312683365965850e-02 -2.186542126524280982e-02 -5.985532646488246622e-02 4.417098568895738188e-03 -2.936638417448713193e-02 6.600295925107461936e-03 5.841009517492014996e-02 -2.565353388673761829e-03 -3.411234700497194766e-02 1.477953708584415528e-02 2.565489740749318792e-02 2.280505159572195073e-02 -4.492260465112508233e-02 5.903300223781387385e-02 -1.708844167934496852e-02 2.392915099175654814e-02 -3.336768200899402348e-02 -2.793968073052121442e-02 -4.291711779032505308e-02 1.994580461607213182e-02 1.091403693098656758e-02 4.857624728690445454e-02 1.768051115509017973e-02 1.256981223437880074e-02 5.792885004018589329e-02 -5.761438044918175405e-02 3.340138044118440546e-03 -4.525756815627250684e-02 4.528919218140534803e-02 -4.272285365438988070e-02 4.077049665849442894e-02 -6.915178071241193103e-02 2.281619691918614426e-02 -2.246227913578452418e-03 2.394204520080853160e-02 -1.696900442757211594e-02 -1.890614419197231624e-02 -1.752596221815844874e-02 1.464038679123102864e-02 1.211064668131711826e-02 5.234963082250196353e-02 2.156071861129062531e-02 2.362156333040090102e-03 1.627920269690934577e-02 2.495787443536554018e-02 -6.383922036566028191e-02 -2.073781201504585475e-02 -2.933797959743028941e-02 1.928855018733046517e-02 -7.592649926741082238e-03 -1.218005967496110960e-02 2.624665309253147380e-03 4.341573727351247247e-02 -6.059303119064121668e-02 8.163845094680903178e-03 -6.596699704910219744e-03 1.687263654383168443e-02 -3.881310623295337447e-03 -1.434905140648531571e-02 -2.030284543567680705e-02 6.499648054713461423e-03 1.607752384535477905e-02 -2.596771754974849800e-02 6.398280000645110814e-03 -4.437709735575505639e-03 2.520724578381301761e-02 1.456566333970269779e-02 3.309076960612124252e-02 -7.139357512569723466e-03 -1.457170960745107074e-02 -3.607180018935636501e-02 -3.327085280576085394e-03 -1.691610947681516583e-02 -1.339061336110242834e-02 6.080530654361853554e-02 -3.329906384918110418e-02 1.218360795338234784e-02 -9.673592936065759582e-03 -9.604255980508140736e-03 3.160855867049537637e-02 -5.860355205969491887e-02 -2.400743061103603054e-02 1.903784878818332721e-03 4.027586908318653292e-02 2.272559106285735459e-02 -1.501194499656040640e-02 -1.067619669560030370e-02 5.455789990676489232e-02 -5.326337638580579820e-02 6.002650610095679184e-02 -1.597169633801464109e-02 -6.620679332889080858e-03 2.361738832857715464e-03 -3.348746770955933483e-02 -1.608318027514385115e-02 3.094667178419621342e-02 -1.006417189493371070e-02 3.498346572008553118e-02 2.304241106037831915e-02 3.205645761012275441e-02 -2.729169984163479570e-02 -4.455729983937056077e-02 4.705362067607707886e-03 -3.214691895422740198e-02 -1.760656229400521522e-02 4.528435579606171490e-02 -2.316957860922618656e-02 1.162405593409557292e-02
3.255242804458903239e-01 3.656739848219713040e-02 -1.007209792697627039e-02 7.697782398399845467e-03 6.194211756679618430e-02 -1.522453269645209981e-02 2.632249224445491059e-02 -8.753297915572504084e-02 -7.286045646533174935e-02 -8.428608840773293975e-02 -6.066923802799967930e-02 -9.151066812141407658e-02 3.656739848219726918e-02 2.524977885180244574e-01 7.760345475040392529e-03 -2.032237808008178701e-02 -1.278767848195281887e-01 8.736048709346539570e-03 -4.539437607592511359e-02 -3.731672232173478126e-02 -4.914758026142918013e-02 -3.588423301868828852e-02 -2.573415735564973245e-02 5.686297191811341689e-02 -1.007209792697632417e-02 7.760345475040334416e-03 2.630515954328849215e-01 1.575507008250609173e-02 -7.369833593566026131e-02 8.655054296328014776e-03 -6.481806037883930914e-03 4.856501451219843307e-02 -6.446830140061324266e-02 -1.092205283721229131e-01 4.294679545546737504e-02 -6.123426113705700974e-02 7.697782398399826385e-03 -2.032237808008183905e-02 1.575507008250612295e-02 1.992392384418005258e-01 -4.600198531543865654e-02 -2.277414909309677035e-02 -2.644826204742694101e-02 1.595539967024922970e-02 -8.065723494348142619e-02 -6.046903437383706684e-03 1.542031274825121992e-02 -1.915111253515041495e-02 6.194211756679578185e-02 -1.278767848195281054e-01 -7.369833593566024743e-02 -4.600198531543850389e-02 4.901005071479437869e-01 -9.899858329829074738e-03 -6.342695784865688691e-02 -1.304593456481823247e-02 -1.034281529701041313e-01 -5.503746807402142005e-02 -4.131345348613282842e-02 -4.022076071515365975e-02 -1.522453269645213624e-02 8.736048709346634980e-03 8.655054296328165697e-03 -2.277414909309674954e-02 -9.899858329829100759e-03 2.960215797853921194e-01 -5.617679840793025209e-02 -2.306239736892651520e-04 -8.721023249142573208e-02 1.917240155390372708e-02 -5.083661058275763811e-02 1.195722703325222645e-02 2.632249224445493488e-02 -4.539437607592534257e-02 -6.481806037884066223e-03 -2.644826204742698958e-02 -6.342695784865656772e-02 -5.617679840793032842e-02 2.491446919810748895e-01 -1.790327791011734129e-02 3.575594495461861116e-02 -5.140610762117042709e-02 -1.584846796003907404e-02 -1.114793252940190910e-01 -8.753297915572499921e-02 -3.731672232173473963e-02 4.856501451219844001e-02 1.595539967024919153e-02 -1.304593456481816134e-02 -2.306239736893108782e-04 -1.790327791011727190e-02 2.233712961932197982e-01 6.006406383215871780e-02 -4.894856737029616711e-02 -8.329006581230175010e-02 1.111781629027436789e-02 -7.286045646533152731e-02 -4.914758026142909686e-02 -6.446830140061335368e-02 -8.065723494348152334e-02 -1.034281529701039509e-01 -8.721023249142559330e-02 3.575594495461856259e-02 6.006406383215871780e-02 3.000700728661970795e-01 5.966628466515346008e-02 -4.606046545933957514e-02 -4.013660908152584007e-03 -8.428608840773289812e-02 -3.588423301868819831e-02 -1.092205283721229686e-01 -6.046903437383760460e-03 -5.503746807402166985e-02 1.917240155390380688e-02 -5.140610762117049648e-02 -4.894856737029605609e-02 5.966628466515361967e-02 2.373100793841972089e-01 2.660472111282755764e-02 3.946525128497221230e-02 -6.066923802799969317e-02 -2.573415735564976367e-02 4.294679545546732646e-02 1.542031274825122686e-02 -4.131345348613297414e-02 -5.083661058275768668e-02 -1.584846796003912262e-02 -8.329006581230172235e-02 -4.606046545933942943e-02 2.660472111282763050e-02 2.765189928580201184e-01 -1.007170176557658885e-02 -9.151066812141395168e-02 5.686297191811364587e-02 -6.123426113705699586e-02 -1.915111253515039413e-02 -4.022076071515397894e-02 1.195722703325235656e-02 -1.114793252940190493e-01 1.111781629027439391e-02 -4.013660908152583140e-03 3.946525128497208046e-02 -1.007170176557666171e-02 2.575070165213672047e-01
2.205116151122328214e-02 -2.512761775103309128e-02 -5.966989411934298104e-02 1.132528135164271102e-02 5.731187911249880501e-02 2.991180842480712331e-03 -3.241278326963902001e-02 7.541096564888656421e-03 1.844026039377581055e-02 2.268172685576979805e-02 -6.447984643289138285e-02 3.858493570010923523e-02 -4.856879125042681822e-02 -4.079173201149480926e-02 -2.791699113461407547e-02 -1.314847699484626015e-02 -2.197158965461211422e-02 5.016563906834007464e-02 4.440809763466253141e-02 5.448866572889718429e-02 6.261297263814633030e-02 1.620823663133278900e-02 -5.773772465443477442e-02 -2.634933388269485033e-02 -6.509111799798357467e-03 1.030602068106741508e-02 4.352531954303845430e-02 1.050943397349929365e-02 -4.243081187799724319e-02 -1.124229168445306341e-02 -1.411137052374393519e-02 3.382553120856222895e-02 1.682962664016125418e-02 -3.698097737100025650e-02 1.503341987316187192e-03 1.484443689885264761e-02 -1.471142188651528189e-02 -1.500160000003265999e-02 -3.342687816812745655e-02 -5.216690838874772640e-02 8.948684595467479297e-02 2.660583076031718900e-03 -3.857744886218570507e-02 3.289000212447211469e-02 4.295120207470913554e-02 6.350438964890092221e-03 -4.693566217440686694e-02 2.397591641785821320e-02 -2.019300712612016619e-03 -2.479087406065147089e-02 -2.954923056975625878e-02 -2.433997561448892136e-02 8.436164984940618117e-03 4.315612142296903347e-02 -3.403544220764272415e-03 -3.862279169107632470e-02 4.847427346130986359e-03 5.402547168652405835e-02 2.059607160752189962e-03 4.506002762836063685e-03 6.658427025828808632e-02 3.744445459623314820e-02 2.549774404046209128e-02 5.341482089710083980e-02 -2.746934903226921909e-02 -1.169302693787093589e-02 2.581015009788310832e-02 -1.932366900876667654e-02 -7.384689193649061900e-02 -3.512012889263445292e-02 2.478112170036102149e-03 -3.245480389997913023e-02 -1.933405627469253138e-02 -1.387973760457075593e-03 1.160347297411642477e-02 1.333338622924870945e-02 -7.663461264979896936e-02 -2.181963179992772381e-02 4.571324446953419635e-02 1.228957868525012466e-02 3.277621863771699312e-02 -1.863841505329987339e-02 2.953374768488241028e-02 -1.235365017553242094e-02 1.032549756630158320e-02 -1.396571898949037181e-02 7.560247268976591495e-02 -1.062244028102332042e-03 5.362828417621617189e-02 -4.223082224091250642e-02 4.878340260205308795e-03 4.690097417782106842e-02 -2.188030095312908097e-02 -7.934634988041316950e-02 7.608953402846164310e-03 -2.641498277765572111e-02 -2.519918113941740923e-02 5.412517299339119486e-02 6.697041042288610913e-03 8.162934099348297112e-03 -3.021968425558312771e-02 1.927977072751224652e-02 -6.260938833848669893e-02 -3.639108569176014579e-02 -2.074124649700954948e-02 3.628609732138646932e-02 5.660705913599337058e-02 1.258544872051005348e-02 1.928264196315224860e-02 3.400753283360399143e-02 -8.186179617549281529e-02 2.578292995672054611e-04 -2.150611200160813807e-02 -3.129768154448923229e-02 2.863534335692143051e-02 -4.891031768180480882e-02 8.004716447005094659e-03 3.870329936301343532e-02 8.739714370056141102e-03 1.418513997163241280e-02 6.133793536793373871e-03 2.246161958445343915e-02 2.760520783767194536e-02 -2.110212180949258554e-02 -6.769302313021134665e-03 1.726201369162460100e-02 -1.476643976658109994e-03 -2.626111616141890703e-02 -2.750992199068399979e-02 -1.656587526364800000e-04 3.974679338090172931e-02 -2.269657638628929525e-02 1.954057048525275134e-02 -2.028789894869434743e-02 3.616277511024271196e-02 1.465473568362539447e-02 -6.003458345033990673e-04 9.997368954606580815e-03 1.701668673371512300e-02 -1.700406880825421074e-02 -3.427704785157970058e-02 -1.096524138872565987e-02 8.298899508122100158e-03 -1.737168734219049146e-02
2.205116151122328214e-02 -4.856879125042681822e-02 -6.509111799798357467e-03 -1.471142188651528189e-02 -2.019300712612016619e-03 6.658427025828808632e-02 -1.933405627469253138e-02 1.032549756630158320e-02 -2.519918113941740923e-02 1.928264196315224860e-02 6.133793536793373871e-03 1.954057048525275134e-02 -2.512761775103309128e-02 -4.079173201149480926e-02 1.030602068106741508e-02 -1.500160000003265999e-02 -2.479087406065147089e-02 3.744445459623314820e-02 -1.387973760457075593e-03 -1.396571898949037181e-02 5.412517299339119486e-02 3.400753283360399143e-02 2.246161958445343915e-02 -2.028789894869434743e-02 -5.966989411934298104e-02 -2.791699113461407547e-02 4.352531954303845430e-02 -3.342687816812745655e-02 -2.954923056975625878e-02 2.549774404046209128e-02 1.160347297411642477e-02 7.560247268976591495e-02 6.697041042288610913e-03 -8.186179617549281529e-02 2.760520783767194536e-02 3.616277511024271196e-02 1.132528135164271102e-02 -1.314847699484626015e-02 1.050943397349929365e-02 -5.216690838874772640e-02 -2.433997561448892136e-02 5.341482089710083980e-02 1.333338622924870945e-02 -1.062244028102332042e-03 8.162934099348297112e-03 2.578292995672054611e-04 -2.110212180949258554e-02 1.465473568362539447e-02 5.731187911249880501e-02 -2.197158965461211422e-02 -4.243081187799724319e-02 8.948684595467479297e-02 8.436164984940618117e-03 -2.746934903226921909e-02 -7.663461264979896936e-02 5.362828417621617189e-02 -3.021968425558312771e-02 -2.150611200160813807e-02 -6.769302313021134665e-03 -6.003458345033990673e-04 2.991180842480712331e-03 5.016563906834007464e-02 -1.124229168445306341e-02 2.660583076031718900e-03 4.315612142296903347e-02 -1.169302693787093589e-02 -2.181963179992772381e-02 -4.223082224091250642e-02 1.927977072751224652e-02 -3.129768154448923229e-02 1.726201369162460100e-02 9.997368954606580815e-03 -3.241278326963902001e-02 4.440809763466253141e-02 -1.411137052374393519e-02 -3.857744886218570507e-02 -3.403544220764272415e-03 2.581015009788310832e-02 4.571324446953419635e-02 4.878340260205308795e-03 -6.260938833848669893e-02 2.863534335692143051e-02 -1.476643976658109994e-03 1.701668673371512300e-02 7.541096564888656421e-03 5.448866572889718429e-02 3.382553120856222895e-02 3.289000212447211469e-02 -3.862279169107632470e-02 -1.932366900876667654e-02 1.228957868525012466e-02 4.690097417782106842e-02 -3.639108569176014579e-02 -4.891031768180480882e-02 -2.626111616141890703e-02 -1.700406880825421074e-02 1.844026039377581055e-02 6.261297263814633030e-02 1.682962664016125418e-02 4.295120207470913554e-02 4.847427346130986359e-03 -7.384689193649061900e-02 3.277621863771699312e-02 -2.188030095312908097e-02 -2.074124649700954948e-02 8.004716447005094659e-03 -2.750992199068399979e-02 -3.427704785157970058e-02 2.268172685576979805e-02 1.620823663133278900e-02 -3.698097737100025650e-02 6.350438964890092221e-03 5.402547168652405835e-02 -3.512012889263445292e-02 -1.863841505329987339e-02 -7.934634988041316950e-02 3.628609732138646932e-02 3.870329936301343532e-02 -1.656587526364800000e-04 -1.096524138872565987e-02 -6.447984643289138285e-02 -5.773772465443477442e-02 1.503341987316187192e-03 -4.693566217440686694e-02 2.059607160752189962e-03 2.478112170036102149e-03 2.953374768488241028e-02 7.608953402846164310e-03 5.660705913599337058e-02 8.739714370056141102e-03 3.974679338090172931e-02 8.298899508122100158e-03 3.858493570010923523e-02 -2.634933388269485033e-02 1.484443689885264761e-02 2.397591641785821320e-02 4.506002762836063685e-03 -3.245480389997913023e-02 -1.235365017553242094e-02 -2.641498277765572111e-02 1.258544872051005348e-02 1.418513997163241280e-02 -2.269657638628929525e-02 -1.737168734219049146e-02
2.106444794066475446e-01 -4.968103905821062705e-02 2.357466164175409107e-02 6.724497872358890793e-02 1.935649124304682223e-02 8.059798245840733150e-03 -6.369774707904751754e-02 -5.147112549768452505e-02 -1.055281160871692110e-02 -1.342534395012721059e-02 -6.273203406083181777e-02 -1.771825148838225908e-02 -4.968103905821050215e-02 3.364520935770067833e-01 -2.878307054805826284e-02 -3.181489312461834029e-02 -6.280568035660447079e-02 -4.923995041432659842e-02 6.354551346763040454e-02 -3.025923496379916491e-02 -3.428930740827649398e-02 -7.364784274456440127e-02 -4.280067652024376057e-02 -2.655673600580057622e-02 2.357466164175401821e-02 -2.878307054805814141e-02 2.288396292128740683e-01 2.631635515505998876e-02 -1.425215685883147836e-02 2.459890343892433620e-02 4.456448381162964045e-02 -2.310214384653476796e-02 -5.139920957486882047e-02 -1.189679894444054947e-01 7.569837951910644326e-03 -6.767766791076708366e-02 6.724497872358876915e-02 -3.181489312461852764e-02 2.631635515506003734e-02 2.189977881226503331e-01 4.197153449445641810e-02 -3.683093943524573532e-02 -1.066851065997865972e-01 -2.448800720857200949e-02 -8.108047287644377238e-03 -1.630918784806814235e-03 6.170791868772461386e-02 -1.382805314190040102e-01 1.935649124304675284e-02 -6.280568035660440140e-02 -1.425215685883148703e-02 4.197153449445652218e-02 1.596575794165309703e-01 -9.344800908052014118e-03 -7.988872517138212448e-02 -7.397342746367881194e-02 -3.612600398105544203e-02 -1.628868573133044825e-02 6.097403240938097102e-02 2.784740707009110069e-02 8.059798245840786926e-03 -4.923995041432676495e-02 2.459890343892442294e-02 -3.683093943524568675e-02 -9.344800908051927382e-03 2.940552880498404353e-01 -1.654426880762921159e-01 2.540719491777720246e-02 -5.692547907285512576e-02 -9.652405120764231961e-02 8.158174543623603059e-02 3.928060830967596700e-02 -6.369774707904753142e-02 6.354551346763079311e-02 4.456448381162952249e-02 -1.066851065997869025e-01 -7.988872517138216611e-02 -1.654426880762921992e-01 2.860953650384005509e-01 2.182796328424706223e-02 -7.104377304291953875e-03 9.146857837504361599e-02 -1.009827037327372945e-01 -1.064656512179558076e-02 -5.147112549768448342e-02 -3.025923496379927941e-02 -2.310214384653485470e-02 -2.448800720857230093e-02 -7.397342746367872868e-02 2.540719491777728919e-02 2.182796328424714202e-02 2.355040086911500963e-01 -7.359809063235354942e-02 -8.272554735098132384e-02 1.322172073823767993e-03 9.300545355145706239e-02 -1.055281160871693324e-02 -3.428930740827655643e-02 -5.139920957486870945e-02 -8.108047287644182949e-03 -3.612600398105547672e-02 -5.692547907285509801e-02 -7.104377304292050152e-03 -7.359809063235353555e-02 2.489593997211080878e-01 1.076378366396745223e-01 -3.776020478133815944e-02 -4.083510020423519737e-02 -1.342534395012725396e-02 -7.364784274456429025e-02 -1.189679894444053143e-01 -1.630918784806864542e-03 -1.628868573133051764e-02 -9.652405120764237512e-02 9.146857837504375477e-02 -8.272554735098140710e-02 1.076378366396745501e-01 3.406130993013624098e-01 -8.044214456815680647e-02 -6.915821454896499410e-02 -6.273203406083190103e-02 -4.280067652024378833e-02 7.569837951910680755e-03 6.170791868772451672e-02 6.097403240938088081e-02 8.158174543623597508e-02 -1.009827037327370586e-01 1.322172073823872510e-03 -3.776020478133824965e-02 -8.044214456815672321e-02 1.822974077113832803e-01 -4.642313357512942162e-02 -1.771825148838214806e-02 -2.655673600580058316e-02 -6.767766791076723631e-02 -1.382805314190039547e-01 2.784740707009125335e-02 3.928060830967602252e-02 -1.064656512179586526e-02 9.300545355145682647e-02 -4.083510020423501002e-02 -6.915821454896491083e-02 -4.642313357512940775e-02 2.392476641908472812e-01
-5.695818713742213830e-03 2.901771321425895486e-03 1.298858028736035643e-03 1.236300392023237035e-02 6.835432946938689580e-03 -4.325395179384150524e-02 3.749897426657605726e-02 -6.545873337158381738e-03 -7.540511463007177573e-06 3.075082690132628985e-02 -3.422345509885998255e-03 -3.403836968473880620e-02 2.581850897453144555e-02 -3.636167104138622597e-02 -1.890001332487012409e-02 -9.662255514546053137e-03 3.355978196337175423e-02 1.855682111977883728e-02 -2.167734758512543380e-02 -2.396105051156257465e-02 -7.190208390416574086e-03 3.445455709836028196e-02 -2.543125452279562659e-02 3.842198000708351574e-02 -1.814456716499041056e-02 -2.696287744691822433e-02 8.976577180136531900e-03 1.212736732993843249e-02 7.611619433833761474e-03 1.962648189148779535e-03 -5.469000678489757336e-03 1.381351230907324965e-02 -1.492170154135402833e-02 2.885294329811289790e-02 -1.697314985425718917e-02 1.323729709138454086e-02 -1.476477779715199001e-02 2.420986357802728389e-02 2.112703832719254465e-02 1.186583309807969985e-02 -4.532321310823003366e-03 2.379929702647168299e-02 -2.057799931472754223e-02 -1.250364599882346391e-02 1.715332626816791148e-02 -3.625507069657112058e-02 1.287622095376602174e-02 -9.926852535547094417e-03 -7.427312982082620238e-03 -2.904292202845701332e-02 -4.692719228313780438e-02 3.794329273236861887e-03 -1.462196118930268914e-02 -2.818817893877248199e-03 -9.215228478018354721e-03 5.907928239116163466e-02 -1.121405525365285968e-02 3.539851818330293221e-02 -9.049552270283497610e-03 2.869961586755758257e-02 1.946824044103288506e-02 -2.627388960713843841e-02 -2.273634210921631621e-02 1.405324591952966488e-02 1.119663187609151560e-02 8.922500521924725536e-03 -1.216220884830304140e-02 -2.669468188901055316e-03 -8.906383590245311316e-03 2.571522241183682791e-02 5.958521631404021558e-03 -2.568876742429549147e-03 2.720650694522343607e-02 -2.954775098167080130e-02 5.046936988421813278e-03 1.436001734974041294e-02 2.472789726714894401e-02 -7.652810543890733140e-03 6.509655950490875718e-03 -2.586988046803010560e-02 -6.335897261423888670e-03 1.101986386285580891e-02 2.122992159742878929e-02 -2.969234102955875532e-02 -9.416549307892898429e-03 3.430304708106410305e-02 5.169660484641071252e-02 2.873356931984644060e-03 -2.561753995557795177e-02 4.135091611425627603e-03 -2.922095968138974792e-03 -1.022485142416812431e-02 4.896926383720717757e-03 -6.170507595717121541e-02 1.795368167259841011e-02 -9.509412348523206895e-03 -1.417443945397820360e-03 5.106968438245073488e-02 -3.010888246803028120e-02 -6.543474479327933413e-02 -1.418171300965366012e-02 4.222022514907431551e-02 -1.937870424584384535e-02 3.514145306226556381e-02 4.254533591492508197e-03 -7.252022393515655807e-02 3.848972824625026233e-03 5.500255018386154826e-02 3.705083446118417889e-03 1.021692000104786578e-02 5.558383643408888741e-03 -1.530109344316604725e-03 -9.480268960749934498e-03 -9.315498696436046167e-03 8.040763738214232181e-03 -2.705673476069450287e-02 9.340542796992095873e-03 7.183654037974301909e-03 7.320547566895561908e-03 -9.610419213024835872e-03 -1.202694263025290769e-02 3.177945519179477263e-02 4.024420016595167682e-02 1.798678353217612533e-02 2.375343220468315725e-03 -1.089082665953856888e-02 7.157940271995063414e-03 -2.385547188200904528e-02 1.888710263334389405e-02 -3.408579877455942403e-02 1.586730135418018550e-02 -4.454864708214707758e-02 -1.159281723326730656e-02 1.356418994130273448e-02 1.000673774147373130e-02 2.732731216291764409e-03 -1.216177660831974268e-02 -1.128712914381510904e-02 6.585607921368030748e-03 7.616300192420646584e-04 5.891328049164741218e-03 1.355479321840053625e-02 -1.357044701836231104e-02 -9.017226547693359129e-03
-5.695818713742213830e-03 2.581850897453144555e-02 -1.814456716499041056e-02 -1.476477779715199001e-02 -7.427312982082620238e-03 1.946824044103288506e-02 2.720650694522343607e-02 -9.416549307892898429e-03 -1.417443945397820360e-03 3.705083446118417889e-03 -1.202694263025290769e-02 -1.159281723326730656e-02 2.901771321425895486e-03 -3.636167104138622597e-02 -2.696287744691822433e-02 2.420986357802728389e-02 -2.904292202845701332e-02 -2.627388960713843841e-02 -2.954775098167080130e-02 3.430304708106410305e-02 5.106968438245073488e-02 1.021692000104786578e-02 3.177945519179477263e-02 1.356418994130273448e-02 1.298858028736035643e-03 -1.890001332487012409e-02 8.976577180136531900e-03 2.112703832719254465e-02 -4.692719228313780438e-02 -2.273634210921631621e-02 5.046936988421813278e-03 5.169660484641071252e-02 -3.010888246803028120e-02 5.558383643408888741e-03 4.024420016595167682e-02 1.000673774147373130e-02 1.236300392023237035e-02 -9.662255514546053137e-03 1.212736732993843249e-02 1.186583309807969985e-02 3.794329273236861887e-03 1.405324591952966488e-02 1.436001734974041294e-02 2.873356931984644060e-03 -6.543474479327933413e-02 -1.530109344316604725e-03 1.798678353217612533e-02 2.732731216291764409e-03 6.835432946938689580e-03 3.355978196337175423e-02 7.611619433833761474e-03 -4.532321310823003366e-03 -1.462196118930268914e-02 1.119663187609151560e-02 2.472789726714894401e-02 -2.561753995557795177e-02 -1.418171300965366012e-02 -9.480268960749934498e-03 2.375343220468315725e-03 -1.216177660831974268e-02 -4.325395179384150524e-02 1.855682111977883728e-02 1.962648189148779535e-03 2.379929702647168299e-02 -2.818817893877248199e-03 8.922500521924725536e-03 -7.652810543890733140e-03 4.135091611425627603e-03 4.222022514907431551e-02 -9.315498696436046167e-03 -1.089082665953856888e-02 -1.128712914381510904e-02 3.749897426657605726e-02 -2.167734758512543380e-02 -5.469000678489757336e-03 -2.057799931472754223e-02 -9.215228478018354721e-03 -1.216220884830304140e-02 6.509655950490875718e-03 -2.922095968138974792e-03 -1.937870424584384535e-02 8.040763738214232181e-03 7.157940271995063414e-03 6.585607921368030748e-03 -6.545873337158381738e-03 -2.396105051156257465e-02 1.381351230907324965e-02 -1.250364599882346391e-02 5.907928239116163466e-02 -2.669468188901055316e-03 -2.586988046803010560e-02 -1.022485142416812431e-02 3.514145306226556381e-02 -2.705673476069450287e-02 -2.385547188200904528e-02 7.616300192420646584e-04 -7.540511463007177573e-06 -7.190208390416574086e-03 -1.492170154135402833e-02 1.715332626816791148e-02 -1.121405525365285968e-02 -8.906383590245311316e-03 -6.335897261423888670e-03 4.896926383720717757e-03 4.254533591492508197e-03 9.340542796992095873e-03 1.888710263334389405e-02 5.891328049164741218e-03 3.075082690132628985e-02 3.445455709836028196e-02 2.885294329811289790e-02 -3.625507069657112058e-02 3.539851818330293221e-02 2.571522241183682791e-02 1.101986386285580891e-02 -6.170507595717121541e-02 -7.252022393515655807e-02 7.183654037974301909e-03 -3.408579877455942403e-02 1.355479321840053625e-02 -3.422345509885998255e-03 -2.543125452279562659e-02 -1.697314985425718917e-02 1.287622095376602174e-02 -9.049552270283497610e-03 5.958521631404021558e-03 2.122992159742878929e-02 1.795368167259841011e-02 3.848972824625026233e-03 7.320547566895561908e-03 1.586730135418018550e-02 -1.357044701836231104e-02 -3.403836968473880620e-02 3.842198000708351574e-02 1.323729709138454086e-02 -9.926852535547094417e-03 2.869961586755758257e-02 -2.568876742429549147e-03 -2.969234102955875532e-02 -9.509412348523206895e-03 5.500255018386154826e-02 -9.610419213024835872e-03 -4.454864708214707758e-02 -9.017226547693359129e-03
1.319317711232019519e-01 -3.674241717581596539e-02 1.255260754348862078e-02 -3.281813386511236302e-02 -1.238056051849831946e-02 -1.064866876633700429e-02 3.766163193100553058e-02 -2.815835098070026271e-02 -1.250983788284386611e-01 2.343555984713550228e-02 5.177466793477786267e-02 2.880600997915855072e-03 -3.674241717581595845e-02 1.384436413019920764e-01 8.879335935315195438e-03 -3.113475968061478125e-02 -8.567827507737399949e-04 3.026751338615030901e-02 6.515129463935201599e-03 -4.727950602434523308e-02 2.545670094190059796e-02 -1.492905046563173209e-02 -4.523406428894371362e-02 -2.464027810302641189e-02 1.255260754348817495e-02 8.879335935315438300e-03 1.353020753451837088e-01 -4.925294918939823047e-02 7.146402710587844431e-02 2.307914209147505710e-02 1.105774791969522768e-02 -1.318096735083273095e-02 -9.201917021288048837e-02 -6.843825669539806145e-02 4.530888403437564015e-03 -4.630295406798871916e-02 -3.281813386511207159e-02 -3.113475968061509003e-02 -4.925294918939816802e-02 1.209561924200748123e-01 -5.268615275057968866e-02 -1.372680374316236941e-02 5.208639991164523003e-03 4.415293797232088327e-03 4.515399354015570133e-02 2.461152520867047194e-02 1.955513983677946432e-02 1.118917036718160805e-02 -1.238056051849856405e-02 -8.567827507733596568e-04 7.146402710587827778e-02 -5.268615275057968173e-02 1.630169808553091071e-01 2.710175655144342680e-02 -3.742953324223598915e-02 -3.360589325255640414e-02 -3.263647999391199039e-02 -6.355941381069177276e-02 -3.922478952501861488e-02 -1.702629547463309703e-02 -1.064866876633697307e-02 3.026751338615040268e-02 2.307914209147493567e-02 -1.372680374316230176e-02 2.710175655144321863e-02 5.964253882042858806e-02 2.743580241933596398e-02 -4.835175909534622507e-02 -2.131525307592812765e-02 -2.427244076174673096e-02 -8.556517533754585264e-03 -2.672802148353276702e-02 3.766163193100549589e-02 6.515129463935221549e-03 1.105774791969529706e-02 5.208639991164454482e-03 -3.742953324223611405e-02 2.743580241933588071e-02 1.182056368064831886e-01 -4.500116145607430118e-02 -8.698017192893858773e-02 -1.049671061301530456e-02 5.336199621575106466e-02 -5.801632941088148004e-02 -2.815835098070048476e-02 -4.727950602434530247e-02 -1.318096735083263554e-02 4.415293797232044092e-03 -3.360589325255596005e-02 -4.835175909534617650e-02 -4.500116145607462037e-02 1.571334915666617871e-01 5.870821783108974568e-02 -1.185239686836198070e-02 1.791203603777031736e-02 1.628643512656703304e-02 -1.250983788284385778e-01 2.545670094190050428e-02 -9.201917021288132104e-02 4.515399354015622174e-02 -3.263647999391253163e-02 -2.131525307592818663e-02 -8.698017192893876814e-02 5.870821783108943342e-02 3.401585349925635438e-01 -2.093027222025364495e-02 -6.165919826625498174e-02 -9.119526934842124913e-03 2.343555984713591167e-02 -1.492905046563200618e-02 -6.843825669539781165e-02 2.461152520867037480e-02 -6.355941381069177276e-02 -2.427244076174682810e-02 -1.049671061301507211e-02 -1.185239686836182284e-02 -2.093027222025458864e-02 9.786358974646196252e-02 -1.655988231410086831e-02 6.166232185556339701e-02 5.177466793477775164e-02 -4.523406428894373443e-02 4.530888403437936113e-03 1.955513983677924228e-02 -3.922478952501825405e-02 -8.556517533754559243e-03 5.336199621575090507e-02 1.791203603777054634e-02 -6.165919826625481520e-02 -1.655988231410128464e-02 1.333974429577340637e-01 -4.688628446550602985e-02 2.880600997916060637e-03 -2.464027810302654026e-02 -4.630295406798851099e-02 1.118917036718152132e-02 -1.702629547463295132e-02 -2.672802148353279825e-02 -5.801632941088138290e-02 1.628643512656704345e-02 -9.119526934842745944e-03 6.166232185556339007e-02 -4.688628446550582862e-02 9.818798428872012318e-02
-1.350602485283645092e-02 -2.381971912286362167e-02 4.498590871777567897e-03 1.785319274545456650e-02 2.697293054418369376e-02 8.880484804888032213e-03 -8.745862778543838853e-03 -1.255796777298231678e-02 8.656966167927484732e-03 -7.613665186615938343e-03 -1.468069559769035262e-02 7.500806545880095953e-03 -1.636813327311055152e-02 5.602448440037863242e-03 7.412817096475911825e-03 -1.305148062657467134e-02 -3.660620547667216111e-03 2.782710345511612247e-03 1.045895786376870550e-02 3.218515744054029071e-02 -9.854811222578540447e-03 -2.261007293924294920e-02 1.998844254531751893e-02 -7.506126378994903287e-03 -2.966076202768179633e-03 3.141450968984008107e-02 -9.686838252547505176e-03 1.203256012583006976e-02 -1.325990499427978989e-02 -1.154053656551367983e-02 -2.167036264853254915e-02 -8.030769550561284165e-03 -5.483725455076316748e-04 2.228425552569435891e-02 -2.587737563801012150e-02 2.550994519477680841e-02 -4.645168147881060562e-03 -1.854846757041668515e-02 3.582841400944901389e-02 2.686769613784879135e-02 3.258093121233876510e-02 -4.641944745088940477e-03 6.850547286784173032e-03 -6.686687766053998200e-03 -9.694096244167593399e-03 -2.856028491409460038e-02 1.591353220419896436e-02 -2.837579984518430465e-02 1.264812557756214359e-02 -2.682458261163314477e-03 -1.341024672941756000e-02 -2.711906021679801222e-03 -1.209367776950183611e-02 -4.104957610843666671e-03 6.164009268215162561e-04 9.931701868888722501e-03 3.076484776826283844e-03 1.210551956669214495e-02 -2.091731036344153874e-02 1.391446891395283110e-02 -1.174608972009783502e-02 -2.659177104935783048e-02 7.189286257656210197e-03 5.706445904409990569e-03 4.759850136206968813e-03 1.493724863348225816e-02 2.353374342267435318e-02 -1.634837511988619305e-02 -1.100441348353283682e-03 -6.940429472112812082e-03 1.907538124250122286e-02 -1.895262321057419874e-02 4.000171569437357272e-02 3.835594026772255749e-02 3.012648240855599503e-03 -3.769341041310737828e-02 -3.067525421793213317e-02 -1.362653390373040098e-02 1.086635459311793839e-02 5.690820485297980701e-03 -2.381988133318199610e-03 8.680298270888906279e-03 -4.428962792607485550e-03 -1.361324230967152389e-02 1.666205556991506766e-03 8.720920097445707814e-03 1.100338073451333047e-02 -4.169853242182092190e-02 3.759352864875881162e-02 1.221105001804447150e-02 -3.524443583230504190e-02 3.394973191785025796e-02 3.747224967309371879e-02 -3.974058908299363951e-02 1.701034285063349541e-02 -1.875838172923947542e-02 1.052324806502314206e-02 1.854921689849114291e-03 2.207506063236325256e-02 -1.215133822839115085e-02 -2.546975495104990619e-02 5.961066928341113291e-03 -2.166234079384217470e-03 1.174181538377700590e-02 -2.569137269735018159e-02 5.786339431019478508e-03 -4.223435229297668736e-03 1.144803763425479397e-02 -4.333210702448686558e-03 7.748367096964595135e-03 -3.645793695058156814e-02 2.259860227120343013e-02 -1.729487986521127327e-02 -2.054915563690848379e-03 -1.665990588864921240e-03 3.588402661646145075e-03 1.552532231689957715e-02 1.178774737943391604e-02 4.868685136040593053e-03 1.236017406232568783e-02 -1.772184321667757273e-02 -3.231465697288657575e-03 -3.539327156062366253e-02 1.591131649440924445e-02 -2.779156973629330965e-02 -2.544822602734225780e-03 1.323392890720163223e-02 -7.352756964196764319e-03 2.071972046918014662e-02 2.151702239302761416e-02 1.435405993251630957e-03 9.374917862428777671e-03 1.698675182463273842e-02 -1.832680146351822748e-04 1.613552081932680821e-02 -7.260754165483121469e-03 3.420573816972961173e-02 1.209366735485880445e-03 3.447156759996957559e-03 -3.013351871077502020e-02 -3.305499210185642439e-02 -1.819963593145377395e-03 7.534813899027062445e-03 -1.140894270381886955e-02
-1.350602485283645092e-02 -1.636813327311055152e-02 -2.966076202768179633e-03 -4.645168147881060562e-03 1.264812557756214359e-02 -1.174608972009783502e-02 4.000171569437357272e-02 1.666205556991506766e-03 1.052324806502314206e-02 -4.333210702448686558e-03 -1.772184321667757273e-02 1.698675182463273842e-02 -2.381971912286362167e-02 5.602448440037863242e-03 3.141450968984008107e-02 -1.854846757041668515e-02 -2.682458261163314477e-03 -2.659177104935783048e-02 3.835594026772255749e-02 8.720920097445707814e-03 1.854921689849114291e-03 7.748367096964595135e-03 -3.231465697288657575e-03 -1.832680146351822748e-04 4.498590871777567897e-03 7.412817096475911825e-03 -9.686838252547505176e-03 3.582841400944901389e-02 -1.341024672941756000e-02 7.189286257656210197e-03 3.012648240855599503e-03 1.100338073451333047e-02 2.207506063236325256e-02 -3.645793695058156814e-02 -3.539327156062366253e-02 1.613552081932680821e-02 1.785319274545456650e-02 -1.305148062657467134e-02 1.203256012583006976e-02 2.686769613784879135e-02 -2.711906021679801222e-03 5.706445904409990569e-03 -3.769341041310737828e-02 -4.169853242182092190e-02 -1.215133822839115085e-02 2.259860227120343013e-02 1.591131649440924445e-02 -7.260754165483121469e-03 2.697293054418369376e-02 -3.660620547667216111e-03 -1.325990499427978989e-02 3.258093121233876510e-02 -1.209367776950183611e-02 4.759850136206968813e-03 -3.067525421793213317e-02 3.759352864875881162e-02 -2.546975495104990619e-02 -1.729487986521127327e-02 -2.779156973629330965e-02 3.420573816972961173e-02 8.880484804888032213e-03 2.782710345511612247e-03 -1.154053656551367983e-02 -4.641944745088940477e-03 -4.104957610843666671e-03 1.493724863348225816e-02 -1.362653390373040098e-02 1.221105001804447150e-02 5.961066928341113291e-03 -2.054915563690848379e-03 -2.544822602734225780e-03 1.209366735485880445e-03 -8.745862778543838853e-03 1.045895786376870550e-02 -2.167036264853254915e-02 6.850547286784173032e-03 6.164009268215162561e-04 2.353374342267435318e-02 1.086635459311793839e-02 -3.524443583230504190e-02 -2.166234079384217470e-03 -1.665990588864921240e-03 1.323392890720163223e-02 3.447156759996957559e-03 -1.255796777298231678e-02 3.218515744054029071e-02 -8.030769550561284165e-03 -6.686687766053998200e-03 9.931701868888722501e-03 -1.634837511988619305e-02 5.690820485297980701e-03 3.394973191785025796e-02 1.174181538377700590e-02 3.588402661646145075e-03 -7.352756964196764319e-03 -3.013351871077502020e-02 8.656966167927484732e-03 -9.854811222578540447e-03 -5.483725455076316748e-04 -9.694096244167593399e-03 3.076484776826283844e-03 -1.100441348353283682e-03 -2.381988133318199610e-03 3.747224967309371879e-02 -2.569137269735018159e-02 1.552532231689957715e-02 2.071972046918014662e-02 -3.305499210185642439e-02 -7.613665186615938343e-03 -2.261007293924294920e-02 2.228425552569435891e-02 -2.856028491409460038e-02 1.210551956669214495e-02 -6.940429472112812082e-03 8.680298270888906279e-03 -3.974058908299363951e-02 5.786339431019478508e-03 1.178774737943391604e-02 2.151702239302761416e-02 -1.819963593145377395e-03 -1.468069559769035262e-02 1.998844254531751893e-02 -2.587737563801012150e-02 1.591353220419896436e-02 -2.091731036344153874e-02 1.907538124250122286e-02 -4.428962792607485550e-03 1.701034285063349541e-02 -4.223435229297668736e-03 4.868685136040593053e-03 1.435405993251630957e-03 7.534813899027062445e-03 7.500806545880095953e-03 -7.506126378994903287e-03 2.550994519477680841e-02 -2.837579984518430465e-02 1.391446891395283110e-02 -1.895262321057419874e-02 -1.361324230967152389e-02 -1.875838172923947542e-02 1.144803763425479397e-02 1.236017406232568783e-02 9.374917862428777671e-03 -1.140894270381886955e-02
2.387342401011317838e-01 -6.390537712311038232e-02 7.456031524662747045e-02 3.239037669727386909e-02 -1.101263289605092788e-01 -3.575705687381867948e-02 -8.116002692426921988e-03 1.062344454602513061e-02 -6.310550790612377836e-02 -1.325758353389984989e-01 -6.944986455851241691e-02 1.624288291260091444e-01 -6.390537712311060436e-02 1.856986038737743760e-01 -1.026579671514144254e-01 7.431840076873316714e-02 -3.044678149418127144e-02 1.506967746725180503e-02 -7.870389388752144222e-02 3.964436624948776411e-02 1.132673712151531092e-01 -2.362745395660575259e-02 -1.946274837972544053e-02 -1.218315649298817721e-01 7.456031524662751209e-02 -1.026579671514144948e-01 2.107731078599369146e-01 -2.125786568183234831e-02 -1.831993062440886305e-02 -8.720838896742058588e-02 7.371677097564043046e-02 1.768856514148169079e-02 -6.102193782411154815e-02 -4.477445941704001620e-02 -6.669703575880014945e-02 1.006787267491018323e-01 3.239037669727377194e-02 7.431840076873326428e-02 -2.125786568183222688e-02 1.857125829660713490e-01 -7.710493068267049166e-02 -5.666606080984513613e-03 -1.055203096534487461e-01 -4.437044877263643904e-03 8.046922893474230121e-02 -5.057285267884661234e-02 -1.106047414989331512e-01 2.272052612324210533e-02 -1.101263289605092233e-01 -3.044678149418140328e-02 -1.831993062440890122e-02 -7.710493068267051942e-02 1.272717041392699977e-01 3.735622693000292122e-02 2.681036482016016173e-02 -2.363758060118216486e-02 -2.188597444955446558e-02 4.475361875531348732e-02 4.361139443443130814e-02 -4.212206617214092619e-02 -3.575705687381857539e-02 1.506967746725191952e-02 -8.720838896742069690e-02 -5.666606080984405193e-03 3.735622693000281713e-02 1.355231939093218541e-01 -7.886967000865935731e-03 -3.204737561775856253e-02 -5.695179897783433920e-02 3.558645432804189573e-02 -7.539233696977825716e-04 -2.184448557152673595e-02 -8.116002692426753720e-03 -7.870389388752151161e-02 7.371677097564036107e-02 -1.055203096534487323e-01 2.681036482016007499e-02 -7.886967000865822974e-03 1.810918091235516336e-01 7.809689128417821383e-03 -9.210236240260476215e-02 3.821725882636516775e-02 -5.899117899484959768e-04 1.317868049859855645e-02 1.062344454602512367e-02 3.964436624948770166e-02 1.768856514148172895e-02 -4.437044877263699415e-03 -2.363758060118214058e-02 -3.204737561775858334e-02 7.809689128417905517e-03 1.800734603109648280e-01 -3.038882853691746155e-02 -3.034060657177542822e-02 -1.197031405837798053e-02 -3.888650127522576966e-02 -6.310550790612401428e-02 1.132673712151530121e-01 -6.102193782411136774e-02 8.046922893474217631e-02 -2.188597444955427476e-02 -5.695179897783446410e-02 -9.210236240260459561e-02 -3.038882853691741298e-02 2.166001630727792948e-01 -3.799933994944776350e-02 -5.045045018103657200e-03 -4.833835832702811780e-02 -1.325758353389983324e-01 -2.362745395660588790e-02 -4.477445941704007865e-02 -5.057285267884651520e-02 4.475361875531336936e-02 3.558645432804203451e-02 3.821725882636518162e-02 -3.034060657177548026e-02 -3.799933994944790228e-02 2.315943082726208135e-01 9.513642317958129202e-02 -1.329042807782049029e-01 -6.944986455851234752e-02 -1.946274837972545441e-02 -6.669703575880026047e-02 -1.106047414989330402e-01 4.361139443443124569e-02 -7.539233696977000639e-04 -5.899117899485644984e-04 -1.197031405837799094e-02 -5.045045018103665006e-03 9.513642317958134753e-02 2.345432590018339536e-01 -8.462454450820067198e-02 1.624288291260093109e-01 -1.218315649298816333e-01 1.006787267491018045e-01 2.272052612324212267e-02 -4.212206617214100252e-02 -2.184448557152679493e-02 1.317868049859846624e-02 -3.888650127522569333e-02 -4.833835832702804147e-02 -1.329042807782051805e-01 -8.462454450820072749e-02 2.641727790588723201e-01
-1.407809549845361226e-02 -2.564391217329851577e-02 2.474810703002813458e-02 -3.225443705725936777e-02 3.492832159053651381e-02 -2.816762347824477639e-02 5.148242371388017755e-05 3.654999317846524542e-02 -1.030356027130188701e-02 -1.944372665844830775e-02 4.114703362838281059e-02 4.260008861636795791e-03 -4.167814916764900151e-04 3.185366837167829396e-02 -2.785677657223529797e-03 5.404368555936087115e-02 -1.319583367978426243e-02 -1.038337985079350670e-02 -1.543853499016674923e-02 1.069225881114635630e-02 4.215425705732566558e-02 -4.518843646615012394e-02 -6.378458471860101731e-02 2.867230237046373281e-02 2.060189059669874367e-02 -8.105733158603314892e-03 3.126032407792319473e-02 1.463926983547756376e-02 -9.613884890245649392e-03 -9.077162075688382376e-03 -1.337871785253921114e-02 5.471810542105966929e-02 -2.711647325616398443e-02 -2.113107564865032706e-02 -1.255596181231212645e-02 6.286903035689758376e-03 -5.096357375387557814e-02 3.196800027774538561e-02 -5.074659657672053736e-02 -2.024167504603705068e-03 1.699169132185672851e-02 3.635679112991815399e-04 -3.111033325236741906e-02 8.473913718257045438e-03 2.292194299158579335e-02 4.270712641771454154e-02 6.097014863697496762e-02 -6.588721962421117961e-02 5.871488045076184853e-02 3.813154967095913617e-02 -2.026823423586688461e-02 2.229412625396156797e-02 -5.961575231573980338e-02 -3.611089055923166063e-02 -2.074739396712936904e-02 2.308703866336129368e-02 3.318251505847252814e-02 -4.575895931891788004e-02 2.863240750670449294e-02 -1.279353471459107085e-02 -4.483617869074839335e-02 5.635485573269817874e-03 -6.030454298870486715e-03 6.652447793685040351e-05 1.777825962913331947e-02 2.415893519499676470e-02 1.218622138078020826e-02 -2.767228841287169838e-02 -6.999873273727036035e-03 3.879086137870554896e-02 1.263073949175981710e-02 -3.603940793789833091e-02 4.444389679359866258e-02 -1.802339828943148176e-02 1.755153870759076570e-02 -3.358952939084538375e-02 2.207998721362842368e-03 5.722724826893668335e-03 1.213979424870807386e-02 -1.743347017087986880e-02 -2.661387267517581132e-02 -3.506395678934885740e-02 -6.333797064036696036e-04 3.754120858294542756e-02 -4.325679121964678964e-02 1.443595227889428803e-02 -5.632051196991819456e-03 1.905221177801096760e-02 2.747591567197395224e-02 -4.458310828070304326e-04 -4.419765623256669690e-02 -1.550384483842944146e-02 5.443773560442137505e-02 -1.875564373702693841e-02 2.343256703199541723e-03 1.211872629369657381e-02 1.061044892223055730e-02 -2.165804069740164331e-02 -2.327209528473402761e-02 5.377145501066262108e-03 -1.458564652055270930e-02 9.344449790005730436e-03 -2.181678824628031921e-03 -1.478068495339206201e-02 -3.133935445755719681e-03 3.745509890564507893e-02 3.982348479066831481e-03 1.970880013616027604e-02 -1.209747611402180179e-02 -3.105838991965020543e-02 1.942936857984904619e-02 -3.837580808900160206e-02 2.090340950878944587e-03 -3.866881581991608169e-02 3.011946052305502705e-02 -1.728438859026894259e-02 1.924599723480296953e-02 3.152988454201186008e-02 4.819214415666216167e-02 1.531459317584669272e-03 -2.309761509025978765e-02 4.929418000085263041e-02 -2.210279806684330856e-02 3.151315870540267322e-02 6.878097169422671756e-03 3.433793926928978280e-02 -3.774050883316054129e-03 -4.804851681624918575e-03 1.065165892720620726e-02 -7.165356052009947893e-03 -5.973947694139836173e-02 -3.678999828225487656e-02 5.420510008835118312e-03 -3.205398404703791587e-02 3.118001594448627928e-02 -1.795500536090943039e-02 -2.239237307852785189e-03 4.647697879914243491e-02 5.699559851121996368e-02 8.375706223385515070e-04 -8.540871190931001444e-02 5.990203080441310057e-02 -4.543422631582291066e-02 -9.581793924087353420e-03
-1.407809549845361226e-02 -4.167814916764900151e-04 2.060189059669874367e-02 -5.096357375387557814e-02 5.871488045076184853e-02 -4.483617869074839335e-02 4.444389679359866258e-02 -4.325679121964678964e-02 1.061044892223055730e-02 -1.209747611402180179e-02 -2.309761509025978765e-02 5.420510008835118312e-03 -2.564391217329851577e-02 3.185366837167829396e-02 -8.105733158603314892e-03 3.196800027774538561e-02 3.813154967095913617e-02 5.635485573269817874e-03 -1.802339828943148176e-02 1.443595227889428803e-02 -2.165804069740164331e-02 -3.105838991965020543e-02 4.929418000085263041e-02 -3.205398404703791587e-02 2.474810703002813458e-02 -2.785677657223529797e-03 3.126032407792319473e-02 -5.074659657672053736e-02 -2.026823423586688461e-02 -6.030454298870486715e-03 1.755153870759076570e-02 -5.632051196991819456e-03 -2.327209528473402761e-02 1.942936857984904619e-02 -2.210279806684330856e-02 3.118001594448627928e-02 -3.225443705725936777e-02 5.404368555936087115e-02 1.463926983547756376e-02 -2.024167504603705068e-03 2.229412625396156797e-02 6.652447793685040351e-05 -3.358952939084538375e-02 1.905221177801096760e-02 5.377145501066262108e-03 -3.837580808900160206e-02 3.151315870540267322e-02 -1.795500536090943039e-02 3.492832159053651381e-02 -1.319583367978426243e-02 -9.613884890245649392e-03 1.699169132185672851e-02 -5.961575231573980338e-02 1.777825962913331947e-02 2.207998721362842368e-03 2.747591567197395224e-02 -1.458564652055270930e-02 2.090340950878944587e-03 6.878097169422671756e-03 -2.239237307852785189e-03 -2.816762347824477639e-02 -1.038337985079350670e-02 -9.077162075688382376e-03 3.635679112991815399e-04 -3.611089055923166063e-02 2.415893519499676470e-02 5.722724826893668335e-03 -4.458310828070304326e-04 9.344449790005730436e-03 -3.866881581991608169e-02 3.433793926928978280e-02 4.647697879914243491e-02 5.148242371388017755e-05 -1.543853499016674923e-02 -1.337871785253921114e-02 -3.111033325236741906e-02 -2.074739396712936904e-02 1.218622138078020826e-02 1.213979424870807386e-02 -4.419765623256669690e-02 -2.181678824628031921e-03 3.011946052305502705e-02 -3.774050883316054129e-03 5.699559851121996368e-02 3.654999317846524542e-02 1.069225881114635630e-02 5.471810542105966929e-02 8.473913718257045438e-03 2.308703866336129368e-02 -2.767228841287169838e-02 -1.743347017087986880e-02 -1.550384483842944146e-02 -1.478068495339206201e-02 -1.728438859026894259e-02 -4.804851681624918575e-03 8.375706223385515070e-04 -1.030356027130188701e-02 4.215425705732566558e-02 -2.711647325616398443e-02 2.292194299158579335e-02 3.318251505847252814e-02 -6.999873273727036035e-03 -2.661387267517581132e-02 5.443773560442137505e-02 -3.133935445755719681e-03 1.924599723480296953e-02 1.065165892720620726e-02 -8.540871190931001444e-02 -1.944372665844830775e-02 -4.518843646615012394e-02 -2.113107564865032706e-02 4.270712641771454154e-02 -4.575895931891788004e-02 3.879086137870554896e-02 -3.506395678934885740e-02 -1.875564373702693841e-02 3.745509890564507893e-02 3.152988454201186008e-02 -7.165356052009947893e-03 5.990203080441310057e-02 4.114703362838281059e-02 -6.378458471860101731e-02 -1.255596181231212645e-02 6.097014863697496762e-02 2.863240750670449294e-02 1.263073949175981710e-02 -6.333797064036696036e-04 2.343256703199541723e-03 3.982348479066831481e-03 4.819214415666216167e-02 -5.973947694139836173e-02 -4.543422631582291066e-02 4.260008861636795791e-03 2.867230237046373281e-02 6.286903035689758376e-03 -6.588721962421117961e-02 -1.279353471459107085e-02 -3.603940793789833091e-02 3.754120858294542756e-02 1.211872629369657381e-02 1.970880013616027604e-02 1.531459317584669272e-03 -3.678999828225487656e-02 -9.581793924087353420e-03
2.131854672495612502e-01 -5.253602303838798837e-02 -9.663178087619470058e-02 -2.836474327467041270e-02 3.197244692852540225e-03 -1.120765931554446732e-01 -2.501016063903098094e-02 1.405612262454657493e-02 7.564734082505611412e-02 -2.460832472032522394e-02 2.727035313693981430e-02 -9.714230488579739947e-03 -5.253602303838796755e-02 3.152888439114922559e-01 1.787176930013455872e-02 -4.119962437067974798e-02 -2.476402819339801331e-02 6.265181248507577239e-02 -1.913191519037736252e-02 -9.282942839467379914e-02 -6.151028828462248160e-02 -7.612604546270044853e-04 -9.269518312268330840e-02 1.483141770268218973e-02 -9.663178087619493650e-02 1.787176930013454831e-02 4.072401569803943411e-01 5.300613751401629312e-03 -3.602527472274048154e-02 -3.186466151122546719e-02 6.845256798456089697e-02 -4.324289892131450569e-02 -5.582613351009881736e-02 -4.035872854234705959e-02 -1.014088950888233642e-01 -5.631971923322044715e-02 -2.836474327467042658e-02 -4.119962437067983818e-02 5.300613751401650128e-03 2.357963013794925344e-01 7.940704155127945030e-03 -2.538364638751082134e-02 -5.534104950461463807e-02 2.780586184380742266e-03 -1.018973949125122000e-02 -7.684851371256142503e-03 1.767089878305332790e-02 1.004968242704390446e-02 3.197244692852695049e-03 -2.476402819339825270e-02 -3.602527472274043990e-02 7.940704155127984928e-03 2.599980502978102570e-01 -1.035371199743407578e-01 -9.552782191633130485e-03 6.038239057653458502e-02 -9.743408614243671828e-02 -1.399558585638028749e-02 -4.448254947260726899e-02 1.280372272610119135e-02 -1.120765931554447703e-01 6.265181248507599443e-02 -3.186466151122567536e-02 -2.538364638751075195e-02 -1.035371199743404802e-01 3.194465367658803623e-01 2.857097366891853119e-02 -8.742322223102665102e-03 -1.688146981752929390e-02 -1.177446266888457389e-02 -5.148952447439038987e-02 -6.652382598786540924e-02 -2.501016063903105380e-02 -1.913191519037740415e-02 6.845256798456075820e-02 -5.534104950461464500e-02 -9.552782191633061096e-03 2.857097366891858323e-02 2.111523142126770503e-01 -4.893161672249725369e-02 2.299987961727934307e-02 -5.987192743230682068e-02 -9.137558727911589129e-02 -2.452927399695071370e-02 1.405612262454656626e-02 -9.282942839467378526e-02 -4.324289892131441548e-02 2.780586184380740532e-03 6.038239057653450870e-02 -8.742322223102672041e-03 -4.893161672249729532e-02 2.214402005018479558e-01 -3.627607346461508842e-02 -1.593878823841231654e-02 3.528227703052994046e-02 -5.113309334248429538e-02 7.564734082505601698e-02 -6.151028828462243303e-02 -5.582613351009873409e-02 -1.018973949125127378e-02 -9.743408614243682930e-02 -1.688146981752906839e-02 2.299987961727938471e-02 -3.627607346461509535e-02 2.040335513457691985e-01 -7.462436897547833348e-02 4.483953817681596982e-02 -6.534774123396100767e-03 -2.460832472032517537e-02 -7.612604546269065818e-04 -4.035872854234699714e-02 -7.684851371256156381e-03 -1.399558585638023545e-02 -1.177446266888468492e-02 -5.987192743230683456e-02 -1.593878823841236511e-02 -7.462436897547840287e-02 2.359590936653998827e-01 4.221314448514950496e-02 -3.466039958586939612e-02 2.727035313693975532e-02 -9.269518312268308635e-02 -1.014088950888232116e-01 1.767089878305324463e-02 -4.448254947260764369e-02 -5.148952447439015395e-02 -9.137558727911590517e-02 3.528227703052983638e-02 4.483953817681604614e-02 4.221314448514954659e-02 2.547055109566537801e-01 -9.468463012056085176e-03 -9.714230488579457187e-03 1.483141770268192952e-02 -5.631971923322063450e-02 1.004968242704389926e-02 1.280372272610131278e-02 -6.652382598786570067e-02 -2.452927399695079003e-02 -5.113309334248416355e-02 -6.534774123395924693e-03 -3.466039958586945857e-02 -9.468463012055934255e-03 2.109520561616561041e-01
-2.376850761625893052e-02 2.846104559597352479e-02 -4.125346842538588077e-02 1.841309460157108252e-02 -4.123113970337316525e-02 1.042837551229211790e-01 -3.480700583426133126e-03 2.597102169090752255e-02 2.245404388177205113e-02 -2.018467870873889847e-02 -1.982647964558965914e-02 -4.090205321867198401e-02 1.966927062977266889e-03 -3.236228447109047550e-03 3.642763974921205822e-02 2.222740293659708488e-02 3.196369545283887781e-02 -3.720669297218688609e-02 -2.455459072209248417e-02 4.758232957564696199e-03 -1.373820902019599020e-02 -1.715857647830850916e-02 -1.943578089663565694e-03 8.990690524364365263e-03 -3.310510320815179125e-02 -2.666772301045831559e-02 8.749235891126810882e-02 -9.182215933814125500e-03 -4.866811340966206191e-03 2.080845465172748154e-02 5.841753206892855155e-02 -2.245817173406162645e-02 2.570191850340533980e-03 -9.480967173766412584e-03 -1.418798638040316001e-02 -4.429435807482816345e-02 1.568917120258476322e-02 3.260749684854160474e-02 -3.883509741663372650e-02 -4.468354224784280848e-02 3.063490937348193124e-02 -3.422187917842832439e-02 1.714713431522240858e-02 -1.975657976574526561e-02 -2.928174579670570973e-02 3.725519506040490120e-02 -1.325026272062409692e-03 1.653279675169046919e-02 3.699747139212972158e-02 -4.680505670019795977e-02 -5.214455565222278488e-03 4.463011721233711010e-03 -5.269288160601052345e-02 -2.936414128963845951e-06 -2.388768721767576056e-02 1.256644985654978459e-02 1.221042216487896494e-02 5.760577012403012009e-02 2.545864045818248961e-02 -3.010579157278832352e-02 -3.296678122245878806e-02 7.915607692383891392e-02 1.845137238996650414e-02 6.013266249801828972e-02 2.432780866158369346e-02 1.301932368687357556e-03 3.502377666714325682e-02 -4.107178754854393793e-02 -2.060383356999475821e-02 -4.201142460653680549e-02 -8.637789778299737042e-02 4.332769695990774245e-02 -8.775703970303160018e-03 3.665749181972595416e-02 -6.792023224839205398e-02 -6.295664411290159690e-02 -3.948646502599399699e-02 6.199225937244130097e-02 -4.628159536523980370e-03 -1.539170769099680418e-02 9.450891909092481308e-03 4.898391641793221202e-02 4.343646814004509943e-02 -2.516706363545875499e-02 7.207311540160341035e-02 -3.594644973269449373e-02 -3.624018774051932651e-02 -8.473104839816582995e-03 5.766297216490787192e-02 -8.172846341691007710e-02 -1.682855410397257959e-02 5.160187574409642874e-02 -6.889337394610745924e-04 -2.018123808863366356e-02 -1.628541597040875089e-02 3.360623021288945689e-02 -4.231178279440887119e-02 -5.664729630166995267e-02 5.514708831819567503e-02 6.931666303682422481e-02 -1.902809491055214297e-02 -2.593801357918319728e-02 -3.963811755547241855e-02 6.111337299336778994e-03 -1.534895456551351595e-02 7.160339338635056394e-02 4.841156889134370228e-02 -2.202057759799504882e-02 -3.104193899351513977e-02 -3.165560347357711940e-02 6.416213803369325008e-02 -3.163180190710102035e-02 5.424913517860469742e-03 3.190115227060026648e-02 4.621268124348595213e-02 9.834114767397362372e-04 -3.845087091670191040e-03 -1.829629333922104875e-02 -1.234179188301717280e-02 -3.389681171015745259e-02 -8.459407011970121459e-03 -2.320670822311814152e-02 -6.063064788513487791e-02 2.192357396709818107e-02 3.905210820969458319e-02 -3.009779955202801505e-02 -4.176823116225419907e-02 4.799358797956940204e-02 -6.900290741803913330e-03 -1.970022172348630599e-02 5.174768255117032090e-02 4.455622687988275432e-02 4.627872423084954112e-02 4.389991260680462665e-02 1.877889822375049256e-02 -1.353969054241493247e-02 -3.942111822559728196e-02 -2.433703343154597354e-03 1.354217383026942723e-02 -4.924303001475321961e-02 3.841088102302064877e-02 -6.058444927690556647e-02 -4.298357005859652219e-02 3.653156066129283064e-02
-2.376850761625893052e-02 1.966927062977266889e-03 -3.310510320815179125e-02 1.568917120258476322e-02 3.699747139212972158e-02 -3.296678122245878806e-02 -8.775703970303160018e-03 7.207311540160341035e-02 -4.231178279440887119e-02 -3.104193899351513977e-02 -8.459407011970121459e-03 4.627872423084954112e-02 2.846104559597352479e-02 -3.236228447109047550e-03 -2.666772301045831559e-02 3.260749684854160474e-02 -4.680505670019795977e-02 7.915607692383891392e-02 3.665749181972595416e-02 -3.594644973269449373e-02 -5.664729630166995267e-02 -3.165560347357711940e-02 -2.320670822311814152e-02 4.389991260680462665e-02 -4.125346842538588077e-02 3.642763974921205822e-02 8.749235891126810882e-02 -3.883509741663372650e-02 -5.214455565222278488e-03 1.845137238996650414e-02 -6.792023224839205398e-02 -3.624018774051932651e-02 5.514708831819567503e-02 6.416213803369325008e-02 -6.063064788513487791e-02 1.877889822375049256e-02 1.841309460157108252e-02 2.222740293659708488e-02 -9.182215933814125500e-03 -4.468354224784280848e-02 4.463011721233711010e-03 6.013266249801828972e-02 -6.295664411290159690e-02 -8.473104839816582995e-03 6.931666303682422481e-02 -3.163180190710102035e-02 2.192357396709818107e-02 -1.353969054241493247e-02 -4.123113970337316525e-02 3.196369545283887781e-02 -4.866811340966206191e-03 3.063490937348193124e-02 -5.269288160601052345e-02 2.432780866158369346e-02 -3.948646502599399699e-02 5.766297216490787192e-02 -1.902809491055214297e-02 5.424913517860469742e-03 3.905210820969458319e-02 -3.942111822559728196e-02 1.042837551229211790e-01 -3.720669297218688609e-02 2.080845465172748154e-02 -3.422187917842832439e-02 -2.936414128963845951e-06 1.301932368687357556e-03 6.199225937244130097e-02 -8.172846341691007710e-02 -2.593801357918319728e-02 3.190115227060026648e-02 -3.009779955202801505e-02 -2.433703343154597354e-03 -3.480700583426133126e-03 -2.455459072209248417e-02 5.841753206892855155e-02 1.714713431522240858e-02 -2.388768721767576056e-02 3.502377666714325682e-02 -4.628159536523980370e-03 -1.682855410397257959e-02 -3.963811755547241855e-02 4.621268124348595213e-02 -4.176823116225419907e-02 1.354217383026942723e-02 2.597102169090752255e-02 4.758232957564696199e-03 -2.245817173406162645e-02 -1.975657976574526561e-02 1.256644985654978459e-02 -4.107178754854393793e-02 -1.539170769099680418e-02 5.160187574409642874e-02 6.111337299336778994e-03 9.834114767397362372e-04 4.799358797956940204e-02 -4.924303001475321961e-02 2.245404388177205113e-02 -1.373820902019599020e-02 2.570191850340533980e-03 -2.928174579670570973e-02 1.221042216487896494e-02 -2.060383356999475821e-02 9.450891909092481308e-03 -6.889337394610745924e-04 -1.534895456551351595e-02 -3.845087091670191040e-03 -6.900290741803913330e-03 3.841088102302064877e-02 -2.018467870873889847e-02 -1.715857647830850916e-02 -9.480967173766412584e-03 3.725519506040490120e-02 5.760577012403012009e-02 -4.201142460653680549e-02 4.898391641793221202e-02 -2.018123808863366356e-02 7.160339338635056394e-02 -1.829629333922104875e-02 -1.970022172348630599e-02 -6.058444927690556647e-02 -1.982647964558965914e-02 -1.943578089663565694e-03 -1.418798638040316001e-02 -1.325026272062409692e-03 2.545864045818248961e-02 -8.637789778299737042e-02 4.343646814004509943e-02 -1.628541597040875089e-02 4.841156889134370228e-02 -1.234179188301717280e-02 5.174768255117032090e-02 -4.298357005859652219e-02 -4.090205321867198401e-02 8.990690524364365263e-03 -4.429435807482816345e-02 1.653279675169046919e-02 -3.010579157278832352e-02 4.332769695990774245e-02 -2.516706363545875499e-02 3.360623021288945689e-02 -2.202057759799504882e-02 -3.389681171015745259e-02 4.455622687988275432e-02 3.653156066129283064e-02
2.986676892532199590e-01 -7.403812111781632455e-02 3.265447097807758908e-02 -7.544451629050806518e-02 9.325874668799560840e-02 6.108980550260295628e-02 -1.453435228925117548e-02 -1.798451160345336877e-02 -5.999200588865883504e-02 -3.201758772284890586e-02 -7.211336410034580036e-02 -7.926099867347370653e-02 -7.403812111781633842e-02 2.866630594837403234e-01 -1.808702617934203685e-02 1.213574929540489275e-02 -9.899469251681926318e-02 -3.467605454545883564e-02 6.001578972568986231e-02 -3.923084349371009499e-02 5.939112365410029182e-02 -5.687882422162038321e-02 -8.131690497122943950e-02 -3.017252002305705408e-02 3.265447097807771398e-02 -1.808702617934180093e-02 2.778407056560472377e-01 -3.560141115264695705e-02 -9.998969201800947393e-02 1.148467350114872401e-02 4.045995139632400407e-03 -5.580773998140071274e-02 -1.012338698003139720e-01 9.885207374440417583e-02 -7.156144026678550041e-02 -3.949936165809952299e-02 -7.544451629050834274e-02 1.213574929540480601e-02 -3.560141115264738032e-02 2.589177622746013374e-01 -7.084911416474558299e-02 2.838184288230940697e-02 3.306670217536737677e-02 9.015524353512277198e-03 6.955120082914517665e-02 8.655351221060593805e-03 -1.148314373007952860e-01 -1.160636586343906373e-01 9.325874668799559453e-02 -9.899469251681945747e-02 -9.998969201800933515e-02 -7.084911416474568013e-02 3.160833619610072254e-01 -4.392996540750249146e-02 -7.015365186927957630e-02 6.002794425060084538e-02 2.570823237174811593e-02 -3.749275707313815681e-02 1.250280234927659585e-02 -2.166620779955289247e-02 6.108980550260293546e-02 -3.467605454545871768e-02 1.148467350114856268e-02 2.838184288230929248e-02 -4.392996540750241513e-02 2.401282456910067142e-01 -6.324110073135826016e-02 3.060967572767874650e-02 7.336713380524249178e-03 -2.301871448564580744e-02 -1.127387219316330902e-01 -3.863126572110327228e-02 -1.453435228925108874e-02 6.001578972568973741e-02 4.045995139632220863e-03 3.306670217536737677e-02 -7.015365186927936814e-02 -6.324110073135826016e-02 2.250939043711862042e-01 -6.586503897891621273e-02 2.680931351536748174e-03 -1.647161513253067242e-02 -3.627608819323747957e-02 -6.363699331052571906e-02 -1.798451160345346592e-02 -3.923084349371010193e-02 -5.580773998140096948e-02 9.015524353512150563e-03 6.002794425060100497e-02 3.060967572767871181e-02 -6.586503897891622661e-02 2.617763610096029425e-01 8.264603019723305161e-03 -9.144653107101968770e-02 -2.119877031674344964e-02 -1.055764489297692649e-02 -5.999200588865900852e-02 5.939112365409997957e-02 -1.012338698003144993e-01 6.955120082914509339e-02 2.570823237174856002e-02 7.336713380524027134e-03 2.680931351536739067e-03 8.264603019723157709e-03 2.945731596195446667e-01 -5.048044780654515479e-02 -7.018344668182333046e-02 -1.478015289477085381e-01 -3.201758772284890586e-02 -5.687882422162024443e-02 9.885207374440432848e-02 8.655351221060812381e-03 -3.749275707313842049e-02 -2.301871448564571029e-02 -1.647161513253056833e-02 -9.144653107101960443e-02 -5.048044780654509234e-02 2.017228938849895958e-01 3.238111979398864554e-02 -2.516656380496501075e-02 -7.211336410034577260e-02 -8.131690497122938399e-02 -7.156144026678483427e-02 -1.148314373007954664e-01 1.250280234927621595e-02 -1.127387219316330347e-01 -3.627608819323755590e-02 -2.119877031674359882e-02 -7.018344668182387169e-02 3.238111979398892309e-02 3.336114871722129505e-01 1.272955173421755903e-01 -7.926099867347335959e-02 -3.017252002305694653e-02 -3.949936165809873195e-02 -1.160636586343909010e-01 -2.166620779955322554e-02 -3.863126572110323759e-02 -6.363699331052573294e-02 -1.055764489297704445e-02 -1.478015289477088712e-01 -2.516656380496477136e-02 1.272955173421753128e-01 3.666311899091704296e-01
0.000000000000000000e+00 0.000000000000000000e+00 0.000000000000000000e+00 0.000000000000000000e+00 0.000000000000000000e+00 0.000000000000000000e+00 0.000000000000000000e+00 0.000000000000000000e+00 0.000000000000000000e+00 0.000000000000000000e+00 0.000000000000000000e+00 0.000000000000000000e+00 0.000000000000000000e+00 0.000000000000000000e+00 0.000000000000000000e+00 0.000000000000000000e+00 0.000000000000000000e+00 0.000000000000000000e+00 0.000000000000000000e+00 0.000000000000000000e+00 0.000000000000000000e+00 0.000000000000000000e+00 0.000000000000000000e+00 0.000000000000000000e+00 0.000000000000000000e+00 0.000000000000000000e+00 0.000000000000000000e+00 0.000000000000000000e+00 0.000000000000000000e+00 0.000000000000000000e+00 0.000000000000000000e+00 0.000000000000000000e+00 0.000000000000000000e+00 0.000000000000000000e+00 0.000000000000000000e+00 0.000000000000000000e+00 0.000000000000000000e+00 0.000000000000000000e+00 0.000000000000000000e+00 0.000000000000000000e+00 0.000000000000000000e+00 0.000000000000000000e+00 0.000000000000000000e+00 0.000000000000000000e+00 0.000000000000000000e+00 0.000000000000000000e+00 0.000000000000000000e+00 0.000000000000000000e+00 0.000000000000000000e+00 0.000000000000000000e+00 0.000000000000000000e+00 0.000000000000000000e+00 0.000000000000000000e+00 0.000000000000000000e+00 0.000000000000000000e+00 0.000000000000000000e+00 0.000000000000000000e+00 0.000000000000000000e+00 0.000000000000000000e+00 0.000000000000000000e+00 0.000000000000000000e+00 0.000000000000000000e+00 0.000000000000000000e+00 0.000000000000000000e+00 0.000000000000000000e+00 0.000000000000000000e+00 0.000000000000000000e+00 0.000000000000000000e+00 0.000000000000000000e+00 0.000000000000000000e+00 0.000000000000000000e+00 0.000000000000000000e+00 0.000000000000000000e+00 0.000000000000000000e+00 0.000000000000000000e+00 0.000000000000000000e+00 0.000000000000000000e+00 0.000000000000000000e+00 0.000000000000000000e+00 0.000000000000000000e+00 0.000000000000000000e+00 0.000000000000000000e+00 0.000000000000000000e+00 0.000000000000000000e+00 0.000000000000000000e+00 0.000000000000000000e+00 0.000000000000000000e+00 0.000000000000000000e+00 0.000000000000000000e+00 0.000000000000000000e+00 0.000000000000000000e+00 0.000000000000000000e+00 0.000000000000000000e+00 0.000000000000000000e+00 0.000000000000000000e+00 0.000000000000000000e+00 0.000000000000000000e+00 0.000000000000000000e+00 0.000000000000000000e+00 0.000000000000000000e+00 0.000000000000000000e+00 0.000000000000000000e+00 0.000000000000000000e+00 0.000000000000000000e+00 0.000000000000000000e+00 0.000000000000000000e+00 0.000000000000000000e+00 0.000000000000000000e+00 0.000000000000000000e+00 0.000000000000000000e+00 0.000000000000000000e+00 0.000000000000000000e+00 0.000000000000000000e+00 0.000000000000000000e+00 0.000000000000000000e+00 0.000000000000000000e+00 0.000000000000000000e+00 0.000000000000000000e+00 0.000000000000000000e+00 0.000000000000000000e+00 0.000000000000000000e+00 0.000000000000000000e+00 0.000000000000000000e+00 0.000000000000000000e+00 0.000000000000000000e+00 0.000000000000000000e+00 0.000000000000000000e+00 0.000000000000000000e+00 0.000000000000000000e+00 0.000000000000000000e+00 0.000000000000000000e+00 0.000000000000000000e+00 0.000000000000000000e+00 0.000000000000000000e+00 0.000000000000000000e+00 0.000000000000000000e+00 0.000000000000000000e+00 0.000000000000000000e+00 0.000000000000000000e+00 0.000000000000000000e+00 0.000000000000000000e+00 0.000000000000000000e+00 0.000000000000000000e+00 0.000000000000000000e+00
