{
  "x_axis_values": [
    1,
    21,
    41,
    61,
    81,
    101
  ],
  "method": "gauss_jordan",
  "filtered_results": [
    [
      0.008703,
      0.008631,
      0.008575,
      0.008553,
      0.008456,
      0.00851,
      0.008577,
      0.00836,
      0.00849,
      0.008331,
      0.008396,
      0.008394,
      0.008308,
      0.008659,
      0.008596,
      0.008426,
      0.008496,
      0.008493,
      0.008329,
      0.008545,
      0.008355,
      0.008455,
      0.008406,
      0.00833,
      0.008862,
      0.008203,
      0.00832,
      0.008327,
      0.008568,
      0.008816,
      0.008494,
      0.008425,
      0.008549,
      0.008519,
      0.008415,
      0.008407,
      0.008535,
      0.00837,
      0.008589,
      0.008392,
      0.008493,
      0.008591,
      0.008574,
      0.008361,
      0.008393,
      0.008451,
      0.008548,
      0.0084
    ],
    [
      56.3767,
      56.9662,
      56.9281,
      57.4001,
      56.8788,
      56.2369,
      56.9582,
      56.3994,
      56.1762,
      56.3548,
      56.7993,
      56.4793,
      56.3755,
      57.2975,
      57.023,
      57.0345,
      57.2283,
      57.0106,
      56.1704,
      56.8533,
      56.7253,
      56.8344,
      57.0574,
      56.9564,
      56.9612,
      56.9975,
      56.8824,
      57.0219,
      56.2417,
      56.3199,
      56.9818,
      56.4833,
      56.8012,
      56.9707,
      56.8866,
      56.2336,
      56.5457,
      57.4567,
      56.239,
      56.9508,
      57.3561,
      56.7716,
      57.471,
      56.3971,
      56.449,
      56.3839,
      56.955,
      57.0297
    ],
    [
      413.402,
      413.352,
      413.342,
      415.072,
      414.511,
      413.042,
      412.736,
      415.137,
      416.255,
      413.564,
      414.881,
      413.026,
      413.717,
      414.611,
      415.04,
      413.427,
      414.336,
      413.884,
      413.819,
      413.034,
      413.217,
      414.031,
      413.745,
      413.203,
      415.071,
      415.444,
      412.639,
      412.831,
      414.728,
      413.645,
      412.858,
      413.848,
      413.134,
      412.834,
      412.826,
      413.088,
      413.519,
      413.4,
      412.615,
      413.747,
      413.433,
      413.078,
      414.682,
      413.582,
      413.099,
      415.946,
      413.4
    ],
    [
      1572.13,
      1544.88,
      1455.01,
      1455.51,
      1424.21,
      1543.91,
      1456.79,
      1539.87,
      1459.68,
      1657.29,
      1469.11,
      1656.7,
      1433.22,
      1455.63,
      1445.61,
      1461.61,
      1458.23,
      1449.06,
      1574.39,
      1622.57,
      1413.08,
      1551.7,
      1463.86,
      1625.5,
      1466.49,
      1422.95,
      1436.14,
      1559.81,
      1449.08,
      1440.29,
      1465.46,
      1436.07,
      1498.58,
      1430.57,
      1448.07,
      1466.33,
      1435.86,
      1453.82,
      1535.61,
      1445.28,
      1450.97,
      1563.81,
      1456.55,
      1400.61,
      1548.2,
      1453.46,
      1437.95
    ],
    [
      4554.51,
      4515.49,
      4580.29,
      4515.16,
      4571.37,
      4567.3,
      4518.41,
      4561.11,
      4487.39,
      4541.26,
      4556.43,
      4501.1,
      4548.08,
      4579.52,
      4464.82,
      4499.54,
      4528.42,
      4498.88,
      4557.83,
      4513.13,
      4509.98,
      4518.31,
      4562.24,
      4501.65,
      4588.72,
      4510.97,
      4589.13,
      4558.37,
      4536.89,
      4551.62,
      4499.84,
      4555.52,
      4521.52,
      4524.62,
      4490.6,
      4505.56,
      4515.34,
      4553.57,
      4501.67,
      4519.44,
      4485.04,
      4495.52,
      4538.95,
      4493.81,
      4582.41,
      4507.11,
      4509.66
    ],
    [
      9750.73,
      9714.21,
      9732.28,
      9718.49,
      9667.18,
      9717.3,
      9680.71,
      9704.68,
      9761.51,
      9722.48,
      9758.4,
      9714.21,
      9732.06,
      9754.56,
      9712.7,
      9698.93,
      9654.34,
      9719.94,
      9720.79,
      9716.43,
      9727.27,
      9686.39,
      9686.74,
      9723.07,
      9675.51,
      9668.58,
      9690.07,
      9697.48,
      9673.15,
      9729.56,
      9686.79,
      9735.08,
      9699.33,
      9653.41,
      9681.63,
      9689.0,
      9732.32,
      9711.72,
      9690.08,
      9673.34,
      9688.98,
      9734.93,
      9759.93,
      9767.46,
      9715.76,
      9740.13,
      9689.7,
      9698.24
    ]
  ],
  "avg": [
    0.008478666666666667,
    56.77725,
    413.78363829787236,
    1487.0534042553193,
    4529.534042553191,
    9709.532916666665
  ]
}