{
  "x_axis_values": [
    1,
    21,
    41,
    61,
    81,
    101
  ],
  "method": "gradient_no_gpu",
  "filtered_results": [
    [
      0.01431,
      0.015287,
      0.014355,
      0.015026,
      0.014521,
      0.014296,
      0.016343,
      0.015073,
      0.015125,
      0.014265,
      0.014359,
      0.015368,
      0.014394,
      0.015266,
      0.015287,
      0.015318,
      0.014267,
      0.014293,
      0.014313,
      0.014298,
      0.015383,
      0.014294,
      0.015319,
      0.014246,
      0.015287,
      0.01429,
      0.014283,
      0.015317,
      0.015396,
      0.014327,
      0.014391,
      0.014334,
      0.014313,
      0.014285,
      0.01437,
      0.014337,
      0.016055,
      0.01522,
      0.014261,
      0.014256,
      0.01426,
      0.014344,
      0.015021,
      0.014525,
      0.014298,
      0.014213,
      0.014266,
      0.014263
    ],
    [
      7.82262,
      7.71188,
      7.70554,
      7.74716,
      7.6583,
      7.78762,
      7.76843,
      7.75504,
      7.79214,
      7.69233,
      8.00669,
      7.73172,
      7.93232,
      7.81376,
      7.75835,
      7.66047,
      7.69221,
      7.59813,
      8.16362,
      7.69995,
      7.75162,
      7.60475,
      7.6746,
      7.82828,
      7.71535,
      7.88214,
      7.75207,
      7.64297,
      7.68714,
      7.6521,
      7.82591,
      7.6304,
      7.87827,
      7.70899,
      7.68142,
      7.66219,
      7.88631,
      7.70125,
      7.74619,
      7.81073,
      8.17126,
      7.79541,
      7.82939,
      7.84177
    ],
    [
      30.7378,
      30.5984,
      29.2501,
      31.4772,
      30.63,
      31.9932,
      30.7518,
      30.487,
      30.4828,
      29.0458,
      30.6275,
      28.9767,
      30.795,
      30.7639,
      30.6868,
      30.8,
      30.6576,
      29.047,
      29.2082,
      28.9921,
      29.3036,
      29.3152,
      30.7616,
      29.4446,
      28.9897,
      30.887,
      30.8356,
      30.7939,
      30.9737,
      30.6617,
      28.9205,
      30.5855,
      29.03,
      30.9355,
      29.0948,
      31.0919,
      30.4732,
      30.9275,
      30.6181,
      29.151,
      30.5538,
      29.099,
      29.2615,
      29.2366,
      30.846,
      29.2067,
      29.4663,
      28.9607
    ],
    [
      70.6172,
      71.0119,
      69.9085,
      70.826,
      69.3618,
      68.9637,
      70.6507,
      70.5234,
      71.8066,
      70.0716,
      71.6289,
      69.2127,
      69.7745,
      69.1516,
      68.6932,
      69.2821,
      69.6195,
      72.5676,
      71.2552,
      69.341,
      67.5978,
      71.4815,
      67.4936,
      70.1406,
      68.7716,
      70.3994,
      70.5205,
      69.6369,
      69.5814,
      72.8055,
      69.6034,
      70.0482,
      73.042,
      69.3359,
      69.6761,
      68.9137,
      69.3831,
      69.9024,
      72.7136,
      68.3783,
      70.0318,
      70.0289,
      69.4977,
      68.6527
    ],
    [
      133.043,
      132.5,
      135.925,
      132.383,
      126.997,
      132.467,
      132.685,
      132.225,
      133.341,
      132.196,
      132.684,
      133.058,
      131.751,
      133.621,
      132.418,
      134.25,
      134.049,
      134.073,
      133.78,
      133.135,
      132.049,
      133.016,
      138.612,
      133.161,
      132.36,
      133.569,
      132.427,
      139.623,
      132.134,
      132.789,
      132.055,
      135.447,
      139.548,
      139.201,
      139.533,
      132.333,
      133.024,
      132.203,
      134.727,
      134.263,
      132.165,
      133.377,
      132.229,
      132.166,
      133.64
    ],
    [
      216.502,
      212.729,
      211.769,
      220.397,
      223.672,
      221.186,
      211.122,
      210.675,
      209.819,
      209.815,
      209.822,
      211.48,
      211.181,
      212.968,
      209.819,
      221.188,
      221.193,
      209.265,
      210.13,
      210.515,
      212.096,
      211.227,
      209.711,
      210.667,
      210.768,
      212.651,
      222.449,
      209.856,
      211.821,
      220.979,
      220.41,
      209.794,
      209.395,
      210.352,
      211.079,
      212.054,
      223.08,
      215.0,
      209.633,
      210.948,
      220.563,
      210.237,
      209.904,
      210.033,
      220.268,
      210.302
    ]
  ],
  "avg": [
    0.014685791666666668,
    7.769517954545455,
    30.113210416666664,
    70.04327954545455,
    133.6051555555556,
    213.48965217391304
  ]
}