{
  "x_axis_values": [
    1,
    21,
    41,
    61,
    81,
    101
  ],
  "method": "gradient_no_gpu",
  "filtered_results": [
    [
      0.014874,
      0.015925,
      0.016148,
      0.014813,
      0.014059,
      0.014927,
      0.014798,
      0.014081,
      0.014877,
      0.014851,
      0.014976,
      0.014814,
      0.015152,
      0.014084,
      0.01451,
      0.014836,
      0.014897,
      0.015861,
      0.015863,
      0.014046,
      0.01478,
      0.014839,
      0.014132,
      0.01598,
      0.01482,
      0.014136,
      0.015299,
      0.01482,
      0.01586,
      0.014134,
      0.014908,
      0.01483,
      0.014136,
      0.014047,
      0.01411,
      0.015637,
      0.014774,
      0.01498,
      0.015871,
      0.01409,
      0.015134,
      0.014854,
      0.014804,
      0.014877,
      0.014909,
      0.014892,
      0.015883
    ],
    [
      7.60579,
      7.68721,
      8.11336,
      7.84395,
      8.01015,
      7.7487,
      7.80097,
      8.01464,
      7.57662,
      8.24578,
      7.63256,
      7.60892,
      7.59566,
      7.50967,
      7.63543,
      7.59161,
      7.82466,
      8.05599,
      7.60655,
      7.57428,
      7.66138,
      7.6784,
      7.63724,
      7.92104,
      8.01842,
      7.17266,
      7.75938,
      8.18962,
      8.04559,
      8.18967,
      7.68926,
      8.09421,
      7.94927,
      7.57225,
      7.6211,
      7.87697,
      7.60459,
      7.93815,
      7.63668,
      7.15664,
      7.52583,
      8.157,
      7.43513,
      7.50152,
      8.07771,
      7.51792,
      7.65607,
      7.62108,
      7.56059
    ],
    [
      30.0207,
      30.0349,
      32.1322,
      30.0816,
      30.4563,
      31.4186,
      28.5022,
      31.5384,
      30.3531,
      32.0243,
      28.5087,
      31.7385,
      28.2999,
      30.2527,
      28.706,
      28.6392,
      30.6077,
      29.0824,
      30.0701,
      28.6141,
      28.3798,
      29.2039,
      30.2324,
      29.9578,
      29.0652,
      28.6237,
      28.865,
      28.7353,
      28.4988,
      28.6564,
      30.2333,
      28.9309,
      30.2713,
      28.8576,
      30.2057,
      30.1924,
      28.8136,
      30.8502,
      28.4537,
      28.8151,
      30.6089,
      28.7675,
      29.1797,
      30.0192,
      28.6149,
      30.3061,
      28.8111,
      29.5415
    ],
    [
      66.3658,
      66.7815,
      64.287,
      66.5813,
      66.6872,
      62.8875,
      66.0943,
      69.7659,
      63.0269,
      66.6005,
      67.7137,
      66.3973,
      65.5297,
      66.0872,
      63.8119,
      66.0679,
      64.0027,
      66.5841,
      66.3484,
      66.4732,
      67.7615,
      62.5738,
      64.0335,
      66.4835,
      66.4459,
      63.8255,
      63.2594,
      66.4998,
      66.9073,
      66.2593,
      67.001,
      66.2526,
      67.6157,
      66.0263,
      62.9655,
      66.641,
      66.4201,
      67.3819,
      66.6658,
      62.4402,
      66.1131,
      66.7951,
      66.379,
      62.9226,
      66.4164,
      67.2543,
      66.508,
      66.0708,
      63.641
    ],
    [
      118.369,
      118.834,
      113.704,
      117.573,
      123.83,
      112.025,
      116.664,
      124.62,
      121.945,
      116.514,
      123.025,
      118.676,
      117.838,
      123.633,
      113.808,
      117.071,
      123.135,
      118.604,
      119.482,
      117.755,
      117.442,
      117.905,
      116.747,
      118.77,
      124.158,
      117.299,
      118.579,
      117.85,
      117.316,
      123.412,
      116.426,
      117.811,
      110.819,
      119.023,
      117.742,
      117.564,
      116.854,
      116.764,
      117.319,
      118.412,
      117.72,
      116.906,
      117.186,
      116.897,
      118.995,
      116.663
    ],
    [
      184.637,
      186.053,
      194.827,
      184.421,
      185.626,
      183.561,
      183.985,
      183.935,
      185.638,
      195.212,
      193.751,
      185.412,
      193.435,
      184.702,
      184.037,
      184.616,
      187.085,
      184.094,
      185.246,
      184.627,
      183.348,
      183.879,
      195.283,
      184.593,
      184.586,
      183.404,
      194.211,
      186.183,
      184.914,
      183.76,
      183.957,
      188.708,
      184.871,
      184.274,
      185.558,
      185.059,
      184.303,
      186.223,
      194.865,
      184.507,
      184.027,
      183.918,
      184.141,
      184.255,
      183.809,
      185.448,
      189.042,
      185.52
    ]
  ],
  "avg": [
    0.014892085106382982,
    7.749956530612245,
    29.64109583333334,
    65.78885510204083,
    118.254,
    186.28220833333333
  ]
}