{
  "x_axis_values": [
    20,
    40,
    60,
    80,
    100,
    120,
    140
  ],
  "method": "numpy",
  "filtered_results": [
    [
      5.157335,
      52.911339,
      35.059055,
      6.716386,
      5.819086,
      5.070958,
      6.523814,
      5.968608,
      6.058794,
      6.221292,
      4.491168,
      8.260507,
      6.193674,
      6.968226,
      5.82894,
      5.549699,
      6.275985,
      63.207796,
      6.385972,
      4.770926,
      4.781515,
      4.880844,
      6.389548,
      7.625363,
      7.363014,
      7.209506,
      4.34867,
      6.452116,
      7.005213,
      6.236015,
      5.514847,
      10.397201,
      6.547535,
      6.955164,
      6.428526,
      6.233376,
      3.890765,
      5.524941,
      4.133018,
      8.399848,
      58.465514,
      5.511577,
      14.886894,
      6.661979,
      15.006873,
      53.591879
    ],
    [
      18.321345,
      14.745917,
      15.878928,
      12.900109,
      15.529143,
      17.432483,
      13.578783,
      14.107108,
      11.859912,
      18.881722,
      15.9392,
      14.561807,
      15.46895,
      13.683297,
      13.037838,
      22.876116,
      14.170791,
      13.110828,
      20.695207,
      15.438291,
      14.081202,
      17.86274,
      13.505426,
      15.208363,
      12.069015,
      12.200708,
      14.978003,
      12.862545,
      15.59172,
      14.908169,
      12.99761,
      13.301949,
      13.935227,
      13.015013,
      12.188689,
      14.294043,
      13.522392,
      14.033668,
      12.275759,
      12.039594,
      18.994801,
      13.86163,
      12.461074,
      16.878335,
      14.769014
    ],
    [
      26.513713,
      27.608364,
      25.969656,
      25.481158,
      60.865892,
      23.006286,
      23.403849,
      21.339551,
      23.837023,
      25.489264,
      25.802142,
      29.499647,
      24.476087,
      25.063331,
      36.826849,
      28.900499,
      26.870568,
      22.367617,
      23.27854,
      22.547232,
      69.487853,
      64.249626,
      27.637352,
      25.656371,
      25.117501,
      24.794622,
      34.803663,
      24.717294,
      30.319604,
      23.827599,
      26.861748,
      26.14396,
      23.572744,
      24.964793,
      24.55203,
      21.740939,
      35.566209,
      24.667654,
      28.326162,
      25.825878,
      22.413098,
      26.904219,
      22.388654,
      25.917817,
      25.314345,
      24.019016,
      19.891164,
      41.322031,
      23.850277
    ],
    [
      45.507789,
      45.599366,
      39.438974,
      39.82278,
      44.818413,
      45.83441,
      43.456451,
      46.984248,
      48.543534,
      48.015155,
      45.492205,
      46.019507,
      43.239879,
      48.355072,
      48.299841,
      45.374492,
      48.194866,
      44.14417,
      42.942919,
      78.17229,
      46.203038,
      50.596655,
      44.470995,
      41.046412,
      44.958784,
      46.41051,
      114.182091,
      40.841631,
      63.388724,
      109.731483,
      49.414219,
      43.845041,
      76.017789,
      46.007774,
      41.999536,
      40.817447,
      51.976462,
      43.268004,
      84.316526,
      107.038453,
      48.95204,
      47.45776,
      42.179723,
      48.868003,
      75.193468,
      88.198194,
      46.551022
    ],
    [
      62.966424,
      64.621605,
      62.029519,
      68.710591,
      64.419359,
      63.890596,
      60.872857,
      60.470133,
      63.88505,
      65.421145,
      66.818698,
      63.947558,
      65.759103,
      65.377017,
      68.63447,
      63.902018,
      64.148396,
      60.494431,
      68.274267,
      66.264812,
      309.455366,
      67.855637,
      64.061198,
      150.50829,
      65.133216,
      265.748481,
      64.998709,
      195.056029,
      65.067272,
      100.012589,
      155.289133,
      68.58306,
      65.441502,
      65.332914,
      64.966472,
      175.395806,
      73.227355,
      67.208089,
      69.591785,
      89.405736,
      61.080767,
      65.103626,
      65.492377,
      69.029942,
      61.277387,
      91.211565,
      241.743088
    ],
    [
      311.348143,
      102.937049,
      101.864962,
      104.551259,
      102.192418,
      100.909105,
      104.385418,
      102.934117,
      102.467791,
      104.409191,
      105.73228,
      103.511299,
      102.712968,
      101.509671,
      107.349501,
      102.809904,
      120.676999,
      107.336839,
      102.040434,
      98.589591,
      102.267036,
      109.22512,
      101.691885,
      106.386845,
      106.390399,
      100.988272,
      100.890412,
      141.375672,
      103.752566,
      104.486609,
      107.726115,
      101.191262,
      102.761796,
      101.4985,
      108.529642,
      102.580224,
      319.635359,
      108.824551,
      128.390298,
      103.666952,
      102.528283,
      124.146053,
      108.524581,
      345.152784,
      204.525228,
      100.106213,
      106.455172
    ],
    [
      122.258618,
      126.350738,
      124.337801,
      124.270886,
      120.006863,
      122.357722,
      119.925548,
      120.426621,
      125.404693,
      128.220635,
      123.198502,
      120.04522,
      123.249103,
      124.660095,
      125.727494,
      143.428926,
      120.473848,
      120.572222,
      172.533519,
      128.506822,
      184.922119,
      134.619731,
      186.27249,
      123.200926,
      122.681603,
      140.708385,
      124.496232,
      128.312553,
      181.040442,
      125.748504,
      124.913006,
      120.888461,
      123.218218,
      125.472305,
      126.932811,
      124.03888,
      136.630826,
      126.476482,
      124.520416,
      124.026497,
      134.684958,
      128.929983,
      136.384771,
      156.217761,
      127.579517,
      121.143715
    ]
  ],
  "avg": [
    11.606115239130432,
    14.756765866666667,
    28.449010020408164,
    53.663577553191494,
    89.1103285106383,
    122.21205889361703,
    131.52211886956522
  ]
}