{
  "x_axis_values": [
    1,
    21,
    41,
    61,
    81,
    101
  ],
  "method": "numpy",
  "filtered_results": [
    [
      0.203386,
      0.206646,
      0.214383,
      0.203442,
      0.227164,
      0.207059,
      0.202283,
      0.204563,
      0.206225,
      0.207826,
      0.202861,
      0.20944,
      0.206657,
      0.204332,
      0.210527,
      0.204131,
      0.207774,
      0.204407,
      0.204299,
      0.204574,
      0.207655,
      0.206772,
      0.206061,
      0.203304,
      0.224281,
      0.20425,
      0.209875,
      0.220746,
      0.211816,
      0.202935,
      0.211906,
      0.216547,
      0.204984,
      0.207931,
      0.203822,
      0.211395,
      0.212278,
      0.207096,
      0.209481,
      0.209764,
      0.216451,
      0.2084,
      0.213299,
      0.211019,
      0.20612,
      0.206005,
      0.219136,
      0.202209,
      0.207301
    ],
    [
      5.850021,
      5.421858,
      5.472876,
      5.851064,
      5.455576,
      5.429581,
      5.823229,
      5.423382,
      5.351119,
      5.864453,
      5.471043,
      5.450886,
      5.869143,
      5.435847,
      5.419675,
      5.880024,
      5.839046,
      5.445324,
      5.45118,
      5.856745,
      5.410183,
      5.425934,
      5.870402,
      5.357519,
      6.036449,
      5.435165,
      5.921457,
      5.437452,
      5.526468,
      5.490553,
      5.440172,
      5.912188,
      5.481228,
      5.948357,
      5.42989,
      5.913828,
      5.454551,
      5.423855,
      5.485069,
      5.818069,
      5.867988,
      5.899005,
      5.838871,
      5.507477,
      5.411644,
      5.866699,
      5.53938
    ],
    [
      27.851578,
      26.325334,
      27.204573,
      27.383216,
      26.73775,
      28.60811,
      25.972154,
      26.110958,
      25.518611,
      26.249982,
      26.088644,
      25.805593,
      26.625834,
      25.839124,
      28.03969,
      27.02054,
      28.136503,
      25.465913,
      25.624748,
      27.243033,
      25.961101,
      25.549427,
      26.135013,
      25.384787,
      25.775697,
      27.547743,
      26.23003,
      25.621612,
      25.412135,
      25.67191,
      26.550233,
      25.733776,
      25.718205,
      25.461022,
      26.089612,
      25.724411,
      26.193753,
      25.490824,
      25.551248,
      25.888782,
      25.576077,
      26.663292,
      26.020873,
      26.502687,
      25.568556,
      26.16784,
      26.177313,
      26.083078,
      26.276492
    ],
    [
      89.148577,
      86.017281,
      81.684787,
      80.994744,
      83.132368,
      85.377064,
      85.587069,
      82.947955,
      82.04281,
      87.148327,
      82.92412,
      89.189515,
      88.871695,
      83.715096,
      79.763468,
      86.229984,
      81.330981,
      82.384266,
      84.631864,
      83.037842,
      81.469137,
      81.865922,
      81.804737,
      81.879616,
      87.256335,
      84.515426,
      82.997289,
      84.44288,
      84.434979,
      85.014977,
      80.908325,
      82.784705,
      80.65236,
      81.832021,
      79.935938,
      86.652655,
      81.279185,
      81.089199,
      81.199501,
      83.692476,
      81.125077,
      87.119095,
      82.404424,
      84.791433,
      83.239552,
      82.655203,
      83.063915
    ],
    [
      182.689857,
      181.366738,
      178.180058,
      182.099372,
      180.723239,
      178.981893,
      180.685632,
      178.84212,
      179.363213,
      180.391088,
      182.994682,
      180.026151,
      179.985654,
      179.906536,
      178.619672,
      178.768877,
      180.404842,
      178.707864,
      180.744395,
      177.971981,
      180.089176,
      178.299043,
      179.050218,
      178.477295,
      181.282192,
      182.329521,
      177.561406,
      179.298617,
      181.587111,
      181.641553,
      181.799021,
      183.567688,
      178.405989,
      179.380983,
      178.891137,
      179.105114,
      179.674242,
      180.475727,
      178.582866,
      179.105956,
      180.423632,
      178.36196,
      179.481644,
      182.041641,
      181.256436,
      179.754976,
      181.688208,
      179.94656
    ],
    [
      356.423955,
      353.807006,
      352.122918,
      353.920031,
      351.388171,
      354.674853,
      352.694694,
      351.759426,
      353.812415,
      354.6158,
      353.692949,
      357.143078,
      353.83489,
      355.695829,
      357.111257,
      356.701232,
      356.009364,
      357.635535,
      355.386496,
      352.770813,
      352.538776,
      354.588948,
      352.828212,
      351.808183,
      352.443464,
      354.413167,
      354.643237,
      354.668763,
      352.943759,
      352.337297,
      355.140153,
      353.19012,
      353.217211,
      351.549745,
      353.209537,
      352.038514,
      352.047514,
      355.300047,
      353.511408,
      355.934948,
      354.603831,
      352.979854,
      354.059879,
      352.271318,
      353.734314,
      355.736066,
      357.407581,
      353.530809
    ]
  ],
  "avg": [
    0.2086697551020408,
    5.621530319148935,
    26.256722795918364,
    83.53757819148936,
    180.062787,
    354.03911181250004
  ]
}