{
  "x_axis_values": [
    1,
    21,
    41,
    61,
    81,
    101
  ],
  "method": "numpy",
  "filtered_results": [
    [
      0.212487,
      0.211589,
      0.219148,
      0.20216,
      0.215169,
      0.204582,
      0.216752,
      0.221245,
      0.213929,
      0.205562,
      0.211306,
      0.219222,
      0.21017,
      0.206307,
      0.213265,
      0.205807,
      0.216838,
      0.206348,
      0.19788,
      0.210002,
      0.214692,
      0.201087,
      0.203572,
      0.202361,
      0.231858,
      0.208054,
      0.210129,
      0.213969,
      0.210885,
      0.204358,
      0.200689,
      0.224926,
      0.200797,
      0.206076,
      0.203662,
      0.229932,
      0.207711,
      0.213642,
      0.209041,
      0.201587,
      0.216741,
      0.204619,
      0.199847,
      0.204388,
      0.215415,
      0.22145,
      0.215836
    ],
    [
      6.187055,
      5.502217,
      5.940761,
      5.635791,
      5.926728,
      6.08262,
      6.117061,
      5.931187,
      5.662717,
      6.170787,
      5.91654,
      6.063871,
      5.705338,
      5.659983,
      6.888904,
      5.546849,
      5.653277,
      6.682388,
      5.553693,
      6.506138,
      5.996514,
      6.331794,
      5.552653,
      5.587853,
      6.402407,
      5.483694,
      5.986657,
      5.565666,
      5.558517,
      5.991537,
      5.581297,
      5.947795,
      6.029643,
      6.445527,
      5.584631,
      5.911905,
      5.524728,
      5.63005,
      5.366761,
      5.665727,
      6.526258,
      5.930014,
      5.58123,
      6.104812,
      6.44527,
      5.617719,
      5.63623
    ],
    [
      25.902897,
      25.720477,
      26.894674,
      26.063733,
      27.192328,
      27.260657,
      27.334411,
      27.198173,
      29.828556,
      27.001962,
      28.613929,
      26.590407,
      26.371166,
      26.346672,
      26.949834,
      27.439099,
      26.307434,
      29.130146,
      26.958089,
      27.142275,
      26.003808,
      27.045004,
      27.702194,
      25.941141,
      25.532503,
      26.14741,
      25.923636,
      26.87778,
      25.707986,
      26.881393,
      26.660256,
      27.354095,
      25.755234,
      26.218764,
      27.31321,
      26.133787,
      26.423842,
      27.002621,
      25.881436,
      26.848726,
      25.668159,
      25.394369,
      26.276734,
      27.231414,
      25.372148,
      27.297184,
      27.172457,
      25.868572
    ],
    [
      80.246825,
      81.92667,
      84.699649,
      82.80687,
      90.104863,
      79.468675,
      82.584366,
      82.921825,
      79.979584,
      82.757015,
      82.667034,
      81.418443,
      81.616607,
      79.400692,
      89.951869,
      80.165237,
      85.149873,
      83.470438,
      86.255815,
      85.0944,
      82.613993,
      90.188108,
      83.712365,
      79.516549,
      85.692007,
      82.109477,
      87.615345,
      82.756232,
      81.130855,
      82.899265,
      80.108076,
      91.387127,
      81.993192,
      81.025511,
      90.636622,
      81.627581,
      80.844615,
      81.789177,
      83.146855,
      83.909981,
      80.605712,
      81.50189,
      81.157509,
      81.301875,
      81.362687,
      89.305304,
      82.237314
    ],
    [
      174.495827,
      175.883505,
      180.433355,
      189.777702,
      175.26922,
      176.25539,
      176.701788,
      178.806685,
      176.851097,
      179.065634,
      188.526049,
      176.854644,
      177.96785,
      175.387181,
      179.059647,
      174.432814,
      179.212488,
      177.228604,
      186.160095,
      176.441923,
      177.528944,
      177.19759,
      177.103769,
      176.632032,
      179.181401,
      176.141355,
      176.403258,
      177.08841,
      178.578962,
      174.013648,
      176.608939,
      174.55925,
      175.807726,
      177.477188,
      178.471904,
      176.006358,
      175.127592,
      177.052625,
      192.527927,
      175.428357,
      177.476183,
      176.331878,
      177.580047,
      175.783392,
      176.237054,
      175.180659,
      178.086221,
      175.690576
    ],
    [
      350.591425,
      352.25134,
      350.239001,
      345.134649,
      346.456382,
      349.195566,
      351.128474,
      352.510139,
      345.307935,
      364.58797,
      357.013475,
      345.654141,
      348.928846,
      345.640201,
      350.06845,
      348.568298,
      346.419636,
      348.318543,
      350.825612,
      348.740332,
      353.541978,
      351.691611,
      359.288599,
      353.125304,
      348.515846,
      348.811071,
      352.326807,
      351.943098,
      356.582791,
      354.967456,
      345.234357,
      346.37313,
      346.622441,
      346.524809,
      345.394224,
      352.145929,
      348.479822,
      346.83235,
      364.111356,
      348.309256,
      344.892241,
      347.741239,
      344.5509,
      347.493846,
      345.646296,
      351.868048,
      349.800553
    ]
  ],
  "avg": [
    0.2105764255319149,
    5.9004424255319154,
    26.705891291666664,
    83.29493561702128,
    177.8357238125,
    350.00842070212764
  ]
}