{
  "x_axis_values": [
    20,
    40,
    60,
    80,
    100,
    120,
    140
  ],
  "method": "pcg_no_gpu",
  "filtered_results": [
    [
      3.01871,
      2.93132,
      2.96222,
      3.07676,
      3.10463,
      3.04829,
      2.93529,
      3.43315,
      3.53248,
      3.4322,
      3.05781,
      3.11221,
      3.0003,
      3.01602,
      3.10191,
      2.9858,
      3.42436,
      2.9467,
      3.14911,
      3.35677,
      3.13506,
      2.95538,
      3.037,
      3.13624,
      2.97207,
      3.38117,
      3.12919,
      2.99969,
      3.06825,
      3.18975,
      2.97023,
      3.01586,
      3.07664,
      3.13142,
      2.97209,
      3.03895,
      2.91812,
      3.26424,
      2.97166,
      3.14172,
      3.31648,
      3.17848,
      2.94246,
      3.08064,
      3.2098,
      3.05278,
      3.00984
    ],
    [
      12.2089,
      12.0272,
      12.6441,
      12.6659,
      12.1594,
      12.7163,
      12.1685,
      12.842,
      12.6948,
      12.1284,
      13.0529,
      12.801,
      12.0577,
      12.6892,
      12.1354,
      12.9282,
      12.349,
      12.209,
      12.0372,
      12.0325,
      12.6288,
      12.6762,
      12.0824,
      12.9078,
      12.6587,
      12.6344,
      12.6405,
      12.7069,
      12.0765,
      12.8738,
      12.655,
      12.7183,
      12.6676,
      11.984,
      12.2152,
      11.9952,
      12.015,
      12.1296,
      12.0283,
      12.6842,
      12.7545,
      12.0762,
      12.3802,
      12.4384,
      12.7312,
      12.6172,
      12.7682,
      12.6945
    ],
    [
      37.3021,
      33.7423,
      32.7095,
      34.4383,
      35.8691,
      34.7555,
      33.7716,
      35.5751,
      34.5996,
      34.3803,
      34.6928,
      36.393,
      33.2689,
      35.8674,
      34.0805,
      35.3947,
      36.3523,
      31.5443,
      33.4531,
      35.7959,
      34.355,
      33.2025,
      34.36,
      31.9212,
      35.327,
      34.9142,
      35.4849,
      33.9933,
      34.7788,
      37.5456,
      36.8405,
      34.3687,
      32.6891,
      32.0588,
      34.1828,
      31.9709,
      31.4924,
      34.4169,
      34.2944,
      37.1459,
      36.9451,
      34.4485,
      31.6519,
      33.7685,
      34.5141,
      35.0412,
      37.6052
    ],
    [
      68.4834,
      70.7221,
      70.6787,
      68.8692,
      68.0061,
      71.222,
      70.5105,
      69.9767,
      72.6451,
      70.9417,
      70.9885,
      64.7944,
      70.6501,
      68.9865,
      70.9262,
      68.2735,
      73.759,
      73.3675,
      70.3151,
      69.4951,
      82.3645,
      84.8243,
      84.6286,
      73.7376,
      72.2199,
      67.3359,
      65.207,
      71.961,
      83.6692,
      71.6933,
      73.7028,
      75.6445,
      71.6177,
      71.1516,
      70.1961,
      76.5137,
      70.6955,
      69.9921,
      65.9279,
      71.3159,
      71.3588,
      73.6721,
      70.9502,
      73.7019,
      72.6742,
      73.5289,
      82.6861
    ],
    [
      109.32,
      113.791,
      112.554,
      115.079,
      118.905,
      112.865,
      111.936,
      114.046,
      113.464,
      113.532,
      114.159,
      116.158,
      110.942,
      109.724,
      113.519,
      115.784,
      112.4,
      115.585,
      115.653,
      118.252,
      130.634,
      117.476,
      117.17,
      114.713,
      110.056,
      115.223,
      122.09,
      119.034,
      139.16,
      140.998,
      125.989,
      119.822,
      113.946,
      115.157,
      119.665,
      114.793,
      133.099,
      117.059,
      123.397,
      117.424,
      121.154,
      120.002,
      114.718,
      117.518,
      111.097,
      106.876
    ],
    [
      198.107,
      165.638,
      171.196,
      169.863,
      171.435,
      169.65,
      164.328,
      175.934,
      169.907,
      166.094,
      165.596,
      167.959,
      166.946,
      177.386,
      173.352,
      178.183,
      187.644,
      165.144,
      183.041,
      174.273,
      169.965,
      191.901,
      168.618,
      180.865,
      171.412,
      172.238,
      186.918,
      166.616,
      189.691,
      198.908,
      187.92,
      168.41,
      176.1,
      178.873,
      168.771,
      170.997,
      170.084,
      172.484,
      167.28,
      168.81,
      174.972,
      179.905,
      175.363,
      180.293,
      183.103,
      172.919,
      187.288
    ],
    [
      256.907,
      247.338,
      238.378,
      232.285,
      234.768,
      247.603,
      232.617,
      233.371,
      245.31,
      232.829,
      264.839,
      252.121,
      232.768,
      258.111,
      235.99,
      260.974,
      259.565,
      246.528,
      269.985,
      269.927,
      241.167,
      240.509,
      235.731,
      270.601,
      253.25,
      246.133,
      249.969,
      239.207,
      241.137,
      264.284,
      233.004,
      231.353,
      239.463,
      230.331,
      255.535,
      251.443,
      250.346,
      233.12,
      235.802,
      254.914,
      250.202,
      256.113,
      266.595,
      266.485,
      237.426,
      241.803
    ]
  ],
  "avg": [
    3.104707446808511,
    12.45805,
    34.53837659574468,
    72.2677170212766,
    117.30300000000003,
    175.36978723404255,
    247.13341304347824
  ]
}